#
# There is insufficient memory for the Java Runtime Environment to continue.
# Native memory allocation (mmap) failed to map 985661440 bytes. Error detail: G1 virtual space
# Possible reasons:
#   The system is out of physical RAM or swap space
#   This process is running with CompressedOops enabled, and the Java Heap may be blocking the growth of the native heap
# Possible solutions:
#   Reduce memory load on the system
#   Increase physical memory or swap space
#   Check if swap backing store is full
#   Decrease Java heap size (-Xmx/-Xms)
#   Decrease number of Java threads
#   Decrease Java thread stack sizes (-Xss)
#   Set larger code cache with -XX:ReservedCodeCacheSize=
#   JVM is running with Zero Based Compressed Oops mode in which the Java heap is
#     placed in the first 32GB address space. The Java Heap base address is the
#     maximum limit for the native heap growth. Please use -XX:HeapBaseMinAddress
#     to set the Java Heap base and to place the Java Heap above 32GB virtual address.
# This output file may be truncated or incomplete.
#
#  Out of Memory Error (os_windows.cpp:3583), pid=16236, tid=1028
#
# JRE version: Java(TM) SE Runtime Environment (26.0+35) (build 26+35-2893)
# Java VM: Java HotSpot(TM) 64-Bit Server VM (26+35-2893, mixed mode, emulated-client, sharing, tiered, compressed oops, compressed class ptrs, g1 gc, windows-amd64)
# No core dump will be written. Minidumps are not enabled by default on client versions of Windows
#

---------------  S U M M A R Y ------------

Command Line: -XX:TieredStopAtLevel=1 com.mora.backend.MoraBackendApplication

Host: Intel(R) Core(TM) i7-6700 CPU @ 3.40GHz, 8 cores, 15G,  Windows 11 , 64 bit Build 26100 (10.0.26100.8521)
Time: Thu Jun 18 14:39:51 2026 SE Asia Standard Time elapsed time: 629.687604 seconds (0d 0h 10m 29s)

---------------  T H R E A D  ---------------

Current thread (0x000001fe381a0350):  VMThread "VM Thread"          [id=1028, stack(0x000000786cb00000,0x000000786cc00000) (1024K)]

Stack: [0x000000786cb00000,0x000000786cc00000]
Native frames: (J=compiled Java code, j=interpreted, Vv=VM code, C=native code)
V  [jvm.dll+0x7d5719]  (no source info available)
V  [jvm.dll+0x7a367d]  (no source info available)
V  [jvm.dll+0x9b0aa0]  (no source info available)
V  [jvm.dll+0x9b2ef1]  (no source info available)
V  [jvm.dll+0x9b3603]  (no source info available)
V  [jvm.dll+0x30de86]  (no source info available)
V  [jvm.dll+0x7d4be5]  (no source info available)
V  [jvm.dll+0x7c7da7]  (no source info available)
V  [jvm.dll+0x4086f8]  (no source info available)
V  [jvm.dll+0x410a66]  (no source info available)
V  [jvm.dll+0x3fce04]  (no source info available)
V  [jvm.dll+0x3fd0f5]  (no source info available)
V  [jvm.dll+0x3d3a7f]  (no source info available)
V  [jvm.dll+0x3d6cec]  (no source info available)
V  [jvm.dll+0x4222fc]  (no source info available)
V  [jvm.dll+0x420c43]  (no source info available)
V  [jvm.dll+0x3d3218]  (no source info available)
V  [jvm.dll+0x420003]  (no source info available)
V  [jvm.dll+0x9b9ab1]  (no source info available)
V  [jvm.dll+0x9baa7b]  (no source info available)
V  [jvm.dll+0x9baf8c]  (no source info available)
V  [jvm.dll+0x9bb409]  (no source info available)
V  [jvm.dll+0x9bb6b3]  (no source info available)
V  [jvm.dll+0x94f4e9]  (no source info available)
V  [jvm.dll+0x7d71f8]  (no source info available)
C  [ucrtbase.dll+0x2cd30]  (no source info available)
C  [KERNEL32.DLL+0x2e957]  (no source info available)
C  [ntdll.dll+0x87c1c]  (no source info available)

VM_Operation (0x000000786eefb578): G1CollectForAllocation, mode: safepoint, requested by thread 0x000001fe3d44d010


---------------  P R O C E S S  ---------------

Threads class SMR info:
_java_thread_list=0x000001fe3eee1300, length=38, elements={
0x000001fe381b17f0, 0x000001fe381b2640, 0x000001fe381b41b0, 0x000001fe381b4bc0,
0x000001fe381b76e0, 0x000001fe381c3ec0, 0x000001fe381c8860, 0x000001fe3823d380,
0x000001fe38358890, 0x000001fe3ed4f0e0, 0x000001fe3f558e70, 0x000001fe3f559640,
0x000001fe3f557ed0, 0x000001fe3d44b8a0, 0x000001fe381bbd60, 0x000001fe3f55bd50,
0x000001fe44b11440, 0x000001fe44b13380, 0x000001fe3d447250, 0x000001fe3d449190,
0x000001fe3d44c070, 0x000001fe3d44d010, 0x000001fe3d44c840, 0x000001fe3d44a900,
0x000001fe3d9e5c20, 0x000001fe3d9e9aa0, 0x000001fe3d9ec1b0, 0x000001fe3d9eaa40,
0x000001fe3d9eb210, 0x000001fe3f55b580, 0x000001fe3f55ec30, 0x000001fe381badc0,
0x000001fe44d816b0, 0x000001fe44ef8ba0, 0x000001fe44ef8390, 0x000001fe44ef7370,
0x000001fe44d85d00, 0x000001fe44d82650
}

Java Threads: ( => current thread )
  0x000001fe381b17f0 JavaThread "Reference Handler"          daemon [_thread_blocked, id=8384, stack(0x000000786cc00000,0x000000786cd00000) (1024K)]
  0x000001fe381b2640 JavaThread "Finalizer"                  daemon [_thread_blocked, id=19948, stack(0x000000786cd00000,0x000000786ce00000) (1024K)]
  0x000001fe381b41b0 JavaThread "Signal Dispatcher"          daemon [_thread_blocked, id=5860, stack(0x000000786ce00000,0x000000786cf00000) (1024K)]
  0x000001fe381b4bc0 JavaThread "Attach Listener"            daemon [_thread_blocked, id=18064, stack(0x000000786cf00000,0x000000786d000000) (1024K)]
  0x000001fe381b76e0 JavaThread "Service Thread"             daemon [_thread_blocked, id=18176, stack(0x000000786d000000,0x000000786d100000) (1024K)]
  0x000001fe381c3ec0 JavaThread "Monitor Deflation Thread"   daemon [_thread_blocked, id=19568, stack(0x000000786d100000,0x000000786d200000) (1024K)]
  0x000001fe381c8860 JavaThread "C1 CompilerThread0"         daemon [_thread_blocked, id=1600, stack(0x000000786d200000,0x000000786d300000) (1024K)]
  0x000001fe3823d380 JavaThread "Notification Thread"        daemon [_thread_blocked, id=4784, stack(0x000000786d300000,0x000000786d400000) (1024K)]
  0x000001fe38358890 JavaThread "Common-Cleaner"             daemon [_thread_blocked, id=15572, stack(0x000000786d400000,0x000000786d500000) (1024K)]
  0x000001fe3ed4f0e0 JavaThread "Cleaner-0"                  daemon [_thread_blocked, id=6724, stack(0x000000786e600000,0x000000786e700000) (1024K)]
  0x000001fe3f558e70 JavaThread "VirtualThread-unblocker"    daemon [_thread_blocked, id=18672, stack(0x000000786e900000,0x000000786ea00000) (1024K)]
  0x000001fe3f559640 JavaThread "ForkJoinPool-1-worker-1"    daemon [_thread_in_native, id=15720, stack(0x000000786ea00000,0x000000786eb00000) (1024K)]
  0x000001fe3f557ed0 JavaThread "ForkJoinPool-1-worker-2"    daemon [_thread_blocked, id=12728, stack(0x000000786eb00000,0x000000786ec00000) (1024K)]
  0x000001fe3d44b8a0 JavaThread "DestroyJavaVM"                     [_thread_blocked, id=14792, stack(0x000000786c300000,0x000000786c400000) (1024K)]
  0x000001fe381bbd60 JavaThread "Java2D Disposer"            daemon [_thread_blocked, id=16936, stack(0x000000786e800000,0x000000786e900000) (1024K)]
  0x000001fe3f55bd50 JavaThread "ForkJoinPool-1-worker-3"    daemon [_thread_blocked, id=4388, stack(0x000000786e500000,0x000000786e600000) (1024K)]
  0x000001fe44b11440 JavaThread "Catalina-utility-1"                [_thread_blocked, id=11408, stack(0x000000786e200000,0x000000786e300000) (1024K)]
  0x000001fe44b13380 JavaThread "Catalina-utility-2"                [_thread_blocked, id=8396, stack(0x000000786e300000,0x000000786e400000) (1024K)]
  0x000001fe3d447250 JavaThread "container-0"                       [_thread_blocked, id=17640, stack(0x000000786e400000,0x000000786e500000) (1024K)]
  0x000001fe3d449190 JavaThread "HikariPool-3:housekeeper"   daemon [_thread_blocked, id=336, stack(0x000000786e700000,0x000000786e800000) (1024K)]
  0x000001fe3d44c070 JavaThread "File Watcher"               daemon [_thread_blocked, id=4228, stack(0x000000786ed00000,0x000000786ee00000) (1024K)]
  0x000001fe3d44d010 JavaThread "http-nio-8080-exec-1"       daemon [_thread_blocked, id=14508, stack(0x000000786ee00000,0x000000786ef00000) (1024K)]
  0x000001fe3d44c840 JavaThread "http-nio-8080-exec-2"       daemon [_thread_blocked, id=17752, stack(0x000000786ef00000,0x000000786f000000) (1024K)]
  0x000001fe3d44a900 JavaThread "http-nio-8080-exec-3"       daemon [_thread_blocked, id=3572, stack(0x000000786f000000,0x000000786f100000) (1024K)]
  0x000001fe3d9e5c20 JavaThread "http-nio-8080-exec-4"       daemon [_thread_blocked, id=16396, stack(0x000000786f100000,0x000000786f200000) (1024K)]
  0x000001fe3d9e9aa0 JavaThread "http-nio-8080-exec-5"       daemon [_thread_blocked, id=13032, stack(0x000000786f200000,0x000000786f300000) (1024K)]
  0x000001fe3d9ec1b0 JavaThread "http-nio-8080-exec-6"       daemon [_thread_blocked, id=10360, stack(0x000000786f300000,0x000000786f400000) (1024K)]
  0x000001fe3d9eaa40 JavaThread "http-nio-8080-exec-7"       daemon [_thread_blocked, id=19560, stack(0x000000786f400000,0x000000786f500000) (1024K)]
  0x000001fe3d9eb210 JavaThread "http-nio-8080-exec-8"       daemon [_thread_blocked, id=15976, stack(0x000000786f500000,0x000000786f600000) (1024K)]
  0x000001fe3f55b580 JavaThread "http-nio-8080-exec-9"       daemon [_thread_blocked, id=15296, stack(0x000000786f600000,0x000000786f700000) (1024K)]
  0x000001fe3f55ec30 JavaThread "http-nio-8080-exec-10"      daemon [_thread_blocked, id=5384, stack(0x000000786f700000,0x000000786f800000) (1024K)]
  0x000001fe381badc0 JavaThread "http-nio-8080-Poller"       daemon [_thread_in_native, id=5788, stack(0x000000786f800000,0x000000786f900000) (1024K)]
  0x000001fe44d816b0 JavaThread "http-nio-8080-Acceptor"     daemon [_thread_in_native, id=17884, stack(0x000000786f900000,0x000000786fa00000) (1024K)]
  0x000001fe44ef8ba0 JavaThread "C1 CompilerThread1"         daemon [_thread_blocked, id=12748, stack(0x000000786c000000,0x000000786c100000) (1024K)]
  0x000001fe44ef8390 JavaThread "C1 CompilerThread2"         daemon [_thread_blocked, id=8296, stack(0x000000786d500000,0x000000786d600000) (1024K)]
  0x000001fe44ef7370 JavaThread "C1 CompilerThread3"         daemon [_thread_blocked, id=10932, stack(0x000000786d800000,0x000000786d900000) (1024K)]
  0x000001fe44d85d00 JavaThread "Keep-Alive-Timer"           daemon [_thread_blocked, id=18272, stack(0x000000786db00000,0x000000786dc00000) (1024K)]
  0x000001fe44d82650 JavaThread "HikariPool-3:connection-adder" daemon [_thread_blocked, id=15028, stack(0x000000786df00000,0x000000786e000000) (1024K)]
Total: 38

Other Threads:
=>0x000001fe381a0350 VMThread "VM Thread"                           [id=1028, stack(0x000000786cb00000,0x000000786cc00000) (1024K)]
  0x000001fe2440a960 WatcherThread "VM Periodic Task Thread"        [id=10864, stack(0x000000786ca00000,0x000000786cb00000) (1024K)]
  0x000001fe243eab40 WorkerThread "GC Thread#0"                     [id=10924, stack(0x000000786c400000,0x000000786c500000) (1024K)]
  0x000001fe385d4790 WorkerThread "GC Thread#1"                     [id=2536, stack(0x000000786d600000,0x000000786d700000) (1024K)]
  0x000001fe3d8e17d0 WorkerThread "GC Thread#2"                     [id=15692, stack(0x000000786d900000,0x000000786da00000) (1024K)]
  0x000001fe3d9bd240 WorkerThread "GC Thread#3"                     [id=18368, stack(0x000000786dc00000,0x000000786dd00000) (1024K)]
  0x000001fe3d9cda50 WorkerThread "GC Thread#4"                     [id=300, stack(0x000000786dd00000,0x000000786de00000) (1024K)]
  0x000001fe3d9cde70 WorkerThread "GC Thread#5"                     [id=15596, stack(0x000000786de00000,0x000000786df00000) (1024K)]
  0x000001fe3db578c0 WorkerThread "GC Thread#6"                     [id=7928, stack(0x000000786e000000,0x000000786e100000) (1024K)]
  0x000001fe3db57ce0 WorkerThread "GC Thread#7"                     [id=4772, stack(0x000000786e100000,0x000000786e200000) (1024K)]
  0x000001fe24403b60 ConcurrentGCThread "G1 Main Marker"            [id=15800, stack(0x000000786c500000,0x000000786c600000) (1024K)]
  0x000001fe244078f0 WorkerThread "G1 Conc#0"                       [id=19712, stack(0x000000786c600000,0x000000786c700000) (1024K)]
  0x000001fe3d078e30 WorkerThread "G1 Conc#1"                       [id=17472, stack(0x000000786d700000,0x000000786d800000) (1024K)]
  0x000001fe3804fe50 WorkerThread "G1 Refinement Workers#0"         [id=2332, stack(0x000000786c800000,0x000000786c900000) (1024K)]
  0x000001fe3804f890 ConcurrentGCThread "G1 Refine Control"         [id=20264, stack(0x000000786c700000,0x000000786c800000) (1024K)]
  0x000001fe38050f30 ConcurrentGCThread "G1 Service"                [id=19564, stack(0x000000786c900000,0x000000786ca00000) (1024K)]
Total: 16

Threads with active compile tasks:
Total: 0

VM state: at safepoint (normal execution)

VM Mutex/Monitor currently owned by a thread:  ([mutex/lock_event])
[0x00007fff53f1ed08] Threads_lock - owner thread: 0x000001fe381a0350
[0x00007fff53f1ef88] Heap_lock - owner thread: 0x000001fe3d44d010

Heap address: 0x0000000701c00000, size: 4068 MB, Compressed Oops mode: Zero based, Oop shift amount: 3

CDS archive(s) mapped at: [0x0000000023000000-0x0000000023de0000-0x0000000023de0000), size 14548992, SharedBaseAddress: 0x0000000023000000, ArchiveRelocationMode: 1.
Compressed class space mapped at: 0x0000000024000000-0x0000000064000000, reserved size: 1073741824
UseCompressedClassPointers 1, UseCompactObjectHeaders 0
Narrow klass pointer bits 32, Max shift 3
Narrow klass base: 0x0000000023000000, Narrow klass shift: 0
Encoding Range: [0x0000000023000000 - 0x0000000123000000), (4294967296 bytes)
Klass Range:    [0x0000000023000000 - 0x0000000064000000), (1090519040 bytes)
Klass ID Range:  [8 - 1090519033) (1090519025)
Protection zone: [0x0000000023000000 - 0x0000000023010000), (65536 bytes)

GC Precious Log:
 CardTable entry size: 512
 Card Set container configuration: InlinePtr #cards 4 size 8 Array Of Cards #cards 16 size 48 Howl #buckets 8 coarsen threshold 3686 Howl Bitmap #cards 512 size 80 coarsen threshold 460 Card regions per heap region 1 cards per card region 4096
 CPUs: 8 total, 8 available
 Memory: 16267M
 Large Page Support: Disabled
 NUMA Support: Disabled
 Compressed Oops: Enabled (Zero based)
 Heap Region Size: 2M
 Heap Min Capacity: 8M
 Heap Initial Capacity: 8M
 Heap Max Capacity: 4068M
 Pre-touch: Disabled
 Parallel Workers: 8
 Concurrent Workers: 2
 Concurrent Refinement Workers: 8
 Periodic GC: Disabled

Heap:
 garbage-first heap   total reserved 4165632K, committed 481280K, used 150433K [0x0000000701c00000, 0x0000000800000000)
  region size 2M, 0 eden (0M), 2 survivor (4M), 38 old (76M), 37 humongous (74M), 158 free (316M)

Heap Regions: E=young(eden), S=young(survivor), O=old, HS=humongous(starts), HC=humongous(continues), CS=collection set, F=free, TAMS=top-at-mark-start, PB=parsable bottom
|    0|0x0000000701c00000, 0x0000000701e00000, 0x0000000701e00000|100%| O|  |TAMS 0x0000000701c00000| PB 0x0000000701c00000| Untracked |  0
|    1|0x0000000701e00000, 0x0000000701fffff0, 0x0000000702000000| 99%| O|  |TAMS 0x0000000701e00000| PB 0x0000000701e00000| Untracked |  0
|    2|0x0000000702000000, 0x00000007021fffc0, 0x0000000702200000| 99%| O|  |TAMS 0x0000000702000000| PB 0x0000000702000000| Untracked |  0
|    3|0x0000000702200000, 0x00000007023fffe0, 0x0000000702400000| 99%| O|  |TAMS 0x0000000702200000| PB 0x0000000702200000| Untracked |  0
|    4|0x0000000702400000, 0x00000007025ffff8, 0x0000000702600000| 99%| O|  |TAMS 0x0000000702400000| PB 0x0000000702400000| Untracked |  0
|    5|0x0000000702600000, 0x00000007027fffb8, 0x0000000702800000| 99%| O|  |TAMS 0x0000000702600000| PB 0x0000000702600000| Untracked |  0
|    6|0x0000000702800000, 0x0000000702a00000, 0x0000000702a00000|100%| O|  |TAMS 0x0000000702800000| PB 0x0000000702800000| Untracked |  0
|    7|0x0000000702a00000, 0x0000000702af7530, 0x0000000702c00000| 48%| O|  |TAMS 0x0000000702a00000| PB 0x0000000702a00000| Untracked |  0
|    8|0x0000000702c00000, 0x0000000702dfffc0, 0x0000000702e00000| 99%| O|  |TAMS 0x0000000702c00000| PB 0x0000000702c00000| Untracked |  0
|    9|0x0000000702e00000, 0x0000000702fffff8, 0x0000000703000000| 99%| O|  |TAMS 0x0000000702e00000| PB 0x0000000702e00000| Untracked |  0
|   10|0x0000000703000000, 0x00000007031fffe8, 0x0000000703200000| 99%| O|  |TAMS 0x0000000703000000| PB 0x0000000703000000| Untracked |  0
|   11|0x0000000703200000, 0x0000000703327c38, 0x0000000703400000| 57%| O|  |TAMS 0x0000000703200000| PB 0x0000000703200000| Untracked |  0
|   12|0x0000000703400000, 0x00000007034eeb18, 0x0000000703600000| 46%| O|  |TAMS 0x0000000703400000| PB 0x0000000703400000| Untracked |  0
|   13|0x0000000703600000, 0x0000000703762528, 0x0000000703800000| 69%| O|  |TAMS 0x0000000703600000| PB 0x0000000703600000| Untracked |  0
|   14|0x0000000703800000, 0x00000007039fff98, 0x0000000703a00000| 99%| O|  |TAMS 0x0000000703800000| PB 0x0000000703800000| Untracked |  0
|   15|0x0000000703a00000, 0x0000000703c00000, 0x0000000703c00000|100%| O|  |TAMS 0x0000000703a00000| PB 0x0000000703a00000| Untracked |  0
|   16|0x0000000703c00000, 0x0000000703e00000, 0x0000000703e00000|100%| O|  |TAMS 0x0000000703c00000| PB 0x0000000703c00000| Untracked |  0
|   17|0x0000000703e00000, 0x0000000703ffffd8, 0x0000000704000000| 99%| O|  |TAMS 0x0000000703e00000| PB 0x0000000703e00000| Untracked |  0
|   18|0x0000000704000000, 0x000000070418c9f8, 0x0000000704200000| 77%| O|  |TAMS 0x0000000704000000| PB 0x0000000704000000| Untracked |  0
|   19|0x0000000704200000, 0x0000000704400000, 0x0000000704400000|100%| O|  |TAMS 0x0000000704200000| PB 0x0000000704200000| Untracked |  0
|   20|0x0000000704400000, 0x0000000704600000, 0x0000000704600000|100%| O|  |TAMS 0x0000000704400000| PB 0x0000000704400000| Untracked |  0
|   21|0x0000000704600000, 0x0000000704800000, 0x0000000704800000|100%| O|  |TAMS 0x0000000704600000| PB 0x0000000704600000| Untracked |  0
|   22|0x0000000704800000, 0x00000007049f5308, 0x0000000704a00000| 97%| O|  |TAMS 0x0000000704800000| PB 0x0000000704800000| Untracked |  0
|   23|0x0000000704a00000, 0x0000000704a00000, 0x0000000704c00000|  0%| F|  |TAMS 0x0000000704a00000| PB 0x0000000704a00000| Untracked |  0
|   24|0x0000000704c00000, 0x0000000704e00000, 0x0000000704e00000|100%|HS|  |TAMS 0x0000000704c00000| PB 0x0000000704c00000| Complete  |  0
|   25|0x0000000704e00000, 0x0000000705000000, 0x0000000705000000|100%|HC|  |TAMS 0x0000000704e00000| PB 0x0000000704e00000| Complete  |  0
|   26|0x0000000705000000, 0x0000000705200000, 0x0000000705200000|100%|HC|  |TAMS 0x0000000705000000| PB 0x0000000705000000| Complete  |  0
|   27|0x0000000705200000, 0x0000000705400000, 0x0000000705400000|100%|HC|  |TAMS 0x0000000705200000| PB 0x0000000705200000| Complete  |  0
|   28|0x0000000705400000, 0x0000000705600000, 0x0000000705600000|100%| O|  |TAMS 0x0000000705400000| PB 0x0000000705400000| Untracked |  0
|   29|0x0000000705600000, 0x0000000705800000, 0x0000000705800000|100%| O|Cm|TAMS 0x0000000705600000| PB 0x0000000705600000| Complete  |  0
|   30|0x0000000705800000, 0x0000000705a00000, 0x0000000705a00000|100%|HS|  |TAMS 0x0000000705800000| PB 0x0000000705800000| Complete  |  0
|   31|0x0000000705a00000, 0x0000000705c00000, 0x0000000705c00000|100%|HC|  |TAMS 0x0000000705a00000| PB 0x0000000705a00000| Complete  |  0
|   32|0x0000000705c00000, 0x0000000705e00000, 0x0000000705e00000|100%|HS|  |TAMS 0x0000000705c00000| PB 0x0000000705c00000| Complete  |  0
|   33|0x0000000705e00000, 0x0000000706000000, 0x0000000706000000|100%|HC|  |TAMS 0x0000000705e00000| PB 0x0000000705e00000| Complete  |  0
|   34|0x0000000706000000, 0x0000000706200000, 0x0000000706200000|100%|HC|  |TAMS 0x0000000706000000| PB 0x0000000706000000| Complete  |  0
|   35|0x0000000706200000, 0x0000000706400000, 0x0000000706400000|100%|HC|  |TAMS 0x0000000706200000| PB 0x0000000706200000| Complete  |  0
|   36|0x0000000706400000, 0x0000000706600000, 0x0000000706600000|100%|HC|  |TAMS 0x0000000706400000| PB 0x0000000706400000| Complete  |  0
|   37|0x0000000706600000, 0x0000000706800000, 0x0000000706800000|100%|HS|  |TAMS 0x0000000706600000| PB 0x0000000706600000| Complete  |  0
|   38|0x0000000706800000, 0x0000000706a00000, 0x0000000706a00000|100%|HC|  |TAMS 0x0000000706800000| PB 0x0000000706800000| Complete  |  0
|   39|0x0000000706a00000, 0x0000000706c00000, 0x0000000706c00000|100%|HC|  |TAMS 0x0000000706a00000| PB 0x0000000706a00000| Complete  |  0
|   40|0x0000000706c00000, 0x0000000706e00000, 0x0000000706e00000|100%|HS|  |TAMS 0x0000000706c00000| PB 0x0000000706c00000| Complete  |  0
|   41|0x0000000706e00000, 0x0000000707000000, 0x0000000707000000|100%| O|  |TAMS 0x0000000706e00000| PB 0x0000000706e00000| Untracked |  0
|   42|0x0000000707000000, 0x0000000707000000, 0x0000000707200000|  0%| F|  |TAMS 0x0000000707000000| PB 0x0000000707000000| Untracked |  0
|   43|0x0000000707200000, 0x0000000707200000, 0x0000000707400000|  0%| F|  |TAMS 0x0000000707200000| PB 0x0000000707200000| Untracked |  0
|   44|0x0000000707400000, 0x0000000707400000, 0x0000000707600000|  0%| F|  |TAMS 0x0000000707400000| PB 0x0000000707400000| Untracked |  0
|   45|0x0000000707600000, 0x0000000707800000, 0x0000000707800000|100%|HS|  |TAMS 0x0000000707600000| PB 0x0000000707600000| Complete  |  0
|   46|0x0000000707800000, 0x0000000707a00000, 0x0000000707a00000|100%|HC|  |TAMS 0x0000000707800000| PB 0x0000000707800000| Complete  |  0
|   47|0x0000000707a00000, 0x0000000707a00000, 0x0000000707c00000|  0%| F|  |TAMS 0x0000000707a00000| PB 0x0000000707a00000| Untracked |  0
|   48|0x0000000707c00000, 0x0000000707c00000, 0x0000000707e00000|  0%| F|  |TAMS 0x0000000707c00000| PB 0x0000000707c00000| Untracked |  0
|   49|0x0000000707e00000, 0x0000000707e00000, 0x0000000708000000|  0%| F|  |TAMS 0x0000000707e00000| PB 0x0000000707e00000| Untracked |  0
|   50|0x0000000708000000, 0x0000000708000000, 0x0000000708200000|  0%| F|  |TAMS 0x0000000708000000| PB 0x0000000708000000| Untracked |  0
|   51|0x0000000708200000, 0x0000000708200000, 0x0000000708400000|  0%| F|  |TAMS 0x0000000708200000| PB 0x0000000708200000| Untracked |  0
|   52|0x0000000708400000, 0x0000000708400000, 0x0000000708600000|  0%| F|  |TAMS 0x0000000708400000| PB 0x0000000708400000| Untracked |  0
|   53|0x0000000708600000, 0x0000000708600000, 0x0000000708800000|  0%| F|  |TAMS 0x0000000708600000| PB 0x0000000708600000| Untracked |  0
|   54|0x0000000708800000, 0x0000000708800000, 0x0000000708a00000|  0%| F|  |TAMS 0x0000000708800000| PB 0x0000000708800000| Untracked |  0
|   55|0x0000000708a00000, 0x0000000708a00000, 0x0000000708c00000|  0%| F|  |TAMS 0x0000000708a00000| PB 0x0000000708a00000| Untracked |  0
|   56|0x0000000708c00000, 0x0000000708e00000, 0x0000000708e00000|100%|HS|  |TAMS 0x0000000708c00000| PB 0x0000000708c00000| Complete  |  0
|   57|0x0000000708e00000, 0x0000000709000000, 0x0000000709000000|100%|HS|  |TAMS 0x0000000708e00000| PB 0x0000000708e00000| Complete  |  0
|   58|0x0000000709000000, 0x0000000709200000, 0x0000000709200000|100%|HC|  |TAMS 0x0000000709000000| PB 0x0000000709000000| Complete  |  0
|   59|0x0000000709200000, 0x0000000709200000, 0x0000000709400000|  0%| F|  |TAMS 0x0000000709200000| PB 0x0000000709200000| Untracked |  0
|   60|0x0000000709400000, 0x0000000709400000, 0x0000000709600000|  0%| F|  |TAMS 0x0000000709400000| PB 0x0000000709400000| Untracked |  0
|   61|0x0000000709600000, 0x0000000709800000, 0x0000000709800000|100%|HS|  |TAMS 0x0000000709600000| PB 0x0000000709600000| Complete  |  0
|   62|0x0000000709800000, 0x0000000709a00000, 0x0000000709a00000|100%|HC|  |TAMS 0x0000000709800000| PB 0x0000000709800000| Complete  |  0
|   63|0x0000000709a00000, 0x0000000709c00000, 0x0000000709c00000|100%|HC|  |TAMS 0x0000000709a00000| PB 0x0000000709a00000| Complete  |  0
|   64|0x0000000709c00000, 0x0000000709e00000, 0x0000000709e00000|100%|HS|  |TAMS 0x0000000709c00000| PB 0x0000000709c00000| Complete  |  0
|   65|0x0000000709e00000, 0x000000070a000000, 0x000000070a000000|100%|HC|  |TAMS 0x0000000709e00000| PB 0x0000000709e00000| Complete  |  0
|   66|0x000000070a000000, 0x000000070a000000, 0x000000070a200000|  0%| F|  |TAMS 0x000000070a000000| PB 0x000000070a000000| Untracked |  0
|   67|0x000000070a200000, 0x000000070a200000, 0x000000070a400000|  0%| F|  |TAMS 0x000000070a200000| PB 0x000000070a200000| Untracked |  0
|   68|0x000000070a400000, 0x000000070a600000, 0x000000070a600000|100%|HS|  |TAMS 0x000000070a400000| PB 0x000000070a400000| Complete  |  0
|   69|0x000000070a600000, 0x000000070a800000, 0x000000070a800000|100%|HC|  |TAMS 0x000000070a600000| PB 0x000000070a600000| Complete  |  0
|   70|0x000000070a800000, 0x000000070aa00000, 0x000000070aa00000|100%|HC|  |TAMS 0x000000070a800000| PB 0x000000070a800000| Complete  |  0
|   71|0x000000070aa00000, 0x000000070aa00000, 0x000000070ac00000|  0%| F|  |TAMS 0x000000070aa00000| PB 0x000000070aa00000| Untracked |  0
|   72|0x000000070ac00000, 0x000000070ac00000, 0x000000070ae00000|  0%| F|  |TAMS 0x000000070ac00000| PB 0x000000070ac00000| Untracked |  0
|   73|0x000000070ae00000, 0x000000070ae00000, 0x000000070b000000|  0%| F|  |TAMS 0x000000070ae00000| PB 0x000000070ae00000| Untracked |  0
|   74|0x000000070b000000, 0x000000070b000000, 0x000000070b200000|  0%| F|  |TAMS 0x000000070b000000| PB 0x000000070b000000| Untracked |  0
|   75|0x000000070b200000, 0x000000070b200000, 0x000000070b400000|  0%| F|  |TAMS 0x000000070b200000| PB 0x000000070b200000| Untracked |  0
|   76|0x000000070b400000, 0x000000070b400000, 0x000000070b600000|  0%| F|  |TAMS 0x000000070b400000| PB 0x000000070b400000| Untracked |  0
|   77|0x000000070b600000, 0x000000070b800000, 0x000000070b800000|100%|HS|  |TAMS 0x000000070b600000| PB 0x000000070b600000| Complete  |  0
|   78|0x000000070b800000, 0x000000070ba00000, 0x000000070ba00000|100%|HC|  |TAMS 0x000000070b800000| PB 0x000000070b800000| Complete  |  0
|   79|0x000000070ba00000, 0x000000070ba00000, 0x000000070bc00000|  0%| F|  |TAMS 0x000000070ba00000| PB 0x000000070ba00000| Untracked |  0
|   80|0x000000070bc00000, 0x000000070bc00000, 0x000000070be00000|  0%| F|  |TAMS 0x000000070bc00000| PB 0x000000070bc00000| Untracked |  0
|   81|0x000000070be00000, 0x000000070be00000, 0x000000070c000000|  0%| F|  |TAMS 0x000000070be00000| PB 0x000000070be00000| Untracked |  0
|   82|0x000000070c000000, 0x000000070c000000, 0x000000070c200000|  0%| F|  |TAMS 0x000000070c000000| PB 0x000000070c000000| Untracked |  0
|   83|0x000000070c200000, 0x000000070c200000, 0x000000070c400000|  0%| F|  |TAMS 0x000000070c200000| PB 0x000000070c200000| Untracked |  0
|   84|0x000000070c400000, 0x000000070c400000, 0x000000070c600000|  0%| F|  |TAMS 0x000000070c400000| PB 0x000000070c400000| Untracked |  0
|   85|0x000000070c600000, 0x000000070c600000, 0x000000070c800000|  0%| F|  |TAMS 0x000000070c600000| PB 0x000000070c600000| Untracked |  0
|   86|0x000000070c800000, 0x000000070c800000, 0x000000070ca00000|  0%| F|  |TAMS 0x000000070c800000| PB 0x000000070c800000| Untracked |  0
|   87|0x000000070ca00000, 0x000000070ca00000, 0x000000070cc00000|  0%| F|  |TAMS 0x000000070ca00000| PB 0x000000070ca00000| Untracked |  0
|   88|0x000000070cc00000, 0x000000070cc00000, 0x000000070ce00000|  0%| F|  |TAMS 0x000000070cc00000| PB 0x000000070cc00000| Untracked |  0
|   89|0x000000070ce00000, 0x000000070ce00000, 0x000000070d000000|  0%| F|  |TAMS 0x000000070ce00000| PB 0x000000070ce00000| Untracked |  0
|   90|0x000000070d000000, 0x000000070d000000, 0x000000070d200000|  0%| F|  |TAMS 0x000000070d000000| PB 0x000000070d000000| Untracked |  0
|   91|0x000000070d200000, 0x000000070d200000, 0x000000070d400000|  0%| F|  |TAMS 0x000000070d200000| PB 0x000000070d200000| Untracked |  0
|   92|0x000000070d400000, 0x000000070d400000, 0x000000070d600000|  0%| F|  |TAMS 0x000000070d400000| PB 0x000000070d400000| Untracked |  0
|   93|0x000000070d600000, 0x000000070d600000, 0x000000070d800000|  0%| F|  |TAMS 0x000000070d600000| PB 0x000000070d600000| Untracked |  0
|   94|0x000000070d800000, 0x000000070d800000, 0x000000070da00000|  0%| F|  |TAMS 0x000000070d800000| PB 0x000000070d800000| Untracked |  0
|   95|0x000000070da00000, 0x000000070dc00000, 0x000000070dc00000|100%|HS|  |TAMS 0x000000070da00000| PB 0x000000070da00000| Complete  |  0
|   96|0x000000070dc00000, 0x000000070de00000, 0x000000070de00000|100%|HC|  |TAMS 0x000000070dc00000| PB 0x000000070dc00000| Complete  |  0
|   97|0x000000070de00000, 0x000000070e000000, 0x000000070e000000|100%|HS|  |TAMS 0x000000070de00000| PB 0x000000070de00000| Complete  |  0
|   98|0x000000070e000000, 0x000000070e200000, 0x000000070e200000|100%|HC|  |TAMS 0x000000070e000000| PB 0x000000070e000000| Complete  |  0
|   99|0x000000070e200000, 0x000000070e400000, 0x000000070e400000|100%|HC|  |TAMS 0x000000070e200000| PB 0x000000070e200000| Complete  |  0
|  100|0x000000070e400000, 0x000000070e400000, 0x000000070e600000|  0%| F|  |TAMS 0x000000070e400000| PB 0x000000070e400000| Untracked |  0
|  101|0x000000070e600000, 0x000000070e600000, 0x000000070e800000|  0%| F|  |TAMS 0x000000070e600000| PB 0x000000070e600000| Untracked |  0
|  102|0x000000070e800000, 0x000000070e800000, 0x000000070ea00000|  0%| F|  |TAMS 0x000000070e800000| PB 0x000000070e800000| Untracked |  0
|  103|0x000000070ea00000, 0x000000070ea00000, 0x000000070ec00000|  0%| F|  |TAMS 0x000000070ea00000| PB 0x000000070ea00000| Untracked |  0
|  104|0x000000070ec00000, 0x000000070ec00000, 0x000000070ee00000|  0%| F|  |TAMS 0x000000070ec00000| PB 0x000000070ec00000| Untracked |  0
|  105|0x000000070ee00000, 0x000000070ee00000, 0x000000070f000000|  0%| F|  |TAMS 0x000000070ee00000| PB 0x000000070ee00000| Untracked |  0
|  106|0x000000070f000000, 0x000000070f000000, 0x000000070f200000|  0%| F|  |TAMS 0x000000070f000000| PB 0x000000070f000000| Untracked |  0
|  107|0x000000070f200000, 0x000000070f200000, 0x000000070f400000|  0%| F|  |TAMS 0x000000070f200000| PB 0x000000070f200000| Untracked |  0
|  108|0x000000070f400000, 0x000000070f400000, 0x000000070f600000|  0%| F|  |TAMS 0x000000070f400000| PB 0x000000070f400000| Untracked |  0
|  109|0x000000070f600000, 0x000000070f600000, 0x000000070f800000|  0%| F|  |TAMS 0x000000070f600000| PB 0x000000070f600000| Untracked |  0
|  110|0x000000070f800000, 0x000000070f800000, 0x000000070fa00000|  0%| F|  |TAMS 0x000000070f800000| PB 0x000000070f800000| Untracked |  0
|  111|0x000000070fa00000, 0x000000070fa00000, 0x000000070fc00000|  0%| F|  |TAMS 0x000000070fa00000| PB 0x000000070fa00000| Untracked |  0
|  112|0x000000070fc00000, 0x000000070fc00000, 0x000000070fe00000|  0%| F|  |TAMS 0x000000070fc00000| PB 0x000000070fc00000| Untracked |  0
|  113|0x000000070fe00000, 0x000000070fe00000, 0x0000000710000000|  0%| F|  |TAMS 0x000000070fe00000| PB 0x000000070fe00000| Untracked |  0
|  114|0x0000000710000000, 0x0000000710000000, 0x0000000710200000|  0%| F|  |TAMS 0x0000000710000000| PB 0x0000000710000000| Untracked |  0
|  115|0x0000000710200000, 0x0000000710200000, 0x0000000710400000|  0%| F|  |TAMS 0x0000000710200000| PB 0x0000000710200000| Untracked |  0
|  116|0x0000000710400000, 0x0000000710400000, 0x0000000710600000|  0%| F|  |TAMS 0x0000000710400000| PB 0x0000000710400000| Untracked |  0
|  117|0x0000000710600000, 0x0000000710600000, 0x0000000710800000|  0%| F|  |TAMS 0x0000000710600000| PB 0x0000000710600000| Untracked |  0
|  118|0x0000000710800000, 0x0000000710800000, 0x0000000710a00000|  0%| F|  |TAMS 0x0000000710800000| PB 0x0000000710800000| Untracked |  0
|  119|0x0000000710a00000, 0x0000000710a00000, 0x0000000710c00000|  0%| F|  |TAMS 0x0000000710a00000| PB 0x0000000710a00000| Untracked |  0
|  120|0x0000000710c00000, 0x0000000710c00000, 0x0000000710e00000|  0%| F|  |TAMS 0x0000000710c00000| PB 0x0000000710c00000| Untracked |  0
|  121|0x0000000710e00000, 0x0000000710e00000, 0x0000000711000000|  0%| F|  |TAMS 0x0000000710e00000| PB 0x0000000710e00000| Untracked |  0
|  122|0x0000000711000000, 0x0000000711000000, 0x0000000711200000|  0%| F|  |TAMS 0x0000000711000000| PB 0x0000000711000000| Untracked |  0
|  123|0x0000000711200000, 0x0000000711200000, 0x0000000711400000|  0%| F|  |TAMS 0x0000000711200000| PB 0x0000000711200000| Untracked |  0
|  124|0x0000000711400000, 0x0000000711400000, 0x0000000711600000|  0%| F|  |TAMS 0x0000000711400000| PB 0x0000000711400000| Untracked |  0
|  125|0x0000000711600000, 0x0000000711600000, 0x0000000711800000|  0%| F|  |TAMS 0x0000000711600000| PB 0x0000000711600000| Untracked |  0
|  126|0x0000000711800000, 0x0000000711800000, 0x0000000711a00000|  0%| F|  |TAMS 0x0000000711800000| PB 0x0000000711800000| Untracked |  0
|  127|0x0000000711a00000, 0x0000000711a00000, 0x0000000711c00000|  0%| F|  |TAMS 0x0000000711a00000| PB 0x0000000711a00000| Untracked |  0
|  128|0x0000000711c00000, 0x0000000711c00000, 0x0000000711e00000|  0%| F|  |TAMS 0x0000000711c00000| PB 0x0000000711c00000| Untracked |  0
|  129|0x0000000711e00000, 0x0000000711e00000, 0x0000000712000000|  0%| F|  |TAMS 0x0000000711e00000| PB 0x0000000711e00000| Untracked |  0
|  130|0x0000000712000000, 0x0000000712000000, 0x0000000712200000|  0%| F|  |TAMS 0x0000000712000000| PB 0x0000000712000000| Untracked |  0
|  131|0x0000000712200000, 0x0000000712200000, 0x0000000712400000|  0%| F|  |TAMS 0x0000000712200000| PB 0x0000000712200000| Untracked |  0
|  132|0x0000000712400000, 0x0000000712400000, 0x0000000712600000|  0%| F|  |TAMS 0x0000000712400000| PB 0x0000000712400000| Untracked |  0
|  133|0x0000000712600000, 0x0000000712600000, 0x0000000712800000|  0%| F|  |TAMS 0x0000000712600000| PB 0x0000000712600000| Untracked |  0
|  134|0x0000000712800000, 0x0000000712800000, 0x0000000712a00000|  0%| F|  |TAMS 0x0000000712800000| PB 0x0000000712800000| Untracked |  0
|  135|0x0000000712a00000, 0x0000000712a00000, 0x0000000712c00000|  0%| F|  |TAMS 0x0000000712a00000| PB 0x0000000712a00000| Untracked |  0
|  136|0x0000000712c00000, 0x0000000712c00000, 0x0000000712e00000|  0%| F|  |TAMS 0x0000000712c00000| PB 0x0000000712c00000| Untracked |  0
|  137|0x0000000712e00000, 0x0000000712e00000, 0x0000000713000000|  0%| F|  |TAMS 0x0000000712e00000| PB 0x0000000712e00000| Untracked |  0
|  138|0x0000000713000000, 0x0000000713000000, 0x0000000713200000|  0%| F|  |TAMS 0x0000000713000000| PB 0x0000000713000000| Untracked |  0
|  139|0x0000000713200000, 0x0000000713400000, 0x0000000713400000|100%|HS|  |TAMS 0x0000000713200000| PB 0x0000000713200000| Complete  |  0
|  140|0x0000000713400000, 0x0000000713600000, 0x0000000713600000|100%|HC|  |TAMS 0x0000000713400000| PB 0x0000000713400000| Complete  |  0
|  141|0x0000000713600000, 0x0000000713600000, 0x0000000713800000|  0%| F|  |TAMS 0x0000000713600000| PB 0x0000000713600000| Untracked |  0
|  142|0x0000000713800000, 0x0000000713800000, 0x0000000713a00000|  0%| F|  |TAMS 0x0000000713800000| PB 0x0000000713800000| Untracked |  0
|  143|0x0000000713a00000, 0x0000000713a00000, 0x0000000713c00000|  0%| F|  |TAMS 0x0000000713a00000| PB 0x0000000713a00000| Untracked |  0
|  144|0x0000000713c00000, 0x0000000713c00000, 0x0000000713e00000|  0%| F|  |TAMS 0x0000000713c00000| PB 0x0000000713c00000| Untracked |  0
|  145|0x0000000713e00000, 0x0000000713e00000, 0x0000000714000000|  0%| F|  |TAMS 0x0000000713e00000| PB 0x0000000713e00000| Untracked |  0
|  146|0x0000000714000000, 0x0000000714000000, 0x0000000714200000|  0%| F|  |TAMS 0x0000000714000000| PB 0x0000000714000000| Untracked |  0
|  147|0x0000000714200000, 0x0000000714200000, 0x0000000714400000|  0%| F|  |TAMS 0x0000000714200000| PB 0x0000000714200000| Untracked |  0
|  148|0x0000000714400000, 0x0000000714400000, 0x0000000714600000|  0%| F|  |TAMS 0x0000000714400000| PB 0x0000000714400000| Untracked |  0
|  149|0x0000000714600000, 0x0000000714600000, 0x0000000714800000|  0%| F|  |TAMS 0x0000000714600000| PB 0x0000000714600000| Untracked |  0
|  150|0x0000000714800000, 0x0000000714800000, 0x0000000714a00000|  0%| F|  |TAMS 0x0000000714800000| PB 0x0000000714800000| Untracked |  0
|  151|0x0000000714a00000, 0x0000000714a00000, 0x0000000714c00000|  0%| F|  |TAMS 0x0000000714a00000| PB 0x0000000714a00000| Untracked |  0
|  152|0x0000000714c00000, 0x0000000714c00000, 0x0000000714e00000|  0%| F|  |TAMS 0x0000000714c00000| PB 0x0000000714c00000| Untracked |  0
|  153|0x0000000714e00000, 0x0000000714e00000, 0x0000000715000000|  0%| F|  |TAMS 0x0000000714e00000| PB 0x0000000714e00000| Untracked |  0
|  154|0x0000000715000000, 0x0000000715000000, 0x0000000715200000|  0%| F|  |TAMS 0x0000000715000000| PB 0x0000000715000000| Untracked |  0
|  155|0x0000000715200000, 0x0000000715200000, 0x0000000715400000|  0%| F|  |TAMS 0x0000000715200000| PB 0x0000000715200000| Untracked |  0
|  156|0x0000000715400000, 0x0000000715400000, 0x0000000715600000|  0%| F|  |TAMS 0x0000000715400000| PB 0x0000000715400000| Untracked |  0
|  157|0x0000000715600000, 0x0000000715600000, 0x0000000715800000|  0%| F|  |TAMS 0x0000000715600000| PB 0x0000000715600000| Untracked |  0
|  158|0x0000000715800000, 0x0000000715800000, 0x0000000715a00000|  0%| F|  |TAMS 0x0000000715800000| PB 0x0000000715800000| Untracked |  0
|  159|0x0000000715a00000, 0x0000000715a00000, 0x0000000715c00000|  0%| F|  |TAMS 0x0000000715a00000| PB 0x0000000715a00000| Untracked |  0
|  160|0x0000000715c00000, 0x0000000715c00000, 0x0000000715e00000|  0%| F|  |TAMS 0x0000000715c00000| PB 0x0000000715c00000| Untracked |  0
|  161|0x0000000715e00000, 0x0000000715e00000, 0x0000000716000000|  0%| F|  |TAMS 0x0000000715e00000| PB 0x0000000715e00000| Untracked |  0
|  162|0x0000000716000000, 0x0000000716000000, 0x0000000716200000|  0%| F|  |TAMS 0x0000000716000000| PB 0x0000000716000000| Untracked |  0
|  163|0x0000000716200000, 0x0000000716200000, 0x0000000716400000|  0%| F|  |TAMS 0x0000000716200000| PB 0x0000000716200000| Untracked |  0
|  164|0x0000000716400000, 0x0000000716400000, 0x0000000716600000|  0%| F|  |TAMS 0x0000000716400000| PB 0x0000000716400000| Untracked |  0
|  165|0x0000000716600000, 0x0000000716600000, 0x0000000716800000|  0%| F|  |TAMS 0x0000000716600000| PB 0x0000000716600000| Untracked |  0
|  166|0x0000000716800000, 0x0000000716800000, 0x0000000716a00000|  0%| F|  |TAMS 0x0000000716800000| PB 0x0000000716800000| Untracked |  0
|  167|0x0000000716a00000, 0x0000000716a00000, 0x0000000716c00000|  0%| F|  |TAMS 0x0000000716a00000| PB 0x0000000716a00000| Untracked |  0
|  168|0x0000000716c00000, 0x0000000716c00000, 0x0000000716e00000|  0%| F|  |TAMS 0x0000000716c00000| PB 0x0000000716c00000| Untracked |  0
|  169|0x0000000716e00000, 0x0000000716e00000, 0x0000000717000000|  0%| F|  |TAMS 0x0000000716e00000| PB 0x0000000716e00000| Untracked |  0
|  170|0x0000000717000000, 0x0000000717000000, 0x0000000717200000|  0%| F|  |TAMS 0x0000000717000000| PB 0x0000000717000000| Untracked |  0
|  171|0x0000000717200000, 0x0000000717200000, 0x0000000717400000|  0%| F|  |TAMS 0x0000000717200000| PB 0x0000000717200000| Untracked |  0
|  172|0x0000000717400000, 0x0000000717400000, 0x0000000717600000|  0%| F|  |TAMS 0x0000000717400000| PB 0x0000000717400000| Untracked |  0
|  173|0x0000000717600000, 0x0000000717600000, 0x0000000717800000|  0%| F|  |TAMS 0x0000000717600000| PB 0x0000000717600000| Untracked |  0
|  174|0x0000000717800000, 0x0000000717800000, 0x0000000717a00000|  0%| F|  |TAMS 0x0000000717800000| PB 0x0000000717800000| Untracked |  0
|  175|0x0000000717a00000, 0x0000000717a00000, 0x0000000717c00000|  0%| F|  |TAMS 0x0000000717a00000| PB 0x0000000717a00000| Untracked |  0
|  176|0x0000000717c00000, 0x0000000717c00000, 0x0000000717e00000|  0%| F|  |TAMS 0x0000000717c00000| PB 0x0000000717c00000| Untracked |  0
|  177|0x0000000717e00000, 0x0000000717e00000, 0x0000000718000000|  0%| F|  |TAMS 0x0000000717e00000| PB 0x0000000717e00000| Untracked |  0
|  178|0x0000000718000000, 0x0000000718000000, 0x0000000718200000|  0%| F|  |TAMS 0x0000000718000000| PB 0x0000000718000000| Untracked |  0
|  179|0x0000000718200000, 0x0000000718200000, 0x0000000718400000|  0%| F|  |TAMS 0x0000000718200000| PB 0x0000000718200000| Untracked |  0
|  180|0x0000000718400000, 0x0000000718400000, 0x0000000718600000|  0%| F|  |TAMS 0x0000000718400000| PB 0x0000000718400000| Untracked |  0
|  181|0x0000000718600000, 0x0000000718600000, 0x0000000718800000|  0%| F|  |TAMS 0x0000000718600000| PB 0x0000000718600000| Untracked |  0
|  182|0x0000000718800000, 0x0000000718800000, 0x0000000718a00000|  0%| F|  |TAMS 0x0000000718800000| PB 0x0000000718800000| Untracked |  0
|  183|0x0000000718a00000, 0x0000000718a00000, 0x0000000718c00000|  0%| F|  |TAMS 0x0000000718a00000| PB 0x0000000718a00000| Untracked |  0
|  184|0x0000000718c00000, 0x0000000718c00000, 0x0000000718e00000|  0%| F|  |TAMS 0x0000000718c00000| PB 0x0000000718c00000| Untracked |  0
|  185|0x0000000718e00000, 0x0000000718e00000, 0x0000000719000000|  0%| F|  |TAMS 0x0000000718e00000| PB 0x0000000718e00000| Untracked |  0
|  186|0x0000000719000000, 0x0000000719000000, 0x0000000719200000|  0%| F|  |TAMS 0x0000000719000000| PB 0x0000000719000000| Untracked |  0
|  187|0x0000000719200000, 0x0000000719200000, 0x0000000719400000|  0%| F|  |TAMS 0x0000000719200000| PB 0x0000000719200000| Untracked |  0
|  188|0x0000000719400000, 0x0000000719400000, 0x0000000719600000|  0%| F|  |TAMS 0x0000000719400000| PB 0x0000000719400000| Untracked |  0
|  189|0x0000000719600000, 0x0000000719600000, 0x0000000719800000|  0%| F|  |TAMS 0x0000000719600000| PB 0x0000000719600000| Untracked |  0
|  190|0x0000000719800000, 0x0000000719800000, 0x0000000719a00000|  0%| F|  |TAMS 0x0000000719800000| PB 0x0000000719800000| Untracked |  0
|  191|0x0000000719a00000, 0x0000000719a00000, 0x0000000719c00000|  0%| F|  |TAMS 0x0000000719a00000| PB 0x0000000719a00000| Untracked |  0
|  192|0x0000000719c00000, 0x0000000719c00000, 0x0000000719e00000|  0%| F|  |TAMS 0x0000000719c00000| PB 0x0000000719c00000| Untracked |  0
|  193|0x0000000719e00000, 0x0000000719e00000, 0x000000071a000000|  0%| F|  |TAMS 0x0000000719e00000| PB 0x0000000719e00000| Untracked |  0
|  194|0x000000071a000000, 0x000000071a000000, 0x000000071a200000|  0%| F|  |TAMS 0x000000071a000000| PB 0x000000071a000000| Untracked |  0
|  195|0x000000071a200000, 0x000000071a200000, 0x000000071a400000|  0%| F|  |TAMS 0x000000071a200000| PB 0x000000071a200000| Untracked |  0
|  196|0x000000071a400000, 0x000000071a400000, 0x000000071a600000|  0%| F|  |TAMS 0x000000071a400000| PB 0x000000071a400000| Untracked |  0
|  197|0x000000071a600000, 0x000000071a600000, 0x000000071a800000|  0%| F|  |TAMS 0x000000071a600000| PB 0x000000071a600000| Untracked |  0
|  198|0x000000071a800000, 0x000000071a800000, 0x000000071aa00000|  0%| F|  |TAMS 0x000000071a800000| PB 0x000000071a800000| Untracked |  0
|  199|0x000000071aa00000, 0x000000071aa00000, 0x000000071ac00000|  0%| F|  |TAMS 0x000000071aa00000| PB 0x000000071aa00000| Untracked |  0
|  200|0x000000071ac00000, 0x000000071ac00000, 0x000000071ae00000|  0%| F|  |TAMS 0x000000071ac00000| PB 0x000000071ac00000| Untracked |  0
|  201|0x000000071ae00000, 0x000000071ae00000, 0x000000071b000000|  0%| F|  |TAMS 0x000000071ae00000| PB 0x000000071ae00000| Untracked |  0
|  202|0x000000071b000000, 0x000000071b000000, 0x000000071b200000|  0%| F|  |TAMS 0x000000071b000000| PB 0x000000071b000000| Untracked |  0
|  203|0x000000071b200000, 0x000000071b200000, 0x000000071b400000|  0%| F|  |TAMS 0x000000071b200000| PB 0x000000071b200000| Untracked |  0
|  204|0x000000071b400000, 0x000000071b400000, 0x000000071b600000|  0%| F|  |TAMS 0x000000071b400000| PB 0x000000071b400000| Untracked |  0
|  205|0x000000071b600000, 0x000000071b600000, 0x000000071b800000|  0%| F|  |TAMS 0x000000071b600000| PB 0x000000071b600000| Untracked |  0
|  206|0x000000071b800000, 0x000000071b800000, 0x000000071ba00000|  0%| F|  |TAMS 0x000000071b800000| PB 0x000000071b800000| Untracked |  0
|  207|0x000000071ba00000, 0x000000071ba00000, 0x000000071bc00000|  0%| F|  |TAMS 0x000000071ba00000| PB 0x000000071ba00000| Untracked |  0
|  208|0x000000071bc00000, 0x000000071bc00000, 0x000000071be00000|  0%| F|  |TAMS 0x000000071bc00000| PB 0x000000071bc00000| Untracked |  0
|  209|0x000000071be00000, 0x000000071be00000, 0x000000071c000000|  0%| F|  |TAMS 0x000000071be00000| PB 0x000000071be00000| Untracked |  0
|  210|0x000000071c000000, 0x000000071c000000, 0x000000071c200000|  0%| F|  |TAMS 0x000000071c000000| PB 0x000000071c000000| Untracked |  0
|  211|0x000000071c200000, 0x000000071c200000, 0x000000071c400000|  0%| F|  |TAMS 0x000000071c200000| PB 0x000000071c200000| Untracked |  0
|  212|0x000000071c400000, 0x000000071c400000, 0x000000071c600000|  0%| F|  |TAMS 0x000000071c400000| PB 0x000000071c400000| Untracked |  0
|  213|0x000000071c600000, 0x000000071c600000, 0x000000071c800000|  0%| F|  |TAMS 0x000000071c600000| PB 0x000000071c600000| Untracked |  0
|  214|0x000000071c800000, 0x000000071c800000, 0x000000071ca00000|  0%| F|  |TAMS 0x000000071c800000| PB 0x000000071c800000| Untracked |  0
|  215|0x000000071ca00000, 0x000000071ca00000, 0x000000071cc00000|  0%| F|  |TAMS 0x000000071ca00000| PB 0x000000071ca00000| Untracked |  0
|  216|0x000000071cc00000, 0x000000071ce00000, 0x000000071ce00000|100%| S|CS|TAMS 0x000000071cc00000| PB 0x000000071cc00000| Complete  |  0
|  217|0x000000071ce00000, 0x000000071ceaeca0, 0x000000071d000000| 34%| S|CS|TAMS 0x000000071ce00000| PB 0x000000071ce00000| Complete  |  0
| 2017|0x00000007fde00000, 0x00000007fde47c88, 0x00000007fe000000| 14%| O|  |TAMS 0x00000007fde00000| PB 0x00000007fde00000| Untracked |  0
| 2018|0x00000007fe000000, 0x00000007fe200000, 0x00000007fe200000|100%| O|  |TAMS 0x00000007fe000000| PB 0x00000007fe000000| Untracked |  0
| 2019|0x00000007fe200000, 0x00000007fe400000, 0x00000007fe400000|100%| O|  |TAMS 0x00000007fe200000| PB 0x00000007fe200000| Untracked |  0
| 2020|0x00000007fe400000, 0x00000007fe400000, 0x00000007fe600000|  0%| F|  |TAMS 0x00000007fe400000| PB 0x00000007fe400000| Untracked |  0
| 2021|0x00000007fe600000, 0x00000007fe800000, 0x00000007fe800000|100%| O|  |TAMS 0x00000007fe600000| PB 0x00000007fe600000| Untracked |  0
| 2022|0x00000007fe800000, 0x00000007fe800000, 0x00000007fea00000|  0%| F|  |TAMS 0x00000007fe800000| PB 0x00000007fe800000| Untracked |  0
| 2023|0x00000007fea00000, 0x00000007fea00000, 0x00000007fec00000|  0%| F|  |TAMS 0x00000007fea00000| PB 0x00000007fea00000| Untracked |  0
| 2024|0x00000007fec00000, 0x00000007fee00000, 0x00000007fee00000|100%| O|Cm|TAMS 0x00000007fec00000| PB 0x00000007fec00000| Complete  |  0
| 2025|0x00000007fee00000, 0x00000007fee00000, 0x00000007ff000000|  0%| F|  |TAMS 0x00000007fee00000| PB 0x00000007fee00000| Untracked |  0
| 2026|0x00000007ff000000, 0x00000007ff000000, 0x00000007ff200000|  0%| F|  |TAMS 0x00000007ff000000| PB 0x00000007ff000000| Untracked |  0
| 2027|0x00000007ff200000, 0x00000007ff400000, 0x00000007ff400000|100%| O|  |TAMS 0x00000007ff200000| PB 0x00000007ff200000| Untracked |  0
| 2028|0x00000007ff400000, 0x00000007ff600000, 0x00000007ff600000|100%| O|  |TAMS 0x00000007ff400000| PB 0x00000007ff400000| Untracked |  0
| 2029|0x00000007ff600000, 0x00000007ff800000, 0x00000007ff800000|100%| O|  |TAMS 0x00000007ff600000| PB 0x00000007ff600000| Untracked |  0
| 2030|0x00000007ff800000, 0x00000007ffa00000, 0x00000007ffa00000|100%| O|  |TAMS 0x00000007ff800000| PB 0x00000007ff800000| Untracked |  0
| 2031|0x00000007ffa00000, 0x00000007ffc00000, 0x00000007ffc00000|100%| O|  |TAMS 0x00000007ffa00000| PB 0x00000007ffa00000| Untracked |  0
| 2032|0x00000007ffc00000, 0x00000007ffe00000, 0x00000007ffe00000|100%| O|  |TAMS 0x00000007ffc00000| PB 0x00000007ffc00000| Untracked |  0
| 2033|0x00000007ffe00000, 0x0000000800000000, 0x0000000800000000|100%| O|  |TAMS 0x00000007ffe00000| PB 0x00000007ffe00000| Untracked |  0

Card table byte_map: [0x000001fe30930000,0x000001fe31130000] _byte_map_base: 0x000001fe2d122000
Refinement table byte_map: [0x000001fe31130000,0x000001fe31930000] _byte_map_base: 0x000001fe2d922000

Marking Bits: (CMBitMap*) 0x000001fe243eb2c0
 Bits: [0x000001fe31930000, 0x000001fe358c0000)

Polling page: 0x000001fe22160000

Metaspace:
Metaspace        used 100071K, committed 100736K, reserved 1179648K
 class space     used 14650K, committed 14976K, reserved 1048576K

Usage:
  Non-class:     83.42 MB used.
      Class:     14.31 MB used.
       Both:     97.73 MB used.

Virtual space:
  Non-class space:      128.00 MB reserved,      83.75 MB ( 65%) committed,  2 nodes.
      Class space:        1.00 GB reserved,      14.62 MB (  1%) committed,  1 nodes.
             Both:        1.12 GB reserved,      98.38 MB (  9%) committed. 

Chunk freelists:
   Non-Class:  12.07 MB
       Class:  1.24 MB
        Both:  13.31 MB

MaxMetaspaceSize: unlimited
CompressedClassSpaceSize: 1.00 GB
Initial GC threshold: 21.00 MB
Current GC threshold: 164.00 MB
CDS: on
 - commit_granule_bytes: 65536.
 - commit_granule_words: 8192.
 - virtual_space_node_default_size: 8388608.
 - enlarge_chunks_in_place: 1.
UseCompressedClassPointers 1, UseCompactObjectHeaders 0
Narrow klass pointer bits 32, Max shift 3
Narrow klass base: 0x0000000023000000, Narrow klass shift: 0
Encoding Range: [0x0000000023000000 - 0x0000000123000000), (4294967296 bytes)
Klass Range:    [0x0000000023000000 - 0x0000000064000000), (1090519040 bytes)
Klass ID Range:  [8 - 1090519033) (1090519025)
Protection zone: [0x0000000023000000 - 0x0000000023010000), (65536 bytes)


Internal statistics:

num_allocs_failed_limit: 9.
num_arena_births: 1168.
num_arena_deaths: 320.
num_vsnodes_births: 3.
num_vsnodes_deaths: 0.
num_space_committed: 1574.
num_space_uncommitted: 0.
num_chunks_returned_to_freelist: 341.
num_chunks_taken_from_freelist: 4794.
num_chunk_merges: 76.
num_chunk_splits: 3398.
num_chunks_enlarged: 2802.
num_inconsistent_stats: 0.

CodeCache: size=49152Kb used=9596Kb max_used=14959Kb free=39556Kb
 bounds [0x000001fe2d020000, 0x000001fe2df40000, 0x000001fe30020000]
 total_blobs=5954, nmethods=5045, adapters=830, full_count=0
Compilation: enabled, stopped_count=0, restarted_count=0

Compilation events (20 events):
Event: 629.378 Thread 0x000001fe44ef8390 nmethod 25910 0x000001fe2d932108 code [0x000001fe2d932200, 0x000001fe2d932350]
Event: 629.378 Thread 0x000001fe44ef8ba0 nmethod 25912 0x000001fe2d932d88 code [0x000001fe2d932e80, 0x000001fe2d932ff8]
Event: 629.378 Thread 0x000001fe44ef8ba0 25914       1       ch.qos.logback.core.util.CachingDateFormatter::format (67 bytes)
Event: 629.378 Thread 0x000001fe44ef8390 25915       1       ch.qos.logback.classic.pattern.LevelConverter::convert (9 bytes)
Event: 629.378 Thread 0x000001fe381c8860 nmethod 25913 0x000001fe2d952b08 code [0x000001fe2d952c00, 0x000001fe2d952d20]
Event: 629.378 Thread 0x000001fe381c8860 25916       1       ch.qos.logback.classic.pattern.LevelConverter::convert (10 bytes)
Event: 629.378 Thread 0x000001fe44ef7370 nmethod 25903 0x000001fe2d4ab108 code [0x000001fe2d4ab200, 0x000001fe2d4ab818]
Event: 629.378 Thread 0x000001fe44ef8390 nmethod 25915 0x000001fe2d956b88 code [0x000001fe2d956c80, 0x000001fe2d956dd8]
Event: 629.378 Thread 0x000001fe44ef8390 25917       1       ch.qos.logback.classic.Level::toInteger (121 bytes)
Event: 629.378 Thread 0x000001fe44ef7370 25918       1       ch.qos.logback.classic.pattern.ThreadConverter::convert (9 bytes)
Event: 629.378 Thread 0x000001fe381c8860 nmethod 25916 0x000001fe2d95de88 code [0x000001fe2d95df80, 0x000001fe2d95e080]
Event: 629.378 Thread 0x000001fe381c8860 25919       1       ch.qos.logback.classic.pattern.ThreadConverter::convert (7 bytes)
Event: 629.378 Thread 0x000001fe44ef8390 nmethod 25917 0x000001fe2d75af88 code [0x000001fe2d75b080, 0x000001fe2d75b3b0]
Event: 629.378 Thread 0x000001fe44ef8390 25920       1       ch.qos.logback.classic.pattern.NamedConverter::convert (9 bytes)
Event: 629.379 Thread 0x000001fe44ef8390 nmethod 25920 0x000001fe2d961a88 code [0x000001fe2d961b80, 0x000001fe2d961cb0]
Event: 629.379 Thread 0x000001fe44ef8390 25921       1       ch.qos.logback.classic.pattern.NamedConverter::convert (39 bytes)
Event: 629.379 Thread 0x000001fe381c8860 nmethod 25919 0x000001fe2d96f788 code [0x000001fe2d96f880, 0x000001fe2d96fa18]
Event: 629.379 Thread 0x000001fe44ef7370 nmethod 25918 0x000001fe2d97b508 code [0x000001fe2d97b600, 0x000001fe2d97b7e8]
Event: 629.379 Thread 0x000001fe44ef8390 nmethod 25921 0x000001fe2d97c588 code [0x000001fe2d97c680, 0x000001fe2d97c870]
Event: 629.380 Thread 0x000001fe44ef8ba0 nmethod 25914 0x000001fe2d1c3788 code [0x000001fe2d1c3880, 0x000001fe2d1c4020]

GC Heap Usage History (20 events):
Event: 621.987 {heap After GC invocations=110 (full 2):
 garbage-first heap   total reserved 4165632K, committed 284672K, used 114871K [0x0000000701c00000, 0x0000000800000000)
  region size 2M, 0 eden (0M), 7 survivor (14M), 27 old (54M), 25 humongous (50M), 80 free (160M)
}
Event: 622.918 {heap Before GC invocations=111 (full 2):
 garbage-first heap   total reserved 4165632K, committed 305152K, used 297143K [0x0000000701c00000, 0x0000000800000000)
  region size 2M, 24 eden (48M), 7 survivor (14M), 27 old (54M), 91 humongous (182M), 0 free (0M)
}
Event: 622.921 {heap After GC invocations=112 (full 2):
 garbage-first heap   total reserved 4165632K, committed 321536K, used 128104K [0x0000000701c00000, 0x0000000800000000)
  region size 2M, 0 eden (0M), 3 survivor (6M), 32 old (64M), 31 humongous (62M), 91 free (182M)
}
Event: 623.971 {heap Before GC invocations=112 (full 2):
 garbage-first heap   total reserved 4165632K, committed 342016K, used 332904K [0x0000000701c00000, 0x0000000800000000)
  region size 2M, 29 eden (58M), 3 survivor (6M), 32 old (64M), 103 humongous (206M), 0 free (0M)
}
Event: 623.975 {heap After GC invocations=113 (full 2):
 garbage-first heap   total reserved 4165632K, committed 360448K, used 141338K [0x0000000701c00000, 0x0000000800000000)
  region size 2M, 0 eden (0M), 6 survivor (12M), 33 old (66M), 33 humongous (66M), 104 free (208M)
}
Event: 624.018 {heap Before GC invocations=113 (full 2):
 garbage-first heap   total reserved 4165632K, committed 360448K, used 145434K [0x0000000701c00000, 0x0000000800000000)
  region size 2M, 3 eden (6M), 6 survivor (12M), 33 old (66M), 33 humongous (66M), 101 free (202M)
}
Event: 624.022 {heap After GC invocations=114 (full 2):
 garbage-first heap   total reserved 4165632K, committed 360448K, used 142278K [0x0000000701c00000, 0x0000000800000000)
  region size 2M, 0 eden (0M), 5 survivor (10M), 35 old (70M), 33 humongous (66M), 103 free (206M)
}
Event: 625.519 {heap Before GC invocations=115 (full 2):
 garbage-first heap   total reserved 4165632K, committed 380928K, used 371654K [0x0000000701c00000, 0x0000000800000000)
  region size 2M, 24 eden (48M), 5 survivor (10M), 35 old (70M), 122 humongous (244M), 0 free (0M)
}
Event: 625.523 {heap After GC invocations=116 (full 2):
 garbage-first heap   total reserved 4165632K, committed 393216K, used 174227K [0x0000000701c00000, 0x0000000800000000)
  region size 2M, 0 eden (0M), 6 survivor (12M), 35 old (70M), 47 humongous (94M), 104 free (208M)
}
Event: 626.143 {heap Before GC invocations=116 (full 2):
 garbage-first heap   total reserved 4165632K, committed 393216K, used 385171K [0x0000000701c00000, 0x0000000800000000)
  region size 2M, 56 eden (112M), 6 survivor (12M), 35 old (70M), 95 humongous (190M), 0 free (0M)
}
Event: 626.155 {heap After GC invocations=117 (full 2):
 garbage-first heap   total reserved 4165632K, committed 417792K, used 193730K [0x0000000701c00000, 0x0000000800000000)
  region size 2M, 0 eden (0M), 9 survivor (18M), 35 old (70M), 54 humongous (108M), 106 free (212M)
}
Event: 626.181 {heap Before GC invocations=117 (full 2):
 garbage-first heap   total reserved 4165632K, committed 417792K, used 199874K [0x0000000701c00000, 0x0000000800000000)
  region size 2M, 4 eden (8M), 9 survivor (18M), 35 old (70M), 54 humongous (108M), 102 free (204M)
}
Event: 626.187 {heap After GC invocations=118 (full 2):
 garbage-first heap   total reserved 4165632K, committed 417792K, used 190974K [0x0000000701c00000, 0x0000000800000000)
  region size 2M, 0 eden (0M), 4 survivor (8M), 39 old (78M), 54 humongous (108M), 107 free (214M)
}
Event: 626.796 {heap Before GC invocations=119 (full 2):
 garbage-first heap   total reserved 4165632K, committed 417792K, used 408062K [0x0000000701c00000, 0x0000000800000000)
  region size 2M, 57 eden (114M), 4 survivor (8M), 39 old (78M), 104 humongous (208M), 0 free (0M)
}
Event: 626.804 {heap After GC invocations=120 (full 2):
 garbage-first heap   total reserved 4165632K, committed 430080K, used 199997K [0x0000000701c00000, 0x0000000800000000)
  region size 2M, 0 eden (0M), 6 survivor (12M), 40 old (80M), 55 humongous (110M), 109 free (218M)
}
Event: 627.807 {heap Before GC invocations=120 (full 2):
 garbage-first heap   total reserved 4165632K, committed 464896K, used 455997K [0x0000000701c00000, 0x0000000800000000)
  region size 2M, 51 eden (102M), 6 survivor (12M), 40 old (80M), 130 humongous (260M), 0 free (0M)
}
Event: 627.813 {heap After GC invocations=121 (full 2):
 garbage-first heap   total reserved 4165632K, committed 475136K, used 189001K [0x0000000701c00000, 0x0000000800000000)
  region size 2M, 0 eden (0M), 4 survivor (8M), 38 old (76M), 53 humongous (106M), 137 free (274M)
}
Event: 627.868 {heap Before GC invocations=121 (full 2):
 garbage-first heap   total reserved 4165632K, committed 475136K, used 189001K [0x0000000701c00000, 0x0000000800000000)
  region size 2M, 2 eden (4M), 4 survivor (8M), 38 old (76M), 53 humongous (106M), 135 free (270M)
}
Event: 627.871 {heap After GC invocations=122 (full 2):
 garbage-first heap   total reserved 4165632K, committed 475136K, used 187470K [0x0000000701c00000, 0x0000000800000000)
  region size 2M, 0 eden (0M), 3 survivor (6M), 38 old (76M), 53 humongous (106M), 138 free (276M)
}
Event: 629.668 {heap Before GC invocations=123 (full 2):
 garbage-first heap   total reserved 4165632K, committed 475136K, used 468046K [0x0000000701c00000, 0x0000000800000000)
  region size 2M, 18 eden (36M), 3 survivor (6M), 38 old (76M), 173 humongous (346M), 0 free (0M)
}

Metaspace Usage History (20 events):
Event: 621.987 {metaspace After GC invocations=110 (full 2):
 Metaspace       used 97823K, committed 98432K, reserved 1179648K
  class space    used 14340K, committed 14592K, reserved 1048576K
}
Event: 622.918 {metaspace Before GC invocations=111 (full 2):
 Metaspace       used 97823K, committed 98432K, reserved 1179648K
  class space    used 14340K, committed 14592K, reserved 1048576K
}
Event: 622.921 {metaspace After GC invocations=112 (full 2):
 Metaspace       used 97823K, committed 98432K, reserved 1179648K
  class space    used 14340K, committed 14592K, reserved 1048576K
}
Event: 623.971 {metaspace Before GC invocations=112 (full 2):
 Metaspace       used 97823K, committed 98432K, reserved 1179648K
  class space    used 14340K, committed 14592K, reserved 1048576K
}
Event: 623.975 {metaspace After GC invocations=113 (full 2):
 Metaspace       used 97823K, committed 98432K, reserved 1179648K
  class space    used 14340K, committed 14592K, reserved 1048576K
}
Event: 624.018 {metaspace Before GC invocations=113 (full 2):
 Metaspace       used 97823K, committed 98432K, reserved 1179648K
  class space    used 14340K, committed 14592K, reserved 1048576K
}
Event: 624.022 {metaspace After GC invocations=114 (full 2):
 Metaspace       used 97823K, committed 98432K, reserved 1179648K
  class space    used 14340K, committed 14592K, reserved 1048576K
}
Event: 625.519 {metaspace Before GC invocations=115 (full 2):
 Metaspace       used 100039K, committed 100672K, reserved 1179648K
  class space    used 14642K, committed 14912K, reserved 1048576K
}
Event: 625.523 {metaspace After GC invocations=116 (full 2):
 Metaspace       used 100039K, committed 100672K, reserved 1179648K
  class space    used 14642K, committed 14912K, reserved 1048576K
}
Event: 626.143 {metaspace Before GC invocations=116 (full 2):
 Metaspace       used 100069K, committed 100736K, reserved 1179648K
  class space    used 14649K, committed 14976K, reserved 1048576K
}
Event: 626.155 {metaspace After GC invocations=117 (full 2):
 Metaspace       used 100069K, committed 100736K, reserved 1179648K
  class space    used 14649K, committed 14976K, reserved 1048576K
}
Event: 626.181 {metaspace Before GC invocations=117 (full 2):
 Metaspace       used 100069K, committed 100736K, reserved 1179648K
  class space    used 14649K, committed 14976K, reserved 1048576K
}
Event: 626.187 {metaspace After GC invocations=118 (full 2):
 Metaspace       used 100069K, committed 100736K, reserved 1179648K
  class space    used 14649K, committed 14976K, reserved 1048576K
}
Event: 626.796 {metaspace Before GC invocations=119 (full 2):
 Metaspace       used 100069K, committed 100736K, reserved 1179648K
  class space    used 14649K, committed 14976K, reserved 1048576K
}
Event: 626.804 {metaspace After GC invocations=120 (full 2):
 Metaspace       used 100069K, committed 100736K, reserved 1179648K
  class space    used 14649K, committed 14976K, reserved 1048576K
}
Event: 627.807 {metaspace Before GC invocations=120 (full 2):
 Metaspace       used 100071K, committed 100736K, reserved 1179648K
  class space    used 14650K, committed 14976K, reserved 1048576K
}
Event: 627.813 {metaspace After GC invocations=121 (full 2):
 Metaspace       used 100071K, committed 100736K, reserved 1179648K
  class space    used 14650K, committed 14976K, reserved 1048576K
}
Event: 627.868 {metaspace Before GC invocations=121 (full 2):
 Metaspace       used 100071K, committed 100736K, reserved 1179648K
  class space    used 14650K, committed 14976K, reserved 1048576K
}
Event: 627.871 {metaspace After GC invocations=122 (full 2):
 Metaspace       used 100071K, committed 100736K, reserved 1179648K
  class space    used 14650K, committed 14976K, reserved 1048576K
}
Event: 629.668 {metaspace Before GC invocations=123 (full 2):
 Metaspace       used 100071K, committed 100736K, reserved 1179648K
  class space    used 14650K, committed 14976K, reserved 1048576K
}

Dll operation events (20 events):
Event: 0.121 Attempting to load shared library C:\Program Files\Java\jdk-26\bin\net.dll
Event: 0.121 Loaded shared library C:\Program Files\Java\jdk-26\bin\net.dll
Event: 0.123 Attempting to load shared library C:\Program Files\Java\jdk-26\bin\nio.dll
Event: 0.123 Loaded shared library C:\Program Files\Java\jdk-26\bin\nio.dll
Event: 0.127 Attempting to load shared library C:\Program Files\Java\jdk-26\bin\zip.dll
Event: 0.127 Loaded shared library C:\Program Files\Java\jdk-26\bin\zip.dll
Event: 0.250 Attempting to load shared library C:\Program Files\Java\jdk-26\bin\jimage.dll
Event: 0.250 Loaded shared library C:\Program Files\Java\jdk-26\bin\jimage.dll
Event: 0.668 Attempting to load shared library C:\Program Files\Java\jdk-26\bin\management.dll
Event: 0.669 Loaded shared library C:\Program Files\Java\jdk-26\bin\management.dll
Event: 0.672 Attempting to load shared library C:\Program Files\Java\jdk-26\bin\management_ext.dll
Event: 0.673 Loaded shared library C:\Program Files\Java\jdk-26\bin\management_ext.dll
Event: 1.906 Attempting to load shared library C:\Program Files\Java\jdk-26\bin\sunmscapi.dll
Event: 1.910 Loaded shared library C:\Program Files\Java\jdk-26\bin\sunmscapi.dll
Event: 5.241 Attempting to load shared library C:\Program Files\Java\jdk-26\bin\extnet.dll
Event: 5.242 Loaded shared library C:\Program Files\Java\jdk-26\bin\extnet.dll
Event: 37.106 Attempting to load shared library C:\Program Files\Java\jdk-26\bin\awt.dll
Event: 37.110 Loaded shared library C:\Program Files\Java\jdk-26\bin\awt.dll
Event: 37.204 Attempting to load shared library C:\Program Files\Java\jdk-26\bin\javajpeg.dll
Event: 37.205 Loaded shared library C:\Program Files\Java\jdk-26\bin\javajpeg.dll

Deoptimization events (6 events):
Event: 1.076 Thread 0x000001fe3d8e0050 DEOPT PACKING pc=0x000001fe2d3c0934 sp=0x000000786dbfc570
Event: 1.076 Thread 0x000001fe3d8e0050 DEOPT UNPACKING pc=0x000001fe2d071a02 sp=0x000000786dbfba68 mode 0
Event: 3.850 Thread 0x000001fe3e98f460 DEOPT PACKING pc=0x000001fe2d3ccbe1 sp=0x000000786dfff3e0
Event: 3.850 Thread 0x000001fe3e950e20 DEOPT PACKING pc=0x000001fe2d3cdfe6 sp=0x000000786e3feca0
Event: 3.850 Thread 0x000001fe3e98f460 DEOPT UNPACKING pc=0x000001fe2d071a02 sp=0x000000786dffe838 mode 3
Event: 3.850 Thread 0x000001fe3e950e20 DEOPT UNPACKING pc=0x000001fe2d071a02 sp=0x000000786e3fe138 mode 3

Classes loaded (20 events):
Event: 625.355 Loading class sun/security/ssl/NewSessionTicket$NewSessionTicketMessage done
Event: 625.355 Loading class sun/security/ssl/NewSessionTicket$T13NewSessionTicketMessage done
Event: 625.358 Loading class sun/net/www/HeaderParser
Event: 625.359 Loading class sun/net/www/HeaderParser done
Event: 625.359 Loading class sun/net/www/http/KeepAliveStream
Event: 625.359 Loading class sun/net/www/http/Hurryable
Event: 625.359 Loading class sun/net/www/http/Hurryable done
Event: 625.359 Loading class sun/net/www/MeteredStream
Event: 625.359 Loading class sun/net/www/MeteredStream done
Event: 625.359 Loading class sun/net/www/http/KeepAliveStream done
Event: 625.359 Loading class sun/net/www/http/KeepAliveStreamCleaner
Event: 625.360 Loading class sun/net/www/http/KeepAliveStreamCleaner done
Event: 625.363 Loading class sun/net/www/protocol/http/HttpURLConnection$HttpInputStream
Event: 625.364 Loading class sun/net/www/protocol/http/HttpURLConnection$HttpInputStream done
Event: 625.424 Loading class sun/net/www/http/KeepAliveCache$ClientVector
Event: 625.424 Loading class sun/net/www/http/KeepAliveCache$ClientVector done
Event: 625.424 Loading class sun/net/www/http/KeepAliveEntry
Event: 625.424 Loading class sun/net/www/http/KeepAliveEntry done
Event: 625.425 Loading class sun/nio/ch/ChannelOutputStream
Event: 625.425 Loading class sun/nio/ch/ChannelOutputStream done

Classes unloaded (20 events):
Event: 577.745 Thread 0x000001fe381a0350 Unloading class 0x0000000024e43c00 'java/lang/invoke/LambdaForm$MH+0x0000000024e43c00'
Event: 577.745 Thread 0x000001fe381a0350 Unloading class 0x0000000024e42c00 'java/lang/invoke/LambdaForm$DMH+0x0000000024e42c00'
Event: 577.745 Thread 0x000001fe381a0350 Unloading class 0x0000000024e42400 'java/lang/invoke/LambdaForm$MH+0x0000000024e42400'
Event: 577.745 Thread 0x000001fe381a0350 Unloading class 0x0000000024de5800 'java/lang/invoke/LambdaForm$MH+0x0000000024de5800'
Event: 577.745 Thread 0x000001fe381a0350 Unloading class 0x0000000024de5400 'java/lang/invoke/LambdaForm$MH+0x0000000024de5400'
Event: 577.745 Thread 0x000001fe381a0350 Unloading class 0x0000000024de5000 'java/lang/invoke/LambdaForm$MH+0x0000000024de5000'
Event: 577.745 Thread 0x000001fe381a0350 Unloading class 0x0000000024de4c00 'java/lang/invoke/LambdaForm$MH+0x0000000024de4c00'
Event: 577.745 Thread 0x000001fe381a0350 Unloading class 0x0000000024de4800 'java/lang/invoke/LambdaForm$MH+0x0000000024de4800'
Event: 577.745 Thread 0x000001fe381a0350 Unloading class 0x0000000024de4400 'java/lang/invoke/LambdaForm$MH+0x0000000024de4400'
Event: 577.745 Thread 0x000001fe381a0350 Unloading class 0x0000000024c22000 'java/lang/invoke/LambdaForm$MH+0x0000000024c22000'
Event: 577.745 Thread 0x000001fe381a0350 Unloading class 0x0000000024c21c00 'java/lang/invoke/LambdaForm$MH+0x0000000024c21c00'
Event: 577.745 Thread 0x000001fe381a0350 Unloading class 0x0000000024c1d400 'java/lang/invoke/LambdaForm$MH+0x0000000024c1d400'
Event: 577.745 Thread 0x000001fe381a0350 Unloading class 0x0000000024c1d000 'java/lang/invoke/LambdaForm$MH+0x0000000024c1d000'
Event: 620.560 Thread 0x000001fe381a0350 Unloading class 0x0000000024e42400 'java/lang/invoke/LambdaForm$MH+0x0000000024e42400'
Event: 620.560 Thread 0x000001fe381a0350 Unloading class 0x0000000024e42c00 'java/lang/invoke/LambdaForm$MH+0x0000000024e42c00'
Event: 620.560 Thread 0x000001fe381a0350 Unloading class 0x0000000024e43c00 'java/lang/invoke/LambdaForm$MH+0x0000000024e43c00'
Event: 620.560 Thread 0x000001fe381a0350 Unloading class 0x0000000024e44400 'java/lang/invoke/LambdaForm$MH+0x0000000024e44400'
Event: 620.560 Thread 0x000001fe381a0350 Unloading class 0x0000000024e45800 'java/lang/invoke/LambdaForm$MH+0x0000000024e45800'
Event: 620.560 Thread 0x000001fe381a0350 Unloading class 0x0000000024e46800 'java/lang/invoke/LambdaForm$MH+0x0000000024e46800'
Event: 620.560 Thread 0x000001fe381a0350 Unloading class 0x0000000024c1d000 'org/apache/catalina/loader/JdbcLeakPrevention'

Classes redefined (0 events):
No events

Internal exceptions (20 events):
Event: 37.219 Thread 0x000001fe3f55ec30 Exception <a 'java/io/FileNotFoundException'{0x0000000705549b38}> (0x0000000705549b38) 
thrown [s\open\src\hotspot\share\prims\jni.cpp, line 514]
Event: 43.639 Thread 0x000001fe3f55b580 Exception <a 'java/lang/NoSuchMethodError'{0x00000007121093b8}: 'java.lang.Object java.lang.invoke.DirectMethodHandle$Holder.invokeVirtual(java.lang.Object, java.lang.Object, java.lang.Object, int, java.lang.Object)'> (0x00000007121093b8) 
thrown [s\open\src\hotspot\share\interpreter\linkResolver.cpp, line 804]
Event: 539.916 Thread 0x000001fe3d4481f0 Exception <a 'java/lang/NoSuchMethodError'{0x00000007329dc4c0}: 'java.lang.Object java.lang.invoke.DirectMethodHandle$Holder.newInvokeSpecial(java.lang.Object, java.lang.Object, java.lang.Object, java.lang.Object, int)'> (0x00000007329dc4c0) 
thrown [s\open\src\hotspot\share\interpreter\linkResolver.cpp, line 804]
Event: 539.918 Thread 0x000001fe3d4481f0 Exception <a 'java/lang/NoSuchMethodError'{0x00000007329e4c08}: 'java.lang.Object java.lang.invoke.DirectMethodHandle$Holder.invokeSpecial(java.lang.Object, java.lang.Object, java.lang.Object, java.lang.Object, java.lang.Object, int)'> (0x00000007329e4c08) 
thrown [s\open\src\hotspot\share\interpreter\linkResolver.cpp, line 804]
Event: 539.919 Thread 0x000001fe3d4481f0 Exception <a 'java/lang/NoSuchMethodError'{0x00000007329ecac8}: 'java.lang.Object java.lang.invoke.Invokers$Holder.linkToTargetMethod(java.lang.Object, java.lang.Object, java.lang.Object, int, java.lang.Object)'> (0x00000007329ecac8) 
thrown [s\open\src\hotspot\share\interpreter\linkResolver.cpp, line 804]
Event: 540.006 Thread 0x000001fe3e9515d0 Exception <a 'java/lang/InterruptedException'{0x000000073451b078}: sleep interrupted> (0x000000073451b078) 
thrown [s\open\src\hotspot\share\prims\jvm.cpp, line 2873]
Event: 540.103 Thread 0x000001fe3d449190 Exception <a 'sun/nio/fs/WindowsException'{0x000000070a56a098}> (0x000000070a56a098) 
thrown [s\open\src\hotspot\share\prims\jni.cpp, line 514]
Event: 541.006 Thread 0x000001fe3d449190 Exception <a 'java/io/FileNotFoundException'{0x00000007077a69e8}> (0x00000007077a69e8) 
thrown [s\open\src\hotspot\share\prims\jni.cpp, line 514]
Event: 541.043 Thread 0x000001fe3d449190 Exception <a 'java/io/FileNotFoundException'{0x00000007075df030}> (0x00000007075df030) 
thrown [s\open\src\hotspot\share\prims\jni.cpp, line 514]
Event: 541.820 Thread 0x000001fe3d449190 Exception <a 'java/lang/NoClassDefFoundError'{0x0000000707d2fa40}: org/springframework/data/util/TypeInformation> (0x0000000707d2fa40) 
thrown [s\open\src\hotspot\share\classfile\systemDictionary.cpp, line 318]
Event: 553.471 Thread 0x000001fe3d9ec1b0 Exception <a 'java/lang/IncompatibleClassChangeError'{0x0000000707957f00}: Found class java.lang.Object, but interface was expected> (0x0000000707957f00) 
thrown [s\open\src\hotspot\share\interpreter\linkResolver.cpp, line 871]
Event: 553.758 Thread 0x000001fe3d9ea270 Exception <a 'sun/net/ConnectionResetException'{0x0000000707a00318}: Connection reset> (0x0000000707a00318) 
thrown [s\open\src\hotspot\share\prims\jni.cpp, line 532]
Event: 557.874 Thread 0x000001fe44b04d70 Exception <a 'sun/net/ConnectionResetException'{0x0000000707a5c528}: Connection reset> (0x0000000707a5c528) 
thrown [s\open\src\hotspot\share\prims\jni.cpp, line 532]
Event: 583.367 Thread 0x000001fe44b03dd0 Exception <a 'sun/net/ConnectionResetException'{0x0000000718378a70}: Connection reset> (0x0000000718378a70) 
thrown [s\open\src\hotspot\share\prims\jni.cpp, line 532]
Event: 595.854 Thread 0x000001fe3d44b0d0 Exception <a 'java/lang/InterruptedException'{0x000000071809a658}: sleep interrupted> (0x000000071809a658) 
thrown [s\open\src\hotspot\share\prims\jvm.cpp, line 2873]
Event: 596.016 Thread 0x000001fe44b0c620 Exception <a 'sun/nio/fs/WindowsException'{0x000000070ad15a20}> (0x000000070ad15a20) 
thrown [s\open\src\hotspot\share\prims\jni.cpp, line 514]
Event: 598.641 Thread 0x000001fe44b0c620 Exception <a 'java/io/FileNotFoundException'{0x00000007081fc5e0}> (0x00000007081fc5e0) 
thrown [s\open\src\hotspot\share\prims\jni.cpp, line 514]
Event: 598.723 Thread 0x000001fe44b0c620 Exception <a 'java/io/FileNotFoundException'{0x0000000707c62718}> (0x0000000707c62718) 
thrown [s\open\src\hotspot\share\prims\jni.cpp, line 514]
Event: 600.589 Thread 0x000001fe44b0c620 Exception <a 'java/lang/NoClassDefFoundError'{0x0000000708ebcb78}: org/springframework/data/util/TypeInformation> (0x0000000708ebcb78) 
thrown [s\open\src\hotspot\share\classfile\systemDictionary.cpp, line 318]
Event: 624.425 Thread 0x000001fe3d44a900 Exception <a 'java/lang/NoSuchMethodError'{0x00000007153edd48}: 'java.lang.Object java.lang.invoke.Invokers$Holder.invoke_MT(java.lang.Object, java.lang.Object, java.lang.Object, java.lang.Object, java.lang.Object, java.lang.Object)'> (0x00000007153edd48) 
thrown [s\open\src\hotspot\share\interpreter\linkResolver.cpp, line 804]

VM Operations (20 events):
Event: 625.523 Executing safepoint VM operation: G1CollectForAllocation (G1 Evacuation Pause) done
Event: 626.143 Executing safepoint VM operation: G1CollectForAllocation (G1 Evacuation Pause)
Event: 626.155 Executing safepoint VM operation: G1CollectForAllocation (G1 Evacuation Pause) done
Event: 626.181 Executing safepoint VM operation: G1TryInitiateConcMark (G1 Humongous Allocation)
Event: 626.187 Executing safepoint VM operation: G1TryInitiateConcMark (G1 Humongous Allocation) done
Event: 626.300 Executing safepoint VM operation: G1PauseRemark
Event: 626.316 Executing safepoint VM operation: G1PauseRemark done
Event: 626.354 Executing safepoint VM operation: G1PauseCleanup
Event: 626.354 Executing safepoint VM operation: G1PauseCleanup done
Event: 626.793 Executing safepoint VM operation: G1CollectForAllocation (G1 Evacuation Pause)
Event: 626.804 Executing safepoint VM operation: G1CollectForAllocation (G1 Evacuation Pause) done
Event: 627.807 Executing safepoint VM operation: G1CollectForAllocation (G1 Evacuation Pause)
Event: 627.813 Executing safepoint VM operation: G1CollectForAllocation (G1 Evacuation Pause) done
Event: 627.868 Executing safepoint VM operation: G1TryInitiateConcMark (G1 Humongous Allocation)
Event: 627.871 Executing safepoint VM operation: G1TryInitiateConcMark (G1 Humongous Allocation) done
Event: 627.946 Executing safepoint VM operation: G1PauseRemark
Event: 627.950 Executing safepoint VM operation: G1PauseRemark done
Event: 627.974 Executing safepoint VM operation: G1PauseCleanup
Event: 627.974 Executing safepoint VM operation: G1PauseCleanup done
Event: 629.668 Executing safepoint VM operation: G1CollectForAllocation (G1 Evacuation Pause)

Memory protections (0 events):
No events

Nmethod flushes (20 events):
Event: 626.312 Thread 0x000001fe381a0350 flushing  nmethod 0x000001fe2de86d88
Event: 626.312 Thread 0x000001fe381a0350 flushing  nmethod 0x000001fe2de87088
Event: 626.312 Thread 0x000001fe381a0350 flushing  nmethod 0x000001fe2de87688
Event: 626.312 Thread 0x000001fe381a0350 flushing  nmethod 0x000001fe2de89488
Event: 626.312 Thread 0x000001fe381a0350 flushing  nmethod 0x000001fe2de89a08
Event: 626.312 Thread 0x000001fe381a0350 flushing  nmethod 0x000001fe2de89f08
Event: 626.312 Thread 0x000001fe381a0350 flushing  nmethod 0x000001fe2de9f588
Event: 626.312 Thread 0x000001fe381a0350 flushing  nmethod 0x000001fe2de9fb88
Event: 626.312 Thread 0x000001fe381a0350 flushing  nmethod 0x000001fe2de9ff88
Event: 626.312 Thread 0x000001fe381a0350 flushing  nmethod 0x000001fe2dea0288
Event: 626.312 Thread 0x000001fe381a0350 flushing  nmethod 0x000001fe2dea0588
Event: 626.312 Thread 0x000001fe381a0350 flushing  nmethod 0x000001fe2dea0888
Event: 626.312 Thread 0x000001fe381a0350 flushing  nmethod 0x000001fe2dea0b88
Event: 627.949 Thread 0x000001fe381a0350 flushing  nmethod 0x000001fe2d133908
Event: 627.949 Thread 0x000001fe381a0350 flushing  nmethod 0x000001fe2d219a08
Event: 627.949 Thread 0x000001fe381a0350 flushing  nmethod 0x000001fe2d74bd08
Event: 627.949 Thread 0x000001fe381a0350 flushing  nmethod 0x000001fe2d69e308
Event: 627.949 Thread 0x000001fe381a0350 flushing  nmethod 0x000001fe2d69d808
Event: 627.949 Thread 0x000001fe381a0350 flushing  nmethod 0x000001fe2d81a088
Event: 627.949 Thread 0x000001fe381a0350 flushing  nmethod 0x000001fe2d6e0088

Events (20 events):
Event: 600.603 Thread 0x000001fe44b0c620 Thread added: 0x000001fe44d816b0
Event: 600.616 Thread 0x000001fe44b0c620 Thread exited: 0x000001fe44b0c620
Event: 600.616 Thread 0x000001fe44b0e560 Thread exited: 0x000001fe44b0e560
Event: 605.228 Thread 0x000001fe3d447a20 Thread exited: 0x000001fe3d447a20
Event: 605.614 Thread 0x000001fe444732b0 Thread exited: 0x000001fe444732b0
Event: 605.614 Thread 0x000001fe38362510 Thread exited: 0x000001fe38362510
Event: 608.726 Thread 0x000001fe3e1257b0 Thread exited: 0x000001fe3e1257b0
Event: 619.562 Thread 0x000001fe381c8860 Thread added: 0x000001fe440af0d0
Event: 619.562 Thread 0x000001fe381c8860 Thread added: 0x000001fe3d617080
Event: 619.562 Thread 0x000001fe381c8860 Thread added: 0x000001fe449e4800
Event: 620.305 Thread 0x000001fe449e4800 Thread exited: 0x000001fe449e4800
Event: 621.451 Thread 0x000001fe3d617080 Thread exited: 0x000001fe3d617080
Event: 621.759 Thread 0x000001fe440af0d0 Thread exited: 0x000001fe440af0d0
Event: 623.987 Thread 0x000001fe381c8860 Thread added: 0x000001fe44ef8ba0
Event: 623.987 Thread 0x000001fe381c8860 Thread added: 0x000001fe44ef8390
Event: 623.987 Thread 0x000001fe381c8860 Thread added: 0x000001fe44ef7370
Event: 624.739 Thread 0x000001fe3d44a900 Thread added: 0x000001fe44d82650
Event: 624.741 Thread 0x000001fe44d82650 Thread exited: 0x000001fe44d82650
Event: 625.424 Thread 0x000001fe3d44a900 Thread added: 0x000001fe44d85d00
Event: 625.813 Thread 0x000001fe3d9eb210 Thread added: 0x000001fe44d82650


Dynamic libraries:
0x00007ff638f30000 - 0x00007ff638f40000 	C:\Program Files\Java\jdk-26\bin\java.exe
0x00007fffd1c20000 - 0x00007fffd1e86000 	C:\Windows\SYSTEM32\ntdll.dll
0x00007fffd0520000 - 0x00007fffd05e9000 	C:\Windows\System32\KERNEL32.DLL
0x00007fffceeb0000 - 0x00007fffcf2aa000 	C:\Windows\System32\KERNELBASE.dll
0x00007fffcf840000 - 0x00007fffcf98c000 	C:\Windows\System32\ucrtbase.dll
0x00007fffbf880000 - 0x00007fffbf897000 	C:\Program Files\Java\jdk-26\bin\jli.dll
0x00007fffcb9e0000 - 0x00007fffcb9fe000 	C:\Program Files\Java\jdk-26\bin\VCRUNTIME140.dll
0x00007fffd09d0000 - 0x00007fffd0b97000 	C:\Windows\System32\USER32.dll
0x00007fffcf6e0000 - 0x00007fffcf707000 	C:\Windows\System32\win32u.dll
0x00007fffba000000 - 0x00007fffba292000 	C:\Windows\WinSxS\amd64_microsoft.windows.common-controls_6595b64144ccf1df_6.0.26100.8521_none_3e08b75ce33403b3\COMCTL32.dll
0x00007fffd1a50000 - 0x00007fffd1af9000 	C:\Windows\System32\msvcrt.dll
0x00007fffd07c0000 - 0x00007fffd07eb000 	C:\Windows\System32\GDI32.dll
0x00007fffcf710000 - 0x00007fffcf83b000 	C:\Windows\System32\gdi32full.dll
0x00007fffcf360000 - 0x00007fffcf403000 	C:\Windows\System32\msvcp_win.dll
0x00007fffcfbe0000 - 0x00007fffcfc12000 	C:\Windows\System32\IMM32.DLL
0x00007fffc02f0000 - 0x00007fffc02fc000 	C:\Program Files\Java\jdk-26\bin\vcruntime140_1.dll
0x00007fffa9b30000 - 0x00007fffa9bbd000 	C:\Program Files\Java\jdk-26\bin\msvcp140.dll
0x00007fff53140000 - 0x00007fff5400e000 	C:\Program Files\Java\jdk-26\bin\server\jvm.dll
0x00007fffd00d0000 - 0x00007fffd0186000 	C:\Windows\System32\ADVAPI32.dll
0x00007fffd05f0000 - 0x00007fffd069a000 	C:\Windows\System32\sechost.dll
0x00007fffd06a0000 - 0x00007fffd07b8000 	C:\Windows\System32\RPCRT4.dll
0x00007fffcf990000 - 0x00007fffcfa10000 	C:\Windows\System32\WS2_32.dll
0x00007fffc5dc0000 - 0x00007fffc5dcb000 	C:\Windows\SYSTEM32\VERSION.dll
0x00007fffced10000 - 0x00007fffced6e000 	C:\Windows\SYSTEM32\POWRPROF.dll
0x00007fffc1340000 - 0x00007fffc1376000 	C:\Windows\SYSTEM32\WINMM.dll
0x00007fffcecf0000 - 0x00007fffced04000 	C:\Windows\SYSTEM32\UMPDC.dll
0x00007fffcdc00000 - 0x00007fffcdc1b000 	C:\Windows\SYSTEM32\kernel.appcore.dll
0x00007fffbfe60000 - 0x00007fffbfe6a000 	C:\Program Files\Java\jdk-26\bin\jimage.dll
0x00007fff9fa90000 - 0x00007fff9fcd2000 	C:\Windows\SYSTEM32\DBGHELP.DLL
0x00007fffd0f00000 - 0x00007fffd1283000 	C:\Windows\System32\combase.dll
0x00007fffcfa70000 - 0x00007fffcfb49000 	C:\Windows\System32\OLEAUT32.dll
0x00007fffb49d0000 - 0x00007fffb4a0b000 	C:\Windows\SYSTEM32\dbgcore.DLL
0x00007fffcf2b0000 - 0x00007fffcf358000 	C:\Windows\System32\bcryptPrimitives.dll
0x00007fffbf7d0000 - 0x00007fffbf7ef000 	C:\Program Files\Java\jdk-26\bin\java.dll
0x00007fffd0210000 - 0x00007fffd03a8000 	C:\Windows\System32\ole32.dll
0x00007fffd12c0000 - 0x00007fffd1a44000 	C:\Windows\System32\SHELL32.dll
0x00007fffcc950000 - 0x00007fffcd1d0000 	C:\Windows\SYSTEM32\windows.storage.dll
0x00007fffd03b0000 - 0x00007fffd04a6000 	C:\Windows\System32\SHCORE.dll
0x00007fffd04b0000 - 0x00007fffd0517000 	C:\Windows\System32\shlwapi.dll
0x00007fffcedd0000 - 0x00007fffcedf9000 	C:\Windows\SYSTEM32\profapi.dll
0x00007fffbf7b0000 - 0x00007fffbf7c2000 	C:\Program Files\Java\jdk-26\bin\net.dll
0x00007fffce150000 - 0x00007fffce1bc000 	C:\Windows\system32\mswsock.dll
0x00007fffbf790000 - 0x00007fffbf7a6000 	C:\Program Files\Java\jdk-26\bin\nio.dll
0x00007fffbf340000 - 0x00007fffbf357000 	C:\Program Files\Java\jdk-26\bin\zip.dll
0x00007fffbf780000 - 0x00007fffbf78a000 	C:\Program Files\Java\jdk-26\bin\management.dll
0x00007fffbf400000 - 0x00007fffbf40c000 	C:\Program Files\Java\jdk-26\bin\management_ext.dll
0x00007fffd1b00000 - 0x00007fffd1b08000 	C:\Windows\System32\PSAPI.DLL
0x00007fffbf300000 - 0x00007fffbf30e000 	C:\Program Files\Java\jdk-26\bin\sunmscapi.dll
0x00007fffcf560000 - 0x00007fffcf6d8000 	C:\Windows\System32\CRYPT32.dll
0x00007fffce6b0000 - 0x00007fffce6e0000 	C:\Windows\SYSTEM32\ncrypt.dll
0x00007fffce660000 - 0x00007fffce69f000 	C:\Windows\SYSTEM32\NTASN1.dll
0x00007fffce550000 - 0x00007fffce56b000 	C:\Windows\SYSTEM32\CRYPTSP.dll
0x00007fffcdb60000 - 0x00007fffcdb99000 	C:\Windows\system32\rsaenh.dll
0x00007fffce200000 - 0x00007fffce233000 	C:\Windows\SYSTEM32\USERENV.dll
0x00007fffceda0000 - 0x00007fffcedca000 	C:\Windows\SYSTEM32\bcrypt.dll
0x00007fffce3b0000 - 0x00007fffce3bc000 	C:\Windows\SYSTEM32\CRYPTBASE.dll
0x00007fffcd330000 - 0x00007fffcd363000 	C:\Windows\SYSTEM32\IPHLPAPI.DLL
0x00007fffd00b0000 - 0x00007fffd00ba000 	C:\Windows\System32\NSI.dll
0x00007fffcd3b0000 - 0x00007fffcd4fa000 	C:\Windows\SYSTEM32\DNSAPI.dll
0x00007fffcdf70000 - 0x00007fffcdf7d000 	C:\Windows\SYSTEM32\DSPARSE.dll
0x00007fffc7df0000 - 0x00007fffc7dfb000 	C:\Windows\System32\rasadhlp.dll
0x00007fffc8fa0000 - 0x00007fffc9026000 	C:\Windows\System32\fwpuclnt.dll
0x00007fffbf2f0000 - 0x00007fffbf2f9000 	C:\Program Files\Java\jdk-26\bin\extnet.dll
0x00007fffc8670000 - 0x00007fffc8678000 	C:\Windows\system32\wshunix.dll
0x00007fff528c0000 - 0x00007fff52a45000 	C:\Program Files\Java\jdk-26\bin\awt.dll
0x00007fffcb080000 - 0x00007fffcb120000 	C:\Windows\SYSTEM32\apphelp.dll
0x00007fffbf2a0000 - 0x00007fffbf2d0000 	C:\Program Files\Java\jdk-26\bin\javajpeg.dll
0x00007fffcc190000 - 0x00007fffcc1bf000 	C:\Windows\system32\DWMAPI.DLL
0x00007fffcbee0000 - 0x00007fffcbf8a000 	C:\Windows\system32\uxtheme.dll

JVMTI agents: none

dbghelp: loaded successfully - version: 4.0.5 - missing functions: none
symbol engine: initialized successfully - sym options: 0x614 - pdb path: .;C:\Program Files\Java\jdk-26\bin;C:\Windows\SYSTEM32;C:\Windows\WinSxS\amd64_microsoft.windows.common-controls_6595b64144ccf1df_6.0.26100.8521_none_3e08b75ce33403b3;C:\Program Files\Java\jdk-26\bin\server

VM Arguments:
jvm_args: -XX:TieredStopAtLevel=1 
java_command: com.mora.backend.MoraBackendApplication
java_class_path (initial): C:\Users\phucnd\Desktop\Mora\mora-backend\target\classes;C:\Users\phucnd\.m2\repository\ch\qos\logback\logback-classic\1.5.34\logback-classic-1.5.34.jar;C:\Users\phucnd\.m2\repository\ch\qos\logback\logback-core\1.5.34\logback-core-1.5.34.jar;C:\Users\phucnd\.m2\repository\org\apache\logging\log4j\log4j-to-slf4j\2.25.4\log4j-to-slf4j-2.25.4.jar;C:\Users\phucnd\.m2\repository\org\apache\logging\log4j\log4j-api\2.25.4\log4j-api-2.25.4.jar;C:\Users\phucnd\.m2\repository\org\slf4j\jul-to-slf4j\2.0.18\jul-to-slf4j-2.0.18.jar;C:\Users\phucnd\.m2\repository\jakarta\annotation\jakarta.annotation-api\3.0.0\jakarta.annotation-api-3.0.0.jar;C:\Users\phucnd\.m2\repository\org\yaml\snakeyaml\2.6\snakeyaml-2.6.jar;C:\Users\phucnd\.m2\repository\com\zaxxer\HikariCP\7.0.2\HikariCP-7.0.2.jar;C:\Users\phucnd\.m2\repository\org\springframework\boot\spring-boot-data-jpa\4.1.0\spring-boot-data-jpa-4.1.0.jar;C:\Users\phucnd\.m2\repository\org\springframework\boot\spring-boot-data-commons\4.1.0\spring-boot-data-commons-4.1.0.jar;C:\Users\phucnd\.m2\repository\org\springframework\boot\spring-boot-persistence\4.1.0\spring-boot-persistence-4.1.0.jar;C:\Users\phucnd\.m2\repository\org\springframework\data\spring-data-commons\4.1.0\spring-data-commons-4.1.0.jar;C:\Users\phucnd\.m2\repository\org\springframework\boot\spring-boot-hibernate\4.1.0\spring-boot-hibernate-4.1.0.jar;C:\Users\phucnd\.m2\repository\org\springframework\boot\spring-boot-jpa\4.1.0\spring-boot-jpa-4.1.0.jar;C:\Users\phucnd\.m2\repository\jakarta\persistence\jakarta.persistence-api\3.2.0\jakarta.persistence-api-3.2.0.jar;C:\Users\phucnd\.m2\repository\org\hibernate\orm\hibernate-core\7.4.1.Final\hibernate-core-7.4.1.Final.jar;C:\Users\phucnd\.m2\repository\jakarta\transaction\jakarta.transaction-api\2.0.1\jakarta.transaction-api-2.0.1.jar;C:\Users\phucnd\.m2\repository\org\hibernate\models\hibernate-models\1.1.1\hibernate-models-1.1.1.jar;C:\Users\phucnd\.m2\repository\org\glassfish\jaxb\jaxb-runtime\4.0.9\jaxb-runtime-4.0.9.jar;C:\Users\phucnd\.m2\repository\org\glassfish\jaxb\jaxb-core\4.0.9\jaxb-core-4.0.9.jar;C:\Users\phucnd\.m2\repository\org\eclipse\angus\angus-activation\2.0.3\angus-activation-2.0.3.jar;C:\Users\phucnd\.m2\repository\org\glassfish\jaxb\txw2\4.0.9\txw2-4.0.9.jar;C:\Users\phucnd\.m2\repository\com\sun\istack\istack-commons-runtime\4.1.2\istack-commons-runtime-4.1.2.jar;C:\Users\phucnd\.m2\repository\jakarta\inject\jakarta.inject-api\2.0.1\jakarta.inject-api-2.0.1.jar;C:\Users\phucnd\.m2\repository\org\springframework\spring-orm\7.0.8\spring-orm-7.0.8.jar;C:\Users\phucnd\.m2\repository\org\springframework\data\spring-data-jpa\4.1.0\spring-data-jpa-4.1.0.jar;C:\Users\phucnd\.m2\repository\org\springframework\spring-aop\7.0.8\spring-aop-7.0.8.jar;C:\Users\phucnd\.m2\repository\org\springframework\spring-tx\7.0.8\spring-tx-7.0.8.jar;C:\Users\phucnd\.m2\repository\org\springframework\spring-beans\7.0.8\spring-beans-7.0.8.jar;C:\Users\phucnd\.m2\repository\org\antlr\antlr4-runtime\4.13.2\antlr4-runtime-4.13.2.jar;C:\Users\phucnd\.m2\repository\org\springframework\spring-aspects\7.0.8\spring-aspects-7.0.8.jar;C:\Users\phucnd\.m2\repository\org\aspectj\aspectjweaver\1.9.25.1\aspectjweaver-1.9.25.1.jar;C:\Users\phucnd\.m2\repository\org\springframework\boot\spring-boot-jdbc\4.1.0\spring-boot-jdbc-4.1.0.jar;C:\Users\phucnd\.m2\repository\org\springframework\boot\spring-boot-sql\4.1.0\spring-boot-sql-4.1.0.jar;C:\Users\phucnd\.m2\repository\org\springframework\boot\spring-boot-transaction\4.1.0\spring-boot-transaction-4.1.0.jar;C:\Users\phucnd\.m2\repository\org\springframework\spring-jdbc\7.0.8\spring-jdbc-7.0.8.jar;C:\Users\phucnd\.m2\repository\org\springframework\boot\spring-boot-validation\4.1.0\spring-boot-validation-4.1.0.jar;C:\Users\phucnd\.m2\repository\org\apache\tomcat\embed\tomcat-embed-el\11.0.22\tomcat-embed-el-11.0.22.jar;C:\Users\phucnd\.m2\repository\org\hibernate\validator\hibernate-validator\9.1.0.Final\hibernate-validator-9.1.0.Final.jar;C:\Users\phucnd\.m2\repository\jakarta\validation\jakarta.validation-api\3.1.1\jakarta.validation-api-3.1.1.jar;C:\Users\phucnd\.m2\repository\org\jboss\logging\jboss-logging\3.6.3.Final\jboss-logging-3.6.3.Final.jar;C:\Users\phucnd\.m2\repository\com\fasterxml\classmate\1.7.3\classmate-1.7.3.jar;C:\Users\phucnd\.m2\repository\org\springframework\boot\spring-boot-jackson\4.1.0\spring-boot-jackson-4.1.0.jar;C:\Users\phucnd\.m2\repository\tools\jackson\core\jackson-databind\3.1.4\jackson-databind-3.1.4.jar;C:\Users\phucnd\.m2\repository\com\fasterxml\jackson\core\jackson-annotations\2.21\jackson-annotations-2.21.jar;C:\Users\phucnd\.m2\repository\tools\jackson\core\jackson-core\3.1.4\jackson-core-3.1.4.jar;C:\Users\phucnd\.m2\repository\org\apache\tomcat\embed\tomcat-embed-core\11.0.22\tomcat-embed-core-11.0.22.jar;C:\Users\phucnd\.m2\repository\org\apache\tomcat\embed\tomcat-embed-websocket\11.0.22\tomcat-embed-websocket-11.0.22.jar;C:\Users\phucnd\.m2\repository\org\springframework\boot\spring-boot-tomcat\4.1.0\spring-boot-tomcat-4.1.0.jar;C:\Users\phucnd\.m2\repository\org\springframework\boot\spring-boot-http-converter\4.1.0\spring-boot-http-converter-4.1.0.jar;C:\Users\phucnd\.m2\repository\org\springframework\spring-web\7.0.8\spring-web-7.0.8.jar;C:\Users\phucnd\.m2\repository\io\micrometer\micrometer-observation\1.17.0\micrometer-observation-1.17.0.jar;C:\Users\phucnd\.m2\repository\io\micrometer\micrometer-commons\1.17.0\micrometer-commons-1.17.0.jar;C:\Users\phucnd\.m2\repository\org\springframework\boot\spring-boot-webmvc\4.1.0\spring-boot-webmvc-4.1.0.jar;C:\Users\phucnd\.m2\repository\org\springframework\boot\spring-boot-servlet\4.1.0\spring-boot-servlet-4.1.0.jar;C:\Users\phucnd\.m2\repository\org\springframework\spring-webmvc\7.0.8\spring-webmvc-7.0.8.jar;C:\Users\phucnd\.m2\repository\org\springframework\spring-expression\7.0.8\spring-expression-7.0.8.jar;C:\Users\phucnd\.m2\repository\org\springdoc\springdoc-openapi-starter-webmvc-ui\2.8.5\springdoc-openapi-starter-webmvc-ui-2.8.5.jar;C:\Users\phucnd\.m2\repository\org\springdoc\springdoc-openapi-starter-webmvc-api\2.8.5\springdoc-openapi-starter-webmvc-api-2.8.5.jar;C:\Users\phucnd\.m2\repository\org\springdoc\springdoc-openapi-starter-common\2.8.5\springdoc-openapi-starter-common-2.8.5.jar;C:\Users\phucnd\.m2\repository\io\swagger\core\v3\swagger-core-jakarta\2.2.28\swagger-core-jakarta-2.2.28.jar;C:\Users\phucnd\.m2\repository\org\apache\commons\commons-lang3\3.20.0\commons-lang3-3.20.0.jar;C:\Users\phucnd\.m2\repository\io\swagger\core\v3\swagger-annotations-jakarta\2.2.28\swagger-annotations-jakarta-2.2.28.jar;C:\Users\phucnd\.m2\repository\io\swagger\core\v3\swagger-models-jakarta\2.2.28\swagger-models-jakarta-2.2.28.jar;C:\Users\phucnd\.m2\repository\com\fasterxml\jackson\core\jackson-databind\2.21.4\jackson-databind-2.21.4.jar;C:\Users\phucnd\.m2\repository\com\fasterxml\jackson\core\jackson-core\2.21.4\jackson-core-2.21.4.jar;C:\Users\phucnd\.m2\repository\com\fasterxml\jackson\dataformat\jackson-dataformat-yaml\2.21.4\jackson-dataformat-yaml-2.21.4.jar;C:\Users\phucnd\.m2\repository\com\fasterxml\jackson\datatype\jackson-datatype-jsr310\2.21.4\jackson-datatype-jsr310-2.21.4.jar;C:\Users\phucnd\.m2\repository\org\webjars\swagger-ui\5.18.3\swagger-ui-5.18.3.jar;C:\Users\phucnd\.m2\repository\org\webjars\webjars-locator-lite\1.1.3\webjars-locator-lite-1.1.3.jar;C:\Users\phucnd\.m2\repository\org\jspecify\jspecify\1.0.0\jspecify-1.0.0.jar;C:\Users\phucnd\.m2\repository\org\apache\pdfbox\pdfbox\3.0.3\pdfbox-3.0.3.jar;C:\Users\phucnd\.m2\repository\org\apache\pdfbox\pdfbox-io\3.0.3\pdfbox-io-3.0.3.jar;C:\Users\phucnd\.m2\repository\org\apache\pdfbox\fontbox\3.0.3\fontbox-3.0.3.jar;C:\Users\phucnd\.m2\repository\commons-logging\commons-logging\1.3.6\commons-logging-1.3.6.jar;C:\Users\phucnd\.m2\repository\dev\langchain4j\langchain4j-google-ai-gemini\0.35.0\langchain4j-google-ai-gemini-0.35.0.jar;C:\Users\phucnd\.m2\repository\dev\langchain4j\langchain4j-core\0.35.0\langchain4j-core-0.35.0.jar;C:\Users\phucnd\.m2\repository\com\google\code\gson\gson\2.13.2\gson-2.13.2.jar;C:\Users\phucnd\.m2\repository\com\google\errorprone\error_prone_annotations\2.41.0\error_prone_annotations-2.41.0.jar;C:\Users\phucnd\.m2\repository\com\squareup\retrofit2\retrofit\2.9.0\retrofit-2.9.0.jar;C:\Users\phucnd\.m2\repository\com\squareup\retrofit2\converter-gson\2.9.0\converter-gson-2.9.0.jar;C:\Users\phucnd\.m2\repository\com\squareup\okhttp3\okhttp\4.12.0\okhttp-4.12.0.jar;C:\Users\phucnd\.m2\repository\com\squareup\okio\okio\3.6.0\okio-3.6.0.jar;C:\Users\phucnd\.m2\repository\com\squareup\okio\okio-jvm\3.6.0\okio-jvm-3.6.0.jar;C:\Users\phucnd\.m2\repository\org\jetbrains\kotlin\kotlin-stdlib-common\1.9.10\kotlin-stdlib-common-1.9.10.jar;C:\Users\phucnd\.m2\repository\com\squareup\okhttp3\logging-interceptor\4.12.0\logging-interceptor-4.12.0.jar;C:\Users\phucnd\.m2\repository\org\jetbrains\kotlin\kotlin-stdlib-jdk8\2.3.21\kotlin-stdlib-jdk8-2.3.21.jar;C:\Users\phucnd\.m2\repository\org\jetbrains\kotlin\kotlin-stdlib\2.3.21\kotlin-stdlib-2.3.21.jar;C:\Users\phucnd\.m2\repository\org\jetbrains\annotations\13.0\annotations-13.0.jar;C:\Users\phucnd\.m2\repository\org\jetbrains\kotlin\kotlin-stdlib-jdk7\2.3.21\kotlin-stdlib-jdk7-2.3.21.jar;C:\Users\phucnd\.m2\repository\dev\langchain4j\langchain4j\0.35.0\langchain4j-0.35.0.jar;C:\Users\phucnd\.m2\repository\org\apache\opennlp\opennlp-tools\1.9.4\opennlp-tools-1.9.4.jar;C:\Users\phucnd\.m2\repository\org\slf4j\slf4j-api\2.0.18\slf4j-api-2.0.18.jar;C:\Users\phucnd\.m2\repository\org\postgresql\postgresql\42.7.11\postgresql-42.7.11.jar;C:\Users\phucnd\.m2\repository\org\springframework\boot\spring-boot-devtools\4.1.0\spring-boot-devtools-4.1.0.jar;C:\Users\phucnd\.m2\repository\org\springframework\boot\spring-boot\4.1.0\spring-boot-4.1.0.jar;C:\Users\phucnd\.m2\repository\org\springframework\spring-core\7.0.8\spring-core-7.0.8.jar;C:\Users\phucnd\.m2\repository\org\springframework\spring-context\7.0.8\spring-context-7.0.8.jar;C:\Users\phucnd\.m2\repository\org\springframework\boot\spring-boot-autoconfigure\4.1.0\spring-boot-autoconfigure-4.1.0.jar;C:\Users\phucnd\.m2\repository\jakarta\xml\bind\jakarta.xml.bind-api\4.0.5\jakarta.xml.bind-api-4.0.5.jar;C:\Users\phucnd\.m2\repository\jakarta\activation\jakarta.activation-api\2.1.4\jakarta.activation-api-2.1.4.jar;C:\Users\phucnd\.m2\repository\net\bytebuddy\byte-buddy\1.18.10\byte-buddy-1.18.10.jar;C:\Users\phucnd\.m2\repository\org\springframework\boot\spring-boot-web-server\4.1.0\spring-boot-web-server-4.1.0.jar
Launcher Type: SUN_STANDARD

[Global flags]
     bool AOTAdapterCaching                        = false                                  {diagnostic} {ergonomic}
     bool AOTInvokeDynamicLinking                  = false                                  {diagnostic} {ergonomic}
     bool AOTRecordTraining                        = false                                  {diagnostic} {ergonomic}
     bool AOTReplayTraining                        = false                                  {diagnostic} {ergonomic}
     bool AOTStubCaching                           = false                                  {diagnostic} {ergonomic}
     intx CICompilerCount                          = 4                                         {product} {ergonomic}
     uint ConcGCThreads                            = 2                                         {product} {ergonomic}
     uint G1ConcRefinementThreads                  = 8                                         {product} {ergonomic}
     uint G1EagerReclaimRemSetThreshold            = 16                                   {experimental} {ergonomic}
   size_t G1HeapRegionSize                         = 2097152                                   {product} {ergonomic}
     uint G1RemSetArrayOfCardsEntries              = 16                                   {experimental} {ergonomic}
     uint G1RemSetHowlMaxNumBuckets                = 8                                    {experimental} {ergonomic}
     uint G1RemSetHowlNumBuckets                   = 8                                    {experimental} {ergonomic}
   size_t InitialHeapSize                          = 8388608                                   {product} {ergonomic}
     bool IntelJccErratumMitigation                = true                              {ARCH diagnostic} {ergonomic}
   size_t MarkStackSize                            = 4194304                                   {product} {ergonomic}
   size_t MarkStackSizeMax                         = 536870912                                 {product} {ergonomic}
   size_t MaxHeapSize                              = 4265607168                                {product} {ergonomic}
   size_t MaxNewSize                               = 2558525440                                {product} {ergonomic}
 uint64_t MaxRAM                                   = 17057382400                               {product} {ergonomic}
   size_t MinHeapDeltaBytes                        = 2097152                                   {product} {ergonomic}
   size_t MinHeapSize                              = 8388608                                   {product} {ergonomic}
   size_t NonNMethodCodeHeapSize                   = 4096                                   {pd product} {ergonomic}
   size_t NonProfiledCodeHeapSize                  = 0                                      {pd product} {ergonomic}
     bool ProfileInterpreter                       = false                                  {pd product} {command line}
   size_t ProfiledCodeHeapSize                     = 0                                      {pd product} {ergonomic}
   size_t SoftMaxHeapSize                          = 4265607168                             {manageable} {ergonomic}
     intx TieredStopAtLevel                        = 1                                         {product} {command line}
     bool UseCompressedOops                        = true                           {product lp64_product} {ergonomic}
     bool UseCondCardMark                          = true                                      {product} {ergonomic}
     bool UseFastUnorderedTimeStamps               = true                                 {experimental} {ergonomic}
     bool UseG1GC                                  = true                                      {product} {ergonomic}
     bool UseLargePagesIndividualAllocation        = false                                  {pd product} {ergonomic}
      int X86ICacheSync                            = 2                                 {ARCH diagnostic} {ergonomic}

Logging:
Log output configuration:
 #0: stdout all=warning uptime,level,tags foldmultilines=false
 #1: stderr all=off uptime,level,tags foldmultilines=false

Release file:
IMPLEMENTOR="Oracle Corporation" 
JAVA_RUNTIME_VERSION="26+35-2893" 
JAVA_VERSION="26" 
JAVA_VERSION_DATE="2026-03-17" 
LIBC="default" 
MODULES="java.base java.compiler java.datatransfer java.xml java.prefs java.desktop java.instrument java.logging java.management java.security.sasl java.naming java.rmi java.management.rmi java.net.http java.scripting java.security.jgss java.transaction.xa java.sql java.sql.rowset java.xml.crypto java.se java.smartcardio jdk.accessibility jdk.internal.jvmstat jdk.attach jdk.charsets jdk.internal.opt jdk.zipfs jdk.compiler jdk.crypto.cryptoki jdk.crypto.ec jdk.crypto.mscapi jdk.dynalink jdk.internal.ed jdk.editpad jdk.internal.vm.ci jdk.graal.compiler jdk.graal.compiler.management jdk.hotspot.agent jdk.httpserver jdk.incubator.vector jdk.internal.le jdk.internal.md jdk.jartool jdk.javadoc jdk.jcmd jdk.management jdk.management.agent jdk.jconsole jdk.jdeps jdk.jdwp.agent jdk.jdi jdk.jfr jdk.jlink jdk.jpackage jdk.jshell jdk.jstatd jdk.localedata jdk.management.jfr jdk.naming.dns jdk.naming.rmi jdk.net jdk.nio.mapmode jdk.sctp jdk.security.auth jdk.security.jgss jdk.unsupported jdk.unsupported.desktop jdk.xml.dom" 
OS_ARCH="x86_64" 
OS_NAME="Windows" 
SOURCE=".:git:1327d96f3b3c open:git:4408cd2a07a1" 

Environment Variables:
PATH=C:\Program Files\Common Files\Oracle\Java\javapath;C:\Windows\system32;C:\Windows;C:\Windows\System32\Wbem;C:\Windows\System32\WindowsPowerShell\v1.0\;C:\Windows\System32\OpenSSH\;C:\Program Files (x86)\Graphviz\bin;C:\Program Files\Docker\Docker\resources\bin;C:\Program Files\dotnet\;C:\Program Files\nodejs\;C:\Users\phucnd\.local\bin;C:\Users\phucnd\AppData\Local\Programs\Python\Python311\Scripts\;C:\Users\phucnd\AppData\Local\Programs\Python\Python311\;C:\Users\phucnd\AppData\Local\Programs\Python\Launcher\;C:\Users\phucnd\AppData\Local\Microsoft\WindowsApps;C:\Users\phucnd\AppData\Local\Programs\Microsoft VS Code\bin;C:\Users\phucnd\AppData\Local\Programs\Git\cmd;C:\Users\phucnd\flutter\bin;C:\Users\phucnd\AppData\Local\Pub\Cache\bin;C:\Users\phucnd\AppData\Local\Programs\Ollama;C:\Users\phucnd\AppData\Roaming\npm;C:\Users\phucnd\AppData\Local\Programs\Antigravity IDE\bin;c:\Users\phucnd\.antigravity-ide\extensions\vscjava.vscode-java-debug-0.59.0-universal\bundled\scripts\noConfigScripts
USERNAME=phucnd
LANG=en_US.UTF-8
OS=Windows_NT
PROCESSOR_IDENTIFIER=Intel64 Family 6 Model 94 Stepping 3, GenuineIntel
TMP=C:\Users\phucnd\AppData\Local\Temp
TEMP=C:\Users\phucnd\AppData\Local\Temp




Compilation memory statistics disabled.

Periodic native trim disabled

---------------  S Y S T E M  ---------------

OS:
 Windows 11 , 64 bit Build 26100 (10.0.26100.8521)
OS uptime: 0 days 5:12 hours
Hyper-V role detected

CPU: total 8 (initial active 8) (4 cores per cpu, 2 threads per core) family 6 model 94 stepping 3 microcode 0xf2, cx8, cmov, fxsr, ht, mmx, 3dnowpref, sse, sse2, sse3, ssse3, sse4.1, sse4.2, popcnt, lzcnt, tsc, tscinvbit, avx, avx2, aes, erms, clmul, bmi1, bmi2, rtm, adx, fma, vzeroupper, clflush, clflushopt, hv, rdtscp, f16c
Processor Information for the first 8 processors :
  Max Mhz: 3408, Current Mhz: 3408, Mhz Limit: 3408

Memory: 4k page, system-wide physical 16267M (1897M free)
TotalPageFile size 28802M (AvailPageFile size 832M)
current process WorkingSet (physical memory assigned to process): 680M, peak: 1338M
current process commit charge ("private bytes"): 727M, peak: 1667M

vm_info: Java HotSpot(TM) 64-Bit Server VM (26+35-2893) for windows-amd64 JRE (26+35-2893), built on 2026-02-12T17:04:02Z with MS VC++ 17.13 (VS2022)

END.
