#
# There is insufficient memory for the Java Runtime Environment to continue.
# Native memory allocation (mmap) failed to map 943718400 bytes. Error detail: G1 virtual space
# Possible reasons:
#   The system is out of physical RAM or swap space
#   This process is running with CompressedOops enabled, and the Java Heap may be blocking the growth of the native heap
# Possible solutions:
#   Reduce memory load on the system
#   Increase physical memory or swap space
#   Check if swap backing store is full
#   Decrease Java heap size (-Xmx/-Xms)
#   Decrease number of Java threads
#   Decrease Java thread stack sizes (-Xss)
#   Set larger code cache with -XX:ReservedCodeCacheSize=
#   JVM is running with Zero Based Compressed Oops mode in which the Java heap is
#     placed in the first 32GB address space. The Java Heap base address is the
#     maximum limit for the native heap growth. Please use -XX:HeapBaseMinAddress
#     to set the Java Heap base and to place the Java Heap above 32GB virtual address.
# This output file may be truncated or incomplete.
#
#  Out of Memory Error (os_windows.cpp:3583), pid=7564, tid=352
#
# JRE version: Java(TM) SE Runtime Environment (26.0+35) (build 26+35-2893)
# Java VM: Java HotSpot(TM) 64-Bit Server VM (26+35-2893, mixed mode, emulated-client, sharing, tiered, compressed oops, compressed class ptrs, g1 gc, windows-amd64)
# No core dump will be written. Minidumps are not enabled by default on client versions of Windows
#

---------------  S U M M A R Y ------------

Command Line: -XX:TieredStopAtLevel=1 com.mora.backend.MoraBackendApplication

Host: Intel(R) Core(TM) i7-6700 CPU @ 3.40GHz, 8 cores, 15G,  Windows 11 , 64 bit Build 26100 (10.0.26100.8521)
Time: Thu Jun 18 13:52:03 2026 SE Asia Standard Time elapsed time: 22.046213 seconds (0d 0h 0m 22s)

---------------  T H R E A D  ---------------

Current thread (0x000001f1fe0860e0):  VMThread "VM Thread"          [id=352, stack(0x000000ed84500000,0x000000ed84600000) (1024K)]

Stack: [0x000000ed84500000,0x000000ed84600000]
Native frames: (J=compiled Java code, j=interpreted, Vv=VM code, C=native code)
V  [jvm.dll+0x7d5719]  (no source info available)
V  [jvm.dll+0x7a367d]  (no source info available)
V  [jvm.dll+0x9b0aa0]  (no source info available)
V  [jvm.dll+0x9b2ef1]  (no source info available)
V  [jvm.dll+0x9b3603]  (no source info available)
V  [jvm.dll+0x30de86]  (no source info available)
V  [jvm.dll+0x7d4be5]  (no source info available)
V  [jvm.dll+0x7c7da7]  (no source info available)
V  [jvm.dll+0x4086f8]  (no source info available)
V  [jvm.dll+0x410a66]  (no source info available)
V  [jvm.dll+0x3fce04]  (no source info available)
V  [jvm.dll+0x3fd0f5]  (no source info available)
V  [jvm.dll+0x3d3a7f]  (no source info available)
V  [jvm.dll+0x3d6cec]  (no source info available)
V  [jvm.dll+0x4222fc]  (no source info available)
V  [jvm.dll+0x420c43]  (no source info available)
V  [jvm.dll+0x3d3218]  (no source info available)
V  [jvm.dll+0x420003]  (no source info available)
V  [jvm.dll+0x9b9ab1]  (no source info available)
V  [jvm.dll+0x9baa7b]  (no source info available)
V  [jvm.dll+0x9baf8c]  (no source info available)
V  [jvm.dll+0x9bb409]  (no source info available)
V  [jvm.dll+0x9bb6b3]  (no source info available)
V  [jvm.dll+0x94f4e9]  (no source info available)
V  [jvm.dll+0x7d71f8]  (no source info available)
C  [ucrtbase.dll+0x2cd30]  (no source info available)
C  [KERNEL32.DLL+0x2e957]  (no source info available)
C  [ntdll.dll+0x87c1c]  (no source info available)

VM_Operation (0x000000ed86afb6c8): G1CollectForAllocation, mode: safepoint, requested by thread 0x000001f185162e40


---------------  P R O C E S S  ---------------

Threads class SMR info:
_java_thread_list=0x000001f1ffbe6460, length=36, elements={
0x000001f1fe09a580, 0x000001f1fe09cfe0, 0x000001f1fe0a0630, 0x000001f1fe0a3490,
0x000001f1fe0a1710, 0x000001f1fe0a2a30, 0x000001f1fe0a3ec0, 0x000001f1fe0772b0,
0x000001f1fe12dee0, 0x000001f184469370, 0x000001f184469b20, 0x000001f18446a2d0,
0x000001f184885cb0, 0x000001f1ff19b720, 0x000001f18515e7f0, 0x000001f18515d080,
0x000001f18515f790, 0x000001f185160730, 0x000001f1851616d0, 0x000001f1851645b0,
0x000001f185161ea0, 0x000001f185162e40, 0x000001f185163610, 0x000001f185163de0,
0x000001f18a0d9930, 0x000001f18a0d9160, 0x000001f18a0da100, 0x000001f18a0db0a0,
0x000001f18a0dc810, 0x000001f18a0dd7b0, 0x000001f18a0f7c30, 0x000001f1fe9bd010,
0x000001f18a1d8850, 0x000001f18a0f8bd0, 0x000001f18a0f7460, 0x000001f18a0fd9f0
}

Java Threads: ( => current thread )
  0x000001f1fe09a580 JavaThread "Reference Handler"          daemon [_thread_blocked, id=20176, stack(0x000000ed84600000,0x000000ed84700000) (1024K)]
  0x000001f1fe09cfe0 JavaThread "Finalizer"                  daemon [_thread_blocked, id=4620, stack(0x000000ed84700000,0x000000ed84800000) (1024K)]
  0x000001f1fe0a0630 JavaThread "Signal Dispatcher"          daemon [_thread_blocked, id=19232, stack(0x000000ed84800000,0x000000ed84900000) (1024K)]
  0x000001f1fe0a3490 JavaThread "Attach Listener"            daemon [_thread_blocked, id=9232, stack(0x000000ed84900000,0x000000ed84a00000) (1024K)]
  0x000001f1fe0a1710 JavaThread "Service Thread"             daemon [_thread_blocked, id=19440, stack(0x000000ed84a00000,0x000000ed84b00000) (1024K)]
  0x000001f1fe0a2a30 JavaThread "Monitor Deflation Thread"   daemon [_thread_blocked, id=2536, stack(0x000000ed84b00000,0x000000ed84c00000) (1024K)]
  0x000001f1fe0a3ec0 JavaThread "C1 CompilerThread0"         daemon [_thread_blocked, id=3340, stack(0x000000ed84c00000,0x000000ed84d00000) (1024K)]
  0x000001f1fe0772b0 JavaThread "Notification Thread"        daemon [_thread_blocked, id=16924, stack(0x000000ed84d00000,0x000000ed84e00000) (1024K)]
  0x000001f1fe12dee0 JavaThread "Common-Cleaner"             daemon [_thread_blocked, id=18388, stack(0x000000ed84e00000,0x000000ed84f00000) (1024K)]
  0x000001f184469370 JavaThread "Catalina-utility-1"                [_thread_blocked, id=17272, stack(0x000000ed85a00000,0x000000ed85b00000) (1024K)]
  0x000001f184469b20 JavaThread "Catalina-utility-2"                [_thread_blocked, id=14404, stack(0x000000ed85d00000,0x000000ed85e00000) (1024K)]
  0x000001f18446a2d0 JavaThread "container-0"                       [_thread_blocked, id=10220, stack(0x000000ed85e00000,0x000000ed85f00000) (1024K)]
  0x000001f184885cb0 JavaThread "Cleaner-0"                  daemon [_thread_blocked, id=18344, stack(0x000000ed86000000,0x000000ed86100000) (1024K)]
  0x000001f1ff19b720 JavaThread "HikariPool-1:housekeeper"   daemon [_thread_blocked, id=2516, stack(0x000000ed86100000,0x000000ed86200000) (1024K)]
  0x000001f18515e7f0 JavaThread "VirtualThread-unblocker"    daemon [_thread_blocked, id=10412, stack(0x000000ed86300000,0x000000ed86400000) (1024K)]
  0x000001f18515d080 JavaThread "ForkJoinPool-1-worker-1"    daemon [_thread_in_native, id=19428, stack(0x000000ed86400000,0x000000ed86500000) (1024K)]
  0x000001f18515f790 JavaThread "ForkJoinPool-1-worker-2"    daemon [_thread_blocked, id=12016, stack(0x000000ed86500000,0x000000ed86600000) (1024K)]
  0x000001f185160730 JavaThread "File Watcher"               daemon [_thread_blocked, id=14648, stack(0x000000ed86600000,0x000000ed86700000) (1024K)]
  0x000001f1851616d0 JavaThread "http-nio-8080-exec-1"       daemon [_thread_blocked, id=7540, stack(0x000000ed86700000,0x000000ed86800000) (1024K)]
  0x000001f1851645b0 JavaThread "http-nio-8080-exec-2"       daemon [_thread_blocked, id=20324, stack(0x000000ed86800000,0x000000ed86900000) (1024K)]
  0x000001f185161ea0 JavaThread "http-nio-8080-exec-3"       daemon [_thread_blocked, id=6724, stack(0x000000ed86900000,0x000000ed86a00000) (1024K)]
  0x000001f185162e40 JavaThread "http-nio-8080-exec-4"       daemon [_thread_blocked, id=10956, stack(0x000000ed86a00000,0x000000ed86b00000) (1024K)]
  0x000001f185163610 JavaThread "http-nio-8080-exec-5"       daemon [_thread_blocked, id=12692, stack(0x000000ed86b00000,0x000000ed86c00000) (1024K)]
  0x000001f185163de0 JavaThread "http-nio-8080-exec-6"       daemon [_thread_blocked, id=8100, stack(0x000000ed86c00000,0x000000ed86d00000) (1024K)]
  0x000001f18a0d9930 JavaThread "http-nio-8080-exec-7"       daemon [_thread_blocked, id=12724, stack(0x000000ed86d00000,0x000000ed86e00000) (1024K)]
  0x000001f18a0d9160 JavaThread "http-nio-8080-exec-8"       daemon [_thread_blocked, id=19576, stack(0x000000ed86e00000,0x000000ed86f00000) (1024K)]
  0x000001f18a0da100 JavaThread "http-nio-8080-exec-9"       daemon [_thread_blocked, id=15816, stack(0x000000ed86f00000,0x000000ed87000000) (1024K)]
  0x000001f18a0db0a0 JavaThread "http-nio-8080-exec-10"      daemon [_thread_blocked, id=16516, stack(0x000000ed87000000,0x000000ed87100000) (1024K)]
  0x000001f18a0dc810 JavaThread "http-nio-8080-Poller"       daemon [_thread_in_native, id=20424, stack(0x000000ed87100000,0x000000ed87200000) (1024K)]
  0x000001f18a0dd7b0 JavaThread "http-nio-8080-Acceptor"     daemon [_thread_in_native, id=16048, stack(0x000000ed87200000,0x000000ed87300000) (1024K)]
  0x000001f18a0f7c30 JavaThread "DestroyJavaVM"                     [_thread_blocked, id=13984, stack(0x000000ed83d00000,0x000000ed83e00000) (1024K)]
  0x000001f1fe9bd010 JavaThread "C1 CompilerThread1"         daemon [_thread_blocked, id=4980, stack(0x000000ed84f00000,0x000000ed85000000) (1024K)]
  0x000001f18a1d8850 JavaThread "C1 CompilerThread2"         daemon [_thread_blocked, id=10784, stack(0x000000ed85200000,0x000000ed85300000) (1024K)]
  0x000001f18a0f8bd0 JavaThread "Keep-Alive-Timer"           daemon [_thread_blocked, id=16500, stack(0x000000ed85500000,0x000000ed85600000) (1024K)]
  0x000001f18a0f7460 JavaThread "Java2D Disposer"            daemon [_thread_blocked, id=19656, stack(0x000000ed85300000,0x000000ed85400000) (1024K)]
  0x000001f18a0fd9f0 JavaThread "HikariPool-1:connection-adder" daemon [_thread_blocked, id=19912, stack(0x000000ed85600000,0x000000ed85700000) (1024K)]
Total: 36

Other Threads:
=>0x000001f1fe0860e0 VMThread "VM Thread"                           [id=352, stack(0x000000ed84500000,0x000000ed84600000) (1024K)]
  0x000001f1fe076d90 WatcherThread "VM Periodic Task Thread"        [id=18292, stack(0x000000ed84400000,0x000000ed84500000) (1024K)]
  0x000001f1ea1d9c80 WorkerThread "GC Thread#0"                     [id=1028, stack(0x000000ed83e00000,0x000000ed83f00000) (1024K)]
  0x000001f1fe3c3640 WorkerThread "GC Thread#1"                     [id=19516, stack(0x000000ed85000000,0x000000ed85100000) (1024K)]
  0x000001f1fef15cf0 WorkerThread "GC Thread#2"                     [id=13680, stack(0x000000ed85400000,0x000000ed85500000) (1024K)]
  0x000001f1ff18c970 WorkerThread "GC Thread#3"                     [id=8228, stack(0x000000ed85700000,0x000000ed85800000) (1024K)]
  0x000001f1ff189de0 WorkerThread "GC Thread#4"                     [id=18272, stack(0x000000ed85800000,0x000000ed85900000) (1024K)]
  0x000001f1ff18a200 WorkerThread "GC Thread#5"                     [id=11880, stack(0x000000ed85900000,0x000000ed85a00000) (1024K)]
  0x000001f1ff2c8a60 WorkerThread "GC Thread#6"                     [id=16964, stack(0x000000ed85b00000,0x000000ed85c00000) (1024K)]
  0x000001f1ff2c8eb0 WorkerThread "GC Thread#7"                     [id=9756, stack(0x000000ed85c00000,0x000000ed85d00000) (1024K)]
  0x000001f1ea1f3990 ConcurrentGCThread "G1 Main Marker"            [id=20140, stack(0x000000ed83f00000,0x000000ed84000000) (1024K)]
  0x000001f1ea1f4cb0 WorkerThread "G1 Conc#0"                       [id=14988, stack(0x000000ed84000000,0x000000ed84100000) (1024K)]
  0x000001f1fe52ea90 WorkerThread "G1 Conc#1"                       [id=16876, stack(0x000000ed85100000,0x000000ed85200000) (1024K)]
  0x000001f1ea22e710 WorkerThread "G1 Refinement Workers#0"         [id=17176, stack(0x000000ed84200000,0x000000ed84300000) (1024K)]
  0x000001f1ea22dd50 ConcurrentGCThread "G1 Refine Control"         [id=9980, stack(0x000000ed84100000,0x000000ed84200000) (1024K)]
  0x000001f1fdf3ec10 ConcurrentGCThread "G1 Service"                [id=19484, stack(0x000000ed84300000,0x000000ed84400000) (1024K)]
Total: 16

Threads with active compile tasks:
Total: 0

VM state: at safepoint (normal execution)

VM Mutex/Monitor currently owned by a thread:  ([mutex/lock_event])
[0x00007fff50daed08] Threads_lock - owner thread: 0x000001f1fe0860e0
[0x00007fff50daef88] Heap_lock - owner thread: 0x000001f185162e40

Heap address: 0x0000000701c00000, size: 4068 MB, Compressed Oops mode: Zero based, Oop shift amount: 3

CDS archive(s) mapped at: [0x000000003c000000-0x000000003cde0000-0x000000003cde0000), size 14548992, SharedBaseAddress: 0x000000003c000000, ArchiveRelocationMode: 1.
Compressed class space mapped at: 0x000000003d000000-0x000000007d000000, reserved size: 1073741824
UseCompressedClassPointers 1, UseCompactObjectHeaders 0
Narrow klass pointer bits 32, Max shift 3
Narrow klass base: 0x000000003c000000, Narrow klass shift: 0
Encoding Range: [0x000000003c000000 - 0x000000013c000000), (4294967296 bytes)
Klass Range:    [0x000000003c000000 - 0x000000007d000000), (1090519040 bytes)
Klass ID Range:  [8 - 1090519033) (1090519025)
Protection zone: [0x000000003c000000 - 0x000000003c010000), (65536 bytes)

GC Precious Log:
 CardTable entry size: 512
 Card Set container configuration: InlinePtr #cards 4 size 8 Array Of Cards #cards 16 size 48 Howl #buckets 8 coarsen threshold 3686 Howl Bitmap #cards 512 size 80 coarsen threshold 460 Card regions per heap region 1 cards per card region 4096
 CPUs: 8 total, 8 available
 Memory: 16267M
 Large Page Support: Disabled
 NUMA Support: Disabled
 Compressed Oops: Enabled (Zero based)
 Heap Region Size: 2M
 Heap Min Capacity: 8M
 Heap Initial Capacity: 8M
 Heap Max Capacity: 4068M
 Pre-touch: Disabled
 Parallel Workers: 8
 Concurrent Workers: 2
 Concurrent Refinement Workers: 8
 Periodic GC: Disabled

Heap:
 garbage-first heap   total reserved 4165632K, committed 460800K, used 136247K [0x0000000701c00000, 0x0000000800000000)
  region size 2M, 0 eden (0M), 7 survivor (14M), 32 old (64M), 29 humongous (58M), 157 free (314M)

Heap Regions: E=young(eden), S=young(survivor), O=old, HS=humongous(starts), HC=humongous(continues), CS=collection set, F=free, TAMS=top-at-mark-start, PB=parsable bottom
|    0|0x0000000701c00000, 0x0000000701e00000, 0x0000000701e00000|100%| O|  |TAMS 0x0000000701c00000| PB 0x0000000701c00000| Untracked |  0
|    1|0x0000000701e00000, 0x0000000702000000, 0x0000000702000000|100%| O|  |TAMS 0x0000000701e00000| PB 0x0000000701e00000| Untracked |  0
|    2|0x0000000702000000, 0x0000000702200000, 0x0000000702200000|100%| O|  |TAMS 0x0000000702000000| PB 0x0000000702000000| Untracked |  0
|    3|0x0000000702200000, 0x0000000702400000, 0x0000000702400000|100%| O|  |TAMS 0x0000000702200000| PB 0x0000000702200000| Untracked |  0
|    4|0x0000000702400000, 0x0000000702600000, 0x0000000702600000|100%| O|  |TAMS 0x0000000702400000| PB 0x0000000702400000| Untracked |  0
|    5|0x0000000702600000, 0x0000000702800000, 0x0000000702800000|100%| O|  |TAMS 0x0000000702600000| PB 0x0000000702600000| Untracked |  0
|    6|0x0000000702800000, 0x0000000702a00000, 0x0000000702a00000|100%| O|  |TAMS 0x0000000702800000| PB 0x0000000702800000| Untracked |  0
|    7|0x0000000702a00000, 0x0000000702c00000, 0x0000000702c00000|100%| O|  |TAMS 0x0000000702a00000| PB 0x0000000702a00000| Untracked |  0
|    8|0x0000000702c00000, 0x0000000702e00000, 0x0000000702e00000|100%| O|  |TAMS 0x0000000702c00000| PB 0x0000000702c00000| Untracked |  0
|    9|0x0000000702e00000, 0x0000000702e00000, 0x0000000703000000|  0%| F|  |TAMS 0x0000000702e00000| PB 0x0000000702e00000| Untracked |  0
|   10|0x0000000703000000, 0x0000000703200000, 0x0000000703200000|100%| O|  |TAMS 0x0000000703000000| PB 0x0000000703000000| Untracked |  0
|   11|0x0000000703200000, 0x0000000703400000, 0x0000000703400000|100%| O|  |TAMS 0x0000000703200000| PB 0x0000000703200000| Untracked |  0
|   12|0x0000000703400000, 0x0000000703600000, 0x0000000703600000|100%| O|  |TAMS 0x0000000703400000| PB 0x0000000703400000| Untracked |  0
|   13|0x0000000703600000, 0x0000000703800000, 0x0000000703800000|100%| O|  |TAMS 0x0000000703600000| PB 0x0000000703600000| Untracked |  0
|   14|0x0000000703800000, 0x0000000703a00000, 0x0000000703a00000|100%| O|  |TAMS 0x0000000703800000| PB 0x0000000703800000| Untracked |  0
|   15|0x0000000703a00000, 0x0000000703c00000, 0x0000000703c00000|100%| O|  |TAMS 0x0000000703a00000| PB 0x0000000703a00000| Untracked |  0
|   16|0x0000000703c00000, 0x0000000703e00000, 0x0000000703e00000|100%| O|  |TAMS 0x0000000703c00000| PB 0x0000000703c00000| Untracked |  0
|   17|0x0000000703e00000, 0x0000000704000000, 0x0000000704000000|100%| O|  |TAMS 0x0000000703e00000| PB 0x0000000703e00000| Untracked |  0
|   18|0x0000000704000000, 0x0000000704000000, 0x0000000704200000|  0%| F|  |TAMS 0x0000000704000000| PB 0x0000000704000000| Untracked |  0
|   19|0x0000000704200000, 0x0000000704200000, 0x0000000704400000|  0%| F|  |TAMS 0x0000000704200000| PB 0x0000000704200000| Untracked |  0
|   20|0x0000000704400000, 0x0000000704600000, 0x0000000704600000|100%| O|  |TAMS 0x0000000704400000| PB 0x0000000704400000| Untracked |  0
|   21|0x0000000704600000, 0x0000000704800000, 0x0000000704800000|100%| O|  |TAMS 0x0000000704600000| PB 0x0000000704600000| Untracked |  0
|   22|0x0000000704800000, 0x0000000704a00000, 0x0000000704a00000|100%| O|  |TAMS 0x0000000704800000| PB 0x0000000704800000| Untracked |  0
|   23|0x0000000704a00000, 0x0000000704c00000, 0x0000000704c00000|100%| O|  |TAMS 0x0000000704a00000| PB 0x0000000704a00000| Untracked |  0
|   24|0x0000000704c00000, 0x0000000704e00000, 0x0000000704e00000|100%| O|  |TAMS 0x0000000704c00000| PB 0x0000000704c00000| Untracked |  0
|   25|0x0000000704e00000, 0x0000000705000000, 0x0000000705000000|100%| O|  |TAMS 0x0000000704e00000| PB 0x0000000704e00000| Untracked |  0
|   26|0x0000000705000000, 0x0000000705200000, 0x0000000705200000|100%|HS|  |TAMS 0x0000000705000000| PB 0x0000000705000000| Complete  |  0
|   27|0x0000000705200000, 0x0000000705400000, 0x0000000705400000|100%|HC|  |TAMS 0x0000000705200000| PB 0x0000000705200000| Complete  |  0
|   28|0x0000000705400000, 0x0000000705400000, 0x0000000705600000|  0%| F|  |TAMS 0x0000000705400000| PB 0x0000000705400000| Untracked |  0
|   29|0x0000000705600000, 0x0000000705677ca0, 0x0000000705800000| 23%| O|  |TAMS 0x0000000705600000| PB 0x0000000705600000| Untracked |  0
|   30|0x0000000705800000, 0x0000000705800000, 0x0000000705a00000|  0%| F|  |TAMS 0x0000000705800000| PB 0x0000000705800000| Untracked |  0
|   31|0x0000000705a00000, 0x0000000705c00000, 0x0000000705c00000|100%| O|  |TAMS 0x0000000705a00000| PB 0x0000000705a00000| Untracked |  0
|   32|0x0000000705c00000, 0x0000000705e00000, 0x0000000705e00000|100%|HS|  |TAMS 0x0000000705c00000| PB 0x0000000705c00000| Complete  |  0
|   33|0x0000000705e00000, 0x0000000706000000, 0x0000000706000000|100%|HC|  |TAMS 0x0000000705e00000| PB 0x0000000705e00000| Complete  |  0
|   34|0x0000000706000000, 0x0000000706200000, 0x0000000706200000|100%|HC|  |TAMS 0x0000000706000000| PB 0x0000000706000000| Complete  |  0
|   35|0x0000000706200000, 0x0000000706400000, 0x0000000706400000|100%|HC|  |TAMS 0x0000000706200000| PB 0x0000000706200000| Complete  |  0
|   36|0x0000000706400000, 0x0000000706400000, 0x0000000706600000|  0%| F|  |TAMS 0x0000000706400000| PB 0x0000000706400000| Untracked |  0
|   37|0x0000000706600000, 0x0000000706600000, 0x0000000706800000|  0%| F|  |TAMS 0x0000000706600000| PB 0x0000000706600000| Untracked |  0
|   38|0x0000000706800000, 0x0000000706800000, 0x0000000706a00000|  0%| F|  |TAMS 0x0000000706800000| PB 0x0000000706800000| Untracked |  0
|   39|0x0000000706a00000, 0x0000000706a00000, 0x0000000706c00000|  0%| F|  |TAMS 0x0000000706a00000| PB 0x0000000706a00000| Untracked |  0
|   40|0x0000000706c00000, 0x0000000706c00000, 0x0000000706e00000|  0%| F|  |TAMS 0x0000000706c00000| PB 0x0000000706c00000| Untracked |  0
|   41|0x0000000706e00000, 0x0000000706e00000, 0x0000000707000000|  0%| F|  |TAMS 0x0000000706e00000| PB 0x0000000706e00000| Untracked |  0
|   42|0x0000000707000000, 0x0000000707000000, 0x0000000707200000|  0%| F|  |TAMS 0x0000000707000000| PB 0x0000000707000000| Untracked |  0
|   43|0x0000000707200000, 0x0000000707200000, 0x0000000707400000|  0%| F|  |TAMS 0x0000000707200000| PB 0x0000000707200000| Untracked |  0
|   44|0x0000000707400000, 0x0000000707400000, 0x0000000707600000|  0%| F|  |TAMS 0x0000000707400000| PB 0x0000000707400000| Untracked |  0
|   45|0x0000000707600000, 0x0000000707600000, 0x0000000707800000|  0%| F|  |TAMS 0x0000000707600000| PB 0x0000000707600000| Untracked |  0
|   46|0x0000000707800000, 0x0000000707a00000, 0x0000000707a00000|100%|HS|  |TAMS 0x0000000707800000| PB 0x0000000707800000| Complete  |  0
|   47|0x0000000707a00000, 0x0000000707c00000, 0x0000000707c00000|100%|HC|  |TAMS 0x0000000707a00000| PB 0x0000000707a00000| Complete  |  0
|   48|0x0000000707c00000, 0x0000000707e00000, 0x0000000707e00000|100%|HC|  |TAMS 0x0000000707c00000| PB 0x0000000707c00000| Complete  |  0
|   49|0x0000000707e00000, 0x0000000708000000, 0x0000000708000000|100%|HC|  |TAMS 0x0000000707e00000| PB 0x0000000707e00000| Complete  |  0
|   50|0x0000000708000000, 0x0000000708200000, 0x0000000708200000|100%|HC|  |TAMS 0x0000000708000000| PB 0x0000000708000000| Complete  |  0
|   51|0x0000000708200000, 0x0000000708400000, 0x0000000708400000|100%|HS|  |TAMS 0x0000000708200000| PB 0x0000000708200000| Complete  |  0
|   52|0x0000000708400000, 0x0000000708600000, 0x0000000708600000|100%|HC|  |TAMS 0x0000000708400000| PB 0x0000000708400000| Complete  |  0
|   53|0x0000000708600000, 0x0000000708800000, 0x0000000708800000|100%|HC|  |TAMS 0x0000000708600000| PB 0x0000000708600000| Complete  |  0
|   54|0x0000000708800000, 0x0000000708a00000, 0x0000000708a00000|100%|HC|  |TAMS 0x0000000708800000| PB 0x0000000708800000| Complete  |  0
|   55|0x0000000708a00000, 0x0000000708c00000, 0x0000000708c00000|100%|HC|  |TAMS 0x0000000708a00000| PB 0x0000000708a00000| Complete  |  0
|   56|0x0000000708c00000, 0x0000000708c00000, 0x0000000708e00000|  0%| F|  |TAMS 0x0000000708c00000| PB 0x0000000708c00000| Untracked |  0
|   57|0x0000000708e00000, 0x0000000708e00000, 0x0000000709000000|  0%| F|  |TAMS 0x0000000708e00000| PB 0x0000000708e00000| Untracked |  0
|   58|0x0000000709000000, 0x0000000709000000, 0x0000000709200000|  0%| F|  |TAMS 0x0000000709000000| PB 0x0000000709000000| Untracked |  0
|   59|0x0000000709200000, 0x0000000709200000, 0x0000000709400000|  0%| F|  |TAMS 0x0000000709200000| PB 0x0000000709200000| Untracked |  0
|   60|0x0000000709400000, 0x0000000709400000, 0x0000000709600000|  0%| F|  |TAMS 0x0000000709400000| PB 0x0000000709400000| Untracked |  0
|   61|0x0000000709600000, 0x0000000709600000, 0x0000000709800000|  0%| F|  |TAMS 0x0000000709600000| PB 0x0000000709600000| Untracked |  0
|   62|0x0000000709800000, 0x0000000709800000, 0x0000000709a00000|  0%| F|  |TAMS 0x0000000709800000| PB 0x0000000709800000| Untracked |  0
|   63|0x0000000709a00000, 0x0000000709a00000, 0x0000000709c00000|  0%| F|  |TAMS 0x0000000709a00000| PB 0x0000000709a00000| Untracked |  0
|   64|0x0000000709c00000, 0x0000000709c00000, 0x0000000709e00000|  0%| F|  |TAMS 0x0000000709c00000| PB 0x0000000709c00000| Untracked |  0
|   65|0x0000000709e00000, 0x0000000709e00000, 0x000000070a000000|  0%| F|  |TAMS 0x0000000709e00000| PB 0x0000000709e00000| Untracked |  0
|   66|0x000000070a000000, 0x000000070a000000, 0x000000070a200000|  0%| F|  |TAMS 0x000000070a000000| PB 0x000000070a000000| Untracked |  0
|   67|0x000000070a200000, 0x000000070a200000, 0x000000070a400000|  0%| F|  |TAMS 0x000000070a200000| PB 0x000000070a200000| Untracked |  0
|   68|0x000000070a400000, 0x000000070a600000, 0x000000070a600000|100%|HS|  |TAMS 0x000000070a400000| PB 0x000000070a400000| Complete  |  0
|   69|0x000000070a600000, 0x000000070a800000, 0x000000070a800000|100%|HC|  |TAMS 0x000000070a600000| PB 0x000000070a600000| Complete  |  0
|   70|0x000000070a800000, 0x000000070a800000, 0x000000070aa00000|  0%| F|  |TAMS 0x000000070a800000| PB 0x000000070a800000| Untracked |  0
|   71|0x000000070aa00000, 0x000000070aa00000, 0x000000070ac00000|  0%| F|  |TAMS 0x000000070aa00000| PB 0x000000070aa00000| Untracked |  0
|   72|0x000000070ac00000, 0x000000070ac00000, 0x000000070ae00000|  0%| F|  |TAMS 0x000000070ac00000| PB 0x000000070ac00000| Untracked |  0
|   73|0x000000070ae00000, 0x000000070ae00000, 0x000000070b000000|  0%| F|  |TAMS 0x000000070ae00000| PB 0x000000070ae00000| Untracked |  0
|   74|0x000000070b000000, 0x000000070b000000, 0x000000070b200000|  0%| F|  |TAMS 0x000000070b000000| PB 0x000000070b000000| Untracked |  0
|   75|0x000000070b200000, 0x000000070b200000, 0x000000070b400000|  0%| F|  |TAMS 0x000000070b200000| PB 0x000000070b200000| Untracked |  0
|   76|0x000000070b400000, 0x000000070b400000, 0x000000070b600000|  0%| F|  |TAMS 0x000000070b400000| PB 0x000000070b400000| Untracked |  0
|   77|0x000000070b600000, 0x000000070b600000, 0x000000070b800000|  0%| F|  |TAMS 0x000000070b600000| PB 0x000000070b600000| Untracked |  0
|   78|0x000000070b800000, 0x000000070b800000, 0x000000070ba00000|  0%| F|  |TAMS 0x000000070b800000| PB 0x000000070b800000| Untracked |  0
|   79|0x000000070ba00000, 0x000000070ba00000, 0x000000070bc00000|  0%| F|  |TAMS 0x000000070ba00000| PB 0x000000070ba00000| Untracked |  0
|   80|0x000000070bc00000, 0x000000070bc00000, 0x000000070be00000|  0%| F|  |TAMS 0x000000070bc00000| PB 0x000000070bc00000| Untracked |  0
|   81|0x000000070be00000, 0x000000070be00000, 0x000000070c000000|  0%| F|  |TAMS 0x000000070be00000| PB 0x000000070be00000| Untracked |  0
|   82|0x000000070c000000, 0x000000070c000000, 0x000000070c200000|  0%| F|  |TAMS 0x000000070c000000| PB 0x000000070c000000| Untracked |  0
|   83|0x000000070c200000, 0x000000070c400000, 0x000000070c400000|100%| O|  |TAMS 0x000000070c200000| PB 0x000000070c200000| Untracked |  0
|   84|0x000000070c400000, 0x000000070c400000, 0x000000070c600000|  0%| F|  |TAMS 0x000000070c400000| PB 0x000000070c400000| Untracked |  0
|   85|0x000000070c600000, 0x000000070c600000, 0x000000070c800000|  0%| F|  |TAMS 0x000000070c600000| PB 0x000000070c600000| Untracked |  0
|   86|0x000000070c800000, 0x000000070c800000, 0x000000070ca00000|  0%| F|  |TAMS 0x000000070c800000| PB 0x000000070c800000| Untracked |  0
|   87|0x000000070ca00000, 0x000000070ca00000, 0x000000070cc00000|  0%| F|  |TAMS 0x000000070ca00000| PB 0x000000070ca00000| Untracked |  0
|   88|0x000000070cc00000, 0x000000070cc00000, 0x000000070ce00000|  0%| F|  |TAMS 0x000000070cc00000| PB 0x000000070cc00000| Untracked |  0
|   89|0x000000070ce00000, 0x000000070ce00000, 0x000000070d000000|  0%| F|  |TAMS 0x000000070ce00000| PB 0x000000070ce00000| Untracked |  0
|   90|0x000000070d000000, 0x000000070d000000, 0x000000070d200000|  0%| F|  |TAMS 0x000000070d000000| PB 0x000000070d000000| Untracked |  0
|   91|0x000000070d200000, 0x000000070d200000, 0x000000070d400000|  0%| F|  |TAMS 0x000000070d200000| PB 0x000000070d200000| Untracked |  0
|   92|0x000000070d400000, 0x000000070d400000, 0x000000070d600000|  0%| F|  |TAMS 0x000000070d400000| PB 0x000000070d400000| Untracked |  0
|   93|0x000000070d600000, 0x000000070d600000, 0x000000070d800000|  0%| F|  |TAMS 0x000000070d600000| PB 0x000000070d600000| Untracked |  0
|   94|0x000000070d800000, 0x000000070d800000, 0x000000070da00000|  0%| F|  |TAMS 0x000000070d800000| PB 0x000000070d800000| Untracked |  0
|   95|0x000000070da00000, 0x000000070da00000, 0x000000070dc00000|  0%| F|  |TAMS 0x000000070da00000| PB 0x000000070da00000| Untracked |  0
|   96|0x000000070dc00000, 0x000000070dc00000, 0x000000070de00000|  0%| F|  |TAMS 0x000000070dc00000| PB 0x000000070dc00000| Untracked |  0
|   97|0x000000070de00000, 0x000000070e000000, 0x000000070e000000|100%|HS|  |TAMS 0x000000070de00000| PB 0x000000070de00000| Complete  |  0
|   98|0x000000070e000000, 0x000000070e200000, 0x000000070e200000|100%|HC|  |TAMS 0x000000070e000000| PB 0x000000070e000000| Complete  |  0
|   99|0x000000070e200000, 0x000000070e400000, 0x000000070e400000|100%|HC|  |TAMS 0x000000070e200000| PB 0x000000070e200000| Complete  |  0
|  100|0x000000070e400000, 0x000000070e600000, 0x000000070e600000|100%|HC|  |TAMS 0x000000070e400000| PB 0x000000070e400000| Complete  |  0
|  101|0x000000070e600000, 0x000000070e800000, 0x000000070e800000|100%|HC|  |TAMS 0x000000070e600000| PB 0x000000070e600000| Complete  |  0
|  102|0x000000070e800000, 0x000000070ea00000, 0x000000070ea00000|100%|HC|  |TAMS 0x000000070e800000| PB 0x000000070e800000| Complete  |  0
|  103|0x000000070ea00000, 0x000000070ec00000, 0x000000070ec00000|100%|HC|  |TAMS 0x000000070ea00000| PB 0x000000070ea00000| Complete  |  0
|  104|0x000000070ec00000, 0x000000070ee00000, 0x000000070ee00000|100%|HC|  |TAMS 0x000000070ec00000| PB 0x000000070ec00000| Complete  |  0
|  105|0x000000070ee00000, 0x000000070f000000, 0x000000070f000000|100%|HC|  |TAMS 0x000000070ee00000| PB 0x000000070ee00000| Complete  |  0
|  106|0x000000070f000000, 0x000000070f200000, 0x000000070f200000|100%|HC|  |TAMS 0x000000070f000000| PB 0x000000070f000000| Complete  |  0
|  107|0x000000070f200000, 0x000000070f400000, 0x000000070f400000|100%|HC|  |TAMS 0x000000070f200000| PB 0x000000070f200000| Complete  |  0
|  108|0x000000070f400000, 0x000000070f400000, 0x000000070f600000|  0%| F|  |TAMS 0x000000070f400000| PB 0x000000070f400000| Untracked |  0
|  109|0x000000070f600000, 0x000000070f600000, 0x000000070f800000|  0%| F|  |TAMS 0x000000070f600000| PB 0x000000070f600000| Untracked |  0
|  110|0x000000070f800000, 0x000000070f800000, 0x000000070fa00000|  0%| F|  |TAMS 0x000000070f800000| PB 0x000000070f800000| Untracked |  0
|  111|0x000000070fa00000, 0x000000070fa00000, 0x000000070fc00000|  0%| F|  |TAMS 0x000000070fa00000| PB 0x000000070fa00000| Untracked |  0
|  112|0x000000070fc00000, 0x000000070fc00000, 0x000000070fe00000|  0%| F|  |TAMS 0x000000070fc00000| PB 0x000000070fc00000| Untracked |  0
|  113|0x000000070fe00000, 0x000000070fe00000, 0x0000000710000000|  0%| F|  |TAMS 0x000000070fe00000| PB 0x000000070fe00000| Untracked |  0
|  114|0x0000000710000000, 0x0000000710000000, 0x0000000710200000|  0%| F|  |TAMS 0x0000000710000000| PB 0x0000000710000000| Untracked |  0
|  115|0x0000000710200000, 0x0000000710200000, 0x0000000710400000|  0%| F|  |TAMS 0x0000000710200000| PB 0x0000000710200000| Untracked |  0
|  116|0x0000000710400000, 0x0000000710400000, 0x0000000710600000|  0%| F|  |TAMS 0x0000000710400000| PB 0x0000000710400000| Untracked |  0
|  117|0x0000000710600000, 0x0000000710600000, 0x0000000710800000|  0%| F|  |TAMS 0x0000000710600000| PB 0x0000000710600000| Untracked |  0
|  118|0x0000000710800000, 0x0000000710800000, 0x0000000710a00000|  0%| F|  |TAMS 0x0000000710800000| PB 0x0000000710800000| Untracked |  0
|  119|0x0000000710a00000, 0x0000000710a00000, 0x0000000710c00000|  0%| F|  |TAMS 0x0000000710a00000| PB 0x0000000710a00000| Untracked |  0
|  120|0x0000000710c00000, 0x0000000710c00000, 0x0000000710e00000|  0%| F|  |TAMS 0x0000000710c00000| PB 0x0000000710c00000| Untracked |  0
|  121|0x0000000710e00000, 0x0000000710e96110, 0x0000000711000000| 29%| S|CS|TAMS 0x0000000710e00000| PB 0x0000000710e00000| Complete  |  0
|  122|0x0000000711000000, 0x0000000711200000, 0x0000000711200000|100%| S|CS|TAMS 0x0000000711000000| PB 0x0000000711000000| Complete  |  0
|  123|0x0000000711200000, 0x0000000711400000, 0x0000000711400000|100%| S|CS|TAMS 0x0000000711200000| PB 0x0000000711200000| Complete  |  0
|  124|0x0000000711400000, 0x0000000711600000, 0x0000000711600000|100%| S|CS|TAMS 0x0000000711400000| PB 0x0000000711400000| Complete  |  0
|  125|0x0000000711600000, 0x0000000711800000, 0x0000000711800000|100%| S|CS|TAMS 0x0000000711600000| PB 0x0000000711600000| Complete  |  0
|  126|0x0000000711800000, 0x0000000711a00000, 0x0000000711a00000|100%| S|CS|TAMS 0x0000000711800000| PB 0x0000000711800000| Complete  |  0
|  127|0x0000000711a00000, 0x0000000711c00000, 0x0000000711c00000|100%| S|CS|TAMS 0x0000000711a00000| PB 0x0000000711a00000| Complete  |  0
|  128|0x0000000711c00000, 0x0000000711c00000, 0x0000000711e00000|  0%| F|  |TAMS 0x0000000711c00000| PB 0x0000000711c00000| Untracked |  0
|  129|0x0000000711e00000, 0x0000000711e00000, 0x0000000712000000|  0%| F|  |TAMS 0x0000000711e00000| PB 0x0000000711e00000| Untracked |  0
|  130|0x0000000712000000, 0x0000000712000000, 0x0000000712200000|  0%| F|  |TAMS 0x0000000712000000| PB 0x0000000712000000| Untracked |  0
|  131|0x0000000712200000, 0x0000000712200000, 0x0000000712400000|  0%| F|  |TAMS 0x0000000712200000| PB 0x0000000712200000| Untracked |  0
|  132|0x0000000712400000, 0x0000000712400000, 0x0000000712600000|  0%| F|  |TAMS 0x0000000712400000| PB 0x0000000712400000| Untracked |  0
|  133|0x0000000712600000, 0x0000000712600000, 0x0000000712800000|  0%| F|  |TAMS 0x0000000712600000| PB 0x0000000712600000| Untracked |  0
|  134|0x0000000712800000, 0x0000000712800000, 0x0000000712a00000|  0%| F|  |TAMS 0x0000000712800000| PB 0x0000000712800000| Untracked |  0
|  135|0x0000000712a00000, 0x0000000712a00000, 0x0000000712c00000|  0%| F|  |TAMS 0x0000000712a00000| PB 0x0000000712a00000| Untracked |  0
|  136|0x0000000712c00000, 0x0000000712c00000, 0x0000000712e00000|  0%| F|  |TAMS 0x0000000712c00000| PB 0x0000000712c00000| Untracked |  0
|  137|0x0000000712e00000, 0x0000000712e00000, 0x0000000713000000|  0%| F|  |TAMS 0x0000000712e00000| PB 0x0000000712e00000| Untracked |  0
|  138|0x0000000713000000, 0x0000000713000000, 0x0000000713200000|  0%| F|  |TAMS 0x0000000713000000| PB 0x0000000713000000| Untracked |  0
|  139|0x0000000713200000, 0x0000000713200000, 0x0000000713400000|  0%| F|  |TAMS 0x0000000713200000| PB 0x0000000713200000| Untracked |  0
|  140|0x0000000713400000, 0x0000000713400000, 0x0000000713600000|  0%| F|  |TAMS 0x0000000713400000| PB 0x0000000713400000| Untracked |  0
|  141|0x0000000713600000, 0x0000000713600000, 0x0000000713800000|  0%| F|  |TAMS 0x0000000713600000| PB 0x0000000713600000| Untracked |  0
|  142|0x0000000713800000, 0x0000000713800000, 0x0000000713a00000|  0%| F|  |TAMS 0x0000000713800000| PB 0x0000000713800000| Untracked |  0
|  143|0x0000000713a00000, 0x0000000713a00000, 0x0000000713c00000|  0%| F|  |TAMS 0x0000000713a00000| PB 0x0000000713a00000| Untracked |  0
|  144|0x0000000713c00000, 0x0000000713c00000, 0x0000000713e00000|  0%| F|  |TAMS 0x0000000713c00000| PB 0x0000000713c00000| Untracked |  0
|  145|0x0000000713e00000, 0x0000000713e00000, 0x0000000714000000|  0%| F|  |TAMS 0x0000000713e00000| PB 0x0000000713e00000| Untracked |  0
|  146|0x0000000714000000, 0x0000000714000000, 0x0000000714200000|  0%| F|  |TAMS 0x0000000714000000| PB 0x0000000714000000| Untracked |  0
|  147|0x0000000714200000, 0x0000000714200000, 0x0000000714400000|  0%| F|  |TAMS 0x0000000714200000| PB 0x0000000714200000| Untracked |  0
|  148|0x0000000714400000, 0x0000000714400000, 0x0000000714600000|  0%| F|  |TAMS 0x0000000714400000| PB 0x0000000714400000| Untracked |  0
|  149|0x0000000714600000, 0x0000000714600000, 0x0000000714800000|  0%| F|  |TAMS 0x0000000714600000| PB 0x0000000714600000| Untracked |  0
|  150|0x0000000714800000, 0x0000000714800000, 0x0000000714a00000|  0%| F|  |TAMS 0x0000000714800000| PB 0x0000000714800000| Untracked |  0
|  151|0x0000000714a00000, 0x0000000714a00000, 0x0000000714c00000|  0%| F|  |TAMS 0x0000000714a00000| PB 0x0000000714a00000| Untracked |  0
|  152|0x0000000714c00000, 0x0000000714c00000, 0x0000000714e00000|  0%| F|  |TAMS 0x0000000714c00000| PB 0x0000000714c00000| Untracked |  0
|  153|0x0000000714e00000, 0x0000000714e00000, 0x0000000715000000|  0%| F|  |TAMS 0x0000000714e00000| PB 0x0000000714e00000| Untracked |  0
|  154|0x0000000715000000, 0x0000000715000000, 0x0000000715200000|  0%| F|  |TAMS 0x0000000715000000| PB 0x0000000715000000| Untracked |  0
|  155|0x0000000715200000, 0x0000000715200000, 0x0000000715400000|  0%| F|  |TAMS 0x0000000715200000| PB 0x0000000715200000| Untracked |  0
|  156|0x0000000715400000, 0x0000000715400000, 0x0000000715600000|  0%| F|  |TAMS 0x0000000715400000| PB 0x0000000715400000| Untracked |  0
|  157|0x0000000715600000, 0x0000000715600000, 0x0000000715800000|  0%| F|  |TAMS 0x0000000715600000| PB 0x0000000715600000| Untracked |  0
|  158|0x0000000715800000, 0x0000000715800000, 0x0000000715a00000|  0%| F|  |TAMS 0x0000000715800000| PB 0x0000000715800000| Untracked |  0
|  159|0x0000000715a00000, 0x0000000715a00000, 0x0000000715c00000|  0%| F|  |TAMS 0x0000000715a00000| PB 0x0000000715a00000| Untracked |  0
|  160|0x0000000715c00000, 0x0000000715c00000, 0x0000000715e00000|  0%| F|  |TAMS 0x0000000715c00000| PB 0x0000000715c00000| Untracked |  0
|  161|0x0000000715e00000, 0x0000000715e00000, 0x0000000716000000|  0%| F|  |TAMS 0x0000000715e00000| PB 0x0000000715e00000| Untracked |  0
|  162|0x0000000716000000, 0x0000000716000000, 0x0000000716200000|  0%| F|  |TAMS 0x0000000716000000| PB 0x0000000716000000| Untracked |  0
|  163|0x0000000716200000, 0x0000000716200000, 0x0000000716400000|  0%| F|  |TAMS 0x0000000716200000| PB 0x0000000716200000| Untracked |  0
|  164|0x0000000716400000, 0x0000000716400000, 0x0000000716600000|  0%| F|  |TAMS 0x0000000716400000| PB 0x0000000716400000| Untracked |  0
|  165|0x0000000716600000, 0x0000000716600000, 0x0000000716800000|  0%| F|  |TAMS 0x0000000716600000| PB 0x0000000716600000| Untracked |  0
|  166|0x0000000716800000, 0x0000000716800000, 0x0000000716a00000|  0%| F|  |TAMS 0x0000000716800000| PB 0x0000000716800000| Untracked |  0
|  167|0x0000000716a00000, 0x0000000716a00000, 0x0000000716c00000|  0%| F|  |TAMS 0x0000000716a00000| PB 0x0000000716a00000| Untracked |  0
|  168|0x0000000716c00000, 0x0000000716c00000, 0x0000000716e00000|  0%| F|  |TAMS 0x0000000716c00000| PB 0x0000000716c00000| Untracked |  0
|  169|0x0000000716e00000, 0x0000000716e00000, 0x0000000717000000|  0%| F|  |TAMS 0x0000000716e00000| PB 0x0000000716e00000| Untracked |  0
|  170|0x0000000717000000, 0x0000000717000000, 0x0000000717200000|  0%| F|  |TAMS 0x0000000717000000| PB 0x0000000717000000| Untracked |  0
|  171|0x0000000717200000, 0x0000000717200000, 0x0000000717400000|  0%| F|  |TAMS 0x0000000717200000| PB 0x0000000717200000| Untracked |  0
|  172|0x0000000717400000, 0x0000000717400000, 0x0000000717600000|  0%| F|  |TAMS 0x0000000717400000| PB 0x0000000717400000| Untracked |  0
|  173|0x0000000717600000, 0x0000000717600000, 0x0000000717800000|  0%| F|  |TAMS 0x0000000717600000| PB 0x0000000717600000| Untracked |  0
|  174|0x0000000717800000, 0x0000000717800000, 0x0000000717a00000|  0%| F|  |TAMS 0x0000000717800000| PB 0x0000000717800000| Untracked |  0
|  175|0x0000000717a00000, 0x0000000717a00000, 0x0000000717c00000|  0%| F|  |TAMS 0x0000000717a00000| PB 0x0000000717a00000| Untracked |  0
|  176|0x0000000717c00000, 0x0000000717c00000, 0x0000000717e00000|  0%| F|  |TAMS 0x0000000717c00000| PB 0x0000000717c00000| Untracked |  0
|  177|0x0000000717e00000, 0x0000000717e00000, 0x0000000718000000|  0%| F|  |TAMS 0x0000000717e00000| PB 0x0000000717e00000| Untracked |  0
|  178|0x0000000718000000, 0x0000000718000000, 0x0000000718200000|  0%| F|  |TAMS 0x0000000718000000| PB 0x0000000718000000| Untracked |  0
|  179|0x0000000718200000, 0x0000000718200000, 0x0000000718400000|  0%| F|  |TAMS 0x0000000718200000| PB 0x0000000718200000| Untracked |  0
|  180|0x0000000718400000, 0x0000000718400000, 0x0000000718600000|  0%| F|  |TAMS 0x0000000718400000| PB 0x0000000718400000| Untracked |  0
|  181|0x0000000718600000, 0x0000000718600000, 0x0000000718800000|  0%| F|  |TAMS 0x0000000718600000| PB 0x0000000718600000| Untracked |  0
|  182|0x0000000718800000, 0x0000000718800000, 0x0000000718a00000|  0%| F|  |TAMS 0x0000000718800000| PB 0x0000000718800000| Untracked |  0
|  183|0x0000000718a00000, 0x0000000718a00000, 0x0000000718c00000|  0%| F|  |TAMS 0x0000000718a00000| PB 0x0000000718a00000| Untracked |  0
|  184|0x0000000718c00000, 0x0000000718c00000, 0x0000000718e00000|  0%| F|  |TAMS 0x0000000718c00000| PB 0x0000000718c00000| Untracked |  0
|  185|0x0000000718e00000, 0x0000000718e00000, 0x0000000719000000|  0%| F|  |TAMS 0x0000000718e00000| PB 0x0000000718e00000| Untracked |  0
|  186|0x0000000719000000, 0x0000000719000000, 0x0000000719200000|  0%| F|  |TAMS 0x0000000719000000| PB 0x0000000719000000| Untracked |  0
|  187|0x0000000719200000, 0x0000000719200000, 0x0000000719400000|  0%| F|  |TAMS 0x0000000719200000| PB 0x0000000719200000| Untracked |  0
|  188|0x0000000719400000, 0x0000000719400000, 0x0000000719600000|  0%| F|  |TAMS 0x0000000719400000| PB 0x0000000719400000| Untracked |  0
|  189|0x0000000719600000, 0x0000000719600000, 0x0000000719800000|  0%| F|  |TAMS 0x0000000719600000| PB 0x0000000719600000| Untracked |  0
|  190|0x0000000719800000, 0x0000000719800000, 0x0000000719a00000|  0%| F|  |TAMS 0x0000000719800000| PB 0x0000000719800000| Untracked |  0
|  191|0x0000000719a00000, 0x0000000719a00000, 0x0000000719c00000|  0%| F|  |TAMS 0x0000000719a00000| PB 0x0000000719a00000| Untracked |  0
|  192|0x0000000719c00000, 0x0000000719c00000, 0x0000000719e00000|  0%| F|  |TAMS 0x0000000719c00000| PB 0x0000000719c00000| Untracked |  0
|  193|0x0000000719e00000, 0x0000000719e00000, 0x000000071a000000|  0%| F|  |TAMS 0x0000000719e00000| PB 0x0000000719e00000| Untracked |  0
|  194|0x000000071a000000, 0x000000071a000000, 0x000000071a200000|  0%| F|  |TAMS 0x000000071a000000| PB 0x000000071a000000| Untracked |  0
|  195|0x000000071a200000, 0x000000071a200000, 0x000000071a400000|  0%| F|  |TAMS 0x000000071a200000| PB 0x000000071a200000| Untracked |  0
|  196|0x000000071a400000, 0x000000071a400000, 0x000000071a600000|  0%| F|  |TAMS 0x000000071a400000| PB 0x000000071a400000| Untracked |  0
|  197|0x000000071a600000, 0x000000071a600000, 0x000000071a800000|  0%| F|  |TAMS 0x000000071a600000| PB 0x000000071a600000| Untracked |  0
|  198|0x000000071a800000, 0x000000071a800000, 0x000000071aa00000|  0%| F|  |TAMS 0x000000071a800000| PB 0x000000071a800000| Untracked |  0
|  199|0x000000071aa00000, 0x000000071aa00000, 0x000000071ac00000|  0%| F|  |TAMS 0x000000071aa00000| PB 0x000000071aa00000| Untracked |  0
|  200|0x000000071ac00000, 0x000000071ac00000, 0x000000071ae00000|  0%| F|  |TAMS 0x000000071ac00000| PB 0x000000071ac00000| Untracked |  0
|  201|0x000000071ae00000, 0x000000071ae00000, 0x000000071b000000|  0%| F|  |TAMS 0x000000071ae00000| PB 0x000000071ae00000| Untracked |  0
|  202|0x000000071b000000, 0x000000071b000000, 0x000000071b200000|  0%| F|  |TAMS 0x000000071b000000| PB 0x000000071b000000| Untracked |  0
|  203|0x000000071b200000, 0x000000071b200000, 0x000000071b400000|  0%| F|  |TAMS 0x000000071b200000| PB 0x000000071b200000| Untracked |  0
|  204|0x000000071b400000, 0x000000071b400000, 0x000000071b600000|  0%| F|  |TAMS 0x000000071b400000| PB 0x000000071b400000| Untracked |  0
|  205|0x000000071b600000, 0x000000071b600000, 0x000000071b800000|  0%| F|  |TAMS 0x000000071b600000| PB 0x000000071b600000| Untracked |  0
|  206|0x000000071b800000, 0x000000071b800000, 0x000000071ba00000|  0%| F|  |TAMS 0x000000071b800000| PB 0x000000071b800000| Untracked |  0
|  207|0x000000071ba00000, 0x000000071ba00000, 0x000000071bc00000|  0%| F|  |TAMS 0x000000071ba00000| PB 0x000000071ba00000| Untracked |  0
|  208|0x000000071bc00000, 0x000000071bc00000, 0x000000071be00000|  0%| F|  |TAMS 0x000000071bc00000| PB 0x000000071bc00000| Untracked |  0
|  209|0x000000071be00000, 0x000000071c000000, 0x000000071c000000|100%| O|Cr|TAMS 0x000000071be00000| PB 0x000000071be00000| Complete  |  2
|  210|0x000000071c000000, 0x000000071c000000, 0x000000071c200000|  0%| F|  |TAMS 0x000000071c000000| PB 0x000000071c000000| Untracked |  0
|  211|0x000000071c200000, 0x000000071c200000, 0x000000071c400000|  0%| F|  |TAMS 0x000000071c200000| PB 0x000000071c200000| Untracked |  0
| 2021|0x00000007fe600000, 0x00000007fe800000, 0x00000007fe800000|100%| O|  |TAMS 0x00000007fe600000| PB 0x00000007fe600000| Untracked |  0
| 2022|0x00000007fe800000, 0x00000007fe800000, 0x00000007fea00000|  0%| F|  |TAMS 0x00000007fe800000| PB 0x00000007fe800000| Untracked |  0
| 2023|0x00000007fea00000, 0x00000007fea00000, 0x00000007fec00000|  0%| F|  |TAMS 0x00000007fea00000| PB 0x00000007fea00000| Untracked |  0
| 2024|0x00000007fec00000, 0x00000007fec00000, 0x00000007fee00000|  0%| F|  |TAMS 0x00000007fec00000| PB 0x00000007fec00000| Untracked |  0
| 2025|0x00000007fee00000, 0x00000007fee00000, 0x00000007ff000000|  0%| F|  |TAMS 0x00000007fee00000| PB 0x00000007fee00000| Untracked |  0
| 2026|0x00000007ff000000, 0x00000007ff000000, 0x00000007ff200000|  0%| F|  |TAMS 0x00000007ff000000| PB 0x00000007ff000000| Untracked |  0
| 2027|0x00000007ff200000, 0x00000007ff200000, 0x00000007ff400000|  0%| F|  |TAMS 0x00000007ff200000| PB 0x00000007ff200000| Untracked |  0
| 2028|0x00000007ff400000, 0x00000007ff600000, 0x00000007ff600000|100%| O|  |TAMS 0x00000007ff400000| PB 0x00000007ff400000| Untracked |  0
| 2029|0x00000007ff600000, 0x00000007ff800000, 0x00000007ff800000|100%| O|  |TAMS 0x00000007ff600000| PB 0x00000007ff600000| Untracked |  0
| 2030|0x00000007ff800000, 0x00000007ff800000, 0x00000007ffa00000|  0%| F|  |TAMS 0x00000007ff800000| PB 0x00000007ff800000| Untracked |  0
| 2031|0x00000007ffa00000, 0x00000007ffc00000, 0x00000007ffc00000|100%| O|  |TAMS 0x00000007ffa00000| PB 0x00000007ffa00000| Untracked |  0
| 2032|0x00000007ffc00000, 0x00000007ffe00000, 0x00000007ffe00000|100%| O|  |TAMS 0x00000007ffc00000| PB 0x00000007ffc00000| Untracked |  0
| 2033|0x00000007ffe00000, 0x00000007ffe00000, 0x0000000800000000|  0%| F|  |TAMS 0x00000007ffe00000| PB 0x00000007ffe00000| Untracked |  0

Card table byte_map: [0x000001f1f6720000,0x000001f1f6f20000] _byte_map_base: 0x000001f1f2f12000
Refinement table byte_map: [0x000001f1f6f20000,0x000001f1f7720000] _byte_map_base: 0x000001f1f3712000

Marking Bits: (CMBitMap*) 0x000001f1ea1da400
 Bits: [0x000001f1f7720000, 0x000001f1fb6b0000)

Polling page: 0x000001f1e7ed0000

Metaspace:
Metaspace        used 98291K, committed 98944K, reserved 1179648K
 class space     used 14433K, committed 14720K, reserved 1048576K

Usage:
  Non-class:     81.89 MB used.
      Class:     14.10 MB used.
       Both:     95.99 MB used.

Virtual space:
  Non-class space:      128.00 MB reserved,      82.25 MB ( 64%) committed,  2 nodes.
      Class space:        1.00 GB reserved,      14.38 MB (  1%) committed,  1 nodes.
             Both:        1.12 GB reserved,      96.62 MB (  8%) committed. 

Chunk freelists:
   Non-Class:  13.08 MB
       Class:  1.73 MB
        Both:  14.81 MB

MaxMetaspaceSize: unlimited
CompressedClassSpaceSize: 1.00 GB
Initial GC threshold: 21.00 MB
Current GC threshold: 161.06 MB
CDS: on
 - commit_granule_bytes: 65536.
 - commit_granule_words: 8192.
 - virtual_space_node_default_size: 8388608.
 - enlarge_chunks_in_place: 1.
UseCompressedClassPointers 1, UseCompactObjectHeaders 0
Narrow klass pointer bits 32, Max shift 3
Narrow klass base: 0x000000003c000000, Narrow klass shift: 0
Encoding Range: [0x000000003c000000 - 0x000000013c000000), (4294967296 bytes)
Klass Range:    [0x000000003c000000 - 0x000000007d000000), (1090519040 bytes)
Klass ID Range:  [8 - 1090519033) (1090519025)
Protection zone: [0x000000003c000000 - 0x000000003c010000), (65536 bytes)


Internal statistics:

num_allocs_failed_limit: 9.
num_arena_births: 982.
num_arena_deaths: 266.
num_vsnodes_births: 3.
num_vsnodes_deaths: 0.
num_space_committed: 1546.
num_space_uncommitted: 0.
num_chunks_returned_to_freelist: 288.
num_chunks_taken_from_freelist: 4425.
num_chunk_merges: 72.
num_chunk_splits: 3251.
num_chunks_enlarged: 2691.
num_inconsistent_stats: 0.

CodeCache: size=49152Kb used=10450Kb max_used=11688Kb free=38701Kb
 bounds [0x000001f1f2e10000, 0x000001f1f39d0000, 0x000001f1f5e10000]
 total_blobs=7541, nmethods=6635, adapters=829, full_count=0
Compilation: enabled, stopped_count=0, restarted_count=0

Compilation events (20 events):
Event: 21.991 Thread 0x000001f1fe9bd010 nmethod 9434 0x000001f1f3453908 code [0x000001f1f3453a00, 0x000001f1f3453ab8]
Event: 21.992 Thread 0x000001f18a1d8850 nmethod 9433 0x000001f1f3453188 code [0x000001f1f3453280, 0x000001f1f34538d0]
Event: 21.995 Thread 0x000001f18a1d8850 9435       1       org.postgresql.jdbc.PgStatement::cleanupTimer (58 bytes)
Event: 21.996 Thread 0x000001f18a1d8850 nmethod 9435 0x000001f1f3452c88 code [0x000001f1f3452d80, 0x000001f1f3453138]
Event: 21.997 Thread 0x000001f1fe9bd010 9436       1       org.postgresql.jdbc.PgStatement$StatementResultHandler::getResults (5 bytes)
Event: 21.998 Thread 0x000001f1fe9bd010 nmethod 9436 0x000001f1f3452908 code [0x000001f1f3452a00, 0x000001f1f3452ab8]
Event: 22.002 Thread 0x000001f1fe9bd010 9437       1       jdk.internal.math.MathUtils::flog10pow2 (11 bytes)
Event: 22.002 Thread 0x000001f1fe9bd010 nmethod 9437 0x000001f1f34ff508 code [0x000001f1f34ff600, 0x000001f1f34ff6b8]
Event: 22.019 Thread 0x000001f1fe9bd010 9438       1       java.util.EventObject::getSource (5 bytes)
Event: 22.019 Thread 0x000001f1fe0a3ec0 9439       1       org.springframework.context.event.SimpleApplicationEventMulticaster::getErrorHandler (5 bytes)
Event: 22.019 Thread 0x000001f1fe9bd010 nmethod 9438 0x000001f1f34ff208 code [0x000001f1f34ff300, 0x000001f1f34ff3b8]
Event: 22.019 Thread 0x000001f1fe0a3ec0 nmethod 9439 0x000001f1f34fef08 code [0x000001f1f34ff000, 0x000001f1f34ff0b8]
Event: 22.026 Thread 0x000001f1fe0a3ec0 9440       1       org.apache.catalina.connector.CoyoteAdapter::normalize (466 bytes)
Event: 22.028 Thread 0x000001f1fe0a3ec0 nmethod 9440 0x000001f1f34fe508 code [0x000001f1f34fe600, 0x000001f1f34fee48]
Event: 22.030 Thread 0x000001f1fe0a3ec0 9441       1       java.time.LocalTime::<init> (29 bytes)
Event: 22.030 Thread 0x000001f1fe0a3ec0 nmethod 9441 0x000001f1f3690988 code [0x000001f1f3690a80, 0x000001f1f3690b40]
Event: 22.030 Thread 0x000001f18a1d8850 9442       1       java.util.logging.Logger::log (25 bytes)
Event: 22.030 Thread 0x000001f18a1d8850 nmethod 9442 0x000001f1f3690688 code [0x000001f1f3690780, 0x000001f1f3690958]
Event: 22.031 Thread 0x000001f1fe9bd010 9443       1       org.apache.pdfbox.pdfparser.COSParser::lastIndexOf (78 bytes)
Event: 22.031 Thread 0x000001f1fe9bd010 nmethod 9443 0x000001f1f3690388 code [0x000001f1f3690480, 0x000001f1f3690628]

GC Heap Usage History (20 events):
Event: 19.242 {heap After GC invocations=34 (full 0):
 garbage-first heap   total reserved 4165632K, committed 98304K, used 75713K [0x0000000701c00000, 0x0000000800000000)
  region size 2M, 0 eden (0M), 1 survivor (2M), 29 old (58M), 8 humongous (16M), 10 free (20M)
}
Event: 19.246 {heap Before GC invocations=34 (full 0):
 garbage-first heap   total reserved 4165632K, committed 98304K, used 75713K [0x0000000701c00000, 0x0000000800000000)
  region size 2M, 1 eden (2M), 1 survivor (2M), 29 old (58M), 8 humongous (16M), 9 free (18M)
}
Event: 19.249 {heap After GC invocations=35 (full 0):
 garbage-first heap   total reserved 4165632K, committed 98304K, used 77748K [0x0000000701c00000, 0x0000000800000000)
  region size 2M, 0 eden (0M), 1 survivor (2M), 31 old (62M), 8 humongous (16M), 8 free (16M)
}
Event: 19.481 {heap Before GC invocations=36 (full 0):
 garbage-first heap   total reserved 4165632K, committed 131072K, used 118708K [0x0000000701c00000, 0x0000000800000000)
  region size 2M, 3 eden (6M), 1 survivor (2M), 31 old (62M), 26 humongous (52M), 3 free (6M)
}
Event: 19.484 {heap After GC invocations=37 (full 0):
 garbage-first heap   total reserved 4165632K, committed 131072K, used 120709K [0x0000000701c00000, 0x0000000800000000)
  region size 2M, 0 eden (0M), 1 survivor (2M), 33 old (66M), 26 humongous (52M), 4 free (8M)
}
Event: 19.513 {heap Before GC invocations=37 (full 0):
 garbage-first heap   total reserved 4165632K, committed 131072K, used 122757K [0x0000000701c00000, 0x0000000800000000)
  region size 2M, 2 eden (4M), 1 survivor (2M), 33 old (66M), 26 humongous (52M), 2 free (4M)
}
Event: 19.516 {heap After GC invocations=38 (full 0):
 garbage-first heap   total reserved 4165632K, committed 133120K, used 119806K [0x0000000701c00000, 0x0000000800000000)
  region size 2M, 0 eden (0M), 1 survivor (2M), 32 old (64M), 26 humongous (52M), 6 free (12M)
}
Event: 19.538 {heap Before GC invocations=38 (full 0):
 garbage-first heap   total reserved 4165632K, committed 133120K, used 121854K [0x0000000701c00000, 0x0000000800000000)
  region size 2M, 2 eden (4M), 1 survivor (2M), 32 old (64M), 26 humongous (52M), 4 free (8M)
}
Event: 19.542 {heap After GC invocations=39 (full 0):
 garbage-first heap   total reserved 4165632K, committed 133120K, used 123667K [0x0000000701c00000, 0x0000000800000000)
  region size 2M, 0 eden (0M), 1 survivor (2M), 34 old (68M), 26 humongous (52M), 4 free (8M)
}
Event: 19.602 {heap Before GC invocations=39 (full 0):
 garbage-first heap   total reserved 4165632K, committed 149504K, used 142099K [0x0000000701c00000, 0x0000000800000000)
  region size 2M, 2 eden (4M), 1 survivor (2M), 34 old (68M), 34 humongous (68M), 2 free (4M)
}
Event: 19.607 {heap After GC invocations=40 (full 0):
 garbage-first heap   total reserved 4165632K, committed 448512K, used 140818K [0x0000000701c00000, 0x0000000800000000)
  region size 2M, 0 eden (0M), 1 survivor (2M), 35 old (70M), 34 humongous (68M), 149 free (298M)
}
Event: 20.677 {heap Before GC invocations=41 (full 0):
 garbage-first heap   total reserved 4165632K, committed 448512K, used 411154K [0x0000000701c00000, 0x0000000800000000)
  region size 2M, 69 eden (138M), 1 survivor (2M), 35 old (70M), 98 humongous (196M), 16 free (32M)
}
Event: 20.705 {heap After GC invocations=42 (full 0):
 garbage-first heap   total reserved 4165632K, committed 460800K, used 254337K [0x0000000701c00000, 0x0000000800000000)
  region size 2M, 0 eden (0M), 9 survivor (18M), 49 old (98M), 67 humongous (134M), 100 free (200M)
}
Event: 21.168 {heap Before GC invocations=42 (full 0):
 garbage-first heap   total reserved 4165632K, committed 460800K, used 362881K [0x0000000701c00000, 0x0000000800000000)
  region size 2M, 39 eden (78M), 9 survivor (18M), 49 old (98M), 82 humongous (164M), 46 free (92M)
}
Event: 21.172 {heap After GC invocations=43 (full 0):
 garbage-first heap   total reserved 4165632K, committed 460800K, used 217968K [0x0000000701c00000, 0x0000000800000000)
  region size 2M, 0 eden (0M), 4 survivor (8M), 50 old (100M), 53 humongous (106M), 118 free (236M)
}
Event: 21.186 {heap Before GC invocations=43 (full 0):
 garbage-first heap   total reserved 4165632K, committed 460800K, used 222064K [0x0000000701c00000, 0x0000000800000000)
  region size 2M, 3 eden (6M), 4 survivor (8M), 50 old (100M), 53 humongous (106M), 115 free (230M)
}
Event: 21.189 {heap After GC invocations=44 (full 0):
 garbage-first heap   total reserved 4165632K, committed 460800K, used 216097K [0x0000000701c00000, 0x0000000800000000)
  region size 2M, 0 eden (0M), 4 survivor (8M), 49 old (98M), 53 humongous (106M), 119 free (238M)
}
Event: 21.561 {heap Before GC invocations=45 (full 0):
 garbage-first heap   total reserved 4165632K, committed 460800K, used 271393K [0x0000000701c00000, 0x0000000800000000)
  region size 2M, 54 eden (108M), 4 survivor (8M), 33 old (66M), 43 humongous (86M), 91 free (182M)
}
Event: 21.567 {heap After GC invocations=46 (full 0):
 garbage-first heap   total reserved 4165632K, committed 460800K, used 135963K [0x0000000701c00000, 0x0000000800000000)
  region size 2M, 0 eden (0M), 8 survivor (16M), 35 old (70M), 24 humongous (48M), 158 free (316M)
}
Event: 22.034 {heap Before GC invocations=46 (full 0):
 garbage-first heap   total reserved 4165632K, committed 460800K, used 340763K [0x0000000701c00000, 0x0000000800000000)
  region size 2M, 81 eden (162M), 8 survivor (16M), 35 old (70M), 44 humongous (88M), 57 free (114M)
}

Metaspace Usage History (20 events):
Event: 19.242 {metaspace After GC invocations=34 (full 0):
 Metaspace       used 96149K, committed 96896K, reserved 1179648K
  class space    used 14259K, committed 14592K, reserved 1048576K
}
Event: 19.246 {metaspace Before GC invocations=34 (full 0):
 Metaspace       used 96149K, committed 96896K, reserved 1179648K
  class space    used 14259K, committed 14592K, reserved 1048576K
}
Event: 19.249 {metaspace After GC invocations=35 (full 0):
 Metaspace       used 96149K, committed 96896K, reserved 1179648K
  class space    used 14259K, committed 14592K, reserved 1048576K
}
Event: 19.481 {metaspace Before GC invocations=36 (full 0):
 Metaspace       used 97102K, committed 97792K, reserved 1179648K
  class space    used 14355K, committed 14656K, reserved 1048576K
}
Event: 19.484 {metaspace After GC invocations=37 (full 0):
 Metaspace       used 97102K, committed 97792K, reserved 1179648K
  class space    used 14355K, committed 14656K, reserved 1048576K
}
Event: 19.513 {metaspace Before GC invocations=37 (full 0):
 Metaspace       used 97103K, committed 97792K, reserved 1179648K
  class space    used 14355K, committed 14656K, reserved 1048576K
}
Event: 19.516 {metaspace After GC invocations=38 (full 0):
 Metaspace       used 97103K, committed 97792K, reserved 1179648K
  class space    used 14355K, committed 14656K, reserved 1048576K
}
Event: 19.538 {metaspace Before GC invocations=38 (full 0):
 Metaspace       used 97106K, committed 97792K, reserved 1179648K
  class space    used 14356K, committed 14656K, reserved 1048576K
}
Event: 19.542 {metaspace After GC invocations=39 (full 0):
 Metaspace       used 97106K, committed 97792K, reserved 1179648K
  class space    used 14356K, committed 14656K, reserved 1048576K
}
Event: 19.602 {metaspace Before GC invocations=39 (full 0):
 Metaspace       used 97133K, committed 97856K, reserved 1179648K
  class space    used 14360K, committed 14656K, reserved 1048576K
}
Event: 19.607 {metaspace After GC invocations=40 (full 0):
 Metaspace       used 97133K, committed 97856K, reserved 1179648K
  class space    used 14360K, committed 14656K, reserved 1048576K
}
Event: 20.677 {metaspace Before GC invocations=41 (full 0):
 Metaspace       used 97046K, committed 97984K, reserved 1179648K
  class space    used 14308K, committed 14656K, reserved 1048576K
}
Event: 20.705 {metaspace After GC invocations=42 (full 0):
 Metaspace       used 97046K, committed 97984K, reserved 1179648K
  class space    used 14308K, committed 14656K, reserved 1048576K
}
Event: 21.168 {metaspace Before GC invocations=42 (full 0):
 Metaspace       used 98223K, committed 98880K, reserved 1179648K
  class space    used 14418K, committed 14720K, reserved 1048576K
}
Event: 21.172 {metaspace After GC invocations=43 (full 0):
 Metaspace       used 98223K, committed 98880K, reserved 1179648K
  class space    used 14418K, committed 14720K, reserved 1048576K
}
Event: 21.186 {metaspace Before GC invocations=43 (full 0):
 Metaspace       used 98253K, committed 98944K, reserved 1179648K
  class space    used 14424K, committed 14720K, reserved 1048576K
}
Event: 21.189 {metaspace After GC invocations=44 (full 0):
 Metaspace       used 98253K, committed 98944K, reserved 1179648K
  class space    used 14424K, committed 14720K, reserved 1048576K
}
Event: 21.561 {metaspace Before GC invocations=45 (full 0):
 Metaspace       used 98284K, committed 98944K, reserved 1179648K
  class space    used 14431K, committed 14720K, reserved 1048576K
}
Event: 21.567 {metaspace After GC invocations=46 (full 0):
 Metaspace       used 98284K, committed 98944K, reserved 1179648K
  class space    used 14431K, committed 14720K, reserved 1048576K
}
Event: 22.034 {metaspace Before GC invocations=46 (full 0):
 Metaspace       used 98291K, committed 98944K, reserved 1179648K
  class space    used 14433K, committed 14720K, reserved 1048576K
}

Dll operation events (20 events):
Event: 0.104 Attempting to load shared library C:\Program Files\Java\jdk-26\bin\net.dll
Event: 0.104 Loaded shared library C:\Program Files\Java\jdk-26\bin\net.dll
Event: 0.106 Attempting to load shared library C:\Program Files\Java\jdk-26\bin\nio.dll
Event: 0.106 Loaded shared library C:\Program Files\Java\jdk-26\bin\nio.dll
Event: 0.109 Attempting to load shared library C:\Program Files\Java\jdk-26\bin\zip.dll
Event: 0.109 Loaded shared library C:\Program Files\Java\jdk-26\bin\zip.dll
Event: 0.219 Attempting to load shared library C:\Program Files\Java\jdk-26\bin\jimage.dll
Event: 0.219 Loaded shared library C:\Program Files\Java\jdk-26\bin\jimage.dll
Event: 0.535 Attempting to load shared library C:\Program Files\Java\jdk-26\bin\management.dll
Event: 0.536 Loaded shared library C:\Program Files\Java\jdk-26\bin\management.dll
Event: 0.539 Attempting to load shared library C:\Program Files\Java\jdk-26\bin\management_ext.dll
Event: 0.541 Loaded shared library C:\Program Files\Java\jdk-26\bin\management_ext.dll
Event: 1.609 Attempting to load shared library C:\Program Files\Java\jdk-26\bin\sunmscapi.dll
Event: 1.613 Loaded shared library C:\Program Files\Java\jdk-26\bin\sunmscapi.dll
Event: 4.563 Attempting to load shared library C:\Program Files\Java\jdk-26\bin\extnet.dll
Event: 4.564 Loaded shared library C:\Program Files\Java\jdk-26\bin\extnet.dll
Event: 18.136 Attempting to load shared library C:\Program Files\Java\jdk-26\bin\awt.dll
Event: 18.145 Loaded shared library C:\Program Files\Java\jdk-26\bin\awt.dll
Event: 19.383 Attempting to load shared library C:\Program Files\Java\jdk-26\bin\javajpeg.dll
Event: 19.385 Loaded shared library C:\Program Files\Java\jdk-26\bin\javajpeg.dll

Deoptimization events (10 events):
Event: 0.948 Thread 0x000001f1fefb7de0 DEOPT PACKING pc=0x000001f1f323f0b4 sp=0x000000ed856fc060
Event: 0.948 Thread 0x000001f1fefb7de0 DEOPT UNPACKING pc=0x000001f1f2e61a02 sp=0x000000ed856fb558 mode 0
Event: 3.561 Thread 0x000001f184469370 DEOPT PACKING pc=0x000001f1f324b661 sp=0x000000ed85aff2a0
Event: 3.561 Thread 0x000001f184469370 DEOPT UNPACKING pc=0x000001f1f2e61a02 sp=0x000000ed85afe6f8 mode 3
Event: 3.561 Thread 0x000001f1fefb7de0 DEOPT PACKING pc=0x000001f1f324b2e6 sp=0x000000ed856fe370
Event: 3.561 Thread 0x000001f1fefb7de0 DEOPT UNPACKING pc=0x000001f1f2e61a02 sp=0x000000ed856fd800 mode 3
Event: 19.546 Thread 0x000001f18a0d9930 DEOPT PACKING pc=0x000001f1f33fa9ac sp=0x000000ed86dfc970
Event: 19.546 Thread 0x000001f18a0d9930 DEOPT UNPACKING pc=0x000001f1f2e61a02 sp=0x000000ed86dfbe78 mode 0
Event: 19.601 Thread 0x000001f18a0db0a0 DEOPT PACKING pc=0x000001f1f33fa9ac sp=0x000000ed870fca50
Event: 19.601 Thread 0x000001f18a0db0a0 DEOPT UNPACKING pc=0x000001f1f2e61a02 sp=0x000000ed870fbf58 mode 0

Classes loaded (20 events):
Event: 21.179 Loading class sun/java2d/loops/GraphicsPrimitiveMgr$PrimitiveSpec
Event: 21.179 Loading class sun/java2d/loops/GraphicsPrimitiveMgr$PrimitiveSpec done
Event: 21.182 Loading class sun/java2d/loops/DrawGlyphListColor
Event: 21.182 Loading class sun/java2d/loops/DrawGlyphListColor done
Event: 21.183 Loading class sun/java2d/loops/DrawGlyphListColor$General
Event: 21.183 Loading class sun/java2d/loops/DrawGlyphListColor$General done
Event: 21.183 Loading class sun/java2d/loops/Blit$GeneralMaskBlit
Event: 21.184 Loading class sun/java2d/loops/Blit$GeneralMaskBlit done
Event: 21.185 Loading class sun/awt/image/BufferedImageGraphicsConfig
Event: 21.185 Loading class java/awt/GraphicsConfiguration
Event: 21.185 Loading class java/awt/GraphicsConfiguration done
Event: 21.185 Loading class sun/awt/image/BufferedImageGraphicsConfig done
Event: 21.190 Loading class sun/awt/image/BufferedImageDevice
Event: 21.191 Loading class java/awt/GraphicsDevice
Event: 21.192 Loading class java/awt/GraphicsDevice done
Event: 21.192 Loading class sun/awt/image/BufferedImageDevice done
Event: 21.192 Loading class java/awt/image/MultiResolutionImage
Event: 21.193 Loading class java/awt/image/MultiResolutionImage done
Event: 21.193 Loading class sun/awt/image/ToolkitImage
Event: 21.196 Loading class sun/awt/image/ToolkitImage done

Classes unloaded (20 events):
Event: 19.677 Thread 0x000001f1fe0860e0 Unloading class 0x000000003d455400 'java/lang/invoke/LambdaForm$MH+0x000000003d455400'
Event: 19.677 Thread 0x000001f1fe0860e0 Unloading class 0x000000003d455000 'java/lang/invoke/LambdaForm$BMH+0x000000003d455000'
Event: 19.677 Thread 0x000001f1fe0860e0 Unloading class 0x000000003d44c800 'java/lang/invoke/LambdaForm$MH+0x000000003d44c800'
Event: 19.677 Thread 0x000001f1fe0860e0 Unloading class 0x000000003d44c400 'java/lang/invoke/LambdaForm$MH+0x000000003d44c400'
Event: 19.677 Thread 0x000001f1fe0860e0 Unloading class 0x000000003d434400 'java/lang/invoke/LambdaForm$MH+0x000000003d434400'
Event: 19.677 Thread 0x000001f1fe0860e0 Unloading class 0x000000003d3d8000 'java/lang/invoke/LambdaForm$DMH+0x000000003d3d8000'
Event: 19.677 Thread 0x000001f1fe0860e0 Unloading class 0x000000003d2c4400 'java/lang/invoke/LambdaForm$DMH+0x000000003d2c4400'
Event: 19.677 Thread 0x000001f1fe0860e0 Unloading class 0x000000003d12c000 'java/lang/invoke/LambdaForm$MH+0x000000003d12c000'
Event: 19.677 Thread 0x000001f1fe0860e0 Unloading class 0x000000003d120c00 'java/lang/invoke/LambdaForm$MH+0x000000003d120c00'
Event: 19.677 Thread 0x000001f1fe0860e0 Unloading class 0x000000003d120800 'java/lang/invoke/LambdaForm$MH+0x000000003d120800'
Event: 19.677 Thread 0x000001f1fe0860e0 Unloading class 0x000000003d11a800 'java/lang/invoke/LambdaForm$MH+0x000000003d11a800'
Event: 19.677 Thread 0x000001f1fe0860e0 Unloading class 0x000000003d109000 'java/lang/invoke/LambdaForm$MH+0x000000003d109000'
Event: 19.677 Thread 0x000001f1fe0860e0 Unloading class 0x000000003d108c00 'java/lang/invoke/LambdaForm$MH+0x000000003d108c00'
Event: 19.677 Thread 0x000001f1fe0860e0 Unloading class 0x000000003d0d1400 'java/lang/invoke/LambdaForm$DMH+0x000000003d0d1400'
Event: 19.677 Thread 0x000001f1fe0860e0 Unloading class 0x000000003d0d0000 'java/lang/invoke/LambdaForm$DMH+0x000000003d0d0000'
Event: 19.677 Thread 0x000001f1fe0860e0 Unloading class 0x000000003d0a5c00 'java/lang/invoke/LambdaForm$MH+0x000000003d0a5c00'
Event: 19.677 Thread 0x000001f1fe0860e0 Unloading class 0x000000003d0a5800 'java/lang/invoke/LambdaForm$MH+0x000000003d0a5800'
Event: 19.677 Thread 0x000001f1fe0860e0 Unloading class 0x000000003d0a5400 'java/lang/invoke/LambdaForm$MH+0x000000003d0a5400'
Event: 19.677 Thread 0x000001f1fe0860e0 Unloading class 0x000000003d09c800 'java/lang/invoke/LambdaForm$MH+0x000000003d09c800'
Event: 19.677 Thread 0x000001f1fe0860e0 Unloading class 0x000000003d069000 'java/lang/invoke/LambdaForm$BMH+0x000000003d069000'

Classes redefined (0 events):
No events

Internal exceptions (20 events):
Event: 11.636 Thread 0x000001f1851616d0 Exception <a 'java/lang/NoSuchMethodError'{0x000000070483e960}: 'java.lang.Object java.lang.invoke.DelegatingMethodHandle$Holder.reinvoke_L(java.lang.Object, java.lang.Object, java.lang.Object, java.lang.Object, java.lang.Object, long)'> (0x000000070483e960) 
thrown [s\open\src\hotspot\share\interpreter\linkResolver.cpp, line 804]
Event: 11.636 Thread 0x000001f1851616d0 Exception <a 'java/lang/NoSuchMethodError'{0x000000070484ed98}: 'java.lang.Object java.lang.invoke.Invokers$Holder.linkToTargetMethod(java.lang.Object, java.lang.Object, java.lang.Object, long, java.lang.Object)'> (0x000000070484ed98) 
thrown [s\open\src\hotspot\share\interpreter\linkResolver.cpp, line 804]
Event: 11.751 Thread 0x000001f1851616d0 Exception <a 'java/lang/IncompatibleClassChangeError'{0x000000070475bb48}: Found class java.lang.Object, but interface was expected> (0x000000070475bb48) 
thrown [s\open\src\hotspot\share\interpreter\linkResolver.cpp, line 871]
Event: 11.799 Thread 0x000001f1851616d0 Exception <a 'java/lang/NoSuchMethodError'{0x00000007fff67068}: 'java.lang.Object java.lang.invoke.DirectMethodHandle$Holder.invokeStatic(java.lang.Object, java.lang.Object, java.lang.Object, java.lang.Object, java.lang.Object, java.lang.Object, java.lang.Object, java.lang.Object, java.lang.Object, int)'> (0x00000007fff67068) 
thrown [s\open\src\hotspot\share\interpreter\linkResolver.cpp, line 804]
Event: 11.800 Thread 0x000001f1851616d0 Exception <a 'java/lang/NoSuchMethodError'{0x00000007fff7ac88}: 'java.lang.Object java.lang.invoke.DirectMethodHandle$Holder.invokeStatic(java.lang.Object, java.lang.Object, java.lang.Object, java.lang.Object, java.lang.Object, java.lang.Object, java.lang.Object, java.lang.Object, java.lang.Object, java.lang.Object, int)'> (0x00000007fff7ac88) 
thrown [s\open\src\hotspot\share\interpreter\linkResolver.cpp, line 804]
Event: 11.800 Thread 0x000001f1851616d0 Exception <a 'java/lang/NoSuchMethodError'{0x00000007fff90530}: 'java.lang.Object java.lang.invoke.DirectMethodHandle$Holder.invokeStatic(java.lang.Object, java.lang.Object, java.lang.Object, java.lang.Object, java.lang.Object, java.lang.Object, java.lang.Object, java.lang.Object, int)'> (0x00000007fff90530) 
thrown [s\open\src\hotspot\share\interpreter\linkResolver.cpp, line 804]
Event: 11.830 Thread 0x000001f1851616d0 Exception <a 'java/lang/NoSuchMethodError'{0x00000007ff934fd8}: 'java.lang.Object java.lang.invoke.DirectMethodHandle$Holder.newInvokeSpecial(java.lang.Object, java.lang.Object, int, int)'> (0x00000007ff934fd8) 
thrown [s\open\src\hotspot\share\interpreter\linkResolver.cpp, line 804]
Event: 12.930 Thread 0x000001f1851645b0 Exception <a 'java/lang/NoSuchMethodError'{0x0000000705b33020}: 'java.lang.Object java.lang.invoke.DirectMethodHandle$Holder.invokeInterface(java.lang.Object, java.lang.Object, java.lang.Object, java.lang.Object, java.lang.Object)'> (0x0000000705b33020) 
thrown [s\open\src\hotspot\share\interpreter\linkResolver.cpp, line 804]
Event: 12.940 Thread 0x000001f1851645b0 Exception <a 'java/lang/NoSuchMethodError'{0x0000000705bc94c8}: 'void java.lang.invoke.DirectMethodHandle$Holder.invokeSpecialIFC(java.lang.Object, java.lang.Object, int, java.lang.Object, java.lang.Object, java.lang.Object, java.lang.Object)'> (0x0000000705bc94c8) 
thrown [s\open\src\hotspot\share\interpreter\linkResolver.cpp, line 804]
Event: 12.949 Thread 0x000001f185163de0 Exception <a 'java/lang/NoSuchMethodError'{0x000000070589eb10}: 'double java.lang.invoke.DirectMethodHandle$Holder.invokeStatic(java.lang.Object, double)'> (0x000000070589eb10) 
thrown [s\open\src\hotspot\share\interpreter\linkResolver.cpp, line 804]
Event: 12.949 Thread 0x000001f185163de0 Exception <a 'java/lang/NoSuchMethodError'{0x00000007058a9ea0}: 'double java.lang.invoke.DirectMethodHandle$Holder.invokeStaticInit(java.lang.Object, double)'> (0x00000007058a9ea0) 
thrown [s\open\src\hotspot\share\interpreter\linkResolver.cpp, line 804]
Event: 12.958 Thread 0x000001f1851645b0 Exception <a 'java/lang/IncompatibleClassChangeError'{0x00000007059512a8}: Found class java.lang.Object, but interface was expected> (0x00000007059512a8) 
thrown [s\open\src\hotspot\share\interpreter\linkResolver.cpp, line 871]
Event: 12.960 Thread 0x000001f1851645b0 Exception <a 'java/lang/IncompatibleClassChangeError'{0x0000000705990aa0}: Found class java.lang.Object, but interface was expected> (0x0000000705990aa0) 
thrown [s\open\src\hotspot\share\interpreter\linkResolver.cpp, line 871]
Event: 12.990 Thread 0x000001f185163de0 Exception <a 'java/lang/NoSuchMethodError'{0x000000070543a548}: 'void java.lang.invoke.DirectMethodHandle$Holder.invokeStatic(java.lang.Object, java.lang.Object, int, int, java.lang.Object)'> (0x000000070543a548) 
thrown [s\open\src\hotspot\share\interpreter\linkResolver.cpp, line 804]
Event: 17.369 Thread 0x000001f18a0da100 Exception <a 'java/lang/NoSuchMethodError'{0x0000000705355488}: 'java.lang.Object java.lang.invoke.Invokers$Holder.invoke_MT(java.lang.Object, java.lang.Object, java.lang.Object, java.lang.Object, java.lang.Object, java.lang.Object)'> (0x0000000705355488) 
thrown [s\open\src\hotspot\share\interpreter\linkResolver.cpp, line 804]
Event: 18.128 Thread 0x000001f18a0da100 Exception <a 'java/lang/NoSuchMethodError'{0x00000007061645a8}: 'long java.lang.invoke.DirectMethodHandle$Holder.invokeStatic(java.lang.Object, long, long)'> (0x00000007061645a8) 
thrown [s\open\src\hotspot\share\interpreter\linkResolver.cpp, line 804]
Event: 19.124 Thread 0x000001f18a0d9160 Exception <a 'java/lang/NoSuchMethodError'{0x0000000705bc0db0}: 'java.lang.Object java.lang.invoke.DirectMethodHandle$Holder.invokeVirtual(java.lang.Object, java.lang.Object, java.lang.Object, int, java.lang.Object)'> (0x0000000705bc0db0) 
thrown [s\open\src\hotspot\share\interpreter\linkResolver.cpp, line 804]
Event: 19.407 Thread 0x000001f18a0db0a0 Exception <a 'java/lang/ClassNotFoundException'{0x0000000705c3dc40}: sun/awt/resources/spi/awtProvider> (0x0000000705c3dc40) 
thrown [s\open\src\hotspot\share\classfile\systemDictionary.cpp, line 329]
Event: 19.411 Thread 0x000001f18a0db0a0 Exception <a 'java/io/FileNotFoundException'{0x0000000705c46c38}> (0x0000000705c46c38) 
thrown [s\open\src\hotspot\share\prims\jni.cpp, line 514]
Event: 19.411 Thread 0x000001f18a0db0a0 Exception <a 'java/io/FileNotFoundException'{0x0000000705c47bd0}> (0x0000000705c47bd0) 
thrown [s\open\src\hotspot\share\prims\jni.cpp, line 514]

VM Operations (20 events):
Event: 19.607 Executing safepoint VM operation: G1CollectForAllocation (G1 Evacuation Pause) done
Event: 19.669 Executing safepoint VM operation: G1PauseRemark
Event: 19.696 Executing safepoint VM operation: G1PauseRemark done
Event: 19.743 Executing safepoint VM operation: G1PauseCleanup
Event: 19.758 Executing safepoint VM operation: G1PauseCleanup done
Event: 20.677 Executing safepoint VM operation: G1CollectForAllocation (G1 Evacuation Pause)
Event: 20.705 Executing safepoint VM operation: G1CollectForAllocation (G1 Evacuation Pause) done
Event: 21.118 Executing non-safepoint VM operation: HandshakeAllThreads (Deoptimize)
Event: 21.118 Executing non-safepoint VM operation: HandshakeAllThreads (Deoptimize) done
Event: 21.168 Executing safepoint VM operation: G1CollectForAllocation (G1 Evacuation Pause)
Event: 21.172 Executing safepoint VM operation: G1CollectForAllocation (G1 Evacuation Pause) done
Event: 21.185 Executing safepoint VM operation: G1TryInitiateConcMark (G1 Humongous Allocation)
Event: 21.189 Executing safepoint VM operation: G1TryInitiateConcMark (G1 Humongous Allocation) done
Event: 21.279 Executing safepoint VM operation: G1PauseRemark
Event: 21.285 Executing safepoint VM operation: G1PauseRemark done
Event: 21.311 Executing safepoint VM operation: G1PauseCleanup
Event: 21.311 Executing safepoint VM operation: G1PauseCleanup done
Event: 21.561 Executing safepoint VM operation: G1CollectForAllocation (G1 Evacuation Pause)
Event: 21.567 Executing safepoint VM operation: G1CollectForAllocation (G1 Evacuation Pause) done
Event: 22.034 Executing safepoint VM operation: G1CollectForAllocation (G1 Evacuation Pause)

Memory protections (0 events):
No events

Nmethod flushes (20 events):
Event: 21.284 Thread 0x000001f1fe0860e0 flushing  nmethod 0x000001f1f374b588
Event: 21.284 Thread 0x000001f1fe0860e0 flushing  nmethod 0x000001f1f374bc88
Event: 21.284 Thread 0x000001f1fe0860e0 flushing  nmethod 0x000001f1f374c688
Event: 21.284 Thread 0x000001f1fe0860e0 flushing  nmethod 0x000001f1f374de08
Event: 21.284 Thread 0x000001f1fe0860e0 flushing  nmethod 0x000001f1f3750608
Event: 21.284 Thread 0x000001f1fe0860e0 flushing  nmethod 0x000001f1f376dc08
Event: 21.284 Thread 0x000001f1fe0860e0 flushing  nmethod 0x000001f1f376df08
Event: 21.284 Thread 0x000001f1fe0860e0 flushing  nmethod 0x000001f1f376f988
Event: 21.284 Thread 0x000001f1fe0860e0 flushing  nmethod 0x000001f1f3789808
Event: 21.284 Thread 0x000001f1fe0860e0 flushing  nmethod 0x000001f1f378ae88
Event: 21.284 Thread 0x000001f1fe0860e0 flushing  nmethod 0x000001f1f37ac408
Event: 21.284 Thread 0x000001f1fe0860e0 flushing  nmethod 0x000001f1f37ac808
Event: 21.284 Thread 0x000001f1fe0860e0 flushing  nmethod 0x000001f1f37ad888
Event: 21.284 Thread 0x000001f1fe0860e0 flushing  nmethod 0x000001f1f37b4d88
Event: 21.284 Thread 0x000001f1fe0860e0 flushing  nmethod 0x000001f1f37e7f08
Event: 21.284 Thread 0x000001f1fe0860e0 flushing  nmethod 0x000001f1f37e8208
Event: 21.284 Thread 0x000001f1fe0860e0 flushing  nmethod 0x000001f1f37e8508
Event: 21.284 Thread 0x000001f1fe0860e0 flushing  nmethod 0x000001f1f383d088
Event: 21.284 Thread 0x000001f1fe0860e0 flushing  nmethod 0x000001f1f383de88
Event: 21.284 Thread 0x000001f1fe0860e0 flushing  nmethod 0x000001f1f383f088

Events (20 events):
Event: 9.558 Thread 0x000001f1fef9e760 Thread exited: 0x000001f1fef9e760
Event: 9.559 Thread 0x000001f1ea181f90 Thread exited: 0x000001f1ea181f90
Event: 9.559 Thread 0x000001f18a0f7c30 Thread added: 0x000001f18a0f7c30
Event: 10.475 Thread 0x000001f1ff19bef0 Thread exited: 0x000001f1ff19bef0
Event: 10.548 Thread 0x000001f1fee20f30 Thread exited: 0x000001f1fee20f30
Event: 10.548 Thread 0x000001f1fee13bc0 Thread exited: 0x000001f1fee13bc0
Event: 12.926 Thread 0x000001f1851645b0 Thread added: 0x000001f18a0fa340
Event: 12.991 Thread 0x000001f1fe1667f0 Thread added: 0x000001f184d9e6d0
Event: 13.561 Thread 0x000001f184d9e6d0 Thread exited: 0x000001f184d9e6d0
Event: 16.939 Thread 0x000001f1fe1667f0 Thread exited: 0x000001f1fe1667f0
Event: 17.502 Thread 0x000001f18a0da100 Thread added: 0x000001f18a0f8bd0
Event: 17.502 Thread 0x000001f18a0f8bd0 Thread exited: 0x000001f18a0f8bd0
Event: 17.927 Thread 0x000001f18a0fa340 Thread exited: 0x000001f18a0fa340
Event: 18.016 Thread 0x000001f1fe0a3ec0 Thread added: 0x000001f1fe9bd010
Event: 18.016 Thread 0x000001f1fe0a3ec0 Thread added: 0x000001f18a1d8850
Event: 18.016 Thread 0x000001f1fe0a3ec0 Thread added: 0x000001f18a1d9050
Event: 18.052 Thread 0x000001f18a0da100 Thread added: 0x000001f18a0f8bd0
Event: 19.100 Thread 0x000001f18a1d9050 Thread exited: 0x000001f18a1d9050
Event: 19.394 Thread 0x000001f1851645b0 Thread added: 0x000001f18a0f7460
Event: 21.424 Thread 0x000001f185163610 Thread added: 0x000001f18a0fd9f0


Dynamic libraries:
0x00007ff638f30000 - 0x00007ff638f40000 	C:\Program Files\Java\jdk-26\bin\java.exe
0x00007fffd1c20000 - 0x00007fffd1e86000 	C:\Windows\SYSTEM32\ntdll.dll
0x00007fffd0520000 - 0x00007fffd05e9000 	C:\Windows\System32\KERNEL32.DLL
0x00007fffceeb0000 - 0x00007fffcf2aa000 	C:\Windows\System32\KERNELBASE.dll
0x00007fffcf840000 - 0x00007fffcf98c000 	C:\Windows\System32\ucrtbase.dll
0x00007fffbf780000 - 0x00007fffbf797000 	C:\Program Files\Java\jdk-26\bin\jli.dll
0x00007fffbf880000 - 0x00007fffbf89e000 	C:\Program Files\Java\jdk-26\bin\VCRUNTIME140.dll
0x00007fffd09d0000 - 0x00007fffd0b97000 	C:\Windows\System32\USER32.dll
0x00007fffba000000 - 0x00007fffba292000 	C:\Windows\WinSxS\amd64_microsoft.windows.common-controls_6595b64144ccf1df_6.0.26100.8521_none_3e08b75ce33403b3\COMCTL32.dll
0x00007fffcf6e0000 - 0x00007fffcf707000 	C:\Windows\System32\win32u.dll
0x00007fffd1a50000 - 0x00007fffd1af9000 	C:\Windows\System32\msvcrt.dll
0x00007fffd07c0000 - 0x00007fffd07eb000 	C:\Windows\System32\GDI32.dll
0x00007fffcf710000 - 0x00007fffcf83b000 	C:\Windows\System32\gdi32full.dll
0x00007fffcf360000 - 0x00007fffcf403000 	C:\Windows\System32\msvcp_win.dll
0x00007fffcfbe0000 - 0x00007fffcfc12000 	C:\Windows\System32\IMM32.DLL
0x00007fffbf870000 - 0x00007fffbf87c000 	C:\Program Files\Java\jdk-26\bin\vcruntime140_1.dll
0x00007fff660d0000 - 0x00007fff6615d000 	C:\Program Files\Java\jdk-26\bin\msvcp140.dll
0x00007fff4ffd0000 - 0x00007fff50e9e000 	C:\Program Files\Java\jdk-26\bin\server\jvm.dll
0x00007fffd00d0000 - 0x00007fffd0186000 	C:\Windows\System32\ADVAPI32.dll
0x00007fffd05f0000 - 0x00007fffd069a000 	C:\Windows\System32\sechost.dll
0x00007fffd06a0000 - 0x00007fffd07b8000 	C:\Windows\System32\RPCRT4.dll
0x00007fffcf990000 - 0x00007fffcfa10000 	C:\Windows\System32\WS2_32.dll
0x00007fffced10000 - 0x00007fffced6e000 	C:\Windows\SYSTEM32\POWRPROF.dll
0x00007fffc5dc0000 - 0x00007fffc5dcb000 	C:\Windows\SYSTEM32\VERSION.dll
0x00007fffc1340000 - 0x00007fffc1376000 	C:\Windows\SYSTEM32\WINMM.dll
0x00007fffcecf0000 - 0x00007fffced04000 	C:\Windows\SYSTEM32\UMPDC.dll
0x00007fffcdc00000 - 0x00007fffcdc1b000 	C:\Windows\SYSTEM32\kernel.appcore.dll
0x00007fffbf350000 - 0x00007fffbf35a000 	C:\Program Files\Java\jdk-26\bin\jimage.dll
0x00007fff9fa90000 - 0x00007fff9fcd2000 	C:\Windows\SYSTEM32\DBGHELP.DLL
0x00007fffd0f00000 - 0x00007fffd1283000 	C:\Windows\System32\combase.dll
0x00007fffcfa70000 - 0x00007fffcfb49000 	C:\Windows\System32\OLEAUT32.dll
0x00007fffb49d0000 - 0x00007fffb4a0b000 	C:\Windows\SYSTEM32\dbgcore.DLL
0x00007fffcf2b0000 - 0x00007fffcf358000 	C:\Windows\System32\bcryptPrimitives.dll
0x00007fffbf330000 - 0x00007fffbf34f000 	C:\Program Files\Java\jdk-26\bin\java.dll
0x00007fffd0210000 - 0x00007fffd03a8000 	C:\Windows\System32\ole32.dll
0x00007fffd12c0000 - 0x00007fffd1a44000 	C:\Windows\System32\SHELL32.dll
0x00007fffcc950000 - 0x00007fffcd1d0000 	C:\Windows\SYSTEM32\windows.storage.dll
0x00007fffd03b0000 - 0x00007fffd04a6000 	C:\Windows\System32\SHCORE.dll
0x00007fffd04b0000 - 0x00007fffd0517000 	C:\Windows\System32\shlwapi.dll
0x00007fffcedd0000 - 0x00007fffcedf9000 	C:\Windows\SYSTEM32\profapi.dll
0x00007fffbf310000 - 0x00007fffbf322000 	C:\Program Files\Java\jdk-26\bin\net.dll
0x00007fffce150000 - 0x00007fffce1bc000 	C:\Windows\system32\mswsock.dll
0x00007fffbf2b0000 - 0x00007fffbf2c6000 	C:\Program Files\Java\jdk-26\bin\nio.dll
0x00007fffbedf0000 - 0x00007fffbee07000 	C:\Program Files\Java\jdk-26\bin\zip.dll
0x00007fffbf240000 - 0x00007fffbf24a000 	C:\Program Files\Java\jdk-26\bin\management.dll
0x00007fffbedb0000 - 0x00007fffbedbc000 	C:\Program Files\Java\jdk-26\bin\management_ext.dll
0x00007fffd1b00000 - 0x00007fffd1b08000 	C:\Windows\System32\PSAPI.DLL
0x00007fffbeda0000 - 0x00007fffbedae000 	C:\Program Files\Java\jdk-26\bin\sunmscapi.dll
0x00007fffcf560000 - 0x00007fffcf6d8000 	C:\Windows\System32\CRYPT32.dll
0x00007fffce6b0000 - 0x00007fffce6e0000 	C:\Windows\SYSTEM32\ncrypt.dll
0x00007fffce660000 - 0x00007fffce69f000 	C:\Windows\SYSTEM32\NTASN1.dll
0x00007fffce550000 - 0x00007fffce56b000 	C:\Windows\SYSTEM32\CRYPTSP.dll
0x00007fffcdb60000 - 0x00007fffcdb99000 	C:\Windows\system32\rsaenh.dll
0x00007fffce200000 - 0x00007fffce233000 	C:\Windows\SYSTEM32\USERENV.dll
0x00007fffceda0000 - 0x00007fffcedca000 	C:\Windows\SYSTEM32\bcrypt.dll
0x00007fffce3b0000 - 0x00007fffce3bc000 	C:\Windows\SYSTEM32\CRYPTBASE.dll
0x00007fffcd330000 - 0x00007fffcd363000 	C:\Windows\SYSTEM32\IPHLPAPI.DLL
0x00007fffd00b0000 - 0x00007fffd00ba000 	C:\Windows\System32\NSI.dll
0x00007fffcd3b0000 - 0x00007fffcd4fa000 	C:\Windows\SYSTEM32\DNSAPI.dll
0x00007fffcdf70000 - 0x00007fffcdf7d000 	C:\Windows\SYSTEM32\DSPARSE.dll
0x00007fffc7df0000 - 0x00007fffc7dfb000 	C:\Windows\System32\rasadhlp.dll
0x00007fffc8fa0000 - 0x00007fffc9026000 	C:\Windows\System32\fwpuclnt.dll
0x00007fffbeca0000 - 0x00007fffbeca9000 	C:\Program Files\Java\jdk-26\bin\extnet.dll
0x00007fffc8670000 - 0x00007fffc8678000 	C:\Windows\system32\wshunix.dll
0x00007fff65f40000 - 0x00007fff660c5000 	C:\Program Files\Java\jdk-26\bin\awt.dll
0x00007fffcb080000 - 0x00007fffcb120000 	C:\Windows\SYSTEM32\apphelp.dll
0x00007fffb88a0000 - 0x00007fffb88d0000 	C:\Program Files\Java\jdk-26\bin\javajpeg.dll
0x00007fffcc190000 - 0x00007fffcc1bf000 	C:\Windows\system32\DWMAPI.DLL
0x00007fffcbee0000 - 0x00007fffcbf8a000 	C:\Windows\system32\uxtheme.dll

JVMTI agents: none

dbghelp: loaded successfully - version: 4.0.5 - missing functions: none
symbol engine: initialized successfully - sym options: 0x614 - pdb path: .;C:\Program Files\Java\jdk-26\bin;C:\Windows\SYSTEM32;C:\Windows\WinSxS\amd64_microsoft.windows.common-controls_6595b64144ccf1df_6.0.26100.8521_none_3e08b75ce33403b3;C:\Program Files\Java\jdk-26\bin\server

VM Arguments:
jvm_args: -XX:TieredStopAtLevel=1 
java_command: com.mora.backend.MoraBackendApplication
java_class_path (initial): C:\Users\phucnd\Desktop\Mora\mora-backend\target\classes;C:\Users\phucnd\.m2\repository\ch\qos\logback\logback-classic\1.5.34\logback-classic-1.5.34.jar;C:\Users\phucnd\.m2\repository\ch\qos\logback\logback-core\1.5.34\logback-core-1.5.34.jar;C:\Users\phucnd\.m2\repository\org\apache\logging\log4j\log4j-to-slf4j\2.25.4\log4j-to-slf4j-2.25.4.jar;C:\Users\phucnd\.m2\repository\org\apache\logging\log4j\log4j-api\2.25.4\log4j-api-2.25.4.jar;C:\Users\phucnd\.m2\repository\org\slf4j\jul-to-slf4j\2.0.18\jul-to-slf4j-2.0.18.jar;C:\Users\phucnd\.m2\repository\jakarta\annotation\jakarta.annotation-api\3.0.0\jakarta.annotation-api-3.0.0.jar;C:\Users\phucnd\.m2\repository\org\yaml\snakeyaml\2.6\snakeyaml-2.6.jar;C:\Users\phucnd\.m2\repository\com\zaxxer\HikariCP\7.0.2\HikariCP-7.0.2.jar;C:\Users\phucnd\.m2\repository\org\springframework\boot\spring-boot-data-jpa\4.1.0\spring-boot-data-jpa-4.1.0.jar;C:\Users\phucnd\.m2\repository\org\springframework\boot\spring-boot-data-commons\4.1.0\spring-boot-data-commons-4.1.0.jar;C:\Users\phucnd\.m2\repository\org\springframework\boot\spring-boot-persistence\4.1.0\spring-boot-persistence-4.1.0.jar;C:\Users\phucnd\.m2\repository\org\springframework\data\spring-data-commons\4.1.0\spring-data-commons-4.1.0.jar;C:\Users\phucnd\.m2\repository\org\springframework\boot\spring-boot-hibernate\4.1.0\spring-boot-hibernate-4.1.0.jar;C:\Users\phucnd\.m2\repository\org\springframework\boot\spring-boot-jpa\4.1.0\spring-boot-jpa-4.1.0.jar;C:\Users\phucnd\.m2\repository\jakarta\persistence\jakarta.persistence-api\3.2.0\jakarta.persistence-api-3.2.0.jar;C:\Users\phucnd\.m2\repository\org\hibernate\orm\hibernate-core\7.4.1.Final\hibernate-core-7.4.1.Final.jar;C:\Users\phucnd\.m2\repository\jakarta\transaction\jakarta.transaction-api\2.0.1\jakarta.transaction-api-2.0.1.jar;C:\Users\phucnd\.m2\repository\org\hibernate\models\hibernate-models\1.1.1\hibernate-models-1.1.1.jar;C:\Users\phucnd\.m2\repository\org\glassfish\jaxb\jaxb-runtime\4.0.9\jaxb-runtime-4.0.9.jar;C:\Users\phucnd\.m2\repository\org\glassfish\jaxb\jaxb-core\4.0.9\jaxb-core-4.0.9.jar;C:\Users\phucnd\.m2\repository\org\eclipse\angus\angus-activation\2.0.3\angus-activation-2.0.3.jar;C:\Users\phucnd\.m2\repository\org\glassfish\jaxb\txw2\4.0.9\txw2-4.0.9.jar;C:\Users\phucnd\.m2\repository\com\sun\istack\istack-commons-runtime\4.1.2\istack-commons-runtime-4.1.2.jar;C:\Users\phucnd\.m2\repository\jakarta\inject\jakarta.inject-api\2.0.1\jakarta.inject-api-2.0.1.jar;C:\Users\phucnd\.m2\repository\org\springframework\spring-orm\7.0.8\spring-orm-7.0.8.jar;C:\Users\phucnd\.m2\repository\org\springframework\data\spring-data-jpa\4.1.0\spring-data-jpa-4.1.0.jar;C:\Users\phucnd\.m2\repository\org\springframework\spring-aop\7.0.8\spring-aop-7.0.8.jar;C:\Users\phucnd\.m2\repository\org\springframework\spring-tx\7.0.8\spring-tx-7.0.8.jar;C:\Users\phucnd\.m2\repository\org\springframework\spring-beans\7.0.8\spring-beans-7.0.8.jar;C:\Users\phucnd\.m2\repository\org\antlr\antlr4-runtime\4.13.2\antlr4-runtime-4.13.2.jar;C:\Users\phucnd\.m2\repository\org\springframework\spring-aspects\7.0.8\spring-aspects-7.0.8.jar;C:\Users\phucnd\.m2\repository\org\aspectj\aspectjweaver\1.9.25.1\aspectjweaver-1.9.25.1.jar;C:\Users\phucnd\.m2\repository\org\springframework\boot\spring-boot-jdbc\4.1.0\spring-boot-jdbc-4.1.0.jar;C:\Users\phucnd\.m2\repository\org\springframework\boot\spring-boot-sql\4.1.0\spring-boot-sql-4.1.0.jar;C:\Users\phucnd\.m2\repository\org\springframework\boot\spring-boot-transaction\4.1.0\spring-boot-transaction-4.1.0.jar;C:\Users\phucnd\.m2\repository\org\springframework\spring-jdbc\7.0.8\spring-jdbc-7.0.8.jar;C:\Users\phucnd\.m2\repository\org\springframework\boot\spring-boot-validation\4.1.0\spring-boot-validation-4.1.0.jar;C:\Users\phucnd\.m2\repository\org\apache\tomcat\embed\tomcat-embed-el\11.0.22\tomcat-embed-el-11.0.22.jar;C:\Users\phucnd\.m2\repository\org\hibernate\validator\hibernate-validator\9.1.0.Final\hibernate-validator-9.1.0.Final.jar;C:\Users\phucnd\.m2\repository\jakarta\validation\jakarta.validation-api\3.1.1\jakarta.validation-api-3.1.1.jar;C:\Users\phucnd\.m2\repository\org\jboss\logging\jboss-logging\3.6.3.Final\jboss-logging-3.6.3.Final.jar;C:\Users\phucnd\.m2\repository\com\fasterxml\classmate\1.7.3\classmate-1.7.3.jar;C:\Users\phucnd\.m2\repository\org\springframework\boot\spring-boot-jackson\4.1.0\spring-boot-jackson-4.1.0.jar;C:\Users\phucnd\.m2\repository\tools\jackson\core\jackson-databind\3.1.4\jackson-databind-3.1.4.jar;C:\Users\phucnd\.m2\repository\com\fasterxml\jackson\core\jackson-annotations\2.21\jackson-annotations-2.21.jar;C:\Users\phucnd\.m2\repository\tools\jackson\core\jackson-core\3.1.4\jackson-core-3.1.4.jar;C:\Users\phucnd\.m2\repository\org\apache\tomcat\embed\tomcat-embed-core\11.0.22\tomcat-embed-core-11.0.22.jar;C:\Users\phucnd\.m2\repository\org\apache\tomcat\embed\tomcat-embed-websocket\11.0.22\tomcat-embed-websocket-11.0.22.jar;C:\Users\phucnd\.m2\repository\org\springframework\boot\spring-boot-tomcat\4.1.0\spring-boot-tomcat-4.1.0.jar;C:\Users\phucnd\.m2\repository\org\springframework\boot\spring-boot-http-converter\4.1.0\spring-boot-http-converter-4.1.0.jar;C:\Users\phucnd\.m2\repository\org\springframework\spring-web\7.0.8\spring-web-7.0.8.jar;C:\Users\phucnd\.m2\repository\io\micrometer\micrometer-observation\1.17.0\micrometer-observation-1.17.0.jar;C:\Users\phucnd\.m2\repository\io\micrometer\micrometer-commons\1.17.0\micrometer-commons-1.17.0.jar;C:\Users\phucnd\.m2\repository\org\springframework\boot\spring-boot-webmvc\4.1.0\spring-boot-webmvc-4.1.0.jar;C:\Users\phucnd\.m2\repository\org\springframework\boot\spring-boot-servlet\4.1.0\spring-boot-servlet-4.1.0.jar;C:\Users\phucnd\.m2\repository\org\springframework\spring-webmvc\7.0.8\spring-webmvc-7.0.8.jar;C:\Users\phucnd\.m2\repository\org\springframework\spring-expression\7.0.8\spring-expression-7.0.8.jar;C:\Users\phucnd\.m2\repository\org\springdoc\springdoc-openapi-starter-webmvc-ui\2.8.5\springdoc-openapi-starter-webmvc-ui-2.8.5.jar;C:\Users\phucnd\.m2\repository\org\springdoc\springdoc-openapi-starter-webmvc-api\2.8.5\springdoc-openapi-starter-webmvc-api-2.8.5.jar;C:\Users\phucnd\.m2\repository\org\springdoc\springdoc-openapi-starter-common\2.8.5\springdoc-openapi-starter-common-2.8.5.jar;C:\Users\phucnd\.m2\repository\io\swagger\core\v3\swagger-core-jakarta\2.2.28\swagger-core-jakarta-2.2.28.jar;C:\Users\phucnd\.m2\repository\org\apache\commons\commons-lang3\3.20.0\commons-lang3-3.20.0.jar;C:\Users\phucnd\.m2\repository\io\swagger\core\v3\swagger-annotations-jakarta\2.2.28\swagger-annotations-jakarta-2.2.28.jar;C:\Users\phucnd\.m2\repository\io\swagger\core\v3\swagger-models-jakarta\2.2.28\swagger-models-jakarta-2.2.28.jar;C:\Users\phucnd\.m2\repository\com\fasterxml\jackson\core\jackson-databind\2.21.4\jackson-databind-2.21.4.jar;C:\Users\phucnd\.m2\repository\com\fasterxml\jackson\core\jackson-core\2.21.4\jackson-core-2.21.4.jar;C:\Users\phucnd\.m2\repository\com\fasterxml\jackson\dataformat\jackson-dataformat-yaml\2.21.4\jackson-dataformat-yaml-2.21.4.jar;C:\Users\phucnd\.m2\repository\com\fasterxml\jackson\datatype\jackson-datatype-jsr310\2.21.4\jackson-datatype-jsr310-2.21.4.jar;C:\Users\phucnd\.m2\repository\org\webjars\swagger-ui\5.18.3\swagger-ui-5.18.3.jar;C:\Users\phucnd\.m2\repository\org\webjars\webjars-locator-lite\1.1.3\webjars-locator-lite-1.1.3.jar;C:\Users\phucnd\.m2\repository\org\jspecify\jspecify\1.0.0\jspecify-1.0.0.jar;C:\Users\phucnd\.m2\repository\org\apache\pdfbox\pdfbox\3.0.3\pdfbox-3.0.3.jar;C:\Users\phucnd\.m2\repository\org\apache\pdfbox\pdfbox-io\3.0.3\pdfbox-io-3.0.3.jar;C:\Users\phucnd\.m2\repository\org\apache\pdfbox\fontbox\3.0.3\fontbox-3.0.3.jar;C:\Users\phucnd\.m2\repository\commons-logging\commons-logging\1.3.6\commons-logging-1.3.6.jar;C:\Users\phucnd\.m2\repository\dev\langchain4j\langchain4j-google-ai-gemini\0.35.0\langchain4j-google-ai-gemini-0.35.0.jar;C:\Users\phucnd\.m2\repository\dev\langchain4j\langchain4j-core\0.35.0\langchain4j-core-0.35.0.jar;C:\Users\phucnd\.m2\repository\com\google\code\gson\gson\2.13.2\gson-2.13.2.jar;C:\Users\phucnd\.m2\repository\com\google\errorprone\error_prone_annotations\2.41.0\error_prone_annotations-2.41.0.jar;C:\Users\phucnd\.m2\repository\com\squareup\retrofit2\retrofit\2.9.0\retrofit-2.9.0.jar;C:\Users\phucnd\.m2\repository\com\squareup\retrofit2\converter-gson\2.9.0\converter-gson-2.9.0.jar;C:\Users\phucnd\.m2\repository\com\squareup\okhttp3\okhttp\4.12.0\okhttp-4.12.0.jar;C:\Users\phucnd\.m2\repository\com\squareup\okio\okio\3.6.0\okio-3.6.0.jar;C:\Users\phucnd\.m2\repository\com\squareup\okio\okio-jvm\3.6.0\okio-jvm-3.6.0.jar;C:\Users\phucnd\.m2\repository\org\jetbrains\kotlin\kotlin-stdlib-common\1.9.10\kotlin-stdlib-common-1.9.10.jar;C:\Users\phucnd\.m2\repository\com\squareup\okhttp3\logging-interceptor\4.12.0\logging-interceptor-4.12.0.jar;C:\Users\phucnd\.m2\repository\org\jetbrains\kotlin\kotlin-stdlib-jdk8\2.3.21\kotlin-stdlib-jdk8-2.3.21.jar;C:\Users\phucnd\.m2\repository\org\jetbrains\kotlin\kotlin-stdlib\2.3.21\kotlin-stdlib-2.3.21.jar;C:\Users\phucnd\.m2\repository\org\jetbrains\annotations\13.0\annotations-13.0.jar;C:\Users\phucnd\.m2\repository\org\jetbrains\kotlin\kotlin-stdlib-jdk7\2.3.21\kotlin-stdlib-jdk7-2.3.21.jar;C:\Users\phucnd\.m2\repository\dev\langchain4j\langchain4j\0.35.0\langchain4j-0.35.0.jar;C:\Users\phucnd\.m2\repository\org\apache\opennlp\opennlp-tools\1.9.4\opennlp-tools-1.9.4.jar;C:\Users\phucnd\.m2\repository\org\slf4j\slf4j-api\2.0.18\slf4j-api-2.0.18.jar;C:\Users\phucnd\.m2\repository\org\postgresql\postgresql\42.7.11\postgresql-42.7.11.jar;C:\Users\phucnd\.m2\repository\org\springframework\boot\spring-boot-devtools\4.1.0\spring-boot-devtools-4.1.0.jar;C:\Users\phucnd\.m2\repository\org\springframework\boot\spring-boot\4.1.0\spring-boot-4.1.0.jar;C:\Users\phucnd\.m2\repository\org\springframework\spring-core\7.0.8\spring-core-7.0.8.jar;C:\Users\phucnd\.m2\repository\org\springframework\spring-context\7.0.8\spring-context-7.0.8.jar;C:\Users\phucnd\.m2\repository\org\springframework\boot\spring-boot-autoconfigure\4.1.0\spring-boot-autoconfigure-4.1.0.jar;C:\Users\phucnd\.m2\repository\jakarta\xml\bind\jakarta.xml.bind-api\4.0.5\jakarta.xml.bind-api-4.0.5.jar;C:\Users\phucnd\.m2\repository\jakarta\activation\jakarta.activation-api\2.1.4\jakarta.activation-api-2.1.4.jar;C:\Users\phucnd\.m2\repository\net\bytebuddy\byte-buddy\1.18.10\byte-buddy-1.18.10.jar;C:\Users\phucnd\.m2\repository\org\springframework\boot\spring-boot-web-server\4.1.0\spring-boot-web-server-4.1.0.jar
Launcher Type: SUN_STANDARD

[Global flags]
     bool AOTAdapterCaching                        = false                                  {diagnostic} {ergonomic}
     bool AOTInvokeDynamicLinking                  = false                                  {diagnostic} {ergonomic}
     bool AOTRecordTraining                        = false                                  {diagnostic} {ergonomic}
     bool AOTReplayTraining                        = false                                  {diagnostic} {ergonomic}
     bool AOTStubCaching                           = false                                  {diagnostic} {ergonomic}
     intx CICompilerCount                          = 4                                         {product} {ergonomic}
     uint ConcGCThreads                            = 2                                         {product} {ergonomic}
     uint G1ConcRefinementThreads                  = 8                                         {product} {ergonomic}
     uint G1EagerReclaimRemSetThreshold            = 16                                   {experimental} {ergonomic}
   size_t G1HeapRegionSize                         = 2097152                                   {product} {ergonomic}
     uint G1RemSetArrayOfCardsEntries              = 16                                   {experimental} {ergonomic}
     uint G1RemSetHowlMaxNumBuckets                = 8                                    {experimental} {ergonomic}
     uint G1RemSetHowlNumBuckets                   = 8                                    {experimental} {ergonomic}
   size_t InitialHeapSize                          = 8388608                                   {product} {ergonomic}
     bool IntelJccErratumMitigation                = true                              {ARCH diagnostic} {ergonomic}
   size_t MarkStackSize                            = 4194304                                   {product} {ergonomic}
   size_t MarkStackSizeMax                         = 536870912                                 {product} {ergonomic}
   size_t MaxHeapSize                              = 4265607168                                {product} {ergonomic}
   size_t MaxNewSize                               = 2558525440                                {product} {ergonomic}
 uint64_t MaxRAM                                   = 17057382400                               {product} {ergonomic}
   size_t MinHeapDeltaBytes                        = 2097152                                   {product} {ergonomic}
   size_t MinHeapSize                              = 8388608                                   {product} {ergonomic}
   size_t NonNMethodCodeHeapSize                   = 4096                                   {pd product} {ergonomic}
   size_t NonProfiledCodeHeapSize                  = 0                                      {pd product} {ergonomic}
     bool ProfileInterpreter                       = false                                  {pd product} {command line}
   size_t ProfiledCodeHeapSize                     = 0                                      {pd product} {ergonomic}
   size_t SoftMaxHeapSize                          = 4265607168                             {manageable} {ergonomic}
     intx TieredStopAtLevel                        = 1                                         {product} {command line}
     bool UseCompressedOops                        = true                           {product lp64_product} {ergonomic}
     bool UseCondCardMark                          = true                                      {product} {ergonomic}
     bool UseFastUnorderedTimeStamps               = true                                 {experimental} {ergonomic}
     bool UseG1GC                                  = true                                      {product} {ergonomic}
     bool UseLargePagesIndividualAllocation        = false                                  {pd product} {ergonomic}
      int X86ICacheSync                            = 2                                 {ARCH diagnostic} {ergonomic}

Logging:
Log output configuration:
 #0: stdout all=warning uptime,level,tags foldmultilines=false
 #1: stderr all=off uptime,level,tags foldmultilines=false

Release file:
IMPLEMENTOR="Oracle Corporation" 
JAVA_RUNTIME_VERSION="26+35-2893" 
JAVA_VERSION="26" 
JAVA_VERSION_DATE="2026-03-17" 
LIBC="default" 
MODULES="java.base java.compiler java.datatransfer java.xml java.prefs java.desktop java.instrument java.logging java.management java.security.sasl java.naming java.rmi java.management.rmi java.net.http java.scripting java.security.jgss java.transaction.xa java.sql java.sql.rowset java.xml.crypto java.se java.smartcardio jdk.accessibility jdk.internal.jvmstat jdk.attach jdk.charsets jdk.internal.opt jdk.zipfs jdk.compiler jdk.crypto.cryptoki jdk.crypto.ec jdk.crypto.mscapi jdk.dynalink jdk.internal.ed jdk.editpad jdk.internal.vm.ci jdk.graal.compiler jdk.graal.compiler.management jdk.hotspot.agent jdk.httpserver jdk.incubator.vector jdk.internal.le jdk.internal.md jdk.jartool jdk.javadoc jdk.jcmd jdk.management jdk.management.agent jdk.jconsole jdk.jdeps jdk.jdwp.agent jdk.jdi jdk.jfr jdk.jlink jdk.jpackage jdk.jshell jdk.jstatd jdk.localedata jdk.management.jfr jdk.naming.dns jdk.naming.rmi jdk.net jdk.nio.mapmode jdk.sctp jdk.security.auth jdk.security.jgss jdk.unsupported jdk.unsupported.desktop jdk.xml.dom" 
OS_ARCH="x86_64" 
OS_NAME="Windows" 
SOURCE=".:git:1327d96f3b3c open:git:4408cd2a07a1" 

Environment Variables:
PATH=C:\Program Files\Common Files\Oracle\Java\javapath;C:\Windows\system32;C:\Windows;C:\Windows\System32\Wbem;C:\Windows\System32\WindowsPowerShell\v1.0\;C:\Windows\System32\OpenSSH\;C:\Program Files (x86)\Graphviz\bin;C:\Program Files\Docker\Docker\resources\bin;C:\Program Files\dotnet\;C:\Program Files\nodejs\;C:\Users\phucnd\.local\bin;C:\Users\phucnd\AppData\Local\Programs\Python\Python311\Scripts\;C:\Users\phucnd\AppData\Local\Programs\Python\Python311\;C:\Users\phucnd\AppData\Local\Programs\Python\Launcher\;C:\Users\phucnd\AppData\Local\Microsoft\WindowsApps;C:\Users\phucnd\AppData\Local\Programs\Microsoft VS Code\bin;C:\Users\phucnd\AppData\Local\Programs\Git\cmd;C:\Users\phucnd\flutter\bin;C:\Users\phucnd\AppData\Local\Pub\Cache\bin;C:\Users\phucnd\AppData\Local\Programs\Ollama;C:\Users\phucnd\AppData\Roaming\npm;C:\Users\phucnd\AppData\Local\Programs\Antigravity IDE\bin;c:\Users\phucnd\.antigravity-ide\extensions\vscjava.vscode-java-debug-0.59.0-universal\bundled\scripts\noConfigScripts
USERNAME=phucnd
LANG=en_US.UTF-8
OS=Windows_NT
PROCESSOR_IDENTIFIER=Intel64 Family 6 Model 94 Stepping 3, GenuineIntel
TMP=C:\Users\phucnd\AppData\Local\Temp
TEMP=C:\Users\phucnd\AppData\Local\Temp




Compilation memory statistics disabled.

Periodic native trim disabled

---------------  S Y S T E M  ---------------

OS:
 Windows 11 , 64 bit Build 26100 (10.0.26100.8521)
OS uptime: 0 days 4:24 hours
Hyper-V role detected

CPU: total 8 (initial active 8) (4 cores per cpu, 2 threads per core) family 6 model 94 stepping 3 microcode 0xf2, cx8, cmov, fxsr, ht, mmx, 3dnowpref, sse, sse2, sse3, ssse3, sse4.1, sse4.2, popcnt, lzcnt, tsc, tscinvbit, avx, avx2, aes, erms, clmul, bmi1, bmi2, rtm, adx, fma, vzeroupper, clflush, clflushopt, hv, rdtscp, f16c
Processor Information for the first 8 processors :
  Max Mhz: 3408, Current Mhz: 3408, Mhz Limit: 3408

Memory: 4k page, system-wide physical 16267M (1032M free)
TotalPageFile size 26189M (AvailPageFile size 158M)
current process WorkingSet (physical memory assigned to process): 645M, peak: 645M
current process commit charge ("private bytes"): 693M, peak: 1593M

vm_info: Java HotSpot(TM) 64-Bit Server VM (26+35-2893) for windows-amd64 JRE (26+35-2893), built on 2026-02-12T17:04:02Z with MS VC++ 17.13 (VS2022)

END.
