#
# There is insufficient memory for the Java Runtime Environment to continue.
# Native memory allocation (mmap) failed to map 977272832 bytes. Error detail: G1 virtual space
# Possible reasons:
#   The system is out of physical RAM or swap space
#   This process is running with CompressedOops enabled, and the Java Heap may be blocking the growth of the native heap
# Possible solutions:
#   Reduce memory load on the system
#   Increase physical memory or swap space
#   Check if swap backing store is full
#   Decrease Java heap size (-Xmx/-Xms)
#   Decrease number of Java threads
#   Decrease Java thread stack sizes (-Xss)
#   Set larger code cache with -XX:ReservedCodeCacheSize=
#   JVM is running with Zero Based Compressed Oops mode in which the Java heap is
#     placed in the first 32GB address space. The Java Heap base address is the
#     maximum limit for the native heap growth. Please use -XX:HeapBaseMinAddress
#     to set the Java Heap base and to place the Java Heap above 32GB virtual address.
# This output file may be truncated or incomplete.
#
#  Out of Memory Error (os_windows.cpp:3583), pid=18400, tid=10344
#
# JRE version: Java(TM) SE Runtime Environment (26.0+35) (build 26+35-2893)
# Java VM: Java HotSpot(TM) 64-Bit Server VM (26+35-2893, mixed mode, emulated-client, sharing, tiered, compressed oops, compressed class ptrs, g1 gc, windows-amd64)
# No core dump will be written. Minidumps are not enabled by default on client versions of Windows
#

---------------  S U M M A R Y ------------

Command Line: -XX:TieredStopAtLevel=1 com.mora.backend.MoraBackendApplication

Host: Intel(R) Core(TM) i7-6700 CPU @ 3.40GHz, 8 cores, 15G,  Windows 11 , 64 bit Build 26100 (10.0.26100.8521)
Time: Thu Jun 18 13:45:10 2026 SE Asia Standard Time elapsed time: 7773.734895 seconds (0d 2h 9m 33s)

---------------  T H R E A D  ---------------

Current thread (0x000001a95b624bc0):  VMThread "VM Thread"          [id=10344, stack(0x0000005b25b00000,0x0000005b25c00000) (1024K)]

Stack: [0x0000005b25b00000,0x0000005b25c00000]
Native frames: (J=compiled Java code, j=interpreted, Vv=VM code, C=native code)
V  [jvm.dll+0x7d5719]  (no source info available)
V  [jvm.dll+0x7a367d]  (no source info available)
V  [jvm.dll+0x9b0aa0]  (no source info available)
V  [jvm.dll+0x9b2ef1]  (no source info available)
V  [jvm.dll+0x9b3603]  (no source info available)
V  [jvm.dll+0x30de86]  (no source info available)
V  [jvm.dll+0x7d4be5]  (no source info available)
V  [jvm.dll+0x7c7da7]  (no source info available)
V  [jvm.dll+0x4086f8]  (no source info available)
V  [jvm.dll+0x410a66]  (no source info available)
V  [jvm.dll+0x3fce04]  (no source info available)
V  [jvm.dll+0x3fd0f5]  (no source info available)
V  [jvm.dll+0x3d3a7f]  (no source info available)
V  [jvm.dll+0x3d6cec]  (no source info available)
V  [jvm.dll+0x4222fc]  (no source info available)
V  [jvm.dll+0x420c43]  (no source info available)
V  [jvm.dll+0x3d3218]  (no source info available)
V  [jvm.dll+0x420003]  (no source info available)
V  [jvm.dll+0x9b9ab1]  (no source info available)
V  [jvm.dll+0x9baa7b]  (no source info available)
V  [jvm.dll+0x9baf8c]  (no source info available)
V  [jvm.dll+0x9bb409]  (no source info available)
V  [jvm.dll+0x9bb6b3]  (no source info available)
V  [jvm.dll+0x94f4e9]  (no source info available)
V  [jvm.dll+0x7d71f8]  (no source info available)
C  [ucrtbase.dll+0x2cd30]  (no source info available)
C  [KERNEL32.DLL+0x2e957]  (no source info available)
C  [ntdll.dll+0x87c1c]  (no source info available)

VM_Operation (0x0000005b290fb448): G1CollectForAllocation, mode: safepoint, requested by thread 0x000001a967192f30


---------------  P R O C E S S  ---------------

Threads class SMR info:
_java_thread_list=0x000001a9670cb850, length=37, elements={
0x000001a95b636a80, 0x000001a95b6394e0, 0x000001a95b63cb90, 0x000001a95b642f40,
0x000001a95b6460d0, 0x000001a95b6439c0, 0x000001a95b650900, 0x000001a95b647070,
0x000001a95b648010, 0x000001a961c72df0, 0x000001a961c79380, 0x000001a961c78bb0,
0x000001a9608ef240, 0x000001a9671946a0, 0x000001a96719af40, 0x000001a967195e10,
0x000001a96719bee0, 0x000001a967195640, 0x000001a967b36670, 0x000001a961c71e50,
0x000001a961c75cd0, 0x000001a9629f9f40, 0x000001a9629fb6b0, 0x000001a9629fd5f0,
0x000001a967b34f00, 0x000001a967b35ea0, 0x000001a967b37de0, 0x000001a96719b710,
0x000001a96719de20, 0x000001a96719edc0, 0x000001a95b649780, 0x000001a967190050,
0x000001a967193ed0, 0x000001a967190820, 0x000001a967192f30, 0x000001a9629f8000,
0x000001a9670b3950
}

Java Threads: ( => current thread )
  0x000001a95b636a80 JavaThread "Reference Handler"          daemon [_thread_blocked, id=17480, stack(0x0000005b25c00000,0x0000005b25d00000) (1024K)]
  0x000001a95b6394e0 JavaThread "Finalizer"                  daemon [_thread_blocked, id=12172, stack(0x0000005b25d00000,0x0000005b25e00000) (1024K)]
  0x000001a95b63cb90 JavaThread "Signal Dispatcher"          daemon [_thread_blocked, id=2704, stack(0x0000005b25e00000,0x0000005b25f00000) (1024K)]
  0x000001a95b642f40 JavaThread "Attach Listener"            daemon [_thread_blocked, id=15320, stack(0x0000005b25f00000,0x0000005b26000000) (1024K)]
  0x000001a95b6460d0 JavaThread "Service Thread"             daemon [_thread_blocked, id=300, stack(0x0000005b26000000,0x0000005b26100000) (1024K)]
  0x000001a95b6439c0 JavaThread "Monitor Deflation Thread"   daemon [_thread_blocked, id=12372, stack(0x0000005b26100000,0x0000005b26200000) (1024K)]
  0x000001a95b650900 JavaThread "C1 CompilerThread0"         daemon [_thread_blocked, id=12448, stack(0x0000005b26200000,0x0000005b26300000) (1024K)]
  0x000001a95b647070 JavaThread "Notification Thread"        daemon [_thread_blocked, id=12680, stack(0x0000005b26300000,0x0000005b26400000) (1024K)]
  0x000001a95b648010 JavaThread "Common-Cleaner"             daemon [_thread_blocked, id=11796, stack(0x0000005b26400000,0x0000005b26500000) (1024K)]
  0x000001a961c72df0 JavaThread "Cleaner-0"                  daemon [_thread_blocked, id=8100, stack(0x0000005b27600000,0x0000005b27700000) (1024K)]
  0x000001a961c79380 JavaThread "VirtualThread-unblocker"    daemon [_thread_blocked, id=1772, stack(0x0000005b27900000,0x0000005b27a00000) (1024K)]
  0x000001a961c78bb0 JavaThread "ForkJoinPool-1-worker-1"    daemon [_thread_blocked, id=4012, stack(0x0000005b27a00000,0x0000005b27b00000) (1024K)]
  0x000001a9608ef240 JavaThread "ForkJoinPool-1-worker-2"    daemon [_thread_in_native, id=14592, stack(0x0000005b27b00000,0x0000005b27c00000) (1024K)]
  0x000001a9671946a0 JavaThread "DestroyJavaVM"                     [_thread_blocked, id=9980, stack(0x0000005b25300000,0x0000005b25400000) (1024K)]
  0x000001a96719af40 JavaThread "InnocuousThread-1"          daemon [_thread_blocked, id=18144, stack(0x0000005b25200000,0x0000005b25300000) (1024K)]
  0x000001a967195e10 JavaThread "ForkJoinPool-1-worker-3"    daemon [_thread_blocked, id=3716, stack(0x0000005b27700000,0x0000005b27800000) (1024K)]
  0x000001a96719bee0 JavaThread "ForkJoinPool-1-worker-4"    daemon [_thread_blocked, id=19496, stack(0x0000005b27500000,0x0000005b27600000) (1024K)]
  0x000001a967195640 JavaThread "Java2D Disposer"            daemon [_thread_blocked, id=20096, stack(0x0000005b28c00000,0x0000005b28d00000) (1024K)]
  0x000001a967b36670 JavaThread "AWT-Windows"                daemon [_thread_in_native, id=20056, stack(0x0000005b28e00000,0x0000005b28f00000) (1024K)]
  0x000001a961c71e50 JavaThread "Catalina-utility-1"                [_thread_blocked, id=18500, stack(0x0000005b25100000,0x0000005b25200000) (1024K)]
  0x000001a961c75cd0 JavaThread "Catalina-utility-2"                [_thread_blocked, id=7488, stack(0x0000005b26900000,0x0000005b26a00000) (1024K)]
  0x000001a9629f9f40 JavaThread "container-0"                       [_thread_blocked, id=6100, stack(0x0000005b26a00000,0x0000005b26b00000) (1024K)]
  0x000001a9629fb6b0 JavaThread "HikariPool-10:housekeeper"  daemon [_thread_blocked, id=16664, stack(0x0000005b26f00000,0x0000005b27000000) (1024K)]
  0x000001a9629fd5f0 JavaThread "File Watcher"               daemon [_thread_blocked, id=20196, stack(0x0000005b27300000,0x0000005b27400000) (1024K)]
  0x000001a967b34f00 JavaThread "http-nio-8080-exec-2"       daemon [_thread_in_native, id=3032, stack(0x0000005b27800000,0x0000005b27900000) (1024K)]
  0x000001a967b35ea0 JavaThread "http-nio-8080-exec-5"       daemon [_thread_blocked, id=18092, stack(0x0000005b27e00000,0x0000005b27f00000) (1024K)]
  0x000001a967b37de0 JavaThread "http-nio-8080-exec-8"       daemon [_thread_blocked, id=19036, stack(0x0000005b28100000,0x0000005b28200000) (1024K)]
  0x000001a96719b710 JavaThread "http-nio-8080-exec-10"      daemon [_thread_blocked, id=12748, stack(0x0000005b28300000,0x0000005b28400000) (1024K)]
  0x000001a96719de20 JavaThread "http-nio-8080-Poller"       daemon [_thread_in_native, id=7652, stack(0x0000005b28400000,0x0000005b28500000) (1024K)]
  0x000001a96719edc0 JavaThread "http-nio-8080-Acceptor"     daemon [_thread_in_native, id=19904, stack(0x0000005b28500000,0x0000005b28600000) (1024K)]
  0x000001a95b649780 JavaThread "http-nio-8080-exec-11"      daemon [_thread_blocked, id=352, stack(0x0000005b28a00000,0x0000005b28b00000) (1024K)]
  0x000001a967190050 JavaThread "http-nio-8080-exec-12"      daemon [_thread_blocked, id=8612, stack(0x0000005b28b00000,0x0000005b28c00000) (1024K)]
  0x000001a967193ed0 JavaThread "http-nio-8080-exec-13"      daemon [_thread_blocked, id=19060, stack(0x0000005b28d00000,0x0000005b28e00000) (1024K)]
  0x000001a967190820 JavaThread "http-nio-8080-exec-14"      daemon [_thread_blocked, id=6640, stack(0x0000005b28f00000,0x0000005b29000000) (1024K)]
  0x000001a967192f30 JavaThread "http-nio-8080-exec-15"      daemon [_thread_blocked, id=7416, stack(0x0000005b29000000,0x0000005b29100000) (1024K)]
  0x000001a9629f8000 JavaThread "http-nio-8080-exec-18"      daemon [_thread_blocked, id=8684, stack(0x0000005b29300000,0x0000005b29400000) (1024K)]
  0x000001a9670b3950 JavaThread "Keep-Alive-Timer"           daemon [_thread_blocked, id=9812, stack(0x0000005b26500000,0x0000005b26600000) (1024K)]
Total: 37

Other Threads:
=>0x000001a95b624bc0 VMThread "VM Thread"                           [id=10344, stack(0x0000005b25b00000,0x0000005b25c00000) (1024K)]
  0x000001a95b613300 WatcherThread "VM Periodic Task Thread"        [id=16808, stack(0x0000005b25a00000,0x0000005b25b00000) (1024K)]
  0x000001a947757e30 WorkerThread "GC Thread#0"                     [id=7992, stack(0x0000005b25400000,0x0000005b25500000) (1024K)]
  0x000001a95b960260 WorkerThread "GC Thread#1"                     [id=15628, stack(0x0000005b26600000,0x0000005b26700000) (1024K)]
  0x000001a96090ec40 WorkerThread "GC Thread#2"                     [id=3268, stack(0x0000005b26b00000,0x0000005b26c00000) (1024K)]
  0x000001a960916e40 WorkerThread "GC Thread#3"                     [id=7340, stack(0x0000005b26c00000,0x0000005b26d00000) (1024K)]
  0x000001a96091d5f0 WorkerThread "GC Thread#4"                     [id=17096, stack(0x0000005b26d00000,0x0000005b26e00000) (1024K)]
  0x000001a96091de10 WorkerThread "GC Thread#5"                     [id=2288, stack(0x0000005b26e00000,0x0000005b26f00000) (1024K)]
  0x000001a960b0d230 WorkerThread "GC Thread#6"                     [id=10692, stack(0x0000005b27000000,0x0000005b27100000) (1024K)]
  0x000001a960b27fc0 WorkerThread "GC Thread#7"                     [id=6536, stack(0x0000005b27100000,0x0000005b27200000) (1024K)]
  0x000001a947771b40 ConcurrentGCThread "G1 Main Marker"            [id=6244, stack(0x0000005b25500000,0x0000005b25600000) (1024K)]
  0x000001a947772e60 WorkerThread "G1 Conc#0"                       [id=16320, stack(0x0000005b25600000,0x0000005b25700000) (1024K)]
  0x000001a95baca410 WorkerThread "G1 Conc#1"                       [id=3572, stack(0x0000005b26700000,0x0000005b26800000) (1024K)]
  0x000001a9477ad730 WorkerThread "G1 Refinement Workers#0"         [id=13240, stack(0x0000005b25800000,0x0000005b25900000) (1024K)]
  0x000001a9477acec0 ConcurrentGCThread "G1 Refine Control"         [id=13984, stack(0x0000005b25700000,0x0000005b25800000) (1024K)]
  0x000001a95b4d7f70 ConcurrentGCThread "G1 Service"                [id=17432, stack(0x0000005b25900000,0x0000005b25a00000) (1024K)]
Total: 16

Threads with active compile tasks:
Total: 0

VM state: at safepoint (normal execution)

VM Mutex/Monitor currently owned by a thread:  ([mutex/lock_event])
[0x00007fff7b81ed08] Threads_lock - owner thread: 0x000001a95b624bc0
[0x00007fff7b81ef88] Heap_lock - owner thread: 0x000001a967192f30

Heap address: 0x0000000701c00000, size: 4068 MB, Compressed Oops mode: Zero based, Oop shift amount: 3

CDS archive(s) mapped at: [0x0000000026000000-0x0000000026de0000-0x0000000026de0000), size 14548992, SharedBaseAddress: 0x0000000026000000, ArchiveRelocationMode: 1.
Compressed class space mapped at: 0x0000000027000000-0x0000000067000000, reserved size: 1073741824
UseCompressedClassPointers 1, UseCompactObjectHeaders 0
Narrow klass pointer bits 32, Max shift 3
Narrow klass base: 0x0000000026000000, Narrow klass shift: 0
Encoding Range: [0x0000000026000000 - 0x0000000126000000), (4294967296 bytes)
Klass Range:    [0x0000000026000000 - 0x0000000067000000), (1090519040 bytes)
Klass ID Range:  [8 - 1090519033) (1090519025)
Protection zone: [0x0000000026000000 - 0x0000000026010000), (65536 bytes)

GC Precious Log:
 CardTable entry size: 512
 Card Set container configuration: InlinePtr #cards 4 size 8 Array Of Cards #cards 16 size 48 Howl #buckets 8 coarsen threshold 3686 Howl Bitmap #cards 512 size 80 coarsen threshold 460 Card regions per heap region 1 cards per card region 4096
 CPUs: 8 total, 8 available
 Memory: 16267M
 Large Page Support: Disabled
 NUMA Support: Disabled
 Compressed Oops: Enabled (Zero based)
 Heap Region Size: 2M
 Heap Min Capacity: 8M
 Heap Initial Capacity: 8M
 Heap Max Capacity: 4068M
 Pre-touch: Disabled
 Parallel Workers: 8
 Concurrent Workers: 2
 Concurrent Refinement Workers: 8
 Periodic GC: Disabled

Heap:
 garbage-first heap   total reserved 4165632K, committed 477184K, used 153639K [0x0000000701c00000, 0x0000000800000000)
  region size 2M, 0 eden (0M), 12 survivor (24M), 36 old (72M), 28 humongous (56M), 157 free (314M)

Heap Regions: E=young(eden), S=young(survivor), O=old, HS=humongous(starts), HC=humongous(continues), CS=collection set, F=free, TAMS=top-at-mark-start, PB=parsable bottom
|    0|0x0000000701c00000, 0x0000000701e00000, 0x0000000701e00000|100%| O|  |TAMS 0x0000000701c00000| PB 0x0000000701c00000| Untracked |  0
|    1|0x0000000701e00000, 0x0000000701ffffb0, 0x0000000702000000| 99%| O|  |TAMS 0x0000000701e00000| PB 0x0000000701e00000| Untracked |  0
|    2|0x0000000702000000, 0x00000007021ffff0, 0x0000000702200000| 99%| O|  |TAMS 0x0000000702000000| PB 0x0000000702000000| Untracked |  0
|    3|0x0000000702200000, 0x00000007023fff90, 0x0000000702400000| 99%| O|  |TAMS 0x0000000702200000| PB 0x0000000702200000| Untracked |  0
|    4|0x0000000702400000, 0x0000000702600000, 0x0000000702600000|100%| O|  |TAMS 0x0000000702400000| PB 0x0000000702400000| Untracked |  0
|    5|0x0000000702600000, 0x00000007027ffff0, 0x0000000702800000| 99%| O|  |TAMS 0x0000000702600000| PB 0x0000000702600000| Untracked |  0
|    6|0x0000000702800000, 0x00000007029fffe0, 0x0000000702a00000| 99%| O|  |TAMS 0x0000000702800000| PB 0x0000000702800000| Untracked |  0
|    7|0x0000000702a00000, 0x0000000702bffff0, 0x0000000702c00000| 99%| O|  |TAMS 0x0000000702a00000| PB 0x0000000702a00000| Untracked |  0
|    8|0x0000000702c00000, 0x0000000702dffff8, 0x0000000702e00000| 99%| O|  |TAMS 0x0000000702c00000| PB 0x0000000702c00000| Untracked |  0
|    9|0x0000000702e00000, 0x0000000702fff870, 0x0000000703000000| 99%| O|  |TAMS 0x0000000702e00000| PB 0x0000000702e00000| Untracked |  0
|   10|0x0000000703000000, 0x00000007031fffe8, 0x0000000703200000| 99%| O|  |TAMS 0x0000000703000000| PB 0x0000000703000000| Untracked |  0
|   11|0x0000000703200000, 0x00000007033ffff0, 0x0000000703400000| 99%| O|  |TAMS 0x0000000703200000| PB 0x0000000703200000| Untracked |  0
|   12|0x0000000703400000, 0x00000007035ffff0, 0x0000000703600000| 99%| O|  |TAMS 0x0000000703400000| PB 0x0000000703400000| Untracked |  0
|   13|0x0000000703600000, 0x00000007037fe058, 0x0000000703800000| 99%| O|  |TAMS 0x0000000703600000| PB 0x0000000703600000| Untracked |  0
|   14|0x0000000703800000, 0x0000000703a00000, 0x0000000703a00000|100%| O|  |TAMS 0x0000000703800000| PB 0x0000000703800000| Untracked |  0
|   15|0x0000000703a00000, 0x0000000703a00000, 0x0000000703c00000|  0%| F|  |TAMS 0x0000000703a00000| PB 0x0000000703a00000| Untracked |  0
|   16|0x0000000703c00000, 0x0000000703c00000, 0x0000000703e00000|  0%| F|  |TAMS 0x0000000703c00000| PB 0x0000000703c00000| Untracked |  0
|   17|0x0000000703e00000, 0x0000000703e00000, 0x0000000704000000|  0%| F|  |TAMS 0x0000000703e00000| PB 0x0000000703e00000| Untracked |  0
|   18|0x0000000704000000, 0x0000000704000000, 0x0000000704200000|  0%| F|  |TAMS 0x0000000704000000| PB 0x0000000704000000| Untracked |  0
|   19|0x0000000704200000, 0x0000000704200000, 0x0000000704400000|  0%| F|  |TAMS 0x0000000704200000| PB 0x0000000704200000| Untracked |  0
|   20|0x0000000704400000, 0x0000000704400000, 0x0000000704600000|  0%| F|  |TAMS 0x0000000704400000| PB 0x0000000704400000| Untracked |  0
|   21|0x0000000704600000, 0x0000000704600000, 0x0000000704800000|  0%| F|  |TAMS 0x0000000704600000| PB 0x0000000704600000| Untracked |  0
|   22|0x0000000704800000, 0x0000000704a00000, 0x0000000704a00000|100%| O|  |TAMS 0x0000000704800000| PB 0x0000000704800000| Untracked |  0
|   23|0x0000000704a00000, 0x0000000704c00000, 0x0000000704c00000|100%| O|  |TAMS 0x0000000704a00000| PB 0x0000000704a00000| Untracked |  0
|   24|0x0000000704c00000, 0x0000000704e00000, 0x0000000704e00000|100%| O|  |TAMS 0x0000000704c00000| PB 0x0000000704c00000| Untracked |  0
|   25|0x0000000704e00000, 0x0000000705000000, 0x0000000705000000|100%|HS|  |TAMS 0x0000000704e00000| PB 0x0000000704e00000| Complete  |  0
|   26|0x0000000705000000, 0x0000000705200000, 0x0000000705200000|100%|HC|  |TAMS 0x0000000705000000| PB 0x0000000705000000| Complete  |  0
|   27|0x0000000705200000, 0x0000000705400000, 0x0000000705400000|100%|HC|  |TAMS 0x0000000705200000| PB 0x0000000705200000| Complete  |  0
|   28|0x0000000705400000, 0x0000000705600000, 0x0000000705600000|100%| O|  |TAMS 0x0000000705400000| PB 0x0000000705400000| Untracked |  0
|   29|0x0000000705600000, 0x0000000705600000, 0x0000000705800000|  0%| F|  |TAMS 0x0000000705600000| PB 0x0000000705600000| Untracked |  0
|   30|0x0000000705800000, 0x0000000705800000, 0x0000000705a00000|  0%| F|  |TAMS 0x0000000705800000| PB 0x0000000705800000| Untracked |  0
|   31|0x0000000705a00000, 0x0000000705a00000, 0x0000000705c00000|  0%| F|  |TAMS 0x0000000705a00000| PB 0x0000000705a00000| Untracked |  0
|   32|0x0000000705c00000, 0x0000000705c00000, 0x0000000705e00000|  0%| F|  |TAMS 0x0000000705c00000| PB 0x0000000705c00000| Untracked |  0
|   33|0x0000000705e00000, 0x0000000705e00000, 0x0000000706000000|  0%| F|  |TAMS 0x0000000705e00000| PB 0x0000000705e00000| Untracked |  0
|   34|0x0000000706000000, 0x0000000706000000, 0x0000000706200000|  0%| F|  |TAMS 0x0000000706000000| PB 0x0000000706000000| Untracked |  0
|   35|0x0000000706200000, 0x0000000706200000, 0x0000000706400000|  0%| F|  |TAMS 0x0000000706200000| PB 0x0000000706200000| Untracked |  0
|   36|0x0000000706400000, 0x0000000706400000, 0x0000000706600000|  0%| F|  |TAMS 0x0000000706400000| PB 0x0000000706400000| Untracked |  0
|   37|0x0000000706600000, 0x0000000706600000, 0x0000000706800000|  0%| F|  |TAMS 0x0000000706600000| PB 0x0000000706600000| Untracked |  0
|   38|0x0000000706800000, 0x0000000706800000, 0x0000000706a00000|  0%| F|  |TAMS 0x0000000706800000| PB 0x0000000706800000| Untracked |  0
|   39|0x0000000706a00000, 0x0000000706a00000, 0x0000000706c00000|  0%| F|  |TAMS 0x0000000706a00000| PB 0x0000000706a00000| Untracked |  0
|   40|0x0000000706c00000, 0x0000000706c00000, 0x0000000706e00000|  0%| F|  |TAMS 0x0000000706c00000| PB 0x0000000706c00000| Untracked |  0
|   41|0x0000000706e00000, 0x0000000706e00000, 0x0000000707000000|  0%| F|  |TAMS 0x0000000706e00000| PB 0x0000000706e00000| Untracked |  0
|   42|0x0000000707000000, 0x0000000707000000, 0x0000000707200000|  0%| F|  |TAMS 0x0000000707000000| PB 0x0000000707000000| Untracked |  0
|   43|0x0000000707200000, 0x0000000707200000, 0x0000000707400000|  0%| F|  |TAMS 0x0000000707200000| PB 0x0000000707200000| Untracked |  0
|   44|0x0000000707400000, 0x0000000707600000, 0x0000000707600000|100%|HS|  |TAMS 0x0000000707400000| PB 0x0000000707400000| Complete  |  0
|   45|0x0000000707600000, 0x0000000707800000, 0x0000000707800000|100%|HC|  |TAMS 0x0000000707600000| PB 0x0000000707600000| Complete  |  0
|   46|0x0000000707800000, 0x0000000707a00000, 0x0000000707a00000|100%|HC|  |TAMS 0x0000000707800000| PB 0x0000000707800000| Complete  |  0
|   47|0x0000000707a00000, 0x0000000707a00000, 0x0000000707c00000|  0%| F|  |TAMS 0x0000000707a00000| PB 0x0000000707a00000| Untracked |  0
|   48|0x0000000707c00000, 0x0000000707c00000, 0x0000000707e00000|  0%| F|  |TAMS 0x0000000707c00000| PB 0x0000000707c00000| Untracked |  0
|   49|0x0000000707e00000, 0x0000000707e00000, 0x0000000708000000|  0%| F|  |TAMS 0x0000000707e00000| PB 0x0000000707e00000| Untracked |  0
|   50|0x0000000708000000, 0x0000000708000000, 0x0000000708200000|  0%| F|  |TAMS 0x0000000708000000| PB 0x0000000708000000| Untracked |  0
|   51|0x0000000708200000, 0x0000000708200000, 0x0000000708400000|  0%| F|  |TAMS 0x0000000708200000| PB 0x0000000708200000| Untracked |  0
|   52|0x0000000708400000, 0x0000000708400000, 0x0000000708600000|  0%| F|  |TAMS 0x0000000708400000| PB 0x0000000708400000| Untracked |  0
|   53|0x0000000708600000, 0x0000000708600000, 0x0000000708800000|  0%| F|  |TAMS 0x0000000708600000| PB 0x0000000708600000| Untracked |  0
|   54|0x0000000708800000, 0x0000000708800000, 0x0000000708a00000|  0%| F|  |TAMS 0x0000000708800000| PB 0x0000000708800000| Untracked |  0
|   55|0x0000000708a00000, 0x0000000708a00000, 0x0000000708c00000|  0%| F|  |TAMS 0x0000000708a00000| PB 0x0000000708a00000| Untracked |  0
|   56|0x0000000708c00000, 0x0000000708c00000, 0x0000000708e00000|  0%| F|  |TAMS 0x0000000708c00000| PB 0x0000000708c00000| Untracked |  0
|   57|0x0000000708e00000, 0x0000000708e00000, 0x0000000709000000|  0%| F|  |TAMS 0x0000000708e00000| PB 0x0000000708e00000| Untracked |  0
|   58|0x0000000709000000, 0x0000000709000000, 0x0000000709200000|  0%| F|  |TAMS 0x0000000709000000| PB 0x0000000709000000| Untracked |  0
|   59|0x0000000709200000, 0x0000000709200000, 0x0000000709400000|  0%| F|  |TAMS 0x0000000709200000| PB 0x0000000709200000| Untracked |  0
|   60|0x0000000709400000, 0x0000000709400000, 0x0000000709600000|  0%| F|  |TAMS 0x0000000709400000| PB 0x0000000709400000| Untracked |  0
|   61|0x0000000709600000, 0x0000000709600000, 0x0000000709800000|  0%| F|  |TAMS 0x0000000709600000| PB 0x0000000709600000| Untracked |  0
|   62|0x0000000709800000, 0x0000000709a00000, 0x0000000709a00000|100%| O|  |TAMS 0x0000000709800000| PB 0x0000000709800000| Untracked |  0
|   63|0x0000000709a00000, 0x0000000709c00000, 0x0000000709c00000|100%| O|  |TAMS 0x0000000709a00000| PB 0x0000000709a00000| Untracked |  0
|   64|0x0000000709c00000, 0x0000000709c00000, 0x0000000709e00000|  0%| F|  |TAMS 0x0000000709c00000| PB 0x0000000709c00000| Untracked |  0
|   65|0x0000000709e00000, 0x0000000709e00000, 0x000000070a000000|  0%| F|  |TAMS 0x0000000709e00000| PB 0x0000000709e00000| Untracked |  0
|   66|0x000000070a000000, 0x000000070a000000, 0x000000070a200000|  0%| F|  |TAMS 0x000000070a000000| PB 0x000000070a000000| Untracked |  0
|   67|0x000000070a200000, 0x000000070a200000, 0x000000070a400000|  0%| F|  |TAMS 0x000000070a200000| PB 0x000000070a200000| Untracked |  0
|   68|0x000000070a400000, 0x000000070a400000, 0x000000070a600000|  0%| F|  |TAMS 0x000000070a400000| PB 0x000000070a400000| Untracked |  0
|   69|0x000000070a600000, 0x000000070a600000, 0x000000070a800000|  0%| F|  |TAMS 0x000000070a600000| PB 0x000000070a600000| Untracked |  0
|   70|0x000000070a800000, 0x000000070a800000, 0x000000070aa00000|  0%| F|  |TAMS 0x000000070a800000| PB 0x000000070a800000| Untracked |  0
|   71|0x000000070aa00000, 0x000000070aa00000, 0x000000070ac00000|  0%| F|  |TAMS 0x000000070aa00000| PB 0x000000070aa00000| Untracked |  0
|   72|0x000000070ac00000, 0x000000070ac00000, 0x000000070ae00000|  0%| F|  |TAMS 0x000000070ac00000| PB 0x000000070ac00000| Untracked |  0
|   73|0x000000070ae00000, 0x000000070ae00000, 0x000000070b000000|  0%| F|  |TAMS 0x000000070ae00000| PB 0x000000070ae00000| Untracked |  0
|   74|0x000000070b000000, 0x000000070b000000, 0x000000070b200000|  0%| F|  |TAMS 0x000000070b000000| PB 0x000000070b000000| Untracked |  0
|   75|0x000000070b200000, 0x000000070b200000, 0x000000070b400000|  0%| F|  |TAMS 0x000000070b200000| PB 0x000000070b200000| Untracked |  0
|   76|0x000000070b400000, 0x000000070b400000, 0x000000070b600000|  0%| F|  |TAMS 0x000000070b400000| PB 0x000000070b400000| Untracked |  0
|   77|0x000000070b600000, 0x000000070b600000, 0x000000070b800000|  0%| F|  |TAMS 0x000000070b600000| PB 0x000000070b600000| Untracked |  0
|   78|0x000000070b800000, 0x000000070b800000, 0x000000070ba00000|  0%| F|  |TAMS 0x000000070b800000| PB 0x000000070b800000| Untracked |  0
|   79|0x000000070ba00000, 0x000000070ba00000, 0x000000070bc00000|  0%| F|  |TAMS 0x000000070ba00000| PB 0x000000070ba00000| Untracked |  0
|   80|0x000000070bc00000, 0x000000070bc00000, 0x000000070be00000|  0%| F|  |TAMS 0x000000070bc00000| PB 0x000000070bc00000| Untracked |  0
|   81|0x000000070be00000, 0x000000070be00000, 0x000000070c000000|  0%| F|  |TAMS 0x000000070be00000| PB 0x000000070be00000| Untracked |  0
|   82|0x000000070c000000, 0x000000070c000000, 0x000000070c200000|  0%| F|  |TAMS 0x000000070c000000| PB 0x000000070c000000| Untracked |  0
|   83|0x000000070c200000, 0x000000070c200000, 0x000000070c400000|  0%| F|  |TAMS 0x000000070c200000| PB 0x000000070c200000| Untracked |  0
|   84|0x000000070c400000, 0x000000070c400000, 0x000000070c600000|  0%| F|  |TAMS 0x000000070c400000| PB 0x000000070c400000| Untracked |  0
|   85|0x000000070c600000, 0x000000070c600000, 0x000000070c800000|  0%| F|  |TAMS 0x000000070c600000| PB 0x000000070c600000| Untracked |  0
|   86|0x000000070c800000, 0x000000070c800000, 0x000000070ca00000|  0%| F|  |TAMS 0x000000070c800000| PB 0x000000070c800000| Untracked |  0
|   87|0x000000070ca00000, 0x000000070cc00000, 0x000000070cc00000|100%| O|  |TAMS 0x000000070ca00000| PB 0x000000070ca00000| Untracked |  0
|   88|0x000000070cc00000, 0x000000070cc00000, 0x000000070ce00000|  0%| F|  |TAMS 0x000000070cc00000| PB 0x000000070cc00000| Untracked |  0
|   89|0x000000070ce00000, 0x000000070d000000, 0x000000070d000000|100%| O|  |TAMS 0x000000070ce00000| PB 0x000000070ce00000| Untracked |  0
|   90|0x000000070d000000, 0x000000070d000000, 0x000000070d200000|  0%| F|  |TAMS 0x000000070d000000| PB 0x000000070d000000| Untracked |  0
|   91|0x000000070d200000, 0x000000070d400000, 0x000000070d400000|100%| O|  |TAMS 0x000000070d200000| PB 0x000000070d200000| Untracked |  0
|   92|0x000000070d400000, 0x000000070d400000, 0x000000070d600000|  0%| F|  |TAMS 0x000000070d400000| PB 0x000000070d400000| Untracked |  0
|   93|0x000000070d600000, 0x000000070d600000, 0x000000070d800000|  0%| F|  |TAMS 0x000000070d600000| PB 0x000000070d600000| Untracked |  0
|   94|0x000000070d800000, 0x000000070d800000, 0x000000070da00000|  0%| F|  |TAMS 0x000000070d800000| PB 0x000000070d800000| Untracked |  0
|   95|0x000000070da00000, 0x000000070dc00000, 0x000000070dc00000|100%| O|  |TAMS 0x000000070da00000| PB 0x000000070da00000| Untracked |  0
|   96|0x000000070dc00000, 0x000000070dc00000, 0x000000070de00000|  0%| F|  |TAMS 0x000000070dc00000| PB 0x000000070dc00000| Untracked |  0
|   97|0x000000070de00000, 0x000000070de00000, 0x000000070e000000|  0%| F|  |TAMS 0x000000070de00000| PB 0x000000070de00000| Untracked |  0
|   98|0x000000070e000000, 0x000000070e000000, 0x000000070e200000|  0%| F|  |TAMS 0x000000070e000000| PB 0x000000070e000000| Untracked |  0
|   99|0x000000070e200000, 0x000000070e200000, 0x000000070e400000|  0%| F|  |TAMS 0x000000070e200000| PB 0x000000070e200000| Untracked |  0
|  100|0x000000070e400000, 0x000000070e400000, 0x000000070e600000|  0%| F|  |TAMS 0x000000070e400000| PB 0x000000070e400000| Untracked |  0
|  101|0x000000070e600000, 0x000000070e600000, 0x000000070e800000|  0%| F|  |TAMS 0x000000070e600000| PB 0x000000070e600000| Untracked |  0
|  102|0x000000070e800000, 0x000000070e800000, 0x000000070ea00000|  0%| F|  |TAMS 0x000000070e800000| PB 0x000000070e800000| Untracked |  0
|  103|0x000000070ea00000, 0x000000070ea00000, 0x000000070ec00000|  0%| F|  |TAMS 0x000000070ea00000| PB 0x000000070ea00000| Untracked |  0
|  104|0x000000070ec00000, 0x000000070ec00000, 0x000000070ee00000|  0%| F|  |TAMS 0x000000070ec00000| PB 0x000000070ec00000| Untracked |  0
|  105|0x000000070ee00000, 0x000000070ee00000, 0x000000070f000000|  0%| F|  |TAMS 0x000000070ee00000| PB 0x000000070ee00000| Untracked |  0
|  106|0x000000070f000000, 0x000000070f000000, 0x000000070f200000|  0%| F|  |TAMS 0x000000070f000000| PB 0x000000070f000000| Untracked |  0
|  107|0x000000070f200000, 0x000000070f200000, 0x000000070f400000|  0%| F|  |TAMS 0x000000070f200000| PB 0x000000070f200000| Untracked |  0
|  108|0x000000070f400000, 0x000000070f400000, 0x000000070f600000|  0%| F|  |TAMS 0x000000070f400000| PB 0x000000070f400000| Untracked |  0
|  109|0x000000070f600000, 0x000000070f600000, 0x000000070f800000|  0%| F|  |TAMS 0x000000070f600000| PB 0x000000070f600000| Untracked |  0
|  110|0x000000070f800000, 0x000000070f800000, 0x000000070fa00000|  0%| F|  |TAMS 0x000000070f800000| PB 0x000000070f800000| Untracked |  0
|  111|0x000000070fa00000, 0x000000070fa00000, 0x000000070fc00000|  0%| F|  |TAMS 0x000000070fa00000| PB 0x000000070fa00000| Untracked |  0
|  112|0x000000070fc00000, 0x000000070fc00000, 0x000000070fe00000|  0%| F|  |TAMS 0x000000070fc00000| PB 0x000000070fc00000| Untracked |  0
|  113|0x000000070fe00000, 0x000000070fe00000, 0x0000000710000000|  0%| F|  |TAMS 0x000000070fe00000| PB 0x000000070fe00000| Untracked |  0
|  114|0x0000000710000000, 0x0000000710000000, 0x0000000710200000|  0%| F|  |TAMS 0x0000000710000000| PB 0x0000000710000000| Untracked |  0
|  115|0x0000000710200000, 0x0000000710200000, 0x0000000710400000|  0%| F|  |TAMS 0x0000000710200000| PB 0x0000000710200000| Untracked |  0
|  116|0x0000000710400000, 0x0000000710400000, 0x0000000710600000|  0%| F|  |TAMS 0x0000000710400000| PB 0x0000000710400000| Untracked |  0
|  117|0x0000000710600000, 0x0000000710600000, 0x0000000710800000|  0%| F|  |TAMS 0x0000000710600000| PB 0x0000000710600000| Untracked |  0
|  118|0x0000000710800000, 0x0000000710800000, 0x0000000710a00000|  0%| F|  |TAMS 0x0000000710800000| PB 0x0000000710800000| Untracked |  0
|  119|0x0000000710a00000, 0x0000000710a00000, 0x0000000710c00000|  0%| F|  |TAMS 0x0000000710a00000| PB 0x0000000710a00000| Untracked |  0
|  120|0x0000000710c00000, 0x0000000710c00000, 0x0000000710e00000|  0%| F|  |TAMS 0x0000000710c00000| PB 0x0000000710c00000| Untracked |  0
|  121|0x0000000710e00000, 0x0000000710e00000, 0x0000000711000000|  0%| F|  |TAMS 0x0000000710e00000| PB 0x0000000710e00000| Untracked |  0
|  122|0x0000000711000000, 0x0000000711000000, 0x0000000711200000|  0%| F|  |TAMS 0x0000000711000000| PB 0x0000000711000000| Untracked |  0
|  123|0x0000000711200000, 0x0000000711200000, 0x0000000711400000|  0%| F|  |TAMS 0x0000000711200000| PB 0x0000000711200000| Untracked |  0
|  124|0x0000000711400000, 0x0000000711400000, 0x0000000711600000|  0%| F|  |TAMS 0x0000000711400000| PB 0x0000000711400000| Untracked |  0
|  125|0x0000000711600000, 0x0000000711800000, 0x0000000711800000|100%|HS|  |TAMS 0x0000000711600000| PB 0x0000000711600000| Complete  |  0
|  126|0x0000000711800000, 0x0000000711a00000, 0x0000000711a00000|100%|HC|  |TAMS 0x0000000711800000| PB 0x0000000711800000| Complete  |  0
|  127|0x0000000711a00000, 0x0000000711c00000, 0x0000000711c00000|100%|HC|  |TAMS 0x0000000711a00000| PB 0x0000000711a00000| Complete  |  0
|  128|0x0000000711c00000, 0x0000000711e00000, 0x0000000711e00000|100%|HC|  |TAMS 0x0000000711c00000| PB 0x0000000711c00000| Complete  |  0
|  129|0x0000000711e00000, 0x0000000712000000, 0x0000000712000000|100%|HC|  |TAMS 0x0000000711e00000| PB 0x0000000711e00000| Complete  |  0
|  130|0x0000000712000000, 0x0000000712200000, 0x0000000712200000|100%|HC|  |TAMS 0x0000000712000000| PB 0x0000000712000000| Complete  |  0
|  131|0x0000000712200000, 0x0000000712400000, 0x0000000712400000|100%|HC|  |TAMS 0x0000000712200000| PB 0x0000000712200000| Complete  |  0
|  132|0x0000000712400000, 0x0000000712600000, 0x0000000712600000|100%|HC|  |TAMS 0x0000000712400000| PB 0x0000000712400000| Complete  |  0
|  133|0x0000000712600000, 0x0000000712800000, 0x0000000712800000|100%|HC|  |TAMS 0x0000000712600000| PB 0x0000000712600000| Complete  |  0
|  134|0x0000000712800000, 0x0000000712a00000, 0x0000000712a00000|100%|HC|  |TAMS 0x0000000712800000| PB 0x0000000712800000| Complete  |  0
|  135|0x0000000712a00000, 0x0000000712c00000, 0x0000000712c00000|100%|HC|  |TAMS 0x0000000712a00000| PB 0x0000000712a00000| Complete  |  0
|  136|0x0000000712c00000, 0x0000000712c00000, 0x0000000712e00000|  0%| F|  |TAMS 0x0000000712c00000| PB 0x0000000712c00000| Untracked |  0
|  137|0x0000000712e00000, 0x0000000712e00000, 0x0000000713000000|  0%| F|  |TAMS 0x0000000712e00000| PB 0x0000000712e00000| Untracked |  0
|  138|0x0000000713000000, 0x0000000713000000, 0x0000000713200000|  0%| F|  |TAMS 0x0000000713000000| PB 0x0000000713000000| Untracked |  0
|  139|0x0000000713200000, 0x0000000713200000, 0x0000000713400000|  0%| F|  |TAMS 0x0000000713200000| PB 0x0000000713200000| Untracked |  0
|  140|0x0000000713400000, 0x0000000713400000, 0x0000000713600000|  0%| F|  |TAMS 0x0000000713400000| PB 0x0000000713400000| Untracked |  0
|  141|0x0000000713600000, 0x0000000713600000, 0x0000000713800000|  0%| F|  |TAMS 0x0000000713600000| PB 0x0000000713600000| Untracked |  0
|  142|0x0000000713800000, 0x0000000713800000, 0x0000000713a00000|  0%| F|  |TAMS 0x0000000713800000| PB 0x0000000713800000| Untracked |  0
|  143|0x0000000713a00000, 0x0000000713a00000, 0x0000000713c00000|  0%| F|  |TAMS 0x0000000713a00000| PB 0x0000000713a00000| Untracked |  0
|  144|0x0000000713c00000, 0x0000000713c00000, 0x0000000713e00000|  0%| F|  |TAMS 0x0000000713c00000| PB 0x0000000713c00000| Untracked |  0
|  145|0x0000000713e00000, 0x0000000713e00000, 0x0000000714000000|  0%| F|  |TAMS 0x0000000713e00000| PB 0x0000000713e00000| Untracked |  0
|  146|0x0000000714000000, 0x0000000714000000, 0x0000000714200000|  0%| F|  |TAMS 0x0000000714000000| PB 0x0000000714000000| Untracked |  0
|  147|0x0000000714200000, 0x0000000714200000, 0x0000000714400000|  0%| F|  |TAMS 0x0000000714200000| PB 0x0000000714200000| Untracked |  0
|  148|0x0000000714400000, 0x0000000714400000, 0x0000000714600000|  0%| F|  |TAMS 0x0000000714400000| PB 0x0000000714400000| Untracked |  0
|  149|0x0000000714600000, 0x0000000714600000, 0x0000000714800000|  0%| F|  |TAMS 0x0000000714600000| PB 0x0000000714600000| Untracked |  0
|  150|0x0000000714800000, 0x0000000714800000, 0x0000000714a00000|  0%| F|  |TAMS 0x0000000714800000| PB 0x0000000714800000| Untracked |  0
|  151|0x0000000714a00000, 0x0000000714a00000, 0x0000000714c00000|  0%| F|  |TAMS 0x0000000714a00000| PB 0x0000000714a00000| Untracked |  0
|  152|0x0000000714c00000, 0x0000000714c00000, 0x0000000714e00000|  0%| F|  |TAMS 0x0000000714c00000| PB 0x0000000714c00000| Untracked |  0
|  153|0x0000000714e00000, 0x0000000714e00000, 0x0000000715000000|  0%| F|  |TAMS 0x0000000714e00000| PB 0x0000000714e00000| Untracked |  0
|  154|0x0000000715000000, 0x0000000715000000, 0x0000000715200000|  0%| F|  |TAMS 0x0000000715000000| PB 0x0000000715000000| Untracked |  0
|  155|0x0000000715200000, 0x0000000715200000, 0x0000000715400000|  0%| F|  |TAMS 0x0000000715200000| PB 0x0000000715200000| Untracked |  0
|  156|0x0000000715400000, 0x0000000715400000, 0x0000000715600000|  0%| F|  |TAMS 0x0000000715400000| PB 0x0000000715400000| Untracked |  0
|  157|0x0000000715600000, 0x0000000715600000, 0x0000000715800000|  0%| F|  |TAMS 0x0000000715600000| PB 0x0000000715600000| Untracked |  0
|  158|0x0000000715800000, 0x0000000715800000, 0x0000000715a00000|  0%| F|  |TAMS 0x0000000715800000| PB 0x0000000715800000| Untracked |  0
|  159|0x0000000715a00000, 0x0000000715a00000, 0x0000000715c00000|  0%| F|  |TAMS 0x0000000715a00000| PB 0x0000000715a00000| Untracked |  0
|  160|0x0000000715c00000, 0x0000000715c00000, 0x0000000715e00000|  0%| F|  |TAMS 0x0000000715c00000| PB 0x0000000715c00000| Untracked |  0
|  161|0x0000000715e00000, 0x0000000715e00000, 0x0000000716000000|  0%| F|  |TAMS 0x0000000715e00000| PB 0x0000000715e00000| Untracked |  0
|  162|0x0000000716000000, 0x0000000716000000, 0x0000000716200000|  0%| F|  |TAMS 0x0000000716000000| PB 0x0000000716000000| Untracked |  0
|  163|0x0000000716200000, 0x0000000716200000, 0x0000000716400000|  0%| F|  |TAMS 0x0000000716200000| PB 0x0000000716200000| Untracked |  0
|  164|0x0000000716400000, 0x0000000716400000, 0x0000000716600000|  0%| F|  |TAMS 0x0000000716400000| PB 0x0000000716400000| Untracked |  0
|  165|0x0000000716600000, 0x0000000716600000, 0x0000000716800000|  0%| F|  |TAMS 0x0000000716600000| PB 0x0000000716600000| Untracked |  0
|  166|0x0000000716800000, 0x0000000716800000, 0x0000000716a00000|  0%| F|  |TAMS 0x0000000716800000| PB 0x0000000716800000| Untracked |  0
|  167|0x0000000716a00000, 0x0000000716a00000, 0x0000000716c00000|  0%| F|  |TAMS 0x0000000716a00000| PB 0x0000000716a00000| Untracked |  0
|  168|0x0000000716c00000, 0x0000000716c00000, 0x0000000716e00000|  0%| F|  |TAMS 0x0000000716c00000| PB 0x0000000716c00000| Untracked |  0
|  169|0x0000000716e00000, 0x0000000716e00000, 0x0000000717000000|  0%| F|  |TAMS 0x0000000716e00000| PB 0x0000000716e00000| Untracked |  0
|  170|0x0000000717000000, 0x0000000717000000, 0x0000000717200000|  0%| F|  |TAMS 0x0000000717000000| PB 0x0000000717000000| Untracked |  0
|  171|0x0000000717200000, 0x0000000717200000, 0x0000000717400000|  0%| F|  |TAMS 0x0000000717200000| PB 0x0000000717200000| Untracked |  0
|  172|0x0000000717400000, 0x0000000717400000, 0x0000000717600000|  0%| F|  |TAMS 0x0000000717400000| PB 0x0000000717400000| Untracked |  0
|  173|0x0000000717600000, 0x0000000717800000, 0x0000000717800000|100%|HS|  |TAMS 0x0000000717600000| PB 0x0000000717600000| Complete  |  0
|  174|0x0000000717800000, 0x0000000717a00000, 0x0000000717a00000|100%|HC|  |TAMS 0x0000000717800000| PB 0x0000000717800000| Complete  |  0
|  175|0x0000000717a00000, 0x0000000717c00000, 0x0000000717c00000|100%|HC|  |TAMS 0x0000000717a00000| PB 0x0000000717a00000| Complete  |  0
|  176|0x0000000717c00000, 0x0000000717e00000, 0x0000000717e00000|100%|HC|  |TAMS 0x0000000717c00000| PB 0x0000000717c00000| Complete  |  0
|  177|0x0000000717e00000, 0x0000000718000000, 0x0000000718000000|100%|HC|  |TAMS 0x0000000717e00000| PB 0x0000000717e00000| Complete  |  0
|  178|0x0000000718000000, 0x0000000718200000, 0x0000000718200000|100%|HC|  |TAMS 0x0000000718000000| PB 0x0000000718000000| Complete  |  0
|  179|0x0000000718200000, 0x0000000718400000, 0x0000000718400000|100%|HC|  |TAMS 0x0000000718200000| PB 0x0000000718200000| Complete  |  0
|  180|0x0000000718400000, 0x0000000718600000, 0x0000000718600000|100%|HC|  |TAMS 0x0000000718400000| PB 0x0000000718400000| Complete  |  0
|  181|0x0000000718600000, 0x0000000718800000, 0x0000000718800000|100%|HC|  |TAMS 0x0000000718600000| PB 0x0000000718600000| Complete  |  0
|  182|0x0000000718800000, 0x0000000718a00000, 0x0000000718a00000|100%|HC|  |TAMS 0x0000000718800000| PB 0x0000000718800000| Complete  |  0
|  183|0x0000000718a00000, 0x0000000718c00000, 0x0000000718c00000|100%|HC|  |TAMS 0x0000000718a00000| PB 0x0000000718a00000| Complete  |  0
|  184|0x0000000718c00000, 0x0000000718c00000, 0x0000000718e00000|  0%| F|  |TAMS 0x0000000718c00000| PB 0x0000000718c00000| Untracked |  0
|  185|0x0000000718e00000, 0x0000000718e00000, 0x0000000719000000|  0%| F|  |TAMS 0x0000000718e00000| PB 0x0000000718e00000| Untracked |  0
|  186|0x0000000719000000, 0x0000000719000000, 0x0000000719200000|  0%| F|  |TAMS 0x0000000719000000| PB 0x0000000719000000| Untracked |  0
|  187|0x0000000719200000, 0x0000000719200000, 0x0000000719400000|  0%| F|  |TAMS 0x0000000719200000| PB 0x0000000719200000| Untracked |  0
|  188|0x0000000719400000, 0x0000000719400000, 0x0000000719600000|  0%| F|  |TAMS 0x0000000719400000| PB 0x0000000719400000| Untracked |  0
|  189|0x0000000719600000, 0x0000000719600000, 0x0000000719800000|  0%| F|  |TAMS 0x0000000719600000| PB 0x0000000719600000| Untracked |  0
|  190|0x0000000719800000, 0x0000000719800000, 0x0000000719a00000|  0%| F|  |TAMS 0x0000000719800000| PB 0x0000000719800000| Untracked |  0
|  191|0x0000000719a00000, 0x0000000719a00000, 0x0000000719c00000|  0%| F|  |TAMS 0x0000000719a00000| PB 0x0000000719a00000| Untracked |  0
|  192|0x0000000719c00000, 0x0000000719c00000, 0x0000000719e00000|  0%| F|  |TAMS 0x0000000719c00000| PB 0x0000000719c00000| Untracked |  0
|  193|0x0000000719e00000, 0x0000000719e00000, 0x000000071a000000|  0%| F|  |TAMS 0x0000000719e00000| PB 0x0000000719e00000| Untracked |  0
|  194|0x000000071a000000, 0x000000071a000000, 0x000000071a200000|  0%| F|  |TAMS 0x000000071a000000| PB 0x000000071a000000| Untracked |  0
|  195|0x000000071a200000, 0x000000071a200000, 0x000000071a400000|  0%| F|  |TAMS 0x000000071a200000| PB 0x000000071a200000| Untracked |  0
|  196|0x000000071a400000, 0x000000071a400000, 0x000000071a600000|  0%| F|  |TAMS 0x000000071a400000| PB 0x000000071a400000| Untracked |  0
|  197|0x000000071a600000, 0x000000071a800000, 0x000000071a800000|100%| S|CS|TAMS 0x000000071a600000| PB 0x000000071a600000| Complete  |  0
|  198|0x000000071a800000, 0x000000071aa00000, 0x000000071aa00000|100%| S|CS|TAMS 0x000000071a800000| PB 0x000000071a800000| Complete  |  0
|  199|0x000000071aa00000, 0x000000071ac00000, 0x000000071ac00000|100%| S|CS|TAMS 0x000000071aa00000| PB 0x000000071aa00000| Complete  |  0
|  200|0x000000071ac00000, 0x000000071ae00000, 0x000000071ae00000|100%| S|CS|TAMS 0x000000071ac00000| PB 0x000000071ac00000| Complete  |  0
|  201|0x000000071ae00000, 0x000000071b000000, 0x000000071b000000|100%| S|CS|TAMS 0x000000071ae00000| PB 0x000000071ae00000| Complete  |  0
|  202|0x000000071b000000, 0x000000071b200000, 0x000000071b200000|100%| S|CS|TAMS 0x000000071b000000| PB 0x000000071b000000| Complete  |  0
|  203|0x000000071b200000, 0x000000071b400000, 0x000000071b400000|100%| S|CS|TAMS 0x000000071b200000| PB 0x000000071b200000| Complete  |  0
|  204|0x000000071b400000, 0x000000071b600000, 0x000000071b600000|100%| S|CS|TAMS 0x000000071b400000| PB 0x000000071b400000| Complete  |  0
|  205|0x000000071b600000, 0x000000071b800000, 0x000000071b800000|100%| S|CS|TAMS 0x000000071b600000| PB 0x000000071b600000| Complete  |  0
|  206|0x000000071b800000, 0x000000071ba00000, 0x000000071ba00000|100%| S|CS|TAMS 0x000000071b800000| PB 0x000000071b800000| Complete  |  0
|  207|0x000000071ba00000, 0x000000071ba00000, 0x000000071bc00000|  0%| F|  |TAMS 0x000000071ba00000| PB 0x000000071ba00000| Untracked |  0
|  208|0x000000071bc00000, 0x000000071bc00000, 0x000000071be00000|  0%| F|  |TAMS 0x000000071bc00000| PB 0x000000071bc00000| Untracked |  0
|  209|0x000000071be00000, 0x000000071be00000, 0x000000071c000000|  0%| F|  |TAMS 0x000000071be00000| PB 0x000000071be00000| Untracked |  0
|  210|0x000000071c000000, 0x000000071c000000, 0x000000071c200000|  0%| F|  |TAMS 0x000000071c000000| PB 0x000000071c000000| Untracked |  0
|  211|0x000000071c200000, 0x000000071c200000, 0x000000071c400000|  0%| F|  |TAMS 0x000000071c200000| PB 0x000000071c200000| Untracked |  0
|  212|0x000000071c400000, 0x000000071c400000, 0x000000071c600000|  0%| F|  |TAMS 0x000000071c400000| PB 0x000000071c400000| Untracked |  0
|  213|0x000000071c600000, 0x000000071c600000, 0x000000071c800000|  0%| F|  |TAMS 0x000000071c600000| PB 0x000000071c600000| Untracked |  0
|  214|0x000000071c800000, 0x000000071c800000, 0x000000071ca00000|  0%| F|  |TAMS 0x000000071c800000| PB 0x000000071c800000| Untracked |  0
|  215|0x000000071ca00000, 0x000000071cc00000, 0x000000071cc00000|100%| S|CS|TAMS 0x000000071ca00000| PB 0x000000071ca00000| Complete  |  0
|  216|0x000000071cc00000, 0x000000071cd87fb0, 0x000000071ce00000| 76%| S|CS|TAMS 0x000000071cc00000| PB 0x000000071cc00000| Complete  |  0
| 2018|0x00000007fe000000, 0x00000007fe084860, 0x00000007fe200000| 25%| O|  |TAMS 0x00000007fe000000| PB 0x00000007fe000000| Untracked |  0
| 2019|0x00000007fe200000, 0x00000007fe400000, 0x00000007fe400000|100%| O|  |TAMS 0x00000007fe200000| PB 0x00000007fe200000| Untracked |  0
| 2020|0x00000007fe400000, 0x00000007fe600000, 0x00000007fe600000|100%| O|  |TAMS 0x00000007fe400000| PB 0x00000007fe400000| Untracked |  0
| 2021|0x00000007fe600000, 0x00000007fe800000, 0x00000007fe800000|100%| O|  |TAMS 0x00000007fe600000| PB 0x00000007fe600000| Untracked |  0
| 2022|0x00000007fe800000, 0x00000007fe800000, 0x00000007fea00000|  0%| F|  |TAMS 0x00000007fe800000| PB 0x00000007fe800000| Untracked |  0
| 2023|0x00000007fea00000, 0x00000007fec00000, 0x00000007fec00000|100%| O|  |TAMS 0x00000007fea00000| PB 0x00000007fea00000| Untracked |  0
| 2024|0x00000007fec00000, 0x00000007fee00000, 0x00000007fee00000|100%| O|  |TAMS 0x00000007fec00000| PB 0x00000007fec00000| Untracked |  0
| 2025|0x00000007fee00000, 0x00000007fee00000, 0x00000007ff000000|  0%| F|  |TAMS 0x00000007fee00000| PB 0x00000007fee00000| Untracked |  0
| 2026|0x00000007ff000000, 0x00000007ff000000, 0x00000007ff200000|  0%| F|  |TAMS 0x00000007ff000000| PB 0x00000007ff000000| Untracked |  0
| 2027|0x00000007ff200000, 0x00000007ff200000, 0x00000007ff400000|  0%| F|  |TAMS 0x00000007ff200000| PB 0x00000007ff200000| Untracked |  0
| 2028|0x00000007ff400000, 0x00000007ff600000, 0x00000007ff600000|100%| O|  |TAMS 0x00000007ff400000| PB 0x00000007ff400000| Untracked |  0
| 2029|0x00000007ff600000, 0x00000007ff800000, 0x00000007ff800000|100%| O|  |TAMS 0x00000007ff600000| PB 0x00000007ff600000| Untracked |  0
| 2030|0x00000007ff800000, 0x00000007ff800000, 0x00000007ffa00000|  0%| F|  |TAMS 0x00000007ff800000| PB 0x00000007ff800000| Untracked |  0
| 2031|0x00000007ffa00000, 0x00000007ffc00000, 0x00000007ffc00000|100%| O|  |TAMS 0x00000007ffa00000| PB 0x00000007ffa00000| Untracked |  0
| 2032|0x00000007ffc00000, 0x00000007ffe00000, 0x00000007ffe00000|100%| O|  |TAMS 0x00000007ffc00000| PB 0x00000007ffc00000| Untracked |  0
| 2033|0x00000007ffe00000, 0x0000000800000000, 0x0000000800000000|100%| O|  |TAMS 0x00000007ffe00000| PB 0x00000007ffe00000| Untracked |  0

Card table byte_map: [0x000001a953ca0000,0x000001a9544a0000] _byte_map_base: 0x000001a950492000
Refinement table byte_map: [0x000001a9544a0000,0x000001a954ca0000] _byte_map_base: 0x000001a950c92000

Marking Bits: (CMBitMap*) 0x000001a9477585b0
 Bits: [0x000001a954ca0000, 0x000001a958c30000)

Polling page: 0x000001a9454f0000

Metaspace:
Metaspace        used 113977K, committed 115072K, reserved 1179648K
 class space     used 16437K, committed 16896K, reserved 1048576K

Usage:
  Non-class:     95.25 MB used.
      Class:     16.05 MB used.
       Both:    111.31 MB used.

Virtual space:
  Non-class space:      128.00 MB reserved,      95.88 MB ( 75%) committed,  2 nodes.
      Class space:        1.00 GB reserved,      16.50 MB (  2%) committed,  1 nodes.
             Both:        1.12 GB reserved,     112.38 MB ( 10%) committed. 

Chunk freelists:
   Non-Class:  15.91 MB
       Class:  15.63 MB
        Both:  31.55 MB

MaxMetaspaceSize: unlimited
CompressedClassSpaceSize: 1.00 GB
Initial GC threshold: 21.00 MB
Current GC threshold: 187.12 MB
CDS: on
 - commit_granule_bytes: 65536.
 - commit_granule_words: 8192.
 - virtual_space_node_default_size: 8388608.
 - enlarge_chunks_in_place: 1.
UseCompressedClassPointers 1, UseCompactObjectHeaders 0
Narrow klass pointer bits 32, Max shift 3
Narrow klass base: 0x0000000026000000, Narrow klass shift: 0
Encoding Range: [0x0000000026000000 - 0x0000000126000000), (4294967296 bytes)
Klass Range:    [0x0000000026000000 - 0x0000000067000000), (1090519040 bytes)
Klass ID Range:  [8 - 1090519033) (1090519025)
Protection zone: [0x0000000026000000 - 0x0000000026010000), (65536 bytes)


Internal statistics:

num_allocs_failed_limit: 6.
num_arena_births: 2656.
num_arena_deaths: 1620.
num_vsnodes_births: 3.
num_vsnodes_deaths: 0.
num_space_committed: 1798.
num_space_uncommitted: 0.
num_chunks_returned_to_freelist: 1681.
num_chunks_taken_from_freelist: 7258.
num_chunk_merges: 288.
num_chunk_splits: 4669.
num_chunks_enlarged: 3777.
num_inconsistent_stats: 0.

CodeCache: size=49152Kb used=7275Kb max_used=18625Kb free=41877Kb
 bounds [0x000001a950390000, 0x000001a951650000, 0x000001a953390000]
 total_blobs=4663, nmethods=3680, adapters=907, full_count=0
Compilation: enabled, stopped_count=0, restarted_count=0

Compilation events (20 events):
Event: 7706.476 Thread 0x000001a95b650900 26815       1       sun.awt.image.PixelConverter$Argb::rgbToPixel (2 bytes)
Event: 7706.477 Thread 0x000001a95b650900 nmethod 26815 0x000001a9504c6988 code [0x000001a9504c6a80, 0x000001a9504c6b38]
Event: 7763.335 Thread 0x000001a95b650900 26816       1       java.lang.StringBuilder::append (8 bytes)
Event: 7763.335 Thread 0x000001a95b650900 nmethod 26816 0x000001a9504da808 code [0x000001a9504da900, 0x000001a9504da9e8]
Event: 7765.161 Thread 0x000001a95b650900 26817       1       java.net.InetAddress$InetAddressHolder::init (21 bytes)
Event: 7765.161 Thread 0x000001a95b650900 nmethod 26817 0x000001a9504dd908 code [0x000001a9504dda00, 0x000001a9504ddb70]
Event: 7765.161 Thread 0x000001a95b650900 26818       1       java.net.Inet6Address$Inet6AddressHolder::<init> (13 bytes)
Event: 7765.161 Thread 0x000001a95b650900 nmethod 26818 0x000001a9504ddf08 code [0x000001a9504de000, 0x000001a9504de198]
Event: 7765.881 Thread 0x000001a95b650900 26819       1       java.net.Inet6Address::<init> (25 bytes)
Event: 7765.881 Thread 0x000001a95b650900 nmethod 26819 0x000001a950596688 code [0x000001a950596780, 0x000001a950596b38]
Event: 7765.881 Thread 0x000001a95b650900 26820       1       java.nio.channels.spi.AbstractInterruptibleChannel::isOpen (13 bytes)
Event: 7765.881 Thread 0x000001a95b650900 nmethod 26820 0x000001a9504dec88 code [0x000001a9504ded80, 0x000001a9504dee48]
Event: 7765.881 Thread 0x000001a95b650900 26821       1       java.util.Objects::requireNonNull (14 bytes)
Event: 7765.882 Thread 0x000001a95b650900 nmethod 26821 0x000001a9504e0488 code [0x000001a9504e0580, 0x000001a9504e06b0]
Event: 7768.672 Thread 0x000001a95b650900 26822       1       jdk.internal.misc.Unsafe::weakCompareAndSetLong (11 bytes)
Event: 7768.672 Thread 0x000001a95b650900 nmethod 26822 0x000001a9504e0e08 code [0x000001a9504e0f00, 0x000001a9504e0fd0]
Event: 7768.672 Thread 0x000001a95b650900 26823       1       sun.net.ext.ExtendedSocketOptions::isOptionSupported (11 bytes)
Event: 7768.673 Thread 0x000001a95b650900 nmethod 26823 0x000001a9504e6c08 code [0x000001a9504e6d00, 0x000001a9504e6df0]
Event: 7768.673 Thread 0x000001a95b650900 26824       1       sun.nio.ch.SocketOptionRegistry$RegistryKey::<init> (15 bytes)
Event: 7768.673 Thread 0x000001a95b650900 nmethod 26824 0x000001a9504e8488 code [0x000001a9504e8580, 0x000001a9504e86e0]

GC Heap Usage History (20 events):
Event: 7761.787 {heap After GC invocations=236 (full 9):
 garbage-first heap   total reserved 4165632K, committed 389120K, used 122791K [0x0000000701c00000, 0x0000000800000000)
  region size 2M, 0 eden (0M), 9 survivor (18M), 51 old (102M), 0 humongous (0M), 130 free (260M)
}
Event: 7763.619 {heap Before GC invocations=236 (full 9):
 garbage-first heap   total reserved 4165632K, committed 389120K, used 346023K [0x0000000701c00000, 0x0000000800000000)
  region size 2M, 62 eden (124M), 9 survivor (18M), 51 old (102M), 48 humongous (96M), 20 free (40M)
}
Event: 7763.622 {heap After GC invocations=237 (full 9):
 garbage-first heap   total reserved 4165632K, committed 389120K, used 112094K [0x0000000701c00000, 0x0000000800000000)
  region size 2M, 0 eden (0M), 4 survivor (8M), 51 old (102M), 0 humongous (0M), 135 free (270M)
}
Event: 7763.978 {heap Before GC invocations=237 (full 9):
 garbage-first heap   total reserved 4165632K, committed 389120K, used 126430K [0x0000000701c00000, 0x0000000800000000)
  region size 2M, 8 eden (16M), 4 survivor (8M), 51 old (102M), 0 humongous (0M), 127 free (254M)
}
Event: 7763.983 {heap After GC invocations=238 (full 9):
 garbage-first heap   total reserved 4165632K, committed 389120K, used 126183K [0x0000000701c00000, 0x0000000800000000)
  region size 2M, 0 eden (0M), 10 survivor (20M), 52 old (104M), 0 humongous (0M), 128 free (256M)
}
Event: 7765.557 {heap Before GC invocations=239 (full 9):
 garbage-first heap   total reserved 4165632K, committed 389120K, used 275687K [0x0000000701c00000, 0x0000000800000000)
  region size 2M, 53 eden (106M), 10 survivor (20M), 31 old (62M), 42 humongous (84M), 54 free (108M)
}
Event: 7765.560 {heap After GC invocations=240 (full 9):
 garbage-first heap   total reserved 4165632K, committed 389120K, used 85431K [0x0000000701c00000, 0x0000000800000000)
  region size 2M, 0 eden (0M), 6 survivor (12M), 31 old (62M), 6 humongous (12M), 147 free (294M)
}
Event: 7767.316 {heap Before GC invocations=240 (full 9):
 garbage-first heap   total reserved 4165632K, committed 389120K, used 345527K [0x0000000701c00000, 0x0000000800000000)
  region size 2M, 68 eden (136M), 6 survivor (12M), 31 old (62M), 66 humongous (132M), 19 free (38M)
}
Event: 7767.319 {heap After GC invocations=241 (full 9):
 garbage-first heap   total reserved 4165632K, committed 389120K, used 93731K [0x0000000701c00000, 0x0000000800000000)
  region size 2M, 0 eden (0M), 7 survivor (14M), 29 old (58M), 11 humongous (22M), 143 free (286M)
}
Event: 7767.575 {heap Before GC invocations=241 (full 9):
 garbage-first heap   total reserved 4165632K, committed 389120K, used 108067K [0x0000000701c00000, 0x0000000800000000)
  region size 2M, 8 eden (16M), 7 survivor (14M), 29 old (58M), 11 humongous (22M), 135 free (270M)
}
Event: 7767.581 {heap After GC invocations=242 (full 9):
 garbage-first heap   total reserved 4165632K, committed 389120K, used 81823K [0x0000000701c00000, 0x0000000800000000)
  region size 2M, 0 eden (0M), 6 survivor (12M), 35 old (70M), 0 humongous (0M), 149 free (298M)
}
Event: 7769.423 {heap Before GC invocations=243 (full 9):
 garbage-first heap   total reserved 4165632K, committed 389120K, used 348063K [0x0000000701c00000, 0x0000000800000000)
  region size 2M, 69 eden (138M), 6 survivor (12M), 34 old (68M), 63 humongous (126M), 18 free (36M)
}
Event: 7769.428 {heap After GC invocations=244 (full 9):
 garbage-first heap   total reserved 4165632K, committed 389120K, used 113350K [0x0000000701c00000, 0x0000000800000000)
  region size 2M, 0 eden (0M), 9 survivor (18M), 39 old (78M), 9 humongous (18M), 133 free (266M)
}
Event: 7770.158 {heap Before GC invocations=244 (full 9):
 garbage-first heap   total reserved 4165632K, committed 417792K, used 412358K [0x0000000701c00000, 0x0000000800000000)
  region size 2M, 56 eden (112M), 9 survivor (18M), 39 old (78M), 100 humongous (200M), 0 free (0M)
}
Event: 7770.167 {heap After GC invocations=245 (full 9):
 garbage-first heap   total reserved 4165632K, committed 446464K, used 190272K [0x0000000701c00000, 0x0000000800000000)
  region size 2M, 0 eden (0M), 10 survivor (20M), 44 old (88M), 39 humongous (78M), 125 free (250M)
}
Event: 7770.219 {heap Before GC invocations=245 (full 9):
 garbage-first heap   total reserved 4165632K, committed 446464K, used 196416K [0x0000000701c00000, 0x0000000800000000)
  region size 2M, 5 eden (10M), 10 survivor (20M), 44 old (88M), 39 humongous (78M), 120 free (240M)
}
Event: 7770.222 {heap After GC invocations=246 (full 9):
 garbage-first heap   total reserved 4165632K, committed 446464K, used 152824K [0x0000000701c00000, 0x0000000800000000)
  region size 2M, 0 eden (0M), 2 survivor (4M), 46 old (92M), 28 humongous (56M), 142 free (284M)
}
Event: 7772.043 {heap Before GC invocations=247 (full 9):
 garbage-first heap   total reserved 4165632K, committed 446464K, used 412920K [0x0000000701c00000, 0x0000000800000000)
  region size 2M, 79 eden (158M), 2 survivor (4M), 36 old (72M), 87 humongous (174M), 14 free (28M)
}
Event: 7772.047 {heap After GC invocations=248 (full 9):
 garbage-first heap   total reserved 4165632K, committed 446464K, used 151259K [0x0000000701c00000, 0x0000000800000000)
  region size 2M, 0 eden (0M), 11 survivor (22M), 35 old (70M), 28 humongous (56M), 144 free (288M)
}
Event: 7773.721 {heap Before GC invocations=248 (full 9):
 garbage-first heap   total reserved 4165632K, committed 446464K, used 444123K [0x0000000701c00000, 0x0000000800000000)
  region size 2M, 66 eden (132M), 11 survivor (22M), 35 old (70M), 106 humongous (212M), 0 free (0M)
}

Metaspace Usage History (20 events):
Event: 7761.787 {metaspace After GC invocations=236 (full 9):
 Metaspace       used 113977K, committed 115072K, reserved 1179648K
  class space    used 16437K, committed 16896K, reserved 1048576K
}
Event: 7763.619 {metaspace Before GC invocations=236 (full 9):
 Metaspace       used 113977K, committed 115072K, reserved 1179648K
  class space    used 16437K, committed 16896K, reserved 1048576K
}
Event: 7763.622 {metaspace After GC invocations=237 (full 9):
 Metaspace       used 113977K, committed 115072K, reserved 1179648K
  class space    used 16437K, committed 16896K, reserved 1048576K
}
Event: 7763.978 {metaspace Before GC invocations=237 (full 9):
 Metaspace       used 113977K, committed 115072K, reserved 1179648K
  class space    used 16437K, committed 16896K, reserved 1048576K
}
Event: 7763.983 {metaspace After GC invocations=238 (full 9):
 Metaspace       used 113977K, committed 115072K, reserved 1179648K
  class space    used 16437K, committed 16896K, reserved 1048576K
}
Event: 7765.557 {metaspace Before GC invocations=239 (full 9):
 Metaspace       used 113977K, committed 115072K, reserved 1179648K
  class space    used 16437K, committed 16896K, reserved 1048576K
}
Event: 7765.560 {metaspace After GC invocations=240 (full 9):
 Metaspace       used 113977K, committed 115072K, reserved 1179648K
  class space    used 16437K, committed 16896K, reserved 1048576K
}
Event: 7767.316 {metaspace Before GC invocations=240 (full 9):
 Metaspace       used 113977K, committed 115072K, reserved 1179648K
  class space    used 16437K, committed 16896K, reserved 1048576K
}
Event: 7767.319 {metaspace After GC invocations=241 (full 9):
 Metaspace       used 113977K, committed 115072K, reserved 1179648K
  class space    used 16437K, committed 16896K, reserved 1048576K
}
Event: 7767.575 {metaspace Before GC invocations=241 (full 9):
 Metaspace       used 113977K, committed 115072K, reserved 1179648K
  class space    used 16437K, committed 16896K, reserved 1048576K
}
Event: 7767.581 {metaspace After GC invocations=242 (full 9):
 Metaspace       used 113977K, committed 115072K, reserved 1179648K
  class space    used 16437K, committed 16896K, reserved 1048576K
}
Event: 7769.423 {metaspace Before GC invocations=243 (full 9):
 Metaspace       used 113977K, committed 115072K, reserved 1179648K
  class space    used 16437K, committed 16896K, reserved 1048576K
}
Event: 7769.428 {metaspace After GC invocations=244 (full 9):
 Metaspace       used 113977K, committed 115072K, reserved 1179648K
  class space    used 16437K, committed 16896K, reserved 1048576K
}
Event: 7770.158 {metaspace Before GC invocations=244 (full 9):
 Metaspace       used 113977K, committed 115072K, reserved 1179648K
  class space    used 16437K, committed 16896K, reserved 1048576K
}
Event: 7770.167 {metaspace After GC invocations=245 (full 9):
 Metaspace       used 113977K, committed 115072K, reserved 1179648K
  class space    used 16437K, committed 16896K, reserved 1048576K
}
Event: 7770.219 {metaspace Before GC invocations=245 (full 9):
 Metaspace       used 113977K, committed 115072K, reserved 1179648K
  class space    used 16437K, committed 16896K, reserved 1048576K
}
Event: 7770.222 {metaspace After GC invocations=246 (full 9):
 Metaspace       used 113977K, committed 115072K, reserved 1179648K
  class space    used 16437K, committed 16896K, reserved 1048576K
}
Event: 7772.043 {metaspace Before GC invocations=247 (full 9):
 Metaspace       used 113977K, committed 115072K, reserved 1179648K
  class space    used 16437K, committed 16896K, reserved 1048576K
}
Event: 7772.047 {metaspace After GC invocations=248 (full 9):
 Metaspace       used 113977K, committed 115072K, reserved 1179648K
  class space    used 16437K, committed 16896K, reserved 1048576K
}
Event: 7773.721 {metaspace Before GC invocations=248 (full 9):
 Metaspace       used 113977K, committed 115072K, reserved 1179648K
  class space    used 16437K, committed 16896K, reserved 1048576K
}

Dll operation events (20 events):
Event: 0.299 Attempting to load shared library C:\Program Files\Java\jdk-26\bin\net.dll
Event: 0.300 Loaded shared library C:\Program Files\Java\jdk-26\bin\net.dll
Event: 0.302 Attempting to load shared library C:\Program Files\Java\jdk-26\bin\nio.dll
Event: 0.303 Loaded shared library C:\Program Files\Java\jdk-26\bin\nio.dll
Event: 0.308 Attempting to load shared library C:\Program Files\Java\jdk-26\bin\zip.dll
Event: 0.309 Loaded shared library C:\Program Files\Java\jdk-26\bin\zip.dll
Event: 0.417 Attempting to load shared library C:\Program Files\Java\jdk-26\bin\jimage.dll
Event: 0.417 Loaded shared library C:\Program Files\Java\jdk-26\bin\jimage.dll
Event: 0.774 Attempting to load shared library C:\Program Files\Java\jdk-26\bin\management.dll
Event: 0.775 Loaded shared library C:\Program Files\Java\jdk-26\bin\management.dll
Event: 0.776 Attempting to load shared library C:\Program Files\Java\jdk-26\bin\management_ext.dll
Event: 0.777 Loaded shared library C:\Program Files\Java\jdk-26\bin\management_ext.dll
Event: 1.872 Attempting to load shared library C:\Program Files\Java\jdk-26\bin\sunmscapi.dll
Event: 1.874 Loaded shared library C:\Program Files\Java\jdk-26\bin\sunmscapi.dll
Event: 4.377 Attempting to load shared library C:\Program Files\Java\jdk-26\bin\extnet.dll
Event: 4.378 Loaded shared library C:\Program Files\Java\jdk-26\bin\extnet.dll
Event: 141.827 Attempting to load shared library C:\Program Files\Java\jdk-26\bin\awt.dll
Event: 141.839 Loaded shared library C:\Program Files\Java\jdk-26\bin\awt.dll
Event: 5483.927 Attempting to load shared library C:\Program Files\Java\jdk-26\bin\javajpeg.dll
Event: 5483.931 Loaded shared library C:\Program Files\Java\jdk-26\bin\javajpeg.dll

Deoptimization events (6 events):
Event: 1.111 Thread 0x000001a9608ee2a0 DEOPT PACKING pc=0x000001a950731434 sp=0x0000005b26afc040
Event: 1.111 Thread 0x000001a9608ee2a0 DEOPT UNPACKING pc=0x000001a9503e1a02 sp=0x0000005b26afb538 mode 0
Event: 3.618 Thread 0x000001a9608f2120 DEOPT PACKING pc=0x000001a95073cf61 sp=0x0000005b26ffed80
Event: 3.618 Thread 0x000001a9608f2120 DEOPT UNPACKING pc=0x000001a9503e1a02 sp=0x0000005b26ffe1d8 mode 3
Event: 3.618 Thread 0x000001a9608f1180 DEOPT PACKING pc=0x000001a95073f466 sp=0x0000005b273ff260
Event: 3.618 Thread 0x000001a9608f1180 DEOPT UNPACKING pc=0x000001a9503e1a02 sp=0x0000005b273fe6f8 mode 3

Classes loaded (20 events):
Event: 6774.976 Loading class javax/imageio/ImageIO$CanEncodeImageAndFormatFilter
Event: 6774.976 Loading class javax/imageio/ImageIO$CanEncodeImageAndFormatFilter done
Event: 6774.976 Loading class com/sun/imageio/plugins/png/PNGImageWriter
Event: 6774.985 Loading class com/sun/imageio/plugins/png/PNGImageWriter done
Event: 6774.985 Loading class com/sun/imageio/plugins/png/RowFilter
Event: 6774.991 Loading class com/sun/imageio/plugins/png/RowFilter done
Event: 6774.992 Loading class com/sun/imageio/plugins/png/PNGMetadata
Event: 6774.995 Loading class com/sun/imageio/plugins/png/PNGMetadata done
Event: 6774.995 Loading class com/sun/imageio/plugins/png/ChunkStream
Event: 6775.000 Loading class com/sun/imageio/plugins/png/ChunkStream done
Event: 6775.000 Loading class com/sun/imageio/plugins/png/CRC
Event: 6775.000 Loading class com/sun/imageio/plugins/png/CRC done
Event: 6775.001 Loading class com/sun/imageio/plugins/png/IDATOutputStream
Event: 6775.001 Loading class com/sun/imageio/plugins/png/IDATOutputStream done
Event: 6775.001 Loading class java/util/zip/Deflater
Event: 6775.002 Loading class java/util/zip/Deflater done
Event: 6775.003 Loading class java/util/zip/Deflater$DeflaterZStreamRef
Event: 6775.003 Loading class java/util/zip/Deflater$DeflaterZStreamRef done
Event: 6795.689 Loading class sun/net/ConnectionResetException
Event: 6795.690 Loading class sun/net/ConnectionResetException done

Classes unloaded (20 events):
Event: 6766.573 Thread 0x000001a95b624bc0 Unloading class 0x0000000028019400 'java/lang/invoke/LambdaForm$MH+0x0000000028019400'
Event: 6766.573 Thread 0x000001a95b624bc0 Unloading class 0x0000000027f2c800 'java/lang/invoke/LambdaForm$MH+0x0000000027f2c800'
Event: 6766.573 Thread 0x000001a95b624bc0 Unloading class 0x0000000027f2d000 'java/lang/invoke/LambdaForm$MH+0x0000000027f2d000'
Event: 6766.573 Thread 0x000001a95b624bc0 Unloading class 0x0000000027f2f400 'java/lang/invoke/LambdaForm$MH+0x0000000027f2f400'
Event: 6768.186 Thread 0x000001a95b624bc0 Unloading class 0x0000000028064000 'java/lang/invoke/LambdaForm$MH+0x0000000028064000'
Event: 6768.186 Thread 0x000001a95b624bc0 Unloading class 0x0000000028052800 'java/lang/invoke/LambdaForm$MH+0x0000000028052800'
Event: 6768.186 Thread 0x000001a95b624bc0 Unloading class 0x000000002804b000 'java/lang/invoke/LambdaForm$MH+0x000000002804b000'
Event: 6775.430 Thread 0x000001a95b624bc0 Unloading class 0x0000000028032c00 'java/lang/invoke/LambdaForm$MH+0x0000000028032c00'
Event: 6775.430 Thread 0x000001a95b624bc0 Unloading class 0x0000000028033400 'java/lang/invoke/LambdaForm$MH+0x0000000028033400'
Event: 6775.430 Thread 0x000001a95b624bc0 Unloading class 0x0000000027f07800 'java/lang/invoke/LambdaForm$MH+0x0000000027f07800'
Event: 6775.430 Thread 0x000001a95b624bc0 Unloading class 0x0000000027200000 'java/lang/invoke/LambdaForm$MH+0x0000000027200000'
Event: 6775.430 Thread 0x000001a95b624bc0 Unloading class 0x0000000027c34400 'java/lang/invoke/LambdaForm$MH+0x0000000027c34400'
Event: 6775.430 Thread 0x000001a95b624bc0 Unloading class 0x0000000027c29800 'java/lang/invoke/LambdaForm$MH+0x0000000027c29800'
Event: 6775.430 Thread 0x000001a95b624bc0 Unloading class 0x00000000274bc000 'java/lang/invoke/LambdaForm$DMH+0x00000000274bc000'
Event: 6775.430 Thread 0x000001a95b624bc0 Unloading class 0x000000002748c400 'java/lang/invoke/LambdaForm$DMH+0x000000002748c400'
Event: 6786.395 Thread 0x000001a95b624bc0 Unloading class 0x0000000028031400 'java/lang/invoke/LambdaForm$MH+0x0000000028031400'
Event: 7596.868 Thread 0x000001a95b624bc0 Unloading class 0x0000000028030000 'java/lang/invoke/LambdaForm$MH+0x0000000028030000'
Event: 7596.868 Thread 0x000001a95b624bc0 Unloading class 0x0000000028033800 'java/lang/invoke/LambdaForm$MH+0x0000000028033800'
Event: 7596.868 Thread 0x000001a95b624bc0 Unloading class 0x000000002754a000 'java/lang/invoke/LambdaForm$MH+0x000000002754a000'
Event: 7596.868 Thread 0x000001a95b624bc0 Unloading class 0x000000002804a000 'java/lang/invoke/LambdaForm$MH+0x000000002804a000'

Classes redefined (0 events):
No events

Internal exceptions (20 events):
Event: 6926.465 Thread 0x000001a96719b710 Exception <a 'java/io/IOException'{0x0000000723d0d200}> (0x0000000723d0d200) 
thrown [s\open\src\hotspot\share\prims\jni.cpp, line 514]
Event: 6926.465 Thread 0x000001a96719b710 Exception <a 'java/io/IOException'{0x0000000723d0daf8}> (0x0000000723d0daf8) 
thrown [s\open\src\hotspot\share\prims\jni.cpp, line 514]
Event: 6926.465 Thread 0x000001a95b649780 Exception <a 'java/io/IOException'{0x00000007248c0cc0}> (0x00000007248c0cc0) 
thrown [s\open\src\hotspot\share\prims\jni.cpp, line 514]
Event: 6926.481 Thread 0x000001a967b37de0 Exception <a 'java/io/IOException'{0x0000000723b5b4a8}> (0x0000000723b5b4a8) 
thrown [s\open\src\hotspot\share\prims\jni.cpp, line 514]
Event: 6927.329 Thread 0x000001a967b3b490 Exception <a 'java/io/IOException'{0x0000000721d1f3a8}> (0x0000000721d1f3a8) 
thrown [s\open\src\hotspot\share\prims\jni.cpp, line 514]
Event: 6927.721 Thread 0x000001a9629f8fa0 Exception <a 'java/io/IOException'{0x0000000720ce4050}> (0x0000000720ce4050) 
thrown [s\open\src\hotspot\share\prims\jni.cpp, line 514]
Event: 6927.787 Thread 0x000001a9629fe590 Exception <a 'java/io/IOException'{0x000000072094f048}> (0x000000072094f048) 
thrown [s\open\src\hotspot\share\prims\jni.cpp, line 514]
Event: 6927.975 Thread 0x000001a9629fbe80 Exception <a 'java/io/IOException'{0x0000000720368838}> (0x0000000720368838) 
thrown [s\open\src\hotspot\share\prims\jni.cpp, line 514]
Event: 6928.343 Thread 0x000001a967b37610 Exception <a 'java/io/IOException'{0x000000071f7e9ff8}> (0x000000071f7e9ff8) 
thrown [s\open\src\hotspot\share\prims\jni.cpp, line 514]
Event: 6928.398 Thread 0x000001a967193700 Exception <a 'java/io/IOException'{0x000000071f0d3bb8}> (0x000000071f0d3bb8) 
thrown [s\open\src\hotspot\share\prims\jni.cpp, line 514]
Event: 6928.399 Thread 0x000001a967193700 Exception <a 'java/io/IOException'{0x000000071f0d44b0}> (0x000000071f0d44b0) 
thrown [s\open\src\hotspot\share\prims\jni.cpp, line 514]
Event: 6928.520 Thread 0x000001a967b356d0 Exception <a 'java/io/IOException'{0x000000071ea0d6d0}> (0x000000071ea0d6d0) 
thrown [s\open\src\hotspot\share\prims\jni.cpp, line 514]
Event: 6928.520 Thread 0x000001a967b356d0 Exception <a 'java/io/IOException'{0x000000071ea0dfc8}> (0x000000071ea0dfc8) 
thrown [s\open\src\hotspot\share\prims\jni.cpp, line 514]
Event: 6928.688 Thread 0x000001a967b33f60 Exception <a 'java/io/IOException'{0x000000071e6cf1b8}> (0x000000071e6cf1b8) 
thrown [s\open\src\hotspot\share\prims\jni.cpp, line 514]
Event: 6928.999 Thread 0x000001a967190050 Exception <a 'java/io/IOException'{0x000000071e323890}> (0x000000071e323890) 
thrown [s\open\src\hotspot\share\prims\jni.cpp, line 514]
Event: 6929.000 Thread 0x000001a967190050 Exception <a 'java/io/IOException'{0x000000071e324188}> (0x000000071e324188) 
thrown [s\open\src\hotspot\share\prims\jni.cpp, line 514]
Event: 6929.227 Thread 0x000001a9629f8000 Exception <a 'java/io/IOException'{0x000000071dfbd330}> (0x000000071dfbd330) 
thrown [s\open\src\hotspot\share\prims\jni.cpp, line 514]
Event: 6929.459 Thread 0x000001a967192f30 Exception <a 'java/io/IOException'{0x000000071d68c8f0}> (0x000000071d68c8f0) 
thrown [s\open\src\hotspot\share\prims\jni.cpp, line 514]
Event: 6929.611 Thread 0x000001a967190820 Exception <a 'java/io/IOException'{0x000000071d25ec78}> (0x000000071d25ec78) 
thrown [s\open\src\hotspot\share\prims\jni.cpp, line 514]
Event: 6929.824 Thread 0x000001a967b34f00 Exception <a 'java/io/IOException'{0x000000071ce5c940}> (0x000000071ce5c940) 
thrown [s\open\src\hotspot\share\prims\jni.cpp, line 514]

VM Operations (20 events):
Event: 7767.319 Executing safepoint VM operation: G1CollectForAllocation (G1 Evacuation Pause) done
Event: 7767.575 Executing safepoint VM operation: G1TryInitiateConcMark (G1 Humongous Allocation)
Event: 7767.581 Executing safepoint VM operation: G1TryInitiateConcMark (G1 Humongous Allocation) done
Event: 7767.651 Executing safepoint VM operation: G1PauseRemark
Event: 7767.654 Executing safepoint VM operation: G1PauseRemark done
Event: 7767.678 Executing safepoint VM operation: G1PauseCleanup
Event: 7767.678 Executing safepoint VM operation: G1PauseCleanup done
Event: 7769.423 Executing safepoint VM operation: G1CollectForAllocation (G1 Evacuation Pause)
Event: 7769.428 Executing safepoint VM operation: G1CollectForAllocation (G1 Evacuation Pause) done
Event: 7770.158 Executing safepoint VM operation: G1CollectForAllocation (G1 Evacuation Pause)
Event: 7770.167 Executing safepoint VM operation: G1CollectForAllocation (G1 Evacuation Pause) done
Event: 7770.219 Executing safepoint VM operation: G1TryInitiateConcMark (G1 Humongous Allocation)
Event: 7770.222 Executing safepoint VM operation: G1TryInitiateConcMark (G1 Humongous Allocation) done
Event: 7770.296 Executing safepoint VM operation: G1PauseRemark
Event: 7770.299 Executing safepoint VM operation: G1PauseRemark done
Event: 7770.328 Executing safepoint VM operation: G1PauseCleanup
Event: 7770.328 Executing safepoint VM operation: G1PauseCleanup done
Event: 7772.043 Executing safepoint VM operation: G1CollectForAllocation (G1 Evacuation Pause)
Event: 7772.047 Executing safepoint VM operation: G1CollectForAllocation (G1 Evacuation Pause) done
Event: 7773.721 Executing safepoint VM operation: G1CollectForAllocation (G1 Evacuation Pause)

Memory protections (0 events):
No events

Nmethod flushes (20 events):
Event: 7660.482 Thread 0x000001a95b624bc0 flushing  nmethod 0x000001a950792308
Event: 7660.482 Thread 0x000001a95b624bc0 flushing  nmethod 0x000001a950792608
Event: 7660.482 Thread 0x000001a95b624bc0 flushing  nmethod 0x000001a950962608
Event: 7660.482 Thread 0x000001a95b624bc0 flushing  nmethod 0x000001a950bf1708
Event: 7681.949 Thread 0x000001a95b624bc0 flushing  nmethod 0x000001a950492388
Event: 7681.949 Thread 0x000001a95b624bc0 flushing  nmethod 0x000001a950492e08
Event: 7681.949 Thread 0x000001a95b624bc0 flushing  nmethod 0x000001a950725d08
Event: 7681.949 Thread 0x000001a95b624bc0 flushing  nmethod 0x000001a950726608
Event: 7681.949 Thread 0x000001a95b624bc0 flushing  nmethod 0x000001a9514ff888
Event: 7681.949 Thread 0x000001a95b624bc0 flushing  nmethod 0x000001a951500188
Event: 7681.949 Thread 0x000001a95b624bc0 flushing  nmethod 0x000001a950754f08
Event: 7681.949 Thread 0x000001a95b624bc0 flushing  nmethod 0x000001a950820e08
Event: 7681.949 Thread 0x000001a95b624bc0 flushing  nmethod 0x000001a9508e1988
Event: 7681.949 Thread 0x000001a95b624bc0 flushing  nmethod 0x000001a9509a6f08
Event: 7681.949 Thread 0x000001a95b624bc0 flushing  nmethod 0x000001a950bba188
Event: 7681.949 Thread 0x000001a95b624bc0 flushing  nmethod 0x000001a951306f88
Event: 7681.949 Thread 0x000001a95b624bc0 flushing  nmethod 0x000001a95130a988
Event: 7681.949 Thread 0x000001a95b624bc0 flushing  nmethod 0x000001a950740688
Event: 7681.949 Thread 0x000001a95b624bc0 flushing  nmethod 0x000001a950847688
Event: 7681.949 Thread 0x000001a95b624bc0 flushing  nmethod 0x000001a950714808

Events (20 events):
Event: 7594.928 Thread 0x000001a95b650900 Thread added: 0x000001a9674b3a70
Event: 7595.832 Thread 0x000001a9674b3a70 Thread exited: 0x000001a9674b3a70
Event: 7595.921 Thread 0x000001a9629f8000 Thread added: 0x000001a96779dcd0
Event: 7595.922 Thread 0x000001a96779dcd0 Thread exited: 0x000001a96779dcd0
Event: 7595.939 Thread 0x000001a95b650900 Thread added: 0x000001a9674b2a50
Event: 7595.942 Thread 0x000001a967190820 Thread added: 0x000001a9626b3030
Event: 7595.948 Thread 0x000001a9626b3030 Thread exited: 0x000001a9626b3030
Event: 7595.954 Thread 0x000001a967193ed0 Thread added: 0x000001a96899f7d0
Event: 7595.958 Thread 0x000001a96899f7d0 Thread exited: 0x000001a96899f7d0
Event: 7595.959 Thread 0x000001a96719b710 Thread added: 0x000001a961fc5800
Event: 7595.959 Thread 0x000001a967b34f00 Thread added: 0x000001a96899f000
Event: 7595.960 Thread 0x000001a961fc5800 Thread exited: 0x000001a961fc5800
Event: 7595.960 Thread 0x000001a96899f000 Thread exited: 0x000001a96899f000
Event: 7596.887 Thread 0x000001a9674b2a50 Thread exited: 0x000001a9674b2a50
Event: 7596.887 Thread 0x000001a9674ab970 Thread exited: 0x000001a9674ab970
Event: 7596.887 Thread 0x000001a9674ad9b0 Thread exited: 0x000001a9674ad9b0
Event: 7613.125 Thread 0x000001a95b650900 Thread added: 0x000001a9674ab970
Event: 7613.125 Thread 0x000001a95b650900 Thread added: 0x000001a9674ad9b0
Event: 7616.398 Thread 0x000001a9674ad9b0 Thread exited: 0x000001a9674ad9b0
Event: 7621.401 Thread 0x000001a9674ab970 Thread exited: 0x000001a9674ab970


Dynamic libraries:
0x00007ff638f30000 - 0x00007ff638f40000 	C:\Program Files\Java\jdk-26\bin\java.exe
0x00007fffd1c20000 - 0x00007fffd1e86000 	C:\Windows\SYSTEM32\ntdll.dll
0x00007fffd0520000 - 0x00007fffd05e9000 	C:\Windows\System32\KERNEL32.DLL
0x00007fffceeb0000 - 0x00007fffcf2aa000 	C:\Windows\System32\KERNELBASE.dll
0x00007fffcf840000 - 0x00007fffcf98c000 	C:\Windows\System32\ucrtbase.dll
0x00007fffcb9e0000 - 0x00007fffcb9f7000 	C:\Program Files\Java\jdk-26\bin\jli.dll
0x00007fffcba40000 - 0x00007fffcba5e000 	C:\Program Files\Java\jdk-26\bin\VCRUNTIME140.dll
0x00007fffba000000 - 0x00007fffba292000 	C:\Windows\WinSxS\amd64_microsoft.windows.common-controls_6595b64144ccf1df_6.0.26100.8521_none_3e08b75ce33403b3\COMCTL32.dll
0x00007fffd1a50000 - 0x00007fffd1af9000 	C:\Windows\System32\msvcrt.dll
0x00007fffd07c0000 - 0x00007fffd07eb000 	C:\Windows\System32\GDI32.dll
0x00007fffcf6e0000 - 0x00007fffcf707000 	C:\Windows\System32\win32u.dll
0x00007fffcf710000 - 0x00007fffcf83b000 	C:\Windows\System32\gdi32full.dll
0x00007fffcf360000 - 0x00007fffcf403000 	C:\Windows\System32\msvcp_win.dll
0x00007fffd09d0000 - 0x00007fffd0b97000 	C:\Windows\System32\USER32.dll
0x00007fffcfbe0000 - 0x00007fffcfc12000 	C:\Windows\System32\IMM32.DLL
0x00007fffcbb10000 - 0x00007fffcbb1c000 	C:\Program Files\Java\jdk-26\bin\vcruntime140_1.dll
0x00007fffbfe50000 - 0x00007fffbfedd000 	C:\Program Files\Java\jdk-26\bin\msvcp140.dll
0x00007fff7aa40000 - 0x00007fff7b90e000 	C:\Program Files\Java\jdk-26\bin\server\jvm.dll
0x00007fffd00d0000 - 0x00007fffd0186000 	C:\Windows\System32\ADVAPI32.dll
0x00007fffd05f0000 - 0x00007fffd069a000 	C:\Windows\System32\sechost.dll
0x00007fffd06a0000 - 0x00007fffd07b8000 	C:\Windows\System32\RPCRT4.dll
0x00007fffcf990000 - 0x00007fffcfa10000 	C:\Windows\System32\WS2_32.dll
0x00007fffced10000 - 0x00007fffced6e000 	C:\Windows\SYSTEM32\POWRPROF.dll
0x00007fffc5dc0000 - 0x00007fffc5dcb000 	C:\Windows\SYSTEM32\VERSION.dll
0x00007fffc1340000 - 0x00007fffc1376000 	C:\Windows\SYSTEM32\WINMM.dll
0x00007fffcecf0000 - 0x00007fffced04000 	C:\Windows\SYSTEM32\UMPDC.dll
0x00007fffcdc00000 - 0x00007fffcdc1b000 	C:\Windows\SYSTEM32\kernel.appcore.dll
0x00007fffc0470000 - 0x00007fffc047a000 	C:\Program Files\Java\jdk-26\bin\jimage.dll
0x00007fff9fa90000 - 0x00007fff9fcd2000 	C:\Windows\SYSTEM32\DBGHELP.DLL
0x00007fffd0f00000 - 0x00007fffd1283000 	C:\Windows\System32\combase.dll
0x00007fffcfa70000 - 0x00007fffcfb49000 	C:\Windows\System32\OLEAUT32.dll
0x00007fffb49d0000 - 0x00007fffb4a0b000 	C:\Windows\SYSTEM32\dbgcore.DLL
0x00007fffcf2b0000 - 0x00007fffcf358000 	C:\Windows\System32\bcryptPrimitives.dll
0x00007fffc02f0000 - 0x00007fffc030f000 	C:\Program Files\Java\jdk-26\bin\java.dll
0x00007fffd0210000 - 0x00007fffd03a8000 	C:\Windows\System32\ole32.dll
0x00007fffd12c0000 - 0x00007fffd1a44000 	C:\Windows\System32\SHELL32.dll
0x00007fffcc950000 - 0x00007fffcd1d0000 	C:\Windows\SYSTEM32\windows.storage.dll
0x00007fffd03b0000 - 0x00007fffd04a6000 	C:\Windows\System32\SHCORE.dll
0x00007fffd04b0000 - 0x00007fffd0517000 	C:\Windows\System32\shlwapi.dll
0x00007fffcedd0000 - 0x00007fffcedf9000 	C:\Windows\SYSTEM32\profapi.dll
0x00007fffbf9e0000 - 0x00007fffbf9f2000 	C:\Program Files\Java\jdk-26\bin\net.dll
0x00007fffce150000 - 0x00007fffce1bc000 	C:\Windows\system32\mswsock.dll
0x00007fffbf9c0000 - 0x00007fffbf9d6000 	C:\Program Files\Java\jdk-26\bin\nio.dll
0x00007fffbf9a0000 - 0x00007fffbf9b7000 	C:\Program Files\Java\jdk-26\bin\zip.dll
0x00007fffbf960000 - 0x00007fffbf96a000 	C:\Program Files\Java\jdk-26\bin\management.dll
0x00007fffbf950000 - 0x00007fffbf95c000 	C:\Program Files\Java\jdk-26\bin\management_ext.dll
0x00007fffd1b00000 - 0x00007fffd1b08000 	C:\Windows\System32\PSAPI.DLL
0x00007fffbf940000 - 0x00007fffbf94e000 	C:\Program Files\Java\jdk-26\bin\sunmscapi.dll
0x00007fffcf560000 - 0x00007fffcf6d8000 	C:\Windows\System32\CRYPT32.dll
0x00007fffce6b0000 - 0x00007fffce6e0000 	C:\Windows\SYSTEM32\ncrypt.dll
0x00007fffce660000 - 0x00007fffce69f000 	C:\Windows\SYSTEM32\NTASN1.dll
0x00007fffce550000 - 0x00007fffce56b000 	C:\Windows\SYSTEM32\CRYPTSP.dll
0x00007fffcdb60000 - 0x00007fffcdb99000 	C:\Windows\system32\rsaenh.dll
0x00007fffce200000 - 0x00007fffce233000 	C:\Windows\SYSTEM32\USERENV.dll
0x00007fffceda0000 - 0x00007fffcedca000 	C:\Windows\SYSTEM32\bcrypt.dll
0x00007fffce3b0000 - 0x00007fffce3bc000 	C:\Windows\SYSTEM32\CRYPTBASE.dll
0x00007fffcd330000 - 0x00007fffcd363000 	C:\Windows\SYSTEM32\IPHLPAPI.DLL
0x00007fffd00b0000 - 0x00007fffd00ba000 	C:\Windows\System32\NSI.dll
0x00007fffcd3b0000 - 0x00007fffcd4fa000 	C:\Windows\SYSTEM32\DNSAPI.dll
0x00007fffcdf70000 - 0x00007fffcdf7d000 	C:\Windows\SYSTEM32\DSPARSE.dll
0x00007fffc7df0000 - 0x00007fffc7dfb000 	C:\Windows\System32\rasadhlp.dll
0x00007fffc8fa0000 - 0x00007fffc9026000 	C:\Windows\System32\fwpuclnt.dll
0x00007fffbf930000 - 0x00007fffbf939000 	C:\Program Files\Java\jdk-26\bin\extnet.dll
0x00007fffc8670000 - 0x00007fffc8678000 	C:\Windows\system32\wshunix.dll
0x00007fffbf2b0000 - 0x00007fffbf435000 	C:\Program Files\Java\jdk-26\bin\awt.dll
0x00007fffcb080000 - 0x00007fffcb120000 	C:\Windows\SYSTEM32\apphelp.dll
0x00007fffcc190000 - 0x00007fffcc1bf000 	C:\Windows\system32\DWMAPI.DLL
0x00007fffcbee0000 - 0x00007fffcbf8a000 	C:\Windows\system32\uxtheme.dll
0x00007fffbf870000 - 0x00007fffbf8a0000 	C:\Program Files\Java\jdk-26\bin\javajpeg.dll
0x00007fffd0870000 - 0x00007fffd09cd000 	C:\Windows\System32\MSCTF.dll

JVMTI agents: none

dbghelp: loaded successfully - version: 4.0.5 - missing functions: none
symbol engine: initialized successfully - sym options: 0x614 - pdb path: .;C:\Program Files\Java\jdk-26\bin;C:\Windows\SYSTEM32;C:\Windows\WinSxS\amd64_microsoft.windows.common-controls_6595b64144ccf1df_6.0.26100.8521_none_3e08b75ce33403b3;C:\Program Files\Java\jdk-26\bin\server

VM Arguments:
jvm_args: -XX:TieredStopAtLevel=1 
java_command: com.mora.backend.MoraBackendApplication
java_class_path (initial): C:\Users\phucnd\Desktop\Mora\mora-backend\target\classes;C:\Users\phucnd\.m2\repository\ch\qos\logback\logback-classic\1.5.34\logback-classic-1.5.34.jar;C:\Users\phucnd\.m2\repository\ch\qos\logback\logback-core\1.5.34\logback-core-1.5.34.jar;C:\Users\phucnd\.m2\repository\org\apache\logging\log4j\log4j-to-slf4j\2.25.4\log4j-to-slf4j-2.25.4.jar;C:\Users\phucnd\.m2\repository\org\apache\logging\log4j\log4j-api\2.25.4\log4j-api-2.25.4.jar;C:\Users\phucnd\.m2\repository\org\slf4j\jul-to-slf4j\2.0.18\jul-to-slf4j-2.0.18.jar;C:\Users\phucnd\.m2\repository\jakarta\annotation\jakarta.annotation-api\3.0.0\jakarta.annotation-api-3.0.0.jar;C:\Users\phucnd\.m2\repository\org\yaml\snakeyaml\2.6\snakeyaml-2.6.jar;C:\Users\phucnd\.m2\repository\com\zaxxer\HikariCP\7.0.2\HikariCP-7.0.2.jar;C:\Users\phucnd\.m2\repository\org\springframework\boot\spring-boot-data-jpa\4.1.0\spring-boot-data-jpa-4.1.0.jar;C:\Users\phucnd\.m2\repository\org\springframework\boot\spring-boot-data-commons\4.1.0\spring-boot-data-commons-4.1.0.jar;C:\Users\phucnd\.m2\repository\org\springframework\boot\spring-boot-persistence\4.1.0\spring-boot-persistence-4.1.0.jar;C:\Users\phucnd\.m2\repository\org\springframework\data\spring-data-commons\4.1.0\spring-data-commons-4.1.0.jar;C:\Users\phucnd\.m2\repository\org\springframework\boot\spring-boot-hibernate\4.1.0\spring-boot-hibernate-4.1.0.jar;C:\Users\phucnd\.m2\repository\org\springframework\boot\spring-boot-jpa\4.1.0\spring-boot-jpa-4.1.0.jar;C:\Users\phucnd\.m2\repository\jakarta\persistence\jakarta.persistence-api\3.2.0\jakarta.persistence-api-3.2.0.jar;C:\Users\phucnd\.m2\repository\org\hibernate\orm\hibernate-core\7.4.1.Final\hibernate-core-7.4.1.Final.jar;C:\Users\phucnd\.m2\repository\jakarta\transaction\jakarta.transaction-api\2.0.1\jakarta.transaction-api-2.0.1.jar;C:\Users\phucnd\.m2\repository\org\hibernate\models\hibernate-models\1.1.1\hibernate-models-1.1.1.jar;C:\Users\phucnd\.m2\repository\org\glassfish\jaxb\jaxb-runtime\4.0.9\jaxb-runtime-4.0.9.jar;C:\Users\phucnd\.m2\repository\org\glassfish\jaxb\jaxb-core\4.0.9\jaxb-core-4.0.9.jar;C:\Users\phucnd\.m2\repository\org\eclipse\angus\angus-activation\2.0.3\angus-activation-2.0.3.jar;C:\Users\phucnd\.m2\repository\org\glassfish\jaxb\txw2\4.0.9\txw2-4.0.9.jar;C:\Users\phucnd\.m2\repository\com\sun\istack\istack-commons-runtime\4.1.2\istack-commons-runtime-4.1.2.jar;C:\Users\phucnd\.m2\repository\jakarta\inject\jakarta.inject-api\2.0.1\jakarta.inject-api-2.0.1.jar;C:\Users\phucnd\.m2\repository\org\springframework\spring-orm\7.0.8\spring-orm-7.0.8.jar;C:\Users\phucnd\.m2\repository\org\springframework\data\spring-data-jpa\4.1.0\spring-data-jpa-4.1.0.jar;C:\Users\phucnd\.m2\repository\org\springframework\spring-aop\7.0.8\spring-aop-7.0.8.jar;C:\Users\phucnd\.m2\repository\org\springframework\spring-tx\7.0.8\spring-tx-7.0.8.jar;C:\Users\phucnd\.m2\repository\org\springframework\spring-beans\7.0.8\spring-beans-7.0.8.jar;C:\Users\phucnd\.m2\repository\org\antlr\antlr4-runtime\4.13.2\antlr4-runtime-4.13.2.jar;C:\Users\phucnd\.m2\repository\org\springframework\spring-aspects\7.0.8\spring-aspects-7.0.8.jar;C:\Users\phucnd\.m2\repository\org\aspectj\aspectjweaver\1.9.25.1\aspectjweaver-1.9.25.1.jar;C:\Users\phucnd\.m2\repository\org\springframework\boot\spring-boot-jdbc\4.1.0\spring-boot-jdbc-4.1.0.jar;C:\Users\phucnd\.m2\repository\org\springframework\boot\spring-boot-sql\4.1.0\spring-boot-sql-4.1.0.jar;C:\Users\phucnd\.m2\repository\org\springframework\boot\spring-boot-transaction\4.1.0\spring-boot-transaction-4.1.0.jar;C:\Users\phucnd\.m2\repository\org\springframework\spring-jdbc\7.0.8\spring-jdbc-7.0.8.jar;C:\Users\phucnd\.m2\repository\org\springframework\boot\spring-boot-validation\4.1.0\spring-boot-validation-4.1.0.jar;C:\Users\phucnd\.m2\repository\org\apache\tomcat\embed\tomcat-embed-el\11.0.22\tomcat-embed-el-11.0.22.jar;C:\Users\phucnd\.m2\repository\org\hibernate\validator\hibernate-validator\9.1.0.Final\hibernate-validator-9.1.0.Final.jar;C:\Users\phucnd\.m2\repository\jakarta\validation\jakarta.validation-api\3.1.1\jakarta.validation-api-3.1.1.jar;C:\Users\phucnd\.m2\repository\org\jboss\logging\jboss-logging\3.6.3.Final\jboss-logging-3.6.3.Final.jar;C:\Users\phucnd\.m2\repository\com\fasterxml\classmate\1.7.3\classmate-1.7.3.jar;C:\Users\phucnd\.m2\repository\org\springframework\boot\spring-boot-jackson\4.1.0\spring-boot-jackson-4.1.0.jar;C:\Users\phucnd\.m2\repository\tools\jackson\core\jackson-databind\3.1.4\jackson-databind-3.1.4.jar;C:\Users\phucnd\.m2\repository\com\fasterxml\jackson\core\jackson-annotations\2.21\jackson-annotations-2.21.jar;C:\Users\phucnd\.m2\repository\tools\jackson\core\jackson-core\3.1.4\jackson-core-3.1.4.jar;C:\Users\phucnd\.m2\repository\org\apache\tomcat\embed\tomcat-embed-core\11.0.22\tomcat-embed-core-11.0.22.jar;C:\Users\phucnd\.m2\repository\org\apache\tomcat\embed\tomcat-embed-websocket\11.0.22\tomcat-embed-websocket-11.0.22.jar;C:\Users\phucnd\.m2\repository\org\springframework\boot\spring-boot-tomcat\4.1.0\spring-boot-tomcat-4.1.0.jar;C:\Users\phucnd\.m2\repository\org\springframework\boot\spring-boot-http-converter\4.1.0\spring-boot-http-converter-4.1.0.jar;C:\Users\phucnd\.m2\repository\org\springframework\spring-web\7.0.8\spring-web-7.0.8.jar;C:\Users\phucnd\.m2\repository\io\micrometer\micrometer-observation\1.17.0\micrometer-observation-1.17.0.jar;C:\Users\phucnd\.m2\repository\io\micrometer\micrometer-commons\1.17.0\micrometer-commons-1.17.0.jar;C:\Users\phucnd\.m2\repository\org\springframework\boot\spring-boot-webmvc\4.1.0\spring-boot-webmvc-4.1.0.jar;C:\Users\phucnd\.m2\repository\org\springframework\boot\spring-boot-servlet\4.1.0\spring-boot-servlet-4.1.0.jar;C:\Users\phucnd\.m2\repository\org\springframework\spring-webmvc\7.0.8\spring-webmvc-7.0.8.jar;C:\Users\phucnd\.m2\repository\org\springframework\spring-expression\7.0.8\spring-expression-7.0.8.jar;C:\Users\phucnd\.m2\repository\org\springdoc\springdoc-openapi-starter-webmvc-ui\2.8.5\springdoc-openapi-starter-webmvc-ui-2.8.5.jar;C:\Users\phucnd\.m2\repository\org\springdoc\springdoc-openapi-starter-webmvc-api\2.8.5\springdoc-openapi-starter-webmvc-api-2.8.5.jar;C:\Users\phucnd\.m2\repository\org\springdoc\springdoc-openapi-starter-common\2.8.5\springdoc-openapi-starter-common-2.8.5.jar;C:\Users\phucnd\.m2\repository\io\swagger\core\v3\swagger-core-jakarta\2.2.28\swagger-core-jakarta-2.2.28.jar;C:\Users\phucnd\.m2\repository\org\apache\commons\commons-lang3\3.20.0\commons-lang3-3.20.0.jar;C:\Users\phucnd\.m2\repository\io\swagger\core\v3\swagger-annotations-jakarta\2.2.28\swagger-annotations-jakarta-2.2.28.jar;C:\Users\phucnd\.m2\repository\io\swagger\core\v3\swagger-models-jakarta\2.2.28\swagger-models-jakarta-2.2.28.jar;C:\Users\phucnd\.m2\repository\com\fasterxml\jackson\core\jackson-databind\2.21.4\jackson-databind-2.21.4.jar;C:\Users\phucnd\.m2\repository\com\fasterxml\jackson\core\jackson-core\2.21.4\jackson-core-2.21.4.jar;C:\Users\phucnd\.m2\repository\com\fasterxml\jackson\dataformat\jackson-dataformat-yaml\2.21.4\jackson-dataformat-yaml-2.21.4.jar;C:\Users\phucnd\.m2\repository\com\fasterxml\jackson\datatype\jackson-datatype-jsr310\2.21.4\jackson-datatype-jsr310-2.21.4.jar;C:\Users\phucnd\.m2\repository\org\webjars\swagger-ui\5.18.3\swagger-ui-5.18.3.jar;C:\Users\phucnd\.m2\repository\org\webjars\webjars-locator-lite\1.1.3\webjars-locator-lite-1.1.3.jar;C:\Users\phucnd\.m2\repository\org\jspecify\jspecify\1.0.0\jspecify-1.0.0.jar;C:\Users\phucnd\.m2\repository\org\apache\pdfbox\pdfbox\3.0.3\pdfbox-3.0.3.jar;C:\Users\phucnd\.m2\repository\org\apache\pdfbox\pdfbox-io\3.0.3\pdfbox-io-3.0.3.jar;C:\Users\phucnd\.m2\repository\org\apache\pdfbox\fontbox\3.0.3\fontbox-3.0.3.jar;C:\Users\phucnd\.m2\repository\commons-logging\commons-logging\1.3.6\commons-logging-1.3.6.jar;C:\Users\phucnd\.m2\repository\dev\langchain4j\langchain4j-google-ai-gemini\0.35.0\langchain4j-google-ai-gemini-0.35.0.jar;C:\Users\phucnd\.m2\repository\dev\langchain4j\langchain4j-core\0.35.0\langchain4j-core-0.35.0.jar;C:\Users\phucnd\.m2\repository\com\google\code\gson\gson\2.13.2\gson-2.13.2.jar;C:\Users\phucnd\.m2\repository\com\google\errorprone\error_prone_annotations\2.41.0\error_prone_annotations-2.41.0.jar;C:\Users\phucnd\.m2\repository\com\squareup\retrofit2\retrofit\2.9.0\retrofit-2.9.0.jar;C:\Users\phucnd\.m2\repository\com\squareup\retrofit2\converter-gson\2.9.0\converter-gson-2.9.0.jar;C:\Users\phucnd\.m2\repository\com\squareup\okhttp3\okhttp\4.12.0\okhttp-4.12.0.jar;C:\Users\phucnd\.m2\repository\com\squareup\okio\okio\3.6.0\okio-3.6.0.jar;C:\Users\phucnd\.m2\repository\com\squareup\okio\okio-jvm\3.6.0\okio-jvm-3.6.0.jar;C:\Users\phucnd\.m2\repository\org\jetbrains\kotlin\kotlin-stdlib-common\1.9.10\kotlin-stdlib-common-1.9.10.jar;C:\Users\phucnd\.m2\repository\com\squareup\okhttp3\logging-interceptor\4.12.0\logging-interceptor-4.12.0.jar;C:\Users\phucnd\.m2\repository\org\jetbrains\kotlin\kotlin-stdlib-jdk8\2.3.21\kotlin-stdlib-jdk8-2.3.21.jar;C:\Users\phucnd\.m2\repository\org\jetbrains\kotlin\kotlin-stdlib\2.3.21\kotlin-stdlib-2.3.21.jar;C:\Users\phucnd\.m2\repository\org\jetbrains\annotations\13.0\annotations-13.0.jar;C:\Users\phucnd\.m2\repository\org\jetbrains\kotlin\kotlin-stdlib-jdk7\2.3.21\kotlin-stdlib-jdk7-2.3.21.jar;C:\Users\phucnd\.m2\repository\dev\langchain4j\langchain4j\0.35.0\langchain4j-0.35.0.jar;C:\Users\phucnd\.m2\repository\org\apache\opennlp\opennlp-tools\1.9.4\opennlp-tools-1.9.4.jar;C:\Users\phucnd\.m2\repository\org\slf4j\slf4j-api\2.0.18\slf4j-api-2.0.18.jar;C:\Users\phucnd\.m2\repository\org\postgresql\postgresql\42.7.11\postgresql-42.7.11.jar;C:\Users\phucnd\.m2\repository\org\springframework\boot\spring-boot-devtools\4.1.0\spring-boot-devtools-4.1.0.jar;C:\Users\phucnd\.m2\repository\org\springframework\boot\spring-boot\4.1.0\spring-boot-4.1.0.jar;C:\Users\phucnd\.m2\repository\org\springframework\spring-core\7.0.8\spring-core-7.0.8.jar;C:\Users\phucnd\.m2\repository\org\springframework\spring-context\7.0.8\spring-context-7.0.8.jar;C:\Users\phucnd\.m2\repository\org\springframework\boot\spring-boot-autoconfigure\4.1.0\spring-boot-autoconfigure-4.1.0.jar;C:\Users\phucnd\.m2\repository\jakarta\xml\bind\jakarta.xml.bind-api\4.0.5\jakarta.xml.bind-api-4.0.5.jar;C:\Users\phucnd\.m2\repository\jakarta\activation\jakarta.activation-api\2.1.4\jakarta.activation-api-2.1.4.jar;C:\Users\phucnd\.m2\repository\net\bytebuddy\byte-buddy\1.18.10\byte-buddy-1.18.10.jar;C:\Users\phucnd\.m2\repository\org\springframework\boot\spring-boot-web-server\4.1.0\spring-boot-web-server-4.1.0.jar
Launcher Type: SUN_STANDARD

[Global flags]
     bool AOTAdapterCaching                        = false                                  {diagnostic} {ergonomic}
     bool AOTInvokeDynamicLinking                  = false                                  {diagnostic} {ergonomic}
     bool AOTRecordTraining                        = false                                  {diagnostic} {ergonomic}
     bool AOTReplayTraining                        = false                                  {diagnostic} {ergonomic}
     bool AOTStubCaching                           = false                                  {diagnostic} {ergonomic}
     intx CICompilerCount                          = 4                                         {product} {ergonomic}
     uint ConcGCThreads                            = 2                                         {product} {ergonomic}
     uint G1ConcRefinementThreads                  = 8                                         {product} {ergonomic}
     uint G1EagerReclaimRemSetThreshold            = 16                                   {experimental} {ergonomic}
   size_t G1HeapRegionSize                         = 2097152                                   {product} {ergonomic}
     uint G1RemSetArrayOfCardsEntries              = 16                                   {experimental} {ergonomic}
     uint G1RemSetHowlMaxNumBuckets                = 8                                    {experimental} {ergonomic}
     uint G1RemSetHowlNumBuckets                   = 8                                    {experimental} {ergonomic}
   size_t InitialHeapSize                          = 8388608                                   {product} {ergonomic}
     bool IntelJccErratumMitigation                = true                              {ARCH diagnostic} {ergonomic}
   size_t MarkStackSize                            = 4194304                                   {product} {ergonomic}
   size_t MarkStackSizeMax                         = 536870912                                 {product} {ergonomic}
   size_t MaxHeapSize                              = 4265607168                                {product} {ergonomic}
   size_t MaxNewSize                               = 2558525440                                {product} {ergonomic}
 uint64_t MaxRAM                                   = 17057382400                               {product} {ergonomic}
   size_t MinHeapDeltaBytes                        = 2097152                                   {product} {ergonomic}
   size_t MinHeapSize                              = 8388608                                   {product} {ergonomic}
   size_t NonNMethodCodeHeapSize                   = 4096                                   {pd product} {ergonomic}
   size_t NonProfiledCodeHeapSize                  = 0                                      {pd product} {ergonomic}
     bool ProfileInterpreter                       = false                                  {pd product} {command line}
   size_t ProfiledCodeHeapSize                     = 0                                      {pd product} {ergonomic}
   size_t SoftMaxHeapSize                          = 4265607168                             {manageable} {ergonomic}
     intx TieredStopAtLevel                        = 1                                         {product} {command line}
     bool UseCompressedOops                        = true                           {product lp64_product} {ergonomic}
     bool UseCondCardMark                          = true                                      {product} {ergonomic}
     bool UseFastUnorderedTimeStamps               = true                                 {experimental} {ergonomic}
     bool UseG1GC                                  = true                                      {product} {ergonomic}
     bool UseLargePagesIndividualAllocation        = false                                  {pd product} {ergonomic}
      int X86ICacheSync                            = 2                                 {ARCH diagnostic} {ergonomic}

Logging:
Log output configuration:
 #0: stdout all=warning uptime,level,tags foldmultilines=false
 #1: stderr all=off uptime,level,tags foldmultilines=false

Release file:
IMPLEMENTOR="Oracle Corporation" 
JAVA_RUNTIME_VERSION="26+35-2893" 
JAVA_VERSION="26" 
JAVA_VERSION_DATE="2026-03-17" 
LIBC="default" 
MODULES="java.base java.compiler java.datatransfer java.xml java.prefs java.desktop java.instrument java.logging java.management java.security.sasl java.naming java.rmi java.management.rmi java.net.http java.scripting java.security.jgss java.transaction.xa java.sql java.sql.rowset java.xml.crypto java.se java.smartcardio jdk.accessibility jdk.internal.jvmstat jdk.attach jdk.charsets jdk.internal.opt jdk.zipfs jdk.compiler jdk.crypto.cryptoki jdk.crypto.ec jdk.crypto.mscapi jdk.dynalink jdk.internal.ed jdk.editpad jdk.internal.vm.ci jdk.graal.compiler jdk.graal.compiler.management jdk.hotspot.agent jdk.httpserver jdk.incubator.vector jdk.internal.le jdk.internal.md jdk.jartool jdk.javadoc jdk.jcmd jdk.management jdk.management.agent jdk.jconsole jdk.jdeps jdk.jdwp.agent jdk.jdi jdk.jfr jdk.jlink jdk.jpackage jdk.jshell jdk.jstatd jdk.localedata jdk.management.jfr jdk.naming.dns jdk.naming.rmi jdk.net jdk.nio.mapmode jdk.sctp jdk.security.auth jdk.security.jgss jdk.unsupported jdk.unsupported.desktop jdk.xml.dom" 
OS_ARCH="x86_64" 
OS_NAME="Windows" 
SOURCE=".:git:1327d96f3b3c open:git:4408cd2a07a1" 

Environment Variables:
PATH=C:\Program Files\Common Files\Oracle\Java\javapath;C:\Windows\system32;C:\Windows;C:\Windows\System32\Wbem;C:\Windows\System32\WindowsPowerShell\v1.0\;C:\Windows\System32\OpenSSH\;C:\Program Files (x86)\Graphviz\bin;C:\Program Files\Docker\Docker\resources\bin;C:\Program Files\dotnet\;C:\Program Files\nodejs\;C:\Users\phucnd\.local\bin;C:\Users\phucnd\AppData\Local\Programs\Python\Python311\Scripts\;C:\Users\phucnd\AppData\Local\Programs\Python\Python311\;C:\Users\phucnd\AppData\Local\Programs\Python\Launcher\;C:\Users\phucnd\AppData\Local\Microsoft\WindowsApps;C:\Users\phucnd\AppData\Local\Programs\Microsoft VS Code\bin;C:\Users\phucnd\AppData\Local\Programs\Git\cmd;C:\Users\phucnd\flutter\bin;C:\Users\phucnd\AppData\Local\Pub\Cache\bin;C:\Users\phucnd\AppData\Local\Programs\Ollama;C:\Users\phucnd\AppData\Roaming\npm;C:\Users\phucnd\AppData\Local\Programs\Antigravity IDE\bin;c:\Users\phucnd\.antigravity-ide\extensions\vscjava.vscode-java-debug-0.59.0-universal\bundled\scripts\noConfigScripts
USERNAME=phucnd
LANG=en_US.UTF-8
OS=Windows_NT
PROCESSOR_IDENTIFIER=Intel64 Family 6 Model 94 Stepping 3, GenuineIntel
TMP=C:\Users\phucnd\AppData\Local\Temp
TEMP=C:\Users\phucnd\AppData\Local\Temp




Compilation memory statistics disabled.

Periodic native trim disabled

---------------  S Y S T E M  ---------------

OS:
 Windows 11 , 64 bit Build 26100 (10.0.26100.8521)
OS uptime: 0 days 4:17 hours
Hyper-V role detected

CPU: total 8 (initial active 8) (4 cores per cpu, 2 threads per core) family 6 model 94 stepping 3 microcode 0xf2, cx8, cmov, fxsr, ht, mmx, 3dnowpref, sse, sse2, sse3, ssse3, sse4.1, sse4.2, popcnt, lzcnt, tsc, tscinvbit, avx, avx2, aes, erms, clmul, bmi1, bmi2, rtm, adx, fma, vzeroupper, clflush, clflushopt, hv, rdtscp, f16c
Processor Information for the first 8 processors :
  Max Mhz: 3408, Current Mhz: 3408, Mhz Limit: 3408

Memory: 4k page, system-wide physical 16267M (1661M free)
TotalPageFile size 25409M (AvailPageFile size 639M)
current process WorkingSet (physical memory assigned to process): 685M, peak: 1067M
current process commit charge ("private bytes"): 746M, peak: 1678M

vm_info: Java HotSpot(TM) 64-Bit Server VM (26+35-2893) for windows-amd64 JRE (26+35-2893), built on 2026-02-12T17:04:02Z with MS VC++ 17.13 (VS2022)

END.
