version 2
JvmtiExport can_access_local_variables 0
JvmtiExport can_hotswap_or_post_breakpoint 1
JvmtiExport can_post_on_exceptions 0
# 808 ciObject found
instanceKlass com/sun/tools/javac/comp/Resolve
ciInstanceKlass java/lang/Cloneable 1 0 7 100 1 100 1 1 1
instanceKlass java/util/stream/ReduceOps$2ReducingSink
instanceKlass  @bci com/sun/tools/javac/comp/Resolve$ReferenceLookupResult staticKind (Lcom/sun/tools/javac/code/Symbol;Lcom/sun/tools/javac/comp/Resolve$MethodResolutionContext;Z)Lcom/sun/tools/javac/comp/Resolve$ReferenceLookupResult$StaticKind; 67 <appendix> argL0 ; # com/sun/tools/javac/comp/Resolve$ReferenceLookupResult$$Lambda+0x00000000163f22a8
instanceKlass  @bci com/sun/tools/javac/comp/Resolve$ReferenceLookupResult staticKind (Lcom/sun/tools/javac/code/Symbol;Lcom/sun/tools/javac/comp/Resolve$MethodResolutionContext;Z)Lcom/sun/tools/javac/comp/Resolve$ReferenceLookupResult$StaticKind; 57 <appendix> argL0 ; # com/sun/tools/javac/comp/Resolve$ReferenceLookupResult$$Lambda+0x00000000163f2060
instanceKlass  @bci com/sun/tools/javac/comp/Resolve$ReferenceLookupResult staticKind (Lcom/sun/tools/javac/code/Symbol;Lcom/sun/tools/javac/comp/Resolve$MethodResolutionContext;Z)Lcom/sun/tools/javac/comp/Resolve$ReferenceLookupResult$StaticKind; 47 <appendix> member <vmtarget> ; # com/sun/tools/javac/comp/Resolve$ReferenceLookupResult$$Lambda+0x00000000163f1e00
instanceKlass com/sun/tools/javac/code/Type$5
instanceKlass  @bci com/sun/tools/javac/comp/ArgumentAttr visitNewClass (Lcom/sun/tools/javac/tree/JCTree$JCNewClass;)V 11 <appendix> member <vmtarget> ; # com/sun/tools/javac/comp/ArgumentAttr$$Lambda+0x00000000163f19a0
instanceKlass  @bci com/sun/tools/javac/jvm/Gen normalizeMethod (Lcom/sun/tools/javac/tree/JCTree$JCMethodDecl;Lcom/sun/tools/javac/util/List;Lcom/sun/tools/javac/util/List;)V 27 <appendix> member <vmtarget> ; # com/sun/tools/javac/jvm/Gen$$Lambda+0x00000000163f0f60
# instanceKlass java/lang/invoke/LambdaForm$MH+0x00000000163f5800
instanceKlass  @bci com/sun/tools/javac/jvm/PoolConstant$Dynamic$PoolKey equals (Ljava/lang/Object;)Z 2 <appendix> form vmentry <vmtarget> ; # java/lang/invoke/LambdaForm$MH+0x00000000163f5400
instanceKlass java/lang/classfile/CodeBuilder$1
instanceKlass  @bci com/sun/tools/javac/jvm/PoolConstant$Dynamic$PoolKey equals (Ljava/lang/Object;)Z 2 <appendix> argL1 form vmentry <vmtarget> ; # java/lang/invoke/LambdaForm$MH+0x00000000163f5000
instanceKlass java/lang/invoke/MethodHandleImpl$Makers$2
instanceKlass java/lang/invoke/MethodHandleImpl$Makers$1
instanceKlass java/lang/invoke/MethodHandleImpl$Makers
# instanceKlass java/lang/invoke/LambdaForm$MH+0x00000000163f4c00
# instanceKlass com/sun/tools/javac/jvm/PoolConstant$Dynamic$PoolKey$$EqualatorSpecializer+0x00000000163f0d50
instanceKlass  @bci java/lang/runtime/ObjectMethods lambda$makeEquals$0 (I[Ljava/lang/invoke/MethodHandle;[Ljava/lang/String;Ljava/util/List;Ljava/lang/classfile/ClassBuilder;)V 104 <appendix> member <vmtarget> ; # java/lang/runtime/ObjectMethods$$Lambda+0x00000000161f0550
instanceKlass  @bci java/lang/runtime/ObjectMethods makeEquals (Ljava/lang/invoke/MethodHandles$Lookup;Ljava/lang/Class;Ljava/util/List;)Ljava/lang/invoke/MethodHandle; 264 <appendix> member <vmtarget> ; # java/lang/runtime/ObjectMethods$$Lambda+0x00000000161f0310
# instanceKlass java/lang/invoke/LambdaForm$MH+0x00000000163f4800
# instanceKlass java/lang/invoke/LambdaForm$MH+0x00000000163f4400
# instanceKlass java/lang/invoke/LambdaForm$MH+0x00000000163f4000
instanceKlass com/sun/tools/javac/comp/LambdaToMethod$1
instanceKlass com/sun/tools/javac/comp/TransTypes$1
instanceKlass  @bci com/sun/tools/javac/comp/TypeEnter$AnonClassConstructorHelper superArgs ()Lcom/sun/tools/javac/util/List; 34 <appendix> argL0 ; # com/sun/tools/javac/comp/TypeEnter$AnonClassConstructorHelper$$Lambda+0x00000000163f0288
instanceKlass  @bci com/sun/tools/javac/comp/Attr checkExConstraints (Lcom/sun/tools/javac/util/List;Lcom/sun/tools/javac/util/List;Lcom/sun/tools/javac/comp/InferenceContext;)Z 227 <appendix> argL0 ; # com/sun/tools/javac/comp/Attr$$Lambda+0x00000000163ecc98
instanceKlass  @bci com/sun/tools/javac/comp/Attr checkExConstraints (Lcom/sun/tools/javac/util/List;Lcom/sun/tools/javac/util/List;Lcom/sun/tools/javac/comp/InferenceContext;)Z 217 <appendix> argL0 ; # com/sun/tools/javac/comp/Attr$$Lambda+0x00000000163eca40
instanceKlass  @bci com/sun/tools/javac/comp/Attr checkExConstraints (Lcom/sun/tools/javac/util/List;Lcom/sun/tools/javac/util/List;Lcom/sun/tools/javac/comp/InferenceContext;)Z 204 <appendix> member <vmtarget> ; # com/sun/tools/javac/comp/Attr$$Lambda+0x00000000163ec800
instanceKlass  @bci com/sun/tools/javac/comp/Attr checkExConstraints (Lcom/sun/tools/javac/util/List;Lcom/sun/tools/javac/util/List;Lcom/sun/tools/javac/comp/InferenceContext;)Z 41 <appendix> member <vmtarget> ; # com/sun/tools/javac/comp/Attr$$Lambda+0x00000000163edd98
instanceKlass  @bci com/sun/tools/javac/comp/Attr checkExConstraints (Lcom/sun/tools/javac/util/List;Lcom/sun/tools/javac/util/List;Lcom/sun/tools/javac/comp/InferenceContext;)Z 5 <appendix> member <vmtarget> ; # com/sun/tools/javac/comp/Attr$$Lambda+0x00000000163edb38
instanceKlass com/sun/tools/javac/comp/DeferredAttr$DeferredType$SpeculativeCache$Entry
instanceKlass com/sun/tools/javac/comp/DeferredAttr$DeferredAttrNode
instanceKlass  @bci com/sun/tools/javac/tree/TreeInfo isStaticSelector (Lcom/sun/tools/javac/tree/JCTree;Lcom/sun/tools/javac/util/Names;)Z 2 <appendix> argL0 ; # com/sun/tools/javac/tree/TreeInfo$$Lambda+0x00000000163ee230
instanceKlass  @bci com/sun/tools/javac/comp/Attr checkAccessibleTypes (Lcom/sun/tools/javac/util/JCDiagnostic$DiagnosticPosition;Lcom/sun/tools/javac/comp/Env;Lcom/sun/tools/javac/comp/InferenceContext;Lcom/sun/tools/javac/util/List;)V 17 <appendix> member <vmtarget> ; # com/sun/tools/javac/comp/Attr$$Lambda+0x00000000163ee000
instanceKlass  @bci com/sun/tools/javac/comp/Attr check (Lcom/sun/tools/javac/tree/JCTree;Lcom/sun/tools/javac/code/Type;Lcom/sun/tools/javac/code/Kinds$KindSelector;Lcom/sun/tools/javac/comp/Attr$ResultInfo;)Lcom/sun/tools/javac/code/Type; 163 <appendix> member <vmtarget> ; # com/sun/tools/javac/comp/Attr$$Lambda+0x00000000163ebd88
instanceKlass  @bci com/sun/tools/javac/comp/Attr setFunctionalInfo (Lcom/sun/tools/javac/comp/Env;Lcom/sun/tools/javac/tree/JCTree$JCFunctionalExpression;Lcom/sun/tools/javac/code/Type;Lcom/sun/tools/javac/code/Type;Lcom/sun/tools/javac/code/Type;Lcom/sun/tools/javac/comp/Check$CheckContext;)V 38 <appendix> form vmentry <vmtarget> ; # java/lang/invoke/LambdaForm$DMH+0x00000000163ec400
instanceKlass  @bci com/sun/tools/javac/comp/Attr setFunctionalInfo (Lcom/sun/tools/javac/comp/Env;Lcom/sun/tools/javac/tree/JCTree$JCFunctionalExpression;Lcom/sun/tools/javac/code/Type;Lcom/sun/tools/javac/code/Type;Lcom/sun/tools/javac/code/Type;Lcom/sun/tools/javac/comp/Check$CheckContext;)V 38 <appendix> member <vmtarget> ; # com/sun/tools/javac/comp/Attr$$Lambda+0x00000000163ebb58
instanceKlass  @cpi com/sun/tools/javac/comp/Attr 5451 form vmentry <vmtarget> ; # java/lang/invoke/LambdaForm$DMH+0x00000000163ec000
instanceKlass  @bci com/sun/tools/javac/comp/ArgumentAttr$ExplicitLambdaType returnExpressions ()Lcom/sun/tools/javac/util/List; 5 <appendix> member <vmtarget> ; # com/sun/tools/javac/comp/ArgumentAttr$ExplicitLambdaType$$Lambda+0x00000000163eb4c0
instanceKlass com/sun/tools/javac/comp/ArgumentAttr$2
instanceKlass  @bci com/sun/tools/javac/comp/Infer instantiateFunctionalInterface (Lcom/sun/tools/javac/util/JCDiagnostic$DiagnosticPosition;Lcom/sun/tools/javac/code/Type;Lcom/sun/tools/javac/util/List;Lcom/sun/tools/javac/comp/Check$CheckContext;)Lcom/sun/tools/javac/code/Type; 262 <appendix> member <vmtarget> ; # com/sun/tools/javac/comp/Infer$$Lambda+0x00000000163eb050
instanceKlass  @bci com/sun/tools/javac/comp/ArgumentAttr$ExplicitLambdaType argtypes ()Lcom/sun/tools/javac/util/List; 5 <appendix> member <vmtarget> ; # com/sun/tools/javac/comp/ArgumentAttr$ExplicitLambdaType$$Lambda+0x00000000163eae20
instanceKlass  @bci com/sun/tools/javac/comp/DeferredAttr attribSpeculativeLambda (Lcom/sun/tools/javac/tree/JCTree$JCLambda;Lcom/sun/tools/javac/comp/Env;Lcom/sun/tools/javac/comp/Attr$ResultInfo;)Lcom/sun/tools/javac/tree/JCTree$JCLambda; 142 <appendix> argL0 ; # com/sun/tools/javac/comp/DeferredAttr$$Lambda+0x00000000163eabd8
instanceKlass  @bci com/sun/tools/javac/comp/DeferredAttr attribSpeculativeLambda (Lcom/sun/tools/javac/tree/JCTree$JCLambda;Lcom/sun/tools/javac/comp/Env;Lcom/sun/tools/javac/comp/Attr$ResultInfo;)Lcom/sun/tools/javac/tree/JCTree$JCLambda; 132 <appendix> argL0 ; # com/sun/tools/javac/comp/DeferredAttr$$Lambda+0x00000000163ea980
instanceKlass  @bci com/sun/tools/javac/comp/ArgumentAttr visitLambda (Lcom/sun/tools/javac/tree/JCTree$JCLambda;)V 14 <appendix> member <vmtarget> ; # com/sun/tools/javac/comp/ArgumentAttr$$Lambda+0x00000000163ea750
instanceKlass com/sun/tools/javac/code/Kinds$1
instanceKlass com/sun/tools/javac/code/Kinds
instanceKlass com/sun/tools/javac/comp/Resolve$MostSpecificCheck
instanceKlass  @bci com/sun/tools/javac/comp/ArgumentAttr visitConditional (Lcom/sun/tools/javac/tree/JCTree$JCConditional;)V 4 <appendix> member <vmtarget> ; # com/sun/tools/javac/comp/ArgumentAttr$$Lambda+0x00000000163e9228
instanceKlass  @bci com/sun/tools/javac/comp/Check checkIfTypeParamsRequiresIdentity (Lcom/sun/tools/javac/code/SymbolMetadata;Lcom/sun/tools/javac/util/List;Lcom/sun/tools/javac/code/Lint;)V 83 <appendix> member <vmtarget> ; # com/sun/tools/javac/comp/Check$$Lambda+0x00000000163e8260
instanceKlass  @bci com/sun/tools/javac/comp/Check checkIfTypeParamsRequiresIdentity (Lcom/sun/tools/javac/code/SymbolMetadata;Lcom/sun/tools/javac/util/List;Lcom/sun/tools/javac/code/Lint;)V 71 <appendix> member <vmtarget> ; # com/sun/tools/javac/comp/Check$$Lambda+0x00000000163e8000
instanceKlass  @bci com/sun/tools/javac/jvm/Gen visitTypeCast (Lcom/sun/tools/javac/tree/JCTree$JCTypeCast;)V 116 <appendix> argL0 ; # com/sun/tools/javac/jvm/Gen$$Lambda+0x00000000163d1400
instanceKlass com/sun/tools/javac/jvm/ClassWriter$StackMapTableFrame
instanceKlass com/sun/tools/javac/jvm/Code$StackMapFrame
instanceKlass com/sun/tools/javac/jvm/Code$Chain
instanceKlass  @bci com/sun/tools/javac/comp/Attr condType (Lcom/sun/tools/javac/util/List;Lcom/sun/tools/javac/util/List;)Lcom/sun/tools/javac/code/Type; 32 <appendix> member <vmtarget> ; # com/sun/tools/javac/comp/Attr$$Lambda+0x00000000163e6960
instanceKlass  @bci com/sun/tools/javac/jvm/Items$MemberItem store ()V 14 <appendix> argL0 ; # com/sun/tools/javac/jvm/Items$MemberItem$$Lambda+0x00000000163e5388
instanceKlass  @bci com/sun/tools/javac/jvm/Code fillLocalVarPosition (Lcom/sun/tools/javac/jvm/Code$LocalVar;)V 117 <appendix> member <vmtarget> ; # com/sun/tools/javac/jvm/Code$$Lambda+0x00000000163e5158
instanceKlass  @bci com/sun/tools/javac/jvm/Code fillLocalVarPosition (Lcom/sun/tools/javac/jvm/Code$LocalVar;)V 95 <appendix> argL0 ; # com/sun/tools/javac/jvm/Code$$Lambda+0x00000000163e4f30
instanceKlass java/util/stream/Nodes$IntArrayNode
instanceKlass java/util/stream/Node$Builder$OfInt
instanceKlass java/util/stream/Sink$OfInt
instanceKlass  @bci java/util/stream/IntPipeline toArray ()[I 1 <appendix> argL0 ; # java/util/stream/IntPipeline$$Lambda+0x00000000161ef098
instanceKlass  @bci com/sun/tools/javac/jvm/Code fillLocalVarPosition (Lcom/sun/tools/javac/jvm/Code$LocalVar;)V 75 <appendix> argL0 ; # com/sun/tools/javac/jvm/Code$$Lambda+0x00000000163e4d08
instanceKlass  @bci com/sun/tools/javac/jvm/Code fillLocalVarPosition (Lcom/sun/tools/javac/jvm/Code$LocalVar;)V 51 <appendix> argL0 ; # com/sun/tools/javac/jvm/Code$$Lambda+0x00000000163e4ae0
instanceKlass  @bci com/sun/tools/javac/jvm/Code fillLocalVarPosition (Lcom/sun/tools/javac/jvm/Code$LocalVar;)V 41 <appendix> argL0 ; # com/sun/tools/javac/jvm/Code$$Lambda+0x00000000163e4688
instanceKlass com/sun/tools/javac/tree/TreeInfo$1
instanceKlass  @bci com/sun/tools/javac/jvm/Items$StaticItem store ()V 14 <appendix> argL0 ; # com/sun/tools/javac/jvm/Items$StaticItem$$Lambda+0x00000000163e3c60
instanceKlass  @bci com/sun/tools/javac/jvm/Items$StaticItem load ()Lcom/sun/tools/javac/jvm/Items$Item; 14 <appendix> argL0 ; # com/sun/tools/javac/jvm/Items$StaticItem$$Lambda+0x00000000163e3a38
instanceKlass  @bci com/sun/tools/javac/jvm/PoolConstant$Dynamic$PoolKey hashCode ()I 1 <appendix> argL1 argL0 member <vmtarget> ; # com/sun/tools/javac/jvm/PoolConstant$Dynamic$PoolKey$$HasherSpecializer+0x00000000163e3828
instanceKlass  @bci com/sun/tools/javac/jvm/PoolConstant$Dynamic$BsmKey <init> (Lcom/sun/tools/javac/code/Types;Lcom/sun/tools/javac/jvm/PoolConstant$LoadableConstant;[Lcom/sun/tools/javac/jvm/PoolConstant$LoadableConstant;)V 31 <appendix> member <vmtarget> ; # com/sun/tools/javac/jvm/PoolConstant$Dynamic$BsmKey$$Lambda+0x00000000163e35d8
instanceKlass com/sun/tools/javac/jvm/PoolConstant$Dynamic$BsmKey
instanceKlass  @bci com/sun/tools/javac/comp/LambdaToMethod makeIndyCall (Lcom/sun/tools/javac/util/JCDiagnostic$DiagnosticPosition;Lcom/sun/tools/javac/code/Type;Lcom/sun/tools/javac/util/Name;Lcom/sun/tools/javac/util/List;Lcom/sun/tools/javac/code/Type$MethodType;Lcom/sun/tools/javac/util/List;Lcom/sun/tools/javac/util/Name;)Lcom/sun/tools/javac/tree/JCTree$JCExpression; 53 <appendix> member <vmtarget> ; # com/sun/tools/javac/comp/LambdaToMethod$$Lambda+0x00000000163e2d58
instanceKlass  @bci com/sun/tools/javac/comp/LambdaToMethod visitLambda (Lcom/sun/tools/javac/tree/JCTree$JCLambda;)V 62 <appendix> member <vmtarget> ; # com/sun/tools/javac/comp/LambdaToMethod$$Lambda+0x00000000163e1f88
instanceKlass  @bci com/sun/tools/javac/comp/LambdaToMethod visitLambda (Lcom/sun/tools/javac/tree/JCTree$JCLambda;)V 51 <appendix> member <vmtarget> ; # com/sun/tools/javac/comp/LambdaToMethod$$Lambda+0x00000000163e1d48
instanceKlass  @bci com/sun/tools/javac/comp/LambdaToMethod visitLambda (Lcom/sun/tools/javac/tree/JCTree$JCLambda;)V 39 <appendix> member <vmtarget> ; # com/sun/tools/javac/comp/LambdaToMethod$$Lambda+0x00000000163e1b18
instanceKlass  @bci com/sun/tools/javac/comp/LambdaToMethod$LambdaTranslationContext addSymbol (Lcom/sun/tools/javac/code/Symbol$VarSymbol;Lcom/sun/tools/javac/comp/LambdaToMethod$LambdaTranslationContext$LambdaSymbolKind;)Lcom/sun/tools/javac/code/Symbol$VarSymbol; 7 <appendix> member <vmtarget> ; # com/sun/tools/javac/comp/LambdaToMethod$LambdaTranslationContext$$Lambda+0x00000000163e18c8
instanceKlass com/sun/tools/javac/comp/LambdaToMethod$LambdaTranslationContext
instanceKlass com/sun/tools/javac/comp/LambdaToMethod$KlassInfo
instanceKlass com/sun/tools/javac/comp/Flow$1
instanceKlass  @bci com/sun/tools/javac/comp/Operators$BinaryOperatorHelper doLookup (Lcom/sun/tools/javac/code/Type;Lcom/sun/tools/javac/code/Type;)Lcom/sun/tools/javac/code/Symbol$OperatorSymbol; 4 <appendix> member <vmtarget> ; # com/sun/tools/javac/comp/Operators$BinaryOperatorHelper$$Lambda+0x00000000163de7a8
instanceKlass com/sun/tools/javac/comp/Operators$1
instanceKlass  @bci com/sun/tools/javac/comp/Operators resolveBinary (Lcom/sun/tools/javac/util/JCDiagnostic$DiagnosticPosition;Lcom/sun/tools/javac/tree/JCTree$Tag;Lcom/sun/tools/javac/code/Type;Lcom/sun/tools/javac/code/Type;)Lcom/sun/tools/javac/code/Symbol$OperatorSymbol; 28 <appendix> member <vmtarget> ; # com/sun/tools/javac/comp/Operators$$Lambda+0x00000000163de368
instanceKlass  @bci com/sun/tools/javac/comp/Operators resolveBinary (Lcom/sun/tools/javac/util/JCDiagnostic$DiagnosticPosition;Lcom/sun/tools/javac/tree/JCTree$Tag;Lcom/sun/tools/javac/code/Type;Lcom/sun/tools/javac/code/Type;)Lcom/sun/tools/javac/code/Symbol$OperatorSymbol; 17 <appendix> member <vmtarget> ; # com/sun/tools/javac/comp/Operators$$Lambda+0x00000000163de118
instanceKlass  @bci com/sun/tools/javac/comp/Operators resolveBinary (Lcom/sun/tools/javac/util/JCDiagnostic$DiagnosticPosition;Lcom/sun/tools/javac/tree/JCTree$Tag;Lcom/sun/tools/javac/code/Type;Lcom/sun/tools/javac/code/Type;)Lcom/sun/tools/javac/code/Symbol$OperatorSymbol; 9 <appendix> member <vmtarget> ; # com/sun/tools/javac/comp/Operators$$Lambda+0x00000000163ddeb8
instanceKlass  @bci com/sun/tools/javac/comp/Attr bindingEnv (Lcom/sun/tools/javac/comp/Env;Lcom/sun/tools/javac/tree/JCTree;Lcom/sun/tools/javac/util/List;)Lcom/sun/tools/javac/comp/Env; 47 <appendix> member <vmtarget> ; # com/sun/tools/javac/comp/Attr$$Lambda+0x00000000163ddc78
instanceKlass  @bci com/sun/tools/javac/code/Types$DescriptorCache findDescriptorInternal (Lcom/sun/tools/javac/code/Symbol$TypeSymbol;Lcom/sun/tools/javac/code/Scope$CompoundScope;)Lcom/sun/tools/javac/code/Types$DescriptorCache$FunctionDescriptor; 207 <appendix> member <vmtarget> ; # com/sun/tools/javac/code/Types$DescriptorCache$$Lambda+0x00000000163dd818
instanceKlass  @bci com/sun/tools/javac/code/Types$DescriptorCache findDescriptorInternal (Lcom/sun/tools/javac/code/Symbol$TypeSymbol;Lcom/sun/tools/javac/code/Scope$CompoundScope;)Lcom/sun/tools/javac/code/Types$DescriptorCache$FunctionDescriptor; 194 <appendix> member <vmtarget> ; # com/sun/tools/javac/code/Types$DescriptorCache$$Lambda+0x00000000163dd5c8
instanceKlass  @bci com/sun/tools/javac/code/Types$DescriptorCache findDescriptorInternal (Lcom/sun/tools/javac/code/Symbol$TypeSymbol;Lcom/sun/tools/javac/code/Scope$CompoundScope;)Lcom/sun/tools/javac/code/Types$DescriptorCache$FunctionDescriptor; 182 <appendix> member <vmtarget> ; # com/sun/tools/javac/code/Types$DescriptorCache$$Lambda+0x00000000163dd368
instanceKlass com/sun/tools/javac/comp/Attr$TargetInfo
instanceKlass com/sun/tools/javac/code/Types$DescriptorCache$Entry
instanceKlass com/sun/tools/javac/code/Types$DescriptorCache$FunctionDescriptor
instanceKlass com/sun/tools/javac/code/Types$DescriptorFilter
instanceKlass  @bci com/sun/tools/javac/code/Types removeWildcards (Lcom/sun/tools/javac/code/Type;)Lcom/sun/tools/javac/code/Type; 7 <appendix> argL0 ; # com/sun/tools/javac/code/Types$$Lambda+0x00000000163dc840
instanceKlass  @bci com/sun/tools/javac/comp/Check$RequiresIdentityVisitor visitClassType (Lcom/sun/tools/javac/code/Type$ClassType;Ljava/util/Set;)Ljava/lang/Void; 42 <appendix> member <vmtarget> ; # com/sun/tools/javac/comp/Check$RequiresIdentityVisitor$$Lambda+0x00000000163dc5e0
instanceKlass  @bci com/sun/tools/javac/code/Lint suppressionsFrom (Lcom/sun/tools/javac/code/Attribute$Compound;)Ljava/util/EnumSet; 102 <appendix> member <vmtarget> ; # com/sun/tools/javac/code/Lint$$Lambda+0x00000000163dc3a0
instanceKlass  @bci com/sun/tools/javac/code/Lint suppressionsFrom (Lcom/sun/tools/javac/code/Attribute$Compound;)Ljava/util/EnumSet; 88 <appendix> argL0 ; # com/sun/tools/javac/code/Lint$$Lambda+0x00000000163dc148
instanceKlass  @bci com/sun/tools/javac/code/Lint suppressionsFrom (Lcom/sun/tools/javac/code/Attribute$Compound;)Ljava/util/EnumSet; 80 <appendix> argL0 ; # com/sun/tools/javac/code/Lint$$Lambda+0x00000000163dbf00
instanceKlass  @bci com/sun/tools/javac/code/Lint suppressionsFrom (Lcom/sun/tools/javac/code/Attribute$Compound;)Ljava/util/EnumSet; 72 <appendix> argL0 ; # com/sun/tools/javac/code/Lint$$Lambda+0x00000000163dbcb8
instanceKlass  @bci com/sun/tools/javac/code/Lint suppressionsFrom (Lcom/sun/tools/javac/code/Attribute$Compound;)Ljava/util/EnumSet; 64 <appendix> argL0 ; # com/sun/tools/javac/code/Lint$$Lambda+0x00000000163dba60
instanceKlass  @bci com/sun/tools/javac/jvm/Items$MemberItem load ()Lcom/sun/tools/javac/jvm/Items$Item; 14 <appendix> argL0 ; # com/sun/tools/javac/jvm/Items$MemberItem$$Lambda+0x00000000163db838
instanceKlass java/lang/runtime/ExactConversionsSupport
instanceKlass  @bci com/sun/tools/javac/comp/DeferredAttr$FilterScanner <init> (Ljava/util/Set;)V 6 <appendix> member <vmtarget> ; # com/sun/tools/javac/comp/DeferredAttr$FilterScanner$$Lambda+0x00000000163db388
instanceKlass com/sun/tools/javac/comp/DeferredAttr$DeferredType$SpeculativeCache
instanceKlass  @bci com/sun/tools/javac/code/DeferredCompletionFailureHandler$2 uninstall ()V 9 <appendix> argL0 ; # com/sun/tools/javac/code/DeferredCompletionFailureHandler$2$$Lambda+0x00000000163d86b8
instanceKlass  @bci com/sun/tools/javac/comp/DeferredAttr$DeferredAttrDiagHandler <init> (Lcom/sun/tools/javac/util/Log;Lcom/sun/tools/javac/tree/JCTree;)V 8 <appendix> member <vmtarget> ; # com/sun/tools/javac/comp/DeferredAttr$DeferredAttrDiagHandler$$Lambda+0x00000000163d8458
instanceKlass  @bci com/sun/tools/javac/comp/ArgumentAttr processArg (Lcom/sun/tools/javac/tree/JCTree$JCExpression;Ljava/util/function/Function;)V 16 <appendix> member <vmtarget> ; # com/sun/tools/javac/comp/ArgumentAttr$$Lambda+0x00000000163d1c68
instanceKlass com/sun/tools/javac/comp/ArgumentAttr$UniquePos
instanceKlass  @bci com/sun/tools/javac/comp/ArgumentAttr visitApply (Lcom/sun/tools/javac/tree/JCTree$JCMethodInvocation;)V 14 <appendix> member <vmtarget> ; # com/sun/tools/javac/comp/ArgumentAttr$$Lambda+0x00000000163d1800
instanceKlass  @bci com/sun/tools/javac/jvm/Gen visitNewClass (Lcom/sun/tools/javac/tree/JCTree$JCNewClass;)V 49 <appendix> argL0 ; # com/sun/tools/javac/jvm/Gen$$Lambda+0x00000000163d3258
instanceKlass java/util/function/ToIntBiFunction
instanceKlass com/sun/tools/javac/jvm/PoolConstant$LoadableConstant$BasicConstant
instanceKlass java/util/EnumMap$EntryIterator$Entry
instanceKlass java/util/EnumMap$EnumMapIterator
instanceKlass  @bci com/sun/tools/javac/code/Type$UndetVar substBounds (Lcom/sun/tools/javac/util/List;Lcom/sun/tools/javac/util/List;Lcom/sun/tools/javac/code/Types;)V 19 <appendix> member <vmtarget> ; # com/sun/tools/javac/code/Type$UndetVar$$Lambda+0x00000000163d2db8
instanceKlass  @cpi com/sun/tools/javac/code/Type$UndetVar 405 form vmentry <vmtarget> ; # java/lang/invoke/LambdaForm$DMH+0x00000000163d1000
instanceKlass com/sun/tools/javac/comp/Infer$BoundFilter
instanceKlass com/sun/tools/javac/util/GraphUtils$Tarjan
instanceKlass com/sun/tools/javac/util/GraphUtils
instanceKlass com/sun/tools/javac/util/GraphUtils$AbstractNode
instanceKlass com/sun/tools/javac/util/GraphUtils$DottableNode
instanceKlass com/sun/tools/javac/util/GraphUtils$Node
instanceKlass  @bci com/sun/tools/javac/comp/InferenceContext restvars ()Lcom/sun/tools/javac/util/List; 1 <appendix> argL0 ; # com/sun/tools/javac/comp/InferenceContext$$Lambda+0x00000000163d5d10
instanceKlass com/sun/tools/javac/comp/Infer$GraphSolver$InferenceGraph
instanceKlass  @bci com/sun/tools/javac/code/Types closureCollector (ZLjava/util/function/BiPredicate;)Ljava/util/stream/Collector; 18 <appendix> argL0 ; # com/sun/tools/javac/code/Types$$Lambda+0x00000000163d5888
instanceKlass  @bci com/sun/tools/javac/code/Types closureCollector (ZLjava/util/function/BiPredicate;)Ljava/util/stream/Collector; 13 <appendix> argL0 ; # com/sun/tools/javac/code/Types$$Lambda+0x00000000163d5638
instanceKlass  @bci com/sun/tools/javac/code/Types closureCollector (ZLjava/util/function/BiPredicate;)Ljava/util/stream/Collector; 8 <appendix> argL0 ; # com/sun/tools/javac/code/Types$$Lambda+0x00000000163d5400
instanceKlass  @bci com/sun/tools/javac/code/Types closureCollector (ZLjava/util/function/BiPredicate;)Ljava/util/stream/Collector; 3 <adapter> ; # java/lang/invoke/LambdaForm$MH+0x00000000163d0c00
instanceKlass  @bci com/sun/tools/javac/code/Types closureCollector (ZLjava/util/function/BiPredicate;)Ljava/util/stream/Collector; 3 <appendix> form vmentry <vmtarget> ; # java/lang/invoke/LambdaForm$DMH+0x00000000163d0800
instanceKlass  @bci com/sun/tools/javac/code/Types closureCollector (ZLjava/util/function/BiPredicate;)Ljava/util/stream/Collector; 3 <appendix> member <vmtarget> ; # com/sun/tools/javac/code/Types$$Lambda+0x00000000163d51d0
instanceKlass com/sun/tools/javac/code/Types$ClosureHolder
instanceKlass  @bci com/sun/tools/javac/comp/Infer$CheckUpperBounds apply (Lcom/sun/tools/javac/comp/InferenceContext;Lcom/sun/tools/javac/util/Warner;)V 40 <appendix> member <vmtarget> ; # com/sun/tools/javac/comp/Infer$CheckUpperBounds$$Lambda+0x00000000163d4d40
instanceKlass  @cpi com/sun/tools/javac/comp/Infer$CheckUpperBounds 177 form vmentry <vmtarget> ; # java/lang/invoke/LambdaForm$DMH+0x00000000163d0400
instanceKlass com/sun/tools/javac/comp/Infer$GraphSolver
instanceKlass com/sun/tools/javac/comp/Infer$LeafSolver
instanceKlass  @bci com/sun/tools/javac/comp/Check checkType (Lcom/sun/tools/javac/util/JCDiagnostic$DiagnosticPosition;Lcom/sun/tools/javac/code/Type;Lcom/sun/tools/javac/code/Type;Lcom/sun/tools/javac/comp/Check$CheckContext;)Lcom/sun/tools/javac/code/Type; 40 <appendix> member <vmtarget> ; # com/sun/tools/javac/comp/Check$$Lambda+0x00000000163cf928
instanceKlass  @cpi com/sun/tools/javac/comp/Check 4227 form vmentry <vmtarget> ; # java/lang/invoke/LambdaForm$DMH+0x00000000163d0000
instanceKlass com/sun/tools/javac/comp/Infer$FreeTypeListener
instanceKlass  @bci com/sun/tools/javac/comp/InferenceContext boundedVars ()Lcom/sun/tools/javac/util/List; 1 <appendix> argL0 ; # com/sun/tools/javac/comp/InferenceContext$$Lambda+0x00000000163cf4c8
instanceKlass  @bci java/util/ArrayDeque copyElements (Ljava/util/Collection;)V 2 <appendix> member <vmtarget> ; # java/util/ArrayDeque$$Lambda+0x00000000161ecf38
instanceKlass  @bci com/sun/tools/javac/comp/Infer$CheckBounds <init> (Lcom/sun/tools/javac/comp/Infer;Lcom/sun/tools/javac/code/Type$UndetVar;Lcom/sun/tools/javac/code/Type;Lcom/sun/tools/javac/code/Type$UndetVar$InferenceBound;)V 4 <appendix> argL0 ; # com/sun/tools/javac/comp/Infer$CheckBounds$$Lambda+0x00000000163cee00
instanceKlass com/sun/tools/javac/comp/Infer$IncorporationAction
instanceKlass  @bci com/sun/tools/javac/tree/TreeInfo mapSuperCalls (Lcom/sun/tools/javac/tree/JCTree$JCBlock;Ljava/util/function/Function;)V 13 <appendix> member <vmtarget> ; # com/sun/tools/javac/tree/TreeInfo$$Lambda+0x00000000163cd3e0
instanceKlass  @bci com/sun/tools/javac/comp/Lower visitClassDef (Lcom/sun/tools/javac/tree/JCTree$JCClassDecl;)V 700 <appendix> member <vmtarget> ; # com/sun/tools/javac/comp/Lower$$Lambda+0x00000000163ccd08
instanceKlass  @bci com/sun/tools/javac/comp/Operators makeOperator (Lcom/sun/tools/javac/util/Name;Lcom/sun/tools/javac/util/List;Lcom/sun/tools/javac/comp/Operators$OperatorType;[I)Lcom/sun/tools/javac/code/Symbol$OperatorSymbol; 9 <appendix> member <vmtarget> ; # com/sun/tools/javac/comp/Operators$$Lambda+0x00000000163ccab8
instanceKlass  @bci com/sun/tools/javac/comp/Operators$OperatorHelper initOperators ()[Lcom/sun/tools/javac/code/Symbol$OperatorSymbol; 17 <appendix> argL0 ; # com/sun/tools/javac/comp/Operators$OperatorHelper$$Lambda+0x00000000163cc890
instanceKlass  @bci com/sun/tools/javac/comp/Operators$OperatorHelper initOperators ()[Lcom/sun/tools/javac/code/Symbol$OperatorSymbol; 7 <appendix> argL0 ; # com/sun/tools/javac/comp/Operators$OperatorHelper$$Lambda+0x00000000163cc648
instanceKlass  @bci com/sun/tools/javac/comp/Operators$OperatorHelper doLookup (Ljava/util/function/Predicate;)Lcom/sun/tools/javac/code/Symbol$OperatorSymbol; 5 <appendix> member <vmtarget> ; # com/sun/tools/javac/comp/Operators$OperatorHelper$$Lambda+0x00000000163cc418
instanceKlass  @bci com/sun/tools/javac/comp/Operators$UnaryOperatorHelper doLookup (Lcom/sun/tools/javac/code/Type;)Lcom/sun/tools/javac/code/Symbol$OperatorSymbol; 3 <appendix> member <vmtarget> ; # com/sun/tools/javac/comp/Operators$UnaryOperatorHelper$$Lambda+0x00000000163cbdb8
instanceKlass  @bci com/sun/tools/javac/comp/Operators resolveUnary (Lcom/sun/tools/javac/util/JCDiagnostic$DiagnosticPosition;Lcom/sun/tools/javac/tree/JCTree$Tag;Lcom/sun/tools/javac/code/Type;)Lcom/sun/tools/javac/code/Symbol$OperatorSymbol; 22 <appendix> member <vmtarget> ; # com/sun/tools/javac/comp/Operators$$Lambda+0x00000000163cbb88
instanceKlass  @bci com/sun/tools/javac/comp/Operators resolveUnary (Lcom/sun/tools/javac/util/JCDiagnostic$DiagnosticPosition;Lcom/sun/tools/javac/tree/JCTree$Tag;Lcom/sun/tools/javac/code/Type;)Lcom/sun/tools/javac/code/Symbol$OperatorSymbol; 13 <appendix> member <vmtarget> ; # com/sun/tools/javac/comp/Operators$$Lambda+0x00000000163cb938
instanceKlass  @bci com/sun/tools/javac/comp/Operators resolveUnary (Lcom/sun/tools/javac/util/JCDiagnostic$DiagnosticPosition;Lcom/sun/tools/javac/tree/JCTree$Tag;Lcom/sun/tools/javac/code/Type;)Lcom/sun/tools/javac/code/Symbol$OperatorSymbol; 7 <appendix> member <vmtarget> ; # com/sun/tools/javac/comp/Operators$$Lambda+0x00000000163cb6d8
instanceKlass  @bci com/sun/tools/javac/comp/Attr visitClassDef (Lcom/sun/tools/javac/tree/JCTree$JCClassDecl;)V 198 <appendix> argL0 ; # com/sun/tools/javac/comp/Attr$$Lambda+0x00000000163cb280
instanceKlass com/sun/tools/javac/comp/ArgumentAttr$LocalCacheContext
instanceKlass  @bci com/sun/tools/javac/comp/Check checkOverride (Lcom/sun/tools/javac/tree/JCTree;Lcom/sun/tools/javac/code/Symbol$MethodSymbol;Lcom/sun/tools/javac/code/Symbol$MethodSymbol;Lcom/sun/tools/javac/code/Symbol$ClassSymbol;)V 798 <appendix> member <vmtarget> ; # com/sun/tools/javac/comp/Check$$Lambda+0x00000000163cae30
instanceKlass com/sun/tools/javac/code/Types$MethodFilter
instanceKlass com/sun/tools/javac/code/Types$CandidatesCache$Entry
instanceKlass com/sun/tools/javac/jvm/ClassWriter$1
instanceKlass java/nio/file/Path$1
instanceKlass com/sun/tools/javac/jvm/PoolWriter$1
instanceKlass com/sun/tools/javac/jvm/PoolConstant$NameAndType
instanceKlass  @bci com/sun/tools/javac/model/FilteredMemberList iterator ()Ljava/util/Iterator; 4 <appendix> argL0 ; # com/sun/tools/javac/model/FilteredMemberList$$Lambda+0x00000000163ca0f8
instanceKlass com/sun/tools/javac/jvm/Code$LocalVar$Range
instanceKlass com/sun/tools/javac/jvm/Items
instanceKlass com/sun/tools/javac/jvm/Code$LocalVar
instanceKlass com/sun/tools/javac/jvm/Code$State
instanceKlass com/sun/tools/javac/jvm/Gen$GenContext
instanceKlass com/sun/tools/javac/jvm/Gen$3
instanceKlass com/sun/tools/javac/comp/Lower$4
instanceKlass  @bci com/sun/tools/javac/comp/Lower visitApply (Lcom/sun/tools/javac/tree/JCTree$JCMethodInvocation;)V 581 <appendix> argL0 ; # com/sun/tools/javac/comp/Lower$$Lambda+0x00000000163c6be8
instanceKlass  @bci com/sun/tools/javac/comp/Flow$FlowAnalyzer visitApply (Lcom/sun/tools/javac/tree/JCTree$JCMethodInvocation;)V 81 <appendix> member <vmtarget> ; # com/sun/tools/javac/comp/Flow$FlowAnalyzer$$Lambda+0x00000000163c5790
instanceKlass  @bci com/sun/tools/javac/comp/Flow$FlowAnalyzer visitClassDef (Lcom/sun/tools/javac/tree/JCTree$JCClassDecl;)V 146 <appendix> member <vmtarget> ; # com/sun/tools/javac/comp/Flow$FlowAnalyzer$$Lambda+0x00000000163c5550
instanceKlass  @bci com/sun/tools/javac/comp/Flow$AssignAnalyzer visitApply (Lcom/sun/tools/javac/tree/JCTree$JCMethodInvocation;)V 52 <appendix> member <vmtarget> ; # com/sun/tools/javac/comp/Flow$AssignAnalyzer$$Lambda+0x00000000163c4c48
instanceKlass  @bci com/sun/tools/javac/comp/Flow$AssignAnalyzer visitClassDef (Lcom/sun/tools/javac/tree/JCTree$JCClassDecl;)V 165 <appendix> member <vmtarget> ; # com/sun/tools/javac/comp/Flow$AssignAnalyzer$$Lambda+0x00000000163c4a08
instanceKlass com/sun/tools/javac/util/Bits
instanceKlass com/sun/tools/javac/comp/Flow$BaseAnalyzer$PendingExit
instanceKlass  @bci com/sun/tools/javac/comp/Flow$AliveAnalyzer visitClassDef (Lcom/sun/tools/javac/tree/JCTree$JCClassDecl;)V 98 <appendix> member <vmtarget> ; # com/sun/tools/javac/comp/Flow$AliveAnalyzer$$Lambda+0x00000000163c28e8
instanceKlass  @bci com/sun/tools/javac/comp/Flow$AliveAnalyzer visitClassDef (Lcom/sun/tools/javac/tree/JCTree$JCClassDecl;)V 86 <appendix> member <vmtarget> ; # com/sun/tools/javac/comp/Flow$AliveAnalyzer$$Lambda+0x00000000163c26a8
instanceKlass  @bci com/sun/tools/javac/code/LintMapper$LintRange$1 visitVarDef (Lcom/sun/tools/javac/tree/JCTree$JCVariableDecl;)V 7 <appendix> member <vmtarget> ; # com/sun/tools/javac/code/LintMapper$LintRange$1$$Lambda+0x00000000163c0f48
instanceKlass  @bci com/sun/tools/javac/code/LintMapper$LintRange$1 visitMethodDef (Lcom/sun/tools/javac/tree/JCTree$JCMethodDecl;)V 7 <appendix> member <vmtarget> ; # com/sun/tools/javac/code/LintMapper$LintRange$1$$Lambda+0x00000000163c0d08
instanceKlass  @bci com/sun/tools/javac/code/LintMapper$LintRange$1 visitClassDef (Lcom/sun/tools/javac/tree/JCTree$JCClassDecl;)V 7 <appendix> member <vmtarget> ; # com/sun/tools/javac/code/LintMapper$LintRange$1$$Lambda+0x00000000163c0ac8
instanceKlass com/sun/tools/javac/comp/Resolve$19
instanceKlass com/sun/tools/javac/comp/Resolve$MethodCheckContext
instanceKlass  @bci com/sun/tools/javac/code/Types$MembersClosureCache$MembersScope combine (Ljava/util/function/Predicate;)Ljava/util/function/Predicate; 1 <appendix> member <vmtarget> ; # com/sun/tools/javac/code/Types$MembersClosureCache$MembersScope$$Lambda+0x00000000163be6b0
instanceKlass com/sun/tools/javac/comp/Resolve$6
instanceKlass  @bci com/sun/tools/javac/comp/Resolve superclasses (Lcom/sun/tools/javac/code/Type;)Ljava/lang/Iterable; 2 <appendix> member <vmtarget> ; # com/sun/tools/javac/comp/Resolve$$Lambda+0x00000000163be1e8
instanceKlass  @bci com/sun/tools/javac/comp/Check checkOverrideClashes (Lcom/sun/tools/javac/util/JCDiagnostic$DiagnosticPosition;Lcom/sun/tools/javac/code/Type;Lcom/sun/tools/javac/code/Symbol$MethodSymbol;)V 45 <appendix> member <vmtarget> ; # com/sun/tools/javac/comp/Check$$Lambda+0x00000000163bdb40
instanceKlass com/sun/tools/javac/comp/Check$ClashFilter
instanceKlass com/sun/tools/javac/code/Symbol$1
instanceKlass  @bci com/sun/tools/javac/code/Scope$CompoundScope lambda$getSymbols$0 (Ljava/util/function/Predicate;Lcom/sun/tools/javac/code/Scope$LookupKind;)Ljava/util/Iterator; 6 <appendix> member <vmtarget> ; # com/sun/tools/javac/code/Scope$CompoundScope$$Lambda+0x00000000163bd468
instanceKlass  @bci com/sun/tools/javac/code/Scope$CompoundScope getSymbols (Ljava/util/function/Predicate;Lcom/sun/tools/javac/code/Scope$LookupKind;)Ljava/lang/Iterable; 3 <appendix> member <vmtarget> ; # com/sun/tools/javac/code/Scope$CompoundScope$$Lambda+0x00000000163bd218
instanceKlass com/sun/tools/javac/comp/Check$DefaultMethodClashFilter
instanceKlass  @bci com/sun/tools/javac/comp/Check checkRequiresIdentity (Lcom/sun/tools/javac/tree/JCTree;Lcom/sun/tools/javac/code/Lint;)V 13 <appendix> member <vmtarget> ; # com/sun/tools/javac/comp/Check$$TypeSwitch+0x00000000163bcd98
instanceKlass  @bci com/sun/tools/javac/comp/Attr attribClass (Lcom/sun/tools/javac/code/Symbol$ClassSymbol;)V 919 <appendix> argL0 ; # com/sun/tools/javac/comp/Attr$$Lambda+0x00000000163bc6e8
instanceKlass  @bci com/sun/tools/javac/comp/Attr attribClass (Lcom/sun/tools/javac/code/Symbol$ClassSymbol;)V 909 <appendix> argL0 ; # com/sun/tools/javac/comp/Attr$$Lambda+0x00000000163bc490
instanceKlass  @bci com/sun/tools/javac/code/Lint suppressionsFrom (Ljava/util/stream/Stream;)Ljava/util/EnumSet; 37 <appendix> member <vmtarget> ; # com/sun/tools/javac/code/Lint$$Lambda+0x00000000163bc250
instanceKlass  @bci com/sun/tools/javac/code/Lint suppressionsFrom (Ljava/util/stream/Stream;)Ljava/util/EnumSet; 21 <appendix> member <vmtarget> ; # com/sun/tools/javac/code/Lint$$Lambda+0x00000000163bc000
instanceKlass  @bci com/sun/tools/javac/code/Lint suppressionsFrom (Ljava/util/stream/Stream;)Ljava/util/EnumSet; 10 <appendix> member <vmtarget> ; # com/sun/tools/javac/code/Lint$$Lambda+0x0000000016387ce8
instanceKlass  @bci com/sun/tools/javac/code/Symtab lambda$getAllClasses$0 ()Ljava/util/Iterator; 9 <appendix> argL0 ; # com/sun/tools/javac/code/Symtab$$Lambda+0x0000000016387aa0
instanceKlass  @bci com/sun/tools/javac/code/Symtab getAllClasses ()Ljava/lang/Iterable; 1 <appendix> member <vmtarget> ; # com/sun/tools/javac/code/Symtab$$Lambda+0x0000000016387850
instanceKlass com/sun/tools/javac/processing/JavacProcessingEnvironment$ImplicitCompleter
instanceKlass  @bci com/sun/tools/javac/util/Log$DeferredDiagnosticHandler reportDeferredDiagnostics (Ljava/util/function/Predicate;)V 45 <appendix> member <vmtarget> ; # com/sun/tools/javac/util/Log$DeferredDiagnosticHandler$$Lambda+0x00000000163873c8
instanceKlass  @bci com/sun/tools/javac/util/Log$DeferredDiagnosticHandler reportDeferredDiagnostics (Ljava/util/function/Predicate;)V 24 <appendix> member <vmtarget> ; # com/sun/tools/javac/util/Log$DeferredDiagnosticHandler$$Lambda+0x0000000016387188
instanceKlass  @bci com/sun/tools/javac/processing/JavacProcessingEnvironment$Round unrecoverableError ()Z 28 <appendix> member <vmtarget> ; # com/sun/tools/javac/processing/JavacProcessingEnvironment$Round$$Lambda+0x0000000016386f28
instanceKlass  @bci com/sun/tools/javac/util/JCDiagnostic$Factory normalize (Lcom/sun/tools/javac/util/JCDiagnostic$DiagnosticInfo;)Lcom/sun/tools/javac/util/JCDiagnostic$DiagnosticInfo; 46 <appendix> member <vmtarget> ; # com/sun/tools/javac/util/JCDiagnostic$Factory$$Lambda+0x0000000016386cd8
instanceKlass com/sun/tools/javac/resources/CompilerProperties$LintWarnings
# instanceKlass java/lang/invoke/LambdaForm$MH+0x00000000163ba000
# instanceKlass java/lang/invoke/LambdaForm$MH+0x00000000163b9c00
# instanceKlass java/lang/invoke/LambdaForm$MH+0x00000000163b9800
# instanceKlass java/lang/invoke/LambdaForm$MH+0x00000000163b9400
# instanceKlass java/lang/invoke/LambdaForm$MH+0x00000000163b9000
# instanceKlass java/lang/invoke/LambdaForm$MH+0x00000000163b8c00
# instanceKlass java/lang/invoke/LambdaForm$MH+0x00000000163b8800
# instanceKlass java/lang/invoke/LambdaForm$MH+0x00000000163b8400
# instanceKlass java/lang/invoke/LambdaForm$MH+0x00000000163b8000
# instanceKlass java/lang/invoke/LambdaForm$MH+0x00000000163b3c00
# instanceKlass java/lang/invoke/LambdaForm$MH+0x00000000163b3800
# instanceKlass java/lang/invoke/LambdaForm$MH+0x00000000163b3400
# instanceKlass java/lang/invoke/LambdaForm$MH+0x00000000163b3000
# instanceKlass java/lang/invoke/LambdaForm$MH+0x00000000163b2c00
instanceKlass lombok/Getter$AnyAnnotation
instanceKlass lombok/javac/handlers/HandleLog
instanceKlass lombok/core/handlers/LoggingFramework
instanceKlass lombok/RequiredArgsConstructor$AnyAnnotation
# instanceKlass java/lang/invoke/LambdaForm$MH+0x00000000163b2800
# instanceKlass java/lang/invoke/LambdaForm$MH+0x00000000163b2400
instanceKlass com/sun/tools/javac/tree/Pretty$1
# instanceKlass java/lang/invoke/LambdaForm$MH+0x00000000163b2000
# instanceKlass java/lang/invoke/LambdaForm$MH+0x00000000163b1c00
instanceKlass lombok/AllArgsConstructor$AnyAnnotation
instanceKlass lombok/NoArgsConstructor$AnyAnnotation
instanceKlass lombok/core/handlers/InclusionExclusionUtils$1
instanceKlass lombok/ToString$Exclude
instanceKlass lombok/ToString$Include
# instanceKlass java/lang/invoke/LambdaForm$MH+0x00000000163b1800
instanceKlass lombok/javac/handlers/JavacHandlerUtil$GetterMethod
instanceKlass lombok/EqualsAndHashCode$AnyAnnotation
instanceKlass lombok/core/handlers/InclusionExclusionUtils$2
instanceKlass lombok/EqualsAndHashCode$Exclude
instanceKlass lombok/EqualsAndHashCode$Include
instanceKlass lombok/core/handlers/InclusionExclusionUtils
instanceKlass lombok/javac/handlers/JavacHandlerUtil$CopyJavadoc$2$1
# instanceKlass java/lang/invoke/LambdaForm$MH+0x00000000163b1400
# instanceKlass java/lang/invoke/LambdaForm$MH+0x00000000163b1000
# instanceKlass java/lang/invoke/LambdaForm$MH+0x00000000163b0c00
# instanceKlass java/lang/invoke/LambdaForm$MH+0x00000000163b0800
# instanceKlass java/lang/invoke/LambdaForm$MH+0x00000000163b0400
# instanceKlass java/lang/invoke/LambdaForm$MH+0x00000000163b0000
# instanceKlass java/lang/invoke/LambdaForm$MH+0x00000000163afc00
# instanceKlass java/lang/invoke/LambdaForm$MH+0x00000000163af800
# instanceKlass java/lang/invoke/LambdaForm$MH+0x00000000163af400
# instanceKlass java/lang/invoke/LambdaForm$MH+0x00000000163af000
# instanceKlass java/lang/invoke/LambdaForm$MH+0x00000000163aec00
# instanceKlass java/lang/invoke/LambdaForm$MH+0x00000000163ae800
# instanceKlass java/lang/invoke/LambdaForm$MH+0x00000000163ae400
# instanceKlass java/lang/invoke/LambdaForm$MH+0x00000000163ae000
# instanceKlass java/lang/invoke/LambdaForm$MH+0x00000000163adc00
# instanceKlass java/lang/invoke/LambdaForm$MH+0x00000000163ad800
# instanceKlass java/lang/invoke/LambdaForm$MH+0x00000000163ad400
# instanceKlass java/lang/invoke/LambdaForm$MH+0x00000000163ad000
# instanceKlass java/lang/invoke/LambdaForm$MH+0x00000000163acc00
# instanceKlass java/lang/invoke/LambdaForm$MH+0x00000000163ac800
instanceKlass lombok/core/configuration/ConfigurationSource
# instanceKlass java/lang/invoke/LambdaForm$MH+0x00000000163ac400
# instanceKlass java/lang/invoke/LambdaForm$MH+0x00000000163ac000
# instanceKlass java/lang/invoke/LambdaForm$MH+0x00000000163abc00
# instanceKlass java/lang/invoke/LambdaForm$MH+0x00000000163ab800
# instanceKlass java/lang/invoke/LambdaForm$MH+0x00000000163ab400
# instanceKlass java/lang/invoke/LambdaForm$MH+0x00000000163ab000
instanceKlass  @bci jdk/internal/reflect/DirectMethodHandleAccessor invokeImpl (Ljava/lang/Object;[Ljava/lang/Object;)Ljava/lang/Object; 92 <adapter> ; # java/lang/invoke/LambdaForm$MH+0x00000000163aac00
# instanceKlass java/lang/invoke/LambdaForm$MH+0x00000000163aa800
# instanceKlass java/lang/invoke/LambdaForm$MH+0x00000000163aa400
# instanceKlass java/lang/invoke/LambdaForm$MH+0x00000000163aa000
# instanceKlass java/lang/invoke/LambdaForm$DMH+0x00000000163a9c00
instanceKlass lombok/javac/handlers/JavacHandlerUtil$JCAnnotatedTypeReflect
instanceKlass lombok/core/handlers/InclusionExclusionUtils$Included
# instanceKlass java/lang/invoke/LambdaForm$MH+0x00000000163a9800
# instanceKlass java/lang/invoke/LambdaForm$MH+0x00000000163a9400
# instanceKlass java/lang/invoke/LambdaForm$MH+0x00000000163a9000
# instanceKlass java/lang/invoke/LambdaForm$MH+0x00000000163a8c00
# instanceKlass java/lang/invoke/LambdaForm$MH+0x00000000163a8800
# instanceKlass java/lang/invoke/LambdaForm$DMH+0x00000000163a8400
instanceKlass lombok/javac/Javac$JavadocOps_8$1
instanceKlass lombok/core/CleanupRegistry$CleanupKey
instanceKlass lombok/javac/handlers/JavacHandlerUtil$CopyJavadoc$6
instanceKlass lombok/javac/Javac$JavadocOps_8
instanceKlass lombok/core/CleanupTask
# instanceKlass java/lang/invoke/LambdaForm$MH+0x00000000163a8000
# instanceKlass java/lang/invoke/LambdaForm$MH+0x00000000163a3c00
instanceKlass lombok/javac/handlers/JavacHandlerUtil$ClassSymbolMembersField
# instanceKlass java/lang/invoke/LambdaForm$MH+0x00000000163a3800
# instanceKlass java/lang/invoke/LambdaForm$DMH+0x00000000163a3400
# instanceKlass java/lang/invoke/LambdaForm$MH+0x00000000163a3000
# instanceKlass java/lang/invoke/LambdaForm$MH+0x00000000163a2c00
# instanceKlass java/lang/invoke/LambdaForm$MH+0x00000000163a2800
# instanceKlass java/lang/invoke/LambdaForm$MH+0x00000000163a2400
# instanceKlass java/lang/invoke/LambdaForm$MH+0x00000000163a2000
# instanceKlass java/lang/invoke/LambdaForm$MH+0x00000000163a1c00
# instanceKlass java/lang/invoke/LambdaForm$DMH+0x00000000163a1800
# instanceKlass java/lang/invoke/LambdaForm$MH+0x00000000163a1400
# instanceKlass java/lang/invoke/LambdaForm$MH+0x00000000163a1000
# instanceKlass java/lang/invoke/LambdaForm$MH+0x00000000163a0c00
# instanceKlass java/lang/invoke/LambdaForm$BMH+0x00000000163a0800
# instanceKlass java/lang/invoke/LambdaForm$DMH+0x00000000163a0400
# instanceKlass java/lang/invoke/LambdaForm$DMH+0x00000000163a0000
# instanceKlass java/lang/invoke/LambdaForm$MH+0x000000001639ec00
# instanceKlass java/lang/invoke/LambdaForm$MH+0x000000001639e800
# instanceKlass java/lang/invoke/LambdaForm$MH+0x000000001639e400
# instanceKlass java/lang/invoke/LambdaForm$MH+0x000000001639e000
# instanceKlass java/lang/invoke/LambdaForm$DMH+0x000000001639dc00
# instanceKlass java/lang/invoke/LambdaForm$MH+0x000000001639d800
# instanceKlass java/lang/invoke/LambdaForm$MH+0x000000001639d400
# instanceKlass java/lang/invoke/LambdaForm$MH+0x000000001639d000
# instanceKlass java/lang/invoke/LambdaForm$MH+0x000000001639cc00
# instanceKlass java/lang/invoke/LambdaForm$MH+0x000000001639c800
# instanceKlass java/lang/invoke/LambdaForm$MH+0x000000001639c400
# instanceKlass java/lang/invoke/LambdaForm$MH+0x000000001639c000
# instanceKlass java/lang/invoke/LambdaForm$DMH+0x000000001639bc00
instanceKlass com/sun/tools/javac/code/DeferredCompletionFailureHandler$DeferredCompleter
instanceKlass com/sun/tools/javac/comp/Annotate$AnnotationContext
instanceKlass com/sun/tools/javac/comp/Annotate$Queues
instanceKlass lombok/javac/handlers/JavacHandlerUtil$EnterReflect
# instanceKlass java/lang/invoke/LambdaForm$MH+0x000000001639b800
# instanceKlass java/lang/invoke/LambdaForm$MH+0x000000001639b400
instanceKlass lombok/delombok/FormatPreferences
instanceKlass lombok/delombok/LombokOptionsFactory
# instanceKlass java/lang/invoke/LambdaForm$MH+0x000000001639b000
# instanceKlass java/lang/invoke/LambdaForm$DMH+0x000000001639ac00
# instanceKlass java/lang/invoke/LambdaForm$MH+0x000000001639a800
# instanceKlass java/lang/invoke/LambdaForm$MH+0x000000001639a400
# instanceKlass java/lang/invoke/LambdaForm$DMH+0x000000001639a000
# instanceKlass java/lang/invoke/LambdaForm$DMH+0x0000000016399c00
# instanceKlass java/lang/invoke/LambdaForm$DMH+0x0000000016399800
instanceKlass java/lang/invoke/MethodHandleImpl$ArrayAccessor
instanceKlass java/lang/invoke/MethodHandleImpl$CasesHolder
instanceKlass java/lang/invoke/MethodHandleImpl$LoopClauses
# instanceKlass java/lang/invoke/LambdaForm$MH+0x0000000016399400
# instanceKlass java/lang/invoke/LambdaForm$MH+0x0000000016399000
# instanceKlass java/lang/invoke/LambdaForm$MH+0x0000000016398c00
# instanceKlass java/lang/invoke/LambdaForm$MH+0x0000000016398800
# instanceKlass java/lang/invoke/LambdaForm$DMH+0x0000000016398400
# instanceKlass java/lang/invoke/LambdaForm$MH+0x0000000016398000
# instanceKlass java/lang/invoke/LambdaForm$MH+0x0000000016395c00
# instanceKlass java/lang/invoke/LambdaForm$DMH+0x0000000016395800
# instanceKlass java/lang/invoke/LambdaForm$MH+0x0000000016395400
# instanceKlass java/lang/invoke/LambdaForm$BMH+0x0000000016395000
# instanceKlass java/lang/invoke/LambdaForm$DMH+0x0000000016394c00
# instanceKlass java/lang/invoke/LambdaForm$DMH+0x0000000016394800
# instanceKlass java/lang/invoke/LambdaForm$DMH+0x0000000016394400
instanceKlass lombok/Builder$ObtainVia
instanceKlass lombok/javac/handlers/HandleBuilder$BuilderFieldData
instanceKlass lombok/core/AnnotationValues$1
instanceKlass lombok/core/configuration/AllowHelper
instanceKlass  @bci java/util/regex/Pattern SingleI (II)Ljava/util/regex/Pattern$BmpCharPredicate; 2 <appendix> member <vmtarget> ; # java/util/regex/Pattern$$Lambda+0x00000000161eb790
instanceKlass lombok/experimental/FieldDefaults
instanceKlass lombok/core/handlers/HandlerUtil
instanceKlass lombok/core/AnnotationValues$AnnotationValue
# instanceKlass java/lang/invoke/LambdaForm$MH+0x0000000016394000
# instanceKlass java/lang/invoke/LambdaForm$MH+0x0000000016393c00
# instanceKlass java/lang/invoke/LambdaForm$MH+0x0000000016393800
# instanceKlass java/lang/invoke/LambdaForm$MH+0x0000000016393400
# instanceKlass java/lang/invoke/LambdaForm$MH+0x0000000016393000
# instanceKlass java/lang/invoke/LambdaForm$DMH+0x0000000016392c00
# instanceKlass java/lang/invoke/LambdaForm$MH+0x0000000016392800
# instanceKlass java/lang/invoke/LambdaForm$MH+0x0000000016392400
# instanceKlass java/lang/invoke/LambdaForm$MH+0x0000000016392000
# instanceKlass java/lang/invoke/LambdaForm$MH+0x0000000016391c00
# instanceKlass java/lang/invoke/LambdaForm$MH+0x0000000016391800
# instanceKlass java/lang/invoke/LambdaForm$MH+0x0000000016391400
# instanceKlass java/lang/invoke/LambdaForm$DMH+0x0000000016391000
instanceKlass lombok/core/AnnotationValues
instanceKlass lombok/core/FieldAugment
instanceKlass lombok/javac/JavacAugments
# instanceKlass java/lang/invoke/LambdaForm$MH+0x0000000016390c00
# instanceKlass java/lang/invoke/LambdaForm$MH+0x0000000016390800
# instanceKlass java/lang/invoke/LambdaForm$MH+0x0000000016390400
# instanceKlass java/lang/invoke/LambdaForm$MH+0x0000000016390000
# instanceKlass java/lang/invoke/LambdaForm$MH+0x000000001638fc00
# instanceKlass java/lang/invoke/LambdaForm$MH+0x000000001638f800
# instanceKlass java/lang/invoke/LambdaForm$MH+0x000000001638f400
# instanceKlass java/lang/invoke/LambdaForm$MH+0x000000001638f000
# instanceKlass java/lang/invoke/LambdaForm$MH+0x000000001638ec00
# instanceKlass java/lang/invoke/LambdaForm$MH+0x000000001638e800
# instanceKlass java/lang/invoke/LambdaForm$MH+0x000000001638e400
# instanceKlass java/lang/invoke/LambdaForm$MH+0x000000001638e000
# instanceKlass java/lang/invoke/LambdaForm$MH+0x000000001638dc00
# instanceKlass java/lang/invoke/LambdaForm$MH+0x000000001638d800
# instanceKlass java/lang/invoke/LambdaForm$MH+0x000000001638d400
# instanceKlass java/lang/invoke/LambdaForm$MH+0x000000001638d000
# instanceKlass java/lang/invoke/LambdaForm$MH+0x000000001638cc00
# instanceKlass java/lang/invoke/LambdaForm$MH+0x000000001638c800
# instanceKlass java/lang/invoke/LambdaForm$MH+0x000000001638c400
# instanceKlass java/lang/invoke/LambdaForm$MH+0x000000001638c000
instanceKlass lombok/core/TypeResolver
instanceKlass lombok/core/AST$FieldAccess
instanceKlass lombok/core/LombokImmutableList$1
instanceKlass lombok/javac/JavacImportList
instanceKlass lombok/javac/PackageName
instanceKlass lombok/core/configuration/FileSystemSourceCache$Content
instanceKlass lombok/core/configuration/ConfigurationFile
instanceKlass lombok/core/configuration/BubblingConfigurationResolver
instanceKlass lombok/core/LombokConfiguration$3
instanceKlass lombok/core/configuration/FileSystemSourceCache$1
instanceKlass lombok/core/configuration/ConfigurationProblemReporter$1
instanceKlass lombok/core/configuration/ConfigurationProblemReporter
instanceKlass lombok/core/configuration/ConfigurationParser
instanceKlass lombok/core/configuration/ConfigurationFileToSource
instanceKlass lombok/core/configuration/FileSystemSourceCache
instanceKlass lombok/core/LombokConfiguration$1
instanceKlass lombok/core/configuration/ConfigurationResolverFactory
instanceKlass lombok/core/configuration/ConfigurationResolver
instanceKlass lombok/core/LombokConfiguration
instanceKlass sun/nio/fs/WindowsUriSupport
instanceKlass lombok/core/ImportList
instanceKlass java/util/function/UnaryOperator
instanceKlass  @bci java/lang/Class methodToString (Ljava/lang/String;[Ljava/lang/Class;)Ljava/lang/String; 42 <appendix> argL0 ; # java/lang/Class$$Lambda+0x00000000161eaee0
instanceKlass com/sun/tools/javac/util/WarningAggregator
instanceKlass lombok/javac/JavacAST$ErrorLog
instanceKlass java/util/IdentityHashMap$EntryIterator$Entry
instanceKlass com/sun/tools/javac/model/JavacElements$1
instanceKlass javax/annotation/processing/SupportedOptions
instanceKlass com/sun/tools/javac/util/MatchingUtils
instanceKlass javax/annotation/processing/SupportedAnnotationTypes
instanceKlass lombok/javac/HandlerLibrary$VisitorContainer
instanceKlass lombok/experimental/WithBy
instanceKlass lombok/With
instanceKlass lombok/Value
instanceKlass lombok/javac/JavacASTAdapter
instanceKlass lombok/experimental/UtilityClass
instanceKlass lombok/ToString
instanceKlass lombok/Synchronized
instanceKlass lombok/experimental/SuperBuilder
instanceKlass lombok/javac/handlers/JavacSingularsRecipes$StatementMaker
instanceKlass lombok/javac/handlers/JavacSingularsRecipes$ExpressionMaker
instanceKlass lombok/javac/handlers/HandleBuilder$BuilderJob
instanceKlass lombok/experimental/StandardException
instanceKlass lombok/SneakyThrows
instanceKlass lombok/Singular
instanceKlass lombok/Setter
instanceKlass lombok/core/PrintAST
instanceKlass lombok/NonNull
instanceKlass lombok/extern/slf4j/XSlf4j
instanceKlass lombok/extern/slf4j/Slf4j
instanceKlass lombok/extern/log4j/Log4j
instanceKlass lombok/extern/log4j/Log4j2
instanceKlass lombok/extern/java/Log
instanceKlass lombok/extern/jbosslog/JBossLog
instanceKlass lombok/extern/flogger/Flogger
instanceKlass lombok/CustomLog
instanceKlass lombok/extern/apachecommons/CommonsLog
instanceKlass lombok/Locked$Write
instanceKlass lombok/Locked$Read
instanceKlass lombok/Locked
instanceKlass lombok/extern/jackson/Jacksonized
instanceKlass lombok/experimental/Helper
instanceKlass lombok/Getter
instanceKlass lombok/experimental/FieldNameConstants
instanceKlass lombok/core/LombokImmutableList
instanceKlass lombok/core/JavaIdentifiers
instanceKlass lombok/experimental/ExtensionMethod
instanceKlass lombok/EqualsAndHashCode
instanceKlass lombok/experimental/Delegate
instanceKlass lombok/Data
instanceKlass lombok/RequiredArgsConstructor
instanceKlass lombok/NoArgsConstructor
instanceKlass lombok/AllArgsConstructor
instanceKlass lombok/Cleanup
instanceKlass lombok/Builder$Default
instanceKlass lombok/Builder
instanceKlass lombok/javac/handlers/HandleConstructor
instanceKlass lombok/core/LombokInternalAliasing
instanceKlass lombok/core/AlreadyHandledAnnotations
instanceKlass lombok/javac/ResolutionResetNeeded
instanceKlass lombok/core/HandlerPriority
instanceKlass lombok/javac/HandlerLibrary$AnnotationHandlerContainer
instanceKlass lombok/experimental/Accessors
instanceKlass lombok/javac/JavacAnnotationHandler
instanceKlass lombok/core/SpiLoadUtil$1$1
instanceKlass lombok/core/SpiLoadUtil$1
instanceKlass lombok/core/SpiLoadUtil
instanceKlass lombok/core/configuration/ConfigurationKeysLoader
instanceKlass lombok/core/configuration/CheckerFrameworkVersion
instanceKlass lombok/core/configuration/MappedConfigEnum
instanceKlass lombok/core/configuration/TypeName
instanceKlass lombok/core/configuration/LogDeclaration
instanceKlass lombok/core/configuration/IdentifierName
instanceKlass lombok/core/configuration/ConfigurationDataType$6
instanceKlass lombok/core/configuration/ConfigurationDataType$7
instanceKlass lombok/core/configuration/NullAnnotationLibrary
instanceKlass lombok/core/configuration/ConfigurationValueType
instanceKlass lombok/core/configuration/ConfigurationDataType$5
instanceKlass lombok/core/configuration/ConfigurationDataType$4
instanceKlass lombok/core/configuration/ConfigurationDataType$3
instanceKlass lombok/core/configuration/ConfigurationDataType$2
instanceKlass lombok/core/configuration/ConfigurationDataType$1
instanceKlass lombok/core/configuration/ConfigurationValueParser
instanceKlass lombok/core/configuration/ConfigurationDataType
instanceKlass lombok/core/configuration/ConfigurationKey
instanceKlass lombok/ConfigurationKeys
instanceKlass lombok/core/configuration/ConfigurationKeysLoader$LoaderLoader
instanceKlass lombok/core/TypeLibrary
instanceKlass lombok/javac/HandlerLibrary
instanceKlass lombok/javac/JavacASTVisitor
instanceKlass lombok/javac/JavacTransformer
instanceKlass java/text/BreakIterator
instanceKlass com/sun/tools/javac/api/JavacScope
instanceKlass com/sun/source/util/DocTreePath
instanceKlass  @bci java/lang/reflect/Field set (Ljava/lang/Object;Ljava/lang/Object;)V 63 <appendix> member <vmtarget> ; # java/lang/reflect/Field$$Lambda+0x00000000161e9358
instanceKlass java/lang/reflect/Field$FieldSetter
# instanceKlass java/lang/invoke/LambdaForm$MH+0x0000000016364400
# instanceKlass java/lang/invoke/LambdaForm$MH+0x0000000016364000
instanceKlass com/sun/source/util/TaskEvent
instanceKlass lombok/core/LombokNode
instanceKlass lombok/core/AST
instanceKlass lombok/javac/handlers/JavacHandlerUtil
instanceKlass lombok/javac/JavacTreeMaker$FieldId
instanceKlass lombok/javac/JavacTreeMaker$MethodId
instanceKlass lombok/javac/JavacTreeMaker
instanceKlass javax/lang/model/type/TypeVisitor
instanceKlass lombok/javac/JavacTreeMaker$SchroedingerType
instanceKlass lombok/javac/Javac
instanceKlass lombok/javac/apt/Java9Compiler
instanceKlass lombok/javac/apt/LombokFileObjects$Compiler
instanceKlass lombok/javac/apt/LombokFileObject
instanceKlass lombok/javac/apt/LombokFileObjects
instanceKlass lombok/javac/apt/MessagerDiagnosticsReceiver
instanceKlass javax/tools/ForwardingJavaFileManager
# instanceKlass java/lang/invoke/LambdaForm$MH+0x000000001635c000
# instanceKlass java/lang/invoke/LambdaForm$MH+0x000000001635bc00
# instanceKlass java/lang/invoke/LambdaForm$MH+0x000000001635b800
instanceKlass java/lang/invoke/LambdaFormEditor$1
instanceKlass lombok/permit/dummy/Parent
instanceKlass java/lang/Class$EnclosingMethodInfo
# instanceKlass java/lang/invoke/LambdaForm$MH+0x000000001635b400
# instanceKlass java/lang/invoke/LambdaForm$MH+0x000000001635b000
instanceKlass lombok/core/CleanupRegistry
instanceKlass java/util/stream/WhileOps$DropWhileSink
instanceKlass java/util/stream/SliceOps
instanceKlass java/util/stream/WhileOps$DropWhileOp
instanceKlass java/util/stream/WhileOps
instanceKlass  @bci sun/misc/Unsafe lambda$beforeMemoryAccessSlow$0 (Ljava/util/stream/Stream;)Ljava/util/List; 1 <appendix> argL0 ; # sun/misc/Unsafe$$Lambda+0x00000000161e6cf0
instanceKlass java/lang/StackStreamFactory$FrameBuffer
instanceKlass java/lang/StackStreamFactory
instanceKlass  @bci sun/misc/Unsafe beforeMemoryAccessSlow ()V 26 <appendix> argL0 ; # sun/misc/Unsafe$$Lambda+0x00000000161e5278
instanceKlass sun/misc/Unsafe$StackWalkerHolder
instanceKlass lombok/permit/Permit$Fake
instanceKlass lombok/permit/Permit
instanceKlass lombok/core/DiagnosticsReceiver
instanceKlass lombok/launch/AnnotationProcessorHider$AstModificationNotifierData
instanceKlass sun/misc/Unsafe
instanceKlass lombok/core/AnnotationProcessor$ProcessorDescriptor
instanceKlass lombok/launch/ClassFileMetaData
instanceKlass java/util/zip/ZipFile$ZipEntryIterator
instanceKlass java/util/WeakHashMap$HashIterator
instanceKlass java/net/URLDecoder
instanceKlass lombok/launch/PackageShader
instanceKlass lombok/launch/Main
instanceKlass com/sun/tools/javac/processing/JavacProcessingEnvironment$ProcessorState
instanceKlass com/sun/tools/javac/processing/JavacRoundEnvironment
instanceKlass javax/lang/model/util/AbstractElementVisitor6
instanceKlass javax/lang/model/element/ElementVisitor
instanceKlass  @bci com/sun/tools/javac/processing/JavacProcessingEnvironment$Round <init> (Lcom/sun/tools/javac/processing/JavacProcessingEnvironment;ILjava/util/Set;Lcom/sun/tools/javac/util/Log$DeferredDiagnosticHandler;)V 24 <appendix> argL0 ; # com/sun/tools/javac/processing/JavacProcessingEnvironment$Round$$Lambda+0x00000000163529f8
instanceKlass  @bci com/sun/tools/javac/processing/JavacProcessingEnvironment$Round <init> (Lcom/sun/tools/javac/processing/JavacProcessingEnvironment;ILjava/util/Set;Lcom/sun/tools/javac/util/Log$DeferredDiagnosticHandler;)V 15 <appendix> argL0 ; # com/sun/tools/javac/processing/JavacProcessingEnvironment$Round$$Lambda+0x00000000163527a0
instanceKlass com/sun/tools/javac/processing/JavacProcessingEnvironment$Round
instanceKlass com/sun/tools/javac/code/TypeAnnotations$TypeAnnotationPositions$1
instanceKlass  @bci com/sun/tools/javac/code/TypeAnnotations annotationTargetType (Lcom/sun/tools/javac/tree/JCTree;Lcom/sun/tools/javac/code/Attribute$Compound;Lcom/sun/tools/javac/code/Symbol;)Lcom/sun/tools/javac/code/TypeAnnotations$AnnotationType; 64 <appendix> member <vmtarget> ; # com/sun/tools/javac/code/TypeAnnotations$$Lambda+0x00000000163579a8
instanceKlass  @bci com/sun/tools/javac/code/TypeAnnotations annotationTargetType (Lcom/sun/tools/javac/tree/JCTree;Lcom/sun/tools/javac/code/Attribute$Compound;Lcom/sun/tools/javac/code/Symbol;)Lcom/sun/tools/javac/code/TypeAnnotations$AnnotationType; 50 <appendix> member <vmtarget> ; # com/sun/tools/javac/code/TypeAnnotations$$Lambda+0x0000000016357558
instanceKlass  @bci com/sun/tools/javac/code/TypeAnnotations annotationTargets (Lcom/sun/tools/javac/code/Symbol$TypeSymbol;)Lcom/sun/tools/javac/util/List; 56 <appendix> argL0 ; # com/sun/tools/javac/code/TypeAnnotations$$Lambda+0x00000000163570b0
instanceKlass  @bci com/sun/tools/javac/jvm/ClassReader$TypeAnnotationSymbolVisitor classExtends (I)Ljava/util/function/Predicate; 1 <appendix> member <vmtarget> ; # com/sun/tools/javac/jvm/ClassReader$TypeAnnotationSymbolVisitor$$Lambda+0x00000000163569e8
instanceKlass com/sun/tools/javac/code/Types$TypePair
instanceKlass  @bci com/sun/tools/javac/code/Symtab getClassField (Lcom/sun/tools/javac/code/Type;Lcom/sun/tools/javac/code/Types;)Lcom/sun/tools/javac/code/Symbol$VarSymbol; 16 <appendix> member <vmtarget> ; # com/sun/tools/javac/code/Symtab$$Lambda+0x0000000016356580
instanceKlass com/sun/tools/javac/code/Types$UniqueType
instanceKlass com/sun/tools/javac/code/Flags
instanceKlass  @bci com/sun/tools/javac/code/Type constValue ()Ljava/lang/Object; 3 <appendix> argL0 ; # com/sun/tools/javac/code/Type$$Lambda+0x0000000016355f10
instanceKlass com/sun/tools/javac/comp/Resolve$MethodResolutionContext$Candidate
instanceKlass com/sun/tools/javac/code/Types$ImplementationCache$Entry
instanceKlass  @bci com/sun/tools/javac/code/Types membersClosure (Lcom/sun/tools/javac/code/Type;Z)Lcom/sun/tools/javac/code/Scope$CompoundScope; 15 <appendix> member <vmtarget> ; # com/sun/tools/javac/code/Types$$Lambda+0x0000000016355410
instanceKlass com/sun/tools/javac/comp/Resolve$LookupFilter
instanceKlass com/sun/tools/javac/comp/Resolve$MethodResolutionContext
instanceKlass  @bci com/sun/tools/javac/jvm/ClassReader$TypeAnnotationSymbolVisitor typeParameterBound (Lcom/sun/tools/javac/code/TargetType;II)Ljava/util/function/Predicate; 3 <adapter> ; # java/lang/invoke/LambdaForm$MH+0x0000000016350c00
instanceKlass  @bci com/sun/tools/javac/jvm/ClassReader$TypeAnnotationSymbolVisitor typeParameterBound (Lcom/sun/tools/javac/code/TargetType;II)Ljava/util/function/Predicate; 3 <appendix> form vmentry <vmtarget> ; # java/lang/invoke/LambdaForm$DMH+0x0000000016350800
instanceKlass  @bci com/sun/tools/javac/jvm/ClassReader$TypeAnnotationSymbolVisitor typeParameterBound (Lcom/sun/tools/javac/code/TargetType;II)Ljava/util/function/Predicate; 3 <appendix> member <vmtarget> ; # com/sun/tools/javac/jvm/ClassReader$TypeAnnotationSymbolVisitor$$Lambda+0x0000000016354000
instanceKlass  @cpi com/sun/tools/javac/jvm/ClassReader$TypeAnnotationSymbolVisitor 358 form vmentry <vmtarget> ; # java/lang/invoke/LambdaForm$DMH+0x0000000016350400
instanceKlass  @bci com/sun/tools/javac/jvm/ClassReader$TypeAnnotationSymbolVisitor methodFormalParameter (I)Ljava/util/function/Predicate; 1 <appendix> member <vmtarget> ; # com/sun/tools/javac/jvm/ClassReader$TypeAnnotationSymbolVisitor$$Lambda+0x000000001634fcc0
instanceKlass  @cpi com/sun/tools/javac/jvm/ClassReader$TypeAnnotationSymbolVisitor 361 form vmentry <vmtarget> ; # java/lang/invoke/LambdaForm$DMH+0x0000000016350000
instanceKlass com/sun/tools/javac/code/TypeAnnotationPosition$TypePathEntry
instanceKlass  @bci com/sun/tools/javac/jvm/ClassReader$TypeAnnotationStructuralTypeMapping rewriteTypeParams (Lcom/sun/tools/javac/util/List;Lcom/sun/tools/javac/util/List;)Lcom/sun/tools/javac/util/List; 19 <appendix> member <vmtarget> ; # com/sun/tools/javac/jvm/ClassReader$TypeAnnotationStructuralTypeMapping$$Lambda+0x000000001634f1f0
instanceKlass java/util/Spliterators$2Adapter
instanceKlass java/util/PrimitiveIterator$OfInt
instanceKlass java/util/PrimitiveIterator
instanceKlass java/util/Spliterators$AbstractIntSpliterator
instanceKlass  @bci com/sun/tools/javac/jvm/ClassReader$TypeAnnotationStructuralTypeMapping rewriteTypeParams (Lcom/sun/tools/javac/util/List;Lcom/sun/tools/javac/util/List;)Lcom/sun/tools/javac/util/List; 1 <appendix> argL0 ; # com/sun/tools/javac/jvm/ClassReader$TypeAnnotationStructuralTypeMapping$$Lambda+0x000000001634efa8
instanceKlass java/util/function/IntUnaryOperator
instanceKlass  @bci com/sun/tools/javac/jvm/ClassReader$TypeAnnotationSymbolVisitor addTypeAnnotations (Lcom/sun/tools/javac/code/Type;Ljava/util/function/Predicate;)Lcom/sun/tools/javac/code/Type; 127 <appendix> argL0 ; # com/sun/tools/javac/jvm/ClassReader$TypeAnnotationSymbolVisitor$$Lambda+0x000000001634ea18
instanceKlass  @bci com/sun/tools/javac/jvm/ClassReader$TypeAnnotationSymbolVisitor addTypeAnnotations (Lcom/sun/tools/javac/code/Type;Lcom/sun/tools/javac/code/TargetType;)Lcom/sun/tools/javac/code/Type; 3 <appendix> member <vmtarget> ; # com/sun/tools/javac/jvm/ClassReader$TypeAnnotationSymbolVisitor$$Lambda+0x000000001634e7b8
instanceKlass  @bci com/sun/tools/javac/jvm/ClassReader$ProxyType resolve ()Lcom/sun/tools/javac/code/Type; 13 <appendix> member <vmtarget> ; # com/sun/tools/javac/jvm/ClassReader$ProxyType$$Lambda+0x000000001634e2d0
instanceKlass  @bci com/sun/tools/javac/code/Types$TypeMapping visit (Lcom/sun/tools/javac/util/List;Ljava/lang/Object;)Lcom/sun/tools/javac/util/List; 3 <appendix> member <vmtarget> ; # com/sun/tools/javac/code/Types$TypeMapping$$Lambda+0x000000001634e080
instanceKlass  @bci com/sun/tools/javac/code/Symbol$VarSymbol setLazyConstValue (Lcom/sun/tools/javac/comp/Env;Lcom/sun/tools/javac/comp/Env;Lcom/sun/tools/javac/comp/Attr;Lcom/sun/tools/javac/tree/JCTree$JCVariableDecl;)V 7 <appendix> member <vmtarget> ; # com/sun/tools/javac/code/Symbol$VarSymbol$$Lambda+0x000000001634de50
instanceKlass com/sun/tools/javac/code/Types$26
instanceKlass com/sun/tools/javac/tree/TreeMaker$2
instanceKlass com/sun/tools/javac/comp/TypeEnter$1
instanceKlass  @bci com/sun/tools/javac/comp/Check checkUniqueImport (Lcom/sun/tools/javac/util/JCDiagnostic$DiagnosticPosition;Lcom/sun/tools/javac/code/Scope;Lcom/sun/tools/javac/code/Scope;Lcom/sun/tools/javac/code/Scope;Lcom/sun/tools/javac/code/Symbol;Z)Z 2 <appendix> member <vmtarget> ; # com/sun/tools/javac/comp/Check$$Lambda+0x000000001634d5c0
instanceKlass  @bci com/sun/tools/javac/comp/Check checkImportsUnique (Lcom/sun/tools/javac/tree/JCTree$JCCompilationUnit;)V 90 <appendix> argL0 ; # com/sun/tools/javac/comp/Check$$Lambda+0x000000001634d368
instanceKlass  @bci com/sun/tools/javac/comp/TypeEnter complete (Lcom/sun/tools/javac/code/Symbol;)V 191 <appendix> argL0 ; # com/sun/tools/javac/comp/TypeEnter$$Lambda+0x000000001634d140
instanceKlass  @bci com/sun/tools/javac/code/TypeAnnotations validateTypeAnnotationsSignatures (Lcom/sun/tools/javac/comp/Env;Lcom/sun/tools/javac/tree/JCTree$JCClassDecl;)V 7 <appendix> member <vmtarget> ; # com/sun/tools/javac/code/TypeAnnotations$$Lambda+0x000000001634cf10
instanceKlass  @bci com/sun/tools/javac/code/TypeAnnotations organizeTypeAnnotationsSignatures (Lcom/sun/tools/javac/comp/Env;Lcom/sun/tools/javac/tree/JCTree$JCClassDecl;)V 7 <appendix> member <vmtarget> ; # com/sun/tools/javac/code/TypeAnnotations$$Lambda+0x000000001634cce0
instanceKlass  @bci com/sun/tools/javac/jvm/ClassReader$11 read (Lcom/sun/tools/javac/code/Symbol;I)V 79 <appendix> member <vmtarget> ; # com/sun/tools/javac/jvm/ClassReader$11$$Lambda+0x000000001634cab0
instanceKlass com/sun/tools/javac/util/Iterators$1
instanceKlass  @bci com/sun/tools/javac/code/Scope$FilterImportScope lambda$getSymbolsByName$0 (Lcom/sun/tools/javac/util/List;)Ljava/util/Iterator; 10 <appendix> member <vmtarget> ; # com/sun/tools/javac/code/Scope$FilterImportScope$$Lambda+0x000000001634c5e8
instanceKlass  @bci com/sun/tools/javac/code/Scope$FilterImportScope lambda$getSymbolsByName$0 (Lcom/sun/tools/javac/util/List;)Ljava/util/Iterator; 1 <appendix> argL0 ; # com/sun/tools/javac/code/Scope$FilterImportScope$$Lambda+0x000000001634c3a0
instanceKlass  @bci com/sun/tools/javac/code/Scope$FilterImportScope getSymbolsByName (Lcom/sun/tools/javac/util/Name;Ljava/util/function/Predicate;Lcom/sun/tools/javac/code/Scope$LookupKind;)Ljava/lang/Iterable; 62 <appendix> member <vmtarget> ; # com/sun/tools/javac/code/Scope$FilterImportScope$$Lambda+0x000000001634c150
instanceKlass  @bci com/sun/tools/javac/code/Scope$CompoundScope lambda$getSymbolsByName$0 (Lcom/sun/tools/javac/util/Name;Ljava/util/function/Predicate;Lcom/sun/tools/javac/code/Scope$LookupKind;)Ljava/util/Iterator; 7 <appendix> member <vmtarget> ; # com/sun/tools/javac/code/Scope$CompoundScope$$Lambda+0x000000001634bf00
instanceKlass  @bci com/sun/tools/javac/code/Scope$CompoundScope getSymbolsByName (Lcom/sun/tools/javac/util/Name;Ljava/util/function/Predicate;Lcom/sun/tools/javac/code/Scope$LookupKind;)Ljava/lang/Iterable; 4 <appendix> member <vmtarget> ; # com/sun/tools/javac/code/Scope$CompoundScope$$Lambda+0x000000001634bcb0
instanceKlass  @bci com/sun/tools/javac/comp/Annotate queueScanTreeAndTypeAnnotate (Lcom/sun/tools/javac/tree/JCTree;Lcom/sun/tools/javac/comp/Env;Lcom/sun/tools/javac/code/Symbol;)V 10 <appendix> member <vmtarget> ; # com/sun/tools/javac/comp/Annotate$$Lambda+0x000000001634ba80
instanceKlass  @bci com/sun/tools/javac/comp/TypeEnter defaultConstructor (Lcom/sun/tools/javac/tree/TreeMaker;Lcom/sun/tools/javac/comp/TypeEnter$DefaultConstructorHelper;)Lcom/sun/tools/javac/tree/JCTree; 144 <appendix> member <vmtarget> ; # com/sun/tools/javac/comp/TypeEnter$$Lambda+0x000000001634b830
instanceKlass com/sun/tools/javac/comp/TypeEnter$BasicConstructorHelper
instanceKlass  @bci com/sun/tools/javac/comp/Annotate annotateLater (Lcom/sun/tools/javac/util/List;Lcom/sun/tools/javac/comp/Env;Lcom/sun/tools/javac/code/Symbol;)V 30 <appendix> member <vmtarget> ; # com/sun/tools/javac/comp/Annotate$$Lambda+0x000000001634b378
instanceKlass  @bci com/sun/tools/javac/comp/Annotate annotateLater (Lcom/sun/tools/javac/util/List;Lcom/sun/tools/javac/comp/Env;Lcom/sun/tools/javac/code/Symbol;)V 17 <appendix> member <vmtarget> ; # com/sun/tools/javac/comp/Annotate$$Lambda+0x000000001634b148
instanceKlass com/sun/tools/javac/code/SymbolMetadata
instanceKlass  @bci com/sun/tools/javac/code/Scope$NamedImportScope lambda$getSymbolsByName$0 ([Lcom/sun/tools/javac/code/Scope;Lcom/sun/tools/javac/util/Name;Ljava/util/function/Predicate;Lcom/sun/tools/javac/code/Scope$LookupKind;)Ljava/util/Iterator; 7 <appendix> member <vmtarget> ; # com/sun/tools/javac/code/Scope$NamedImportScope$$Lambda+0x000000001634a7e0
instanceKlass  @bci com/sun/tools/javac/code/Scope$NamedImportScope getSymbolsByName (Lcom/sun/tools/javac/util/Name;Ljava/util/function/Predicate;Lcom/sun/tools/javac/code/Scope$LookupKind;)Ljava/lang/Iterable; 29 <appendix> member <vmtarget> ; # com/sun/tools/javac/code/Scope$NamedImportScope$$Lambda+0x000000001634a590
instanceKlass com/sun/tools/javac/jvm/ClassReader$CompleterDeproxy
instanceKlass  @bci com/sun/tools/javac/jvm/ClassReader parameter (IILcom/sun/tools/javac/code/Type;Lcom/sun/tools/javac/code/Symbol$MethodSymbol;Ljava/util/Set;)Lcom/sun/tools/javac/code/Symbol$VarSymbol; 155 <appendix> member <vmtarget> ; # com/sun/tools/javac/jvm/ClassReader$$Lambda+0x0000000016349c08
instanceKlass  @bci com/sun/tools/javac/jvm/ClassReader parameter (IILcom/sun/tools/javac/code/Type;Lcom/sun/tools/javac/code/Symbol$MethodSymbol;Ljava/util/Set;)Lcom/sun/tools/javac/code/Symbol$VarSymbol; 83 <appendix> member <vmtarget> ; # com/sun/tools/javac/jvm/ClassReader$$Lambda+0x00000000163499d8
instanceKlass com/sun/tools/javac/jvm/Code$1
instanceKlass com/sun/tools/javac/jvm/ClassReader$TypeAnnotationProxy
instanceKlass com/sun/tools/javac/code/TypeAnnotationPosition
instanceKlass com/sun/tools/javac/jvm/ClassReader$28
instanceKlass  @bci com/sun/tools/javac/jvm/PoolReader getType (I)Lcom/sun/tools/javac/code/Type; 14 <appendix> member <vmtarget> ; # com/sun/tools/javac/jvm/PoolReader$$Lambda+0x0000000016345b30
instanceKlass  @cpi com/sun/tools/javac/jvm/PoolReader 361 form vmentry <vmtarget> ; # java/lang/invoke/LambdaForm$DMH+0x0000000016344400
instanceKlass com/sun/tools/javac/util/Name$NameMapper
instanceKlass  @bci com/sun/tools/javac/code/Scope$ScopeImpl remove (Lcom/sun/tools/javac/code/Symbol;)V 21 <appendix> member <vmtarget> ; # com/sun/tools/javac/code/Scope$ScopeImpl$$Lambda+0x00000000163456c8
instanceKlass  @bci com/sun/tools/javac/jvm/ClassReader readInnerClasses (Lcom/sun/tools/javac/code/Symbol$ClassSymbol;)V 67 <appendix> member <vmtarget> ; # com/sun/tools/javac/jvm/ClassReader$$Lambda+0x0000000016345498
instanceKlass  @bci com/sun/tools/javac/jvm/ClassReader readInnerClasses (Lcom/sun/tools/javac/code/Symbol$ClassSymbol;)V 41 <appendix> member <vmtarget> ; # com/sun/tools/javac/jvm/ClassReader$$Lambda+0x0000000016345268
instanceKlass com/sun/tools/javac/jvm/ClassReader$SourceFileObject
instanceKlass  @bci com/sun/tools/javac/code/ClassFinder classFileNotFound (Lcom/sun/tools/javac/code/Symbol$ClassSymbol;)Lcom/sun/tools/javac/code/Symbol$CompletionFailure; 4 <appendix> member <vmtarget> ; # com/sun/tools/javac/code/ClassFinder$$Lambda+0x0000000016347898
instanceKlass  @bci com/sun/tools/javac/code/ClassFinder loadClass (Lcom/sun/tools/javac/code/Symbol$ModuleSymbol;Lcom/sun/tools/javac/util/Name;)Lcom/sun/tools/javac/code/Symbol$ClassSymbol; 28 <appendix> member <vmtarget> ; # com/sun/tools/javac/code/ClassFinder$$Lambda+0x0000000016347668
instanceKlass com/sun/tools/javac/comp/MatchBindingsComputer$1
instanceKlass  @bci com/sun/tools/javac/comp/Check checkDeprecated (Lcom/sun/tools/javac/util/JCDiagnostic$DiagnosticPosition;Lcom/sun/tools/javac/code/Symbol;Lcom/sun/tools/javac/code/Symbol;)V 2 <appendix> member <vmtarget> ; # com/sun/tools/javac/comp/Check$$Lambda+0x0000000016347228
instanceKlass com/sun/tools/javac/comp/Attr$13
instanceKlass  @bci com/sun/tools/javac/code/Symtab lookupPackage (Lcom/sun/tools/javac/code/Symbol$ModuleSymbol;Lcom/sun/tools/javac/util/Name;Z)Lcom/sun/tools/javac/code/Symbol$PackageSymbol; 112 <appendix> member <vmtarget> ; # com/sun/tools/javac/code/Symtab$$Lambda+0x0000000016346db8
instanceKlass  @bci com/sun/tools/javac/code/Symtab lookupPackage (Lcom/sun/tools/javac/code/Symbol$ModuleSymbol;Lcom/sun/tools/javac/util/Name;Z)Lcom/sun/tools/javac/code/Symbol$PackageSymbol; 101 <appendix> argL0 ; # com/sun/tools/javac/code/Symtab$$Lambda+0x0000000016346b70
instanceKlass java/nio/file/FileTreeWalker$1
instanceKlass com/sun/tools/javac/code/Scope$FilterImportScope$SymbolImporter
instanceKlass com/sun/tools/javac/platform/JDKPlatformProvider$PlatformDescriptionImpl$1$1
instanceKlass  @bci com/sun/tools/javac/platform/JDKPlatformProvider$PlatformDescriptionImpl$1 list (Ljavax/tools/JavaFileManager$Location;Ljava/lang/String;Ljava/util/Set;Z)Ljava/lang/Iterable; 33 <appendix> member <vmtarget> ; # com/sun/tools/javac/platform/JDKPlatformProvider$PlatformDescriptionImpl$1$$Lambda+0x0000000016343b78
instanceKlass  @bci com/sun/tools/javac/comp/TypeEnter$ImportsPhase resolveImports (Lcom/sun/tools/javac/tree/JCTree$JCCompilationUnit;Lcom/sun/tools/javac/comp/Env;)V 58 <appendix> member <vmtarget> ; # com/sun/tools/javac/comp/TypeEnter$ImportsPhase$$Lambda+0x0000000016343948
instanceKlass  @bci com/sun/tools/javac/comp/TypeEnter$ImportsPhase resolveImports (Lcom/sun/tools/javac/tree/JCTree$JCCompilationUnit;Lcom/sun/tools/javac/comp/Env;)V 46 <appendix> member <vmtarget> ; # com/sun/tools/javac/comp/TypeEnter$ImportsPhase$$Lambda+0x0000000016343718
instanceKlass com/sun/tools/javac/code/Scope$ImportFilter
instanceKlass com/sun/tools/javac/code/Scope$ScopeImpl$2
instanceKlass  @bci com/sun/tools/javac/code/Scope$ScopeImpl getSymbolsByName (Lcom/sun/tools/javac/util/Name;Ljava/util/function/Predicate;Lcom/sun/tools/javac/code/Scope$LookupKind;)Ljava/lang/Iterable; 4 <appendix> member <vmtarget> ; # com/sun/tools/javac/code/Scope$ScopeImpl$$Lambda+0x0000000016343050
instanceKlass com/sun/tools/javac/comp/Check$6
instanceKlass com/sun/tools/javac/comp/AttrContext
instanceKlass  @bci com/sun/tools/javac/comp/Enter visitTopLevel (Lcom/sun/tools/javac/tree/JCTree$JCCompilationUnit;)V 287 <appendix> member <vmtarget> ; # com/sun/tools/javac/comp/Enter$$Lambda+0x00000000163416d0
instanceKlass  @cpi com/sun/tools/javac/comp/Operators$BinaryOperatorHelper 128 form vmentry <vmtarget> ; # java/lang/invoke/LambdaForm$DMH+0x0000000016344000
instanceKlass  @bci com/sun/tools/javac/comp/Enter visitTopLevel (Lcom/sun/tools/javac/tree/JCTree$JCCompilationUnit;)V 273 <appendix> member <vmtarget> ; # com/sun/tools/javac/comp/Enter$$Lambda+0x0000000016341470
instanceKlass com/sun/tools/javac/code/Scope$ScopeImpl$1
instanceKlass  @bci com/sun/tools/javac/code/Scope$ScopeImpl getSymbols (Ljava/util/function/Predicate;Lcom/sun/tools/javac/code/Scope$LookupKind;)Ljava/lang/Iterable; 3 <appendix> member <vmtarget> ; # com/sun/tools/javac/code/Scope$ScopeImpl$$Lambda+0x0000000016340fa8
instanceKlass com/sun/tools/javac/code/ClassFinder$2
instanceKlass  @bci java/nio/file/Files asUncheckedRunnable (Ljava/io/Closeable;)Ljava/lang/Runnable; 1 <appendix> member <vmtarget> ; # java/nio/file/Files$$Lambda+0x00000000161e1ad8
instanceKlass java/nio/file/Files$2
instanceKlass com/sun/tools/javac/code/ClassFinder$1
instanceKlass  @bci com/sun/tools/javac/code/ClassFinder list (Ljavax/tools/JavaFileManager$Location;Lcom/sun/tools/javac/code/Symbol$PackageSymbol;Ljava/lang/String;Ljava/util/Set;)Ljava/lang/Iterable; 26 <appendix> member <vmtarget> ; # com/sun/tools/javac/code/ClassFinder$$Lambda+0x0000000016340488
instanceKlass  @bci com/sun/tools/javac/file/JavacFileManager pathsAndContainers (Ljavax/tools/JavaFileManager$Location;Lcom/sun/tools/javac/file/RelativePath$RelativeDirectory;)Ljava/util/List; 22 <appendix> member <vmtarget> ; # com/sun/tools/javac/file/JavacFileManager$$Lambda+0x0000000016340238
instanceKlass java/util/ComparableTimSort
instanceKlass  @bci com/sun/tools/javac/file/JavacFileManager indexPathsAndContainersByRelativeDirectory (Ljavax/tools/JavaFileManager$Location;)Ljava/util/Map; 213 <appendix> argL0 ; # com/sun/tools/javac/file/JavacFileManager$$Lambda+0x0000000016340000
instanceKlass  @bci com/sun/tools/javac/file/JavacFileManager indexPathsAndContainersByRelativeDirectory (Ljavax/tools/JavaFileManager$Location;)Ljava/util/Map; 167 <appendix> member <vmtarget> ; # com/sun/tools/javac/file/JavacFileManager$$Lambda+0x0000000016338cc0
instanceKlass java/util/concurrent/locks/AbstractQueuedLongSynchronizer$Node
instanceKlass  @bci jdk/nio/zipfs/ZipFileSystem createVersionedLinks (I)Ljava/util/function/Function; 50 <appendix> member <vmtarget> ; # jdk/nio/zipfs/ZipFileSystem$$Lambda+0x00000000162ca9d8
instanceKlass  @bci jdk/nio/zipfs/ZipFileSystem lambda$createVersionedLinks$0 (Ljava/util/HashMap;Ljdk/nio/zipfs/ZipFileSystem$IndexNode;)V 8 <appendix> member <vmtarget> ; # jdk/nio/zipfs/ZipFileSystem$$Lambda+0x00000000162ca798
instanceKlass  @bci jdk/nio/zipfs/ZipFileSystem createVersionedLinks (I)Ljava/util/function/Function; 39 <appendix> member <vmtarget> ; # jdk/nio/zipfs/ZipFileSystem$$Lambda+0x00000000162ca558
instanceKlass  @bci jdk/nio/zipfs/ZipFileSystem determineReleaseVersion (Ljava/util/Map;)Ljava/util/Optional; 64 <appendix> member <vmtarget> ; # jdk/nio/zipfs/ZipFileSystem$$TypeSwitch+0x00000000162ca348
instanceKlass java/time/Year
instanceKlass java/nio/file/Files$3
instanceKlass java/nio/file/SimpleFileVisitor
instanceKlass java/nio/file/FileVisitor
instanceKlass com/sun/tools/javac/file/JavacFileManager$ArchiveContainer
instanceKlass com/sun/tools/javac/file/JavacFileManager$PathAndContainer
instanceKlass  @bci com/sun/tools/javac/file/JavacFileManager pathsAndContainers (Ljavax/tools/JavaFileManager$Location;Lcom/sun/tools/javac/file/RelativePath$RelativeDirectory;)Ljava/util/List; 6 <appendix> member <vmtarget> ; # com/sun/tools/javac/file/JavacFileManager$$Lambda+0x0000000016339b40
instanceKlass java/util/RegularEnumSet$EnumSetIterator
instanceKlass  @bci com/sun/tools/javac/code/ClassFinder fillIn (Lcom/sun/tools/javac/code/Symbol$PackageSymbol;)V 27 <appendix> member <vmtarget> ; # com/sun/tools/javac/code/ClassFinder$$Lambda+0x0000000016339910
instanceKlass  @bci com/sun/tools/javac/comp/Modules completeModule (Lcom/sun/tools/javac/code/Symbol$ModuleSymbol;)V 327 <appendix> member <vmtarget> ; # com/sun/tools/javac/comp/Modules$$Lambda+0x00000000163396e0
instanceKlass  @bci com/sun/tools/javac/comp/Modules initVisiblePackages (Lcom/sun/tools/javac/code/Symbol$ModuleSymbol;Ljava/util/Collection;)V 103 <appendix> member <vmtarget> ; # com/sun/tools/javac/comp/Modules$$Lambda+0x00000000163394a0
instanceKlass  @bci com/sun/tools/javac/comp/Modules setupAllModules ()V 966 <appendix> argL0 ; # com/sun/tools/javac/comp/Modules$$Lambda+0x0000000016339258
instanceKlass  @bci com/sun/tools/javac/comp/Modules setupAllModules ()V 956 <appendix> argL0 ; # com/sun/tools/javac/comp/Modules$$Lambda+0x0000000016339000
instanceKlass  @bci com/sun/tools/javac/code/Lint getDefaults ()Ljava/util/EnumSet; 36 <appendix> member <vmtarget> ; # com/sun/tools/javac/code/Lint$$Lambda+0x000000001633bcf8
instanceKlass  @bci com/sun/tools/javac/code/Lint getDefaults ()Ljava/util/EnumSet; 20 <appendix> member <vmtarget> ; # com/sun/tools/javac/code/Lint$$Lambda+0x000000001633ba98
instanceKlass  @bci com/sun/tools/javac/code/Lint initializeRootIfNeeded ()V 16 <appendix> member <vmtarget> ; # com/sun/tools/javac/code/Lint$$Lambda+0x000000001633b868
instanceKlass com/sun/tools/javac/jvm/ClassReader$AnnotationDeproxy
instanceKlass com/sun/tools/javac/jvm/ClassReader$ProxyVisitor
instanceKlass  @bci com/sun/tools/javac/comp/Modules lambda$setupAllModules$2 (Lcom/sun/tools/javac/code/Symbol$ModuleSymbol;)Z 11 <appendix> argL0 ; # com/sun/tools/javac/comp/Modules$$Lambda+0x000000001633ade8
instanceKlass  @bci com/sun/tools/javac/comp/Modules setupAllModules ()V 393 <appendix> argL0 ; # com/sun/tools/javac/comp/Modules$$Lambda+0x000000001633ab90
instanceKlass  @bci com/sun/tools/javac/comp/Modules setupAllModules ()V 322 <appendix> argL0 ; # com/sun/tools/javac/comp/Modules$$Lambda+0x000000001633a938
instanceKlass  @bci com/sun/tools/javac/comp/Modules setupAllModules ()V 278 <appendix> argL0 ; # com/sun/tools/javac/comp/Modules$$Lambda+0x000000001633a6e0
instanceKlass  @bci com/sun/tools/javac/comp/Modules setupAllModules ()V 272 <appendix> member <vmtarget> ; # com/sun/tools/javac/comp/Modules$$Lambda+0x000000001633a480
instanceKlass  @bci com/sun/tools/javac/comp/Modules completeModule (Lcom/sun/tools/javac/code/Symbol$ModuleSymbol;)V 10 <appendix> member <vmtarget> ; # com/sun/tools/javac/comp/Modules$$Lambda+0x000000001633a240
instanceKlass com/sun/tools/javac/jvm/ClassReader$UsesProvidesCompleter
instanceKlass  @bci com/sun/tools/javac/jvm/ClassReader readClass (Lcom/sun/tools/javac/code/Symbol$ClassSymbol;)V 419 <appendix> member <vmtarget> ; # com/sun/tools/javac/jvm/ClassReader$$Lambda+0x000000001633fd00
instanceKlass  @bci com/sun/tools/javac/util/List collector ()Ljava/util/stream/Collector; 15 <appendix> argL0 ; # com/sun/tools/javac/util/List$$Lambda+0x000000001633fab8
instanceKlass  @bci com/sun/tools/javac/util/List collector ()Ljava/util/stream/Collector; 10 <appendix> argL0 ; # com/sun/tools/javac/util/List$$Lambda+0x000000001633f868
instanceKlass  @bci com/sun/tools/javac/util/List collector ()Ljava/util/stream/Collector; 5 <appendix> argL0 ; # com/sun/tools/javac/util/List$$Lambda+0x000000001633f630
instanceKlass  @bci com/sun/tools/javac/util/List collector ()Ljava/util/stream/Collector; 0 <appendix> argL0 ; # com/sun/tools/javac/util/List$$Lambda+0x000000001633f408
instanceKlass  @bci com/sun/tools/javac/code/Symbol$ClassSymbol getPermittedSubclasses ()Lcom/sun/tools/javac/util/List; 9 <appendix> argL0 ; # com/sun/tools/javac/code/Symbol$ClassSymbol$$Lambda+0x000000001633f1c0
instanceKlass com/sun/tools/javac/jvm/ClassReader$InterimProvidesDirective
instanceKlass  @bci com/sun/tools/javac/jvm/ClassReader$24 read (Lcom/sun/tools/javac/code/Symbol;I)V 977 <appendix> member <vmtarget> ; # com/sun/tools/javac/jvm/ClassReader$24$$Lambda+0x000000001633eb60
instanceKlass  @bci com/sun/tools/javac/jvm/ClassReader$24 read (Lcom/sun/tools/javac/code/Symbol;I)V 919 <appendix> member <vmtarget> ; # com/sun/tools/javac/jvm/ClassReader$24$$Lambda+0x000000001633e930
instanceKlass com/sun/tools/javac/jvm/ClassReader$InterimUsesDirective
instanceKlass  @bci com/sun/tools/javac/jvm/ClassReader$24 read (Lcom/sun/tools/javac/code/Symbol;I)V 830 <appendix> member <vmtarget> ; # com/sun/tools/javac/jvm/ClassReader$24$$Lambda+0x000000001633e4e8
instanceKlass javax/lang/model/element/ModuleElement$ExportsDirective
instanceKlass  @bci com/sun/tools/javac/jvm/ClassReader$24 read (Lcom/sun/tools/javac/code/Symbol;I)V 175 <appendix> member <vmtarget> ; # com/sun/tools/javac/jvm/ClassReader$24$$Lambda+0x000000001633dbe8
instanceKlass  @cpi com/sun/tools/javac/jvm/ClassReader$24 373 form vmentry <vmtarget> ; # java/lang/invoke/LambdaForm$DMH+0x0000000016338400
instanceKlass  @bci com/sun/tools/javac/jvm/ClassReader$24 read (Lcom/sun/tools/javac/code/Symbol;I)V 63 <appendix> member <vmtarget> ; # com/sun/tools/javac/jvm/ClassReader$24$$Lambda+0x000000001633d9b8
instanceKlass com/sun/tools/javac/jvm/PoolReader$Utf8Mapper
instanceKlass com/sun/tools/javac/jvm/PoolReader$ImmutablePoolHelper
instanceKlass com/sun/tools/javac/jvm/PoolReader
instanceKlass com/sun/tools/javac/comp/Modules$3
instanceKlass com/sun/tools/javac/code/ModuleFinder$1
instanceKlass javax/tools/ForwardingFileObject
instanceKlass javax/tools/StandardLocation$LazyPatternHolder
instanceKlass com/sun/tools/javac/file/JavacFileManager$DirectoryContainer
instanceKlass  @bci com/sun/tools/javac/comp/Modules initModules (Lcom/sun/tools/javac/util/List;)V 30 <appendix> member <vmtarget> ; # com/sun/tools/javac/comp/Modules$$Lambda+0x000000001633c450
instanceKlass com/sun/tools/javac/tree/JCTree$1
instanceKlass  @bci java/util/stream/Collectors joining ()Ljava/util/stream/Collector; 19 <appendix> argL0 ; # java/util/stream/Collectors$$Lambda+0x00000000161dfdb8
instanceKlass  @bci java/util/stream/Collectors joining ()Ljava/util/stream/Collector; 14 <appendix> argL0 ; # java/util/stream/Collectors$$Lambda+0x00000000161dfb68
instanceKlass  @bci java/util/stream/Collectors joining ()Ljava/util/stream/Collector; 9 <appendix> argL0 ; # java/util/stream/Collectors$$Lambda+0x00000000161df930
instanceKlass  @bci java/util/stream/Collectors joining ()Ljava/util/stream/Collector; 4 <appendix> argL0 ; # java/util/stream/Collectors$$Lambda+0x00000000161df708
instanceKlass  @bci com/sun/tools/javac/parser/JavacParser merge (Lcom/sun/tools/javac/util/ListBuffer;Lcom/sun/tools/javac/util/ListBuffer;)Z 55 <appendix> argL0 ; # com/sun/tools/javac/parser/JavacParser$$Lambda+0x0000000016337980
instanceKlass com/sun/tools/javac/parser/JavacParser$LambdaClassifier
instanceKlass  @bci java/util/stream/Collectors joining (Ljava/lang/CharSequence;Ljava/lang/CharSequence;Ljava/lang/CharSequence;)Ljava/util/stream/Collector; 22 <appendix> argL0 ; # java/util/stream/Collectors$$Lambda+0x800000049
instanceKlass  @bci java/util/stream/Collectors joining (Ljava/lang/CharSequence;Ljava/lang/CharSequence;Ljava/lang/CharSequence;)Ljava/util/stream/Collector; 17 <appendix> argL0 ; # java/util/stream/Collectors$$Lambda+0x800000047
instanceKlass  @bci java/util/stream/Collectors joining (Ljava/lang/CharSequence;Ljava/lang/CharSequence;Ljava/lang/CharSequence;)Ljava/util/stream/Collector; 12 <appendix> argL0 ; # java/util/stream/Collectors$$Lambda+0x800000044
instanceKlass  @bci java/util/stream/Collectors joining (Ljava/lang/CharSequence;Ljava/lang/CharSequence;Ljava/lang/CharSequence;)Ljava/util/stream/Collector; 7 <appendix> member <vmtarget> ; # java/util/stream/Collectors$$Lambda+0x80000004c
instanceKlass  @bci java/lang/String stripIndent ()Ljava/lang/String; 73 <appendix> member <vmtarget> ; # java/lang/String$$Lambda+0x00000000161df4c0
instanceKlass  @cpi java/lang/String 1494 form vmentry <vmtarget> ; # java/lang/invoke/LambdaForm$DMH+0x0000000016338000
instanceKlass java/util/AbstractList$RandomAccessSpliterator
instanceKlass java/lang/StringUTF16$LinesSpliterator
instanceKlass com/sun/tools/javac/parser/TextBlockSupport
instanceKlass com/sun/tools/javac/parser/LazyDocCommentTable$Entry
instanceKlass  @bci com/sun/tools/javac/parser/JavacParser methodDeclaratorRest (ILcom/sun/tools/javac/tree/JCTree$JCModifiers;Lcom/sun/tools/javac/tree/JCTree$JCExpression;Lcom/sun/tools/javac/util/Name;Lcom/sun/tools/javac/util/List;ZZZLcom/sun/tools/javac/parser/Tokens$Comment;)Lcom/sun/tools/javac/tree/JCTree; 224 <appendix> argL0 ; # com/sun/tools/javac/parser/JavacParser$$Lambda+0x0000000016335fa8
instanceKlass com/sun/tools/javac/parser/Scanner$1
instanceKlass com/sun/tools/javac/parser/JavadocTokenizer$OffsetMap
instanceKlass com/sun/tools/javac/util/JCDiagnostic$SimpleDiagnosticPosition
instanceKlass com/sun/tools/javac/code/LintMapper$FileInfo
instanceKlass com/sun/tools/javac/util/Position$LineMapImpl
instanceKlass com/sun/tools/javac/util/Position$LineMap
instanceKlass com/sun/tools/javac/util/Position
instanceKlass  @bci com/sun/tools/javac/tree/TreeMaker TopLevel (Lcom/sun/tools/javac/util/List;)Lcom/sun/tools/javac/tree/JCTree$JCCompilationUnit; 117 <appendix> member <vmtarget> ; # com/sun/tools/javac/tree/TreeMaker$$Lambda+0x0000000016331c40
instanceKlass com/sun/tools/javac/tree/TreeInfo$2
instanceKlass com/sun/tools/javac/tree/TreeInfo
instanceKlass  @bci com/sun/tools/javac/parser/JavacParser arguments ()Lcom/sun/tools/javac/util/List; 80 <appendix> argL0 ; # com/sun/tools/javac/parser/JavacParser$$Lambda+0x0000000016330d08
instanceKlass com/sun/tools/javac/parser/JavacParser$2
instanceKlass  @bci com/sun/tools/javac/parser/JavacParser accept (Lcom/sun/tools/javac/parser/Tokens$TokenKind;)V 2 <appendix> argL0 ; # com/sun/tools/javac/parser/JavacParser$$Lambda+0x0000000016330460
instanceKlass com/sun/tools/javac/resources/CompilerProperties$Errors
instanceKlass com/sun/tools/javac/util/IntHashTable
instanceKlass com/sun/tools/javac/parser/LazyDocCommentTable
instanceKlass  @bci com/sun/tools/javac/parser/JavacParser <init> (Lcom/sun/tools/javac/parser/ParserFactory;Lcom/sun/tools/javac/parser/Lexer;ZZZZ)V 70 <appendix> argL0 ; # com/sun/tools/javac/parser/JavacParser$$Lambda+0x000000001632ca00
instanceKlass com/sun/tools/javac/parser/JavacParser$ErrorRecoveryAction
instanceKlass com/sun/tools/javac/parser/JavacParser$AbstractEndPosTable
instanceKlass com/sun/tools/javac/tree/EndPosTable
instanceKlass com/sun/tools/javac/parser/JavacParser
instanceKlass com/sun/tools/javac/parser/Scanner
instanceKlass com/sun/source/tree/LineMap
instanceKlass com/sun/tools/javac/file/BaseFileManager$ContentCacheEntry
instanceKlass com/sun/tools/javac/util/ArrayUtils
instanceKlass com/sun/tools/javac/util/DiagnosticSource
instanceKlass com/sun/tools/javac/main/JavaCompiler$InitialFileParser
instanceKlass com/sun/tools/javac/main/JavaCompiler$InitialFileParserIntf
instanceKlass  @bci com/sun/tools/javac/util/Log$DeferredDiagnosticHandler <init> (Lcom/sun/tools/javac/util/Log;Ljava/util/function/Predicate;Z)V 28 <appendix> argL0 ; # com/sun/tools/javac/util/Log$DeferredDiagnosticHandler$$Lambda+0x000000001632b128
instanceKlass javax/annotation/processing/AbstractProcessor
instanceKlass com/sun/tools/javac/processing/JavacProcessingEnvironment$DiscoveredProcessors$ProcessorStateIterator
instanceKlass com/sun/tools/javac/processing/JavacProcessingEnvironment$DiscoveredProcessors
instanceKlass com/sun/tools/javac/util/Iterators$CompoundIterator
instanceKlass  @bci com/sun/tools/javac/processing/JavacProcessingEnvironment initProcessorIterator (Ljava/lang/Iterable;)V 234 <appendix> argL0 ; # com/sun/tools/javac/processing/JavacProcessingEnvironment$$Lambda+0x000000001632a798
instanceKlass  @bci java/util/stream/ReferencePipeline toArray ()[Ljava/lang/Object; 1 <appendix> argL0 ; # java/util/stream/ReferencePipeline$$Lambda+0x00000000161dedf0
instanceKlass  @bci com/sun/tools/javac/processing/JavacProcessingEnvironment initProcessorIterator (Ljava/lang/Iterable;)V 202 <appendix> argL0 ; # com/sun/tools/javac/processing/JavacProcessingEnvironment$$Lambda+0x000000001632a550
instanceKlass com/sun/tools/javac/platform/PlatformDescription$PluginInfo
instanceKlass javax/annotation/processing/Processor
instanceKlass  @bci com/sun/tools/javac/util/Log$DiagnosticHandler flushLintWaiters ()V 10 <appendix> member <vmtarget> ; # com/sun/tools/javac/util/Log$DiagnosticHandler$$Lambda+0x000000001632a0e8
instanceKlass com/sun/tools/javac/file/JavacFileManager$3
instanceKlass  @bci com/sun/tools/javac/file/JavacFileManager asFiles (Ljava/lang/Iterable;)Ljava/lang/Iterable; 7 <appendix> member <vmtarget> ; # com/sun/tools/javac/file/JavacFileManager$$Lambda+0x0000000016329c28
instanceKlass com/sun/tools/javac/model/JavacTypes
instanceKlass com/sun/tools/javac/processing/JavacMessager
instanceKlass com/sun/tools/javac/processing/JavacFiler
instanceKlass com/sun/tools/javac/util/ForwardingDiagnosticFormatter$ForwardingConfiguration
instanceKlass com/sun/tools/javac/code/Types$DefaultSymbolVisitor
instanceKlass com/sun/tools/javac/util/ForwardingDiagnosticFormatter
instanceKlass  @bci com/sun/tools/javac/util/Options isExplicitlyDisabled (Lcom/sun/tools/javac/main/Option;Lcom/sun/tools/javac/code/Lint$LintCategory;)Z 16 <appendix> member <vmtarget> ; # com/sun/tools/javac/util/Options$$Lambda+0x0000000016326a78
instanceKlass  @bci com/sun/tools/javac/util/Options isExplicitlyEnabled (Lcom/sun/tools/javac/main/Option;Lcom/sun/tools/javac/code/Lint$LintCategory;)Z 16 <appendix> member <vmtarget> ; # com/sun/tools/javac/util/Options$$Lambda+0x0000000016326818
instanceKlass  @bci com/sun/tools/javac/main/JavaCompiler <init> (Lcom/sun/tools/javac/util/Context;)V 596 <appendix> argL0 ; # com/sun/tools/javac/main/JavaCompiler$$Lambda+0x00000000163265f0
instanceKlass  @bci com/sun/tools/javac/main/JavaCompiler <init> (Lcom/sun/tools/javac/util/Context;)V 408 <appendix> member <vmtarget> ; # com/sun/tools/javac/main/JavaCompiler$$Lambda+0x00000000163263c0
instanceKlass com/sun/tools/javac/code/ModuleFinder$ModuleNameFromSourceReader
instanceKlass  @bci com/sun/tools/javac/main/JavaCompiler <init> (Lcom/sun/tools/javac/util/Context;)V 395 <appendix> member <vmtarget> ; # com/sun/tools/javac/main/JavaCompiler$$Lambda+0x0000000016325f88
instanceKlass com/sun/tools/javac/comp/Modules$PackageNameFinder
instanceKlass com/sun/tools/javac/api/MultiTaskListener
instanceKlass com/sun/tools/javac/comp/ThisEscapeAnalyzer$Ref
instanceKlass com/sun/tools/javac/comp/WarningAnalyzer
instanceKlass com/sun/tools/javac/parser/UnicodeReader
instanceKlass com/sun/tools/javac/parser/ScannerFactory
instanceKlass com/sun/tools/javac/parser/Tokens$Token
instanceKlass com/sun/tools/javac/parser/Tokens
instanceKlass com/sun/tools/javac/tree/DCTree
instanceKlass com/sun/tools/javac/tree/DocTreeMaker$SentenceBreaker
instanceKlass com/sun/tools/javac/parser/ReferenceParser
instanceKlass com/sun/tools/javac/model/JavacElements
instanceKlass com/sun/source/util/DocSourcePositions
instanceKlass com/sun/tools/javac/api/JavacTrees$DocCommentTreeTransformer
instanceKlass com/sun/tools/javac/tree/DocCommentTable
instanceKlass com/sun/source/tree/Scope
instanceKlass com/sun/source/util/SourcePositions
instanceKlass com/sun/source/doctree/SeeTree
instanceKlass com/sun/source/doctree/RawTextTree
instanceKlass com/sun/source/doctree/VersionTree
instanceKlass com/sun/source/doctree/IndexTree
instanceKlass com/sun/source/doctree/ValueTree
instanceKlass com/sun/source/doctree/SummaryTree
instanceKlass com/sun/source/doctree/LinkTree
instanceKlass com/sun/source/doctree/StartElementTree
instanceKlass com/sun/source/doctree/InheritDocTree
instanceKlass com/sun/source/doctree/SerialFieldTree
instanceKlass com/sun/source/doctree/ReturnTree
instanceKlass com/sun/source/doctree/AttributeTree
instanceKlass com/sun/source/doctree/AuthorTree
instanceKlass com/sun/source/doctree/UnknownBlockTagTree
instanceKlass com/sun/source/doctree/SerialTree
instanceKlass com/sun/source/doctree/CommentTree
instanceKlass com/sun/source/doctree/DeprecatedTree
instanceKlass com/sun/source/doctree/SnippetTree
instanceKlass com/sun/source/doctree/DocRootTree
instanceKlass com/sun/source/doctree/DocTypeTree
instanceKlass com/sun/source/doctree/EndElementTree
instanceKlass com/sun/source/doctree/ProvidesTree
instanceKlass com/sun/source/doctree/EscapeTree
instanceKlass com/sun/source/doctree/SinceTree
instanceKlass com/sun/source/doctree/EntityTree
instanceKlass com/sun/source/doctree/ErroneousTree
instanceKlass com/sun/source/doctree/TextTree
instanceKlass com/sun/source/doctree/ThrowsTree
instanceKlass com/sun/source/doctree/HiddenTree
instanceKlass com/sun/source/doctree/IdentifierTree
instanceKlass com/sun/source/doctree/LiteralTree
instanceKlass com/sun/source/doctree/SerialDataTree
instanceKlass com/sun/source/doctree/SpecTree
instanceKlass com/sun/source/doctree/SystemPropertyTree
instanceKlass com/sun/source/doctree/UnknownInlineTagTree
instanceKlass com/sun/source/doctree/InlineTagTree
instanceKlass com/sun/source/doctree/UsesTree
instanceKlass com/sun/source/doctree/ReferenceTree
instanceKlass com/sun/tools/javac/parser/Tokens$Comment
instanceKlass com/sun/source/doctree/DocCommentTree
instanceKlass com/sun/source/doctree/ParamTree
instanceKlass com/sun/source/doctree/BlockTagTree
instanceKlass com/sun/source/doctree/DocTree
instanceKlass com/sun/tools/javac/tree/DocTreeMaker
instanceKlass com/sun/source/util/DocTreeFactory
instanceKlass com/sun/tools/javac/parser/Lexer
instanceKlass com/sun/tools/javac/parser/ParserFactory
instanceKlass  @bci com/sun/tools/javac/code/ClassFinder <init> (Lcom/sun/tools/javac/util/Context;)V 330 <appendix> argL0 ; # com/sun/tools/javac/code/ClassFinder$$Lambda+0x0000000016318ad0
instanceKlass jdk/internal/jrtfs/SystemImage$2
instanceKlass java/lang/Class$Holder
instanceKlass  @bci jdk/internal/jrtfs/SystemImage <clinit> ()V 0 <appendix> argL0 ; # jdk/internal/jrtfs/SystemImage$$Lambda+0x00000000161dde40
instanceKlass jdk/internal/jrtfs/SystemImage
instanceKlass jdk/internal/jrtfs/JrtPath
instanceKlass com/sun/tools/javac/file/JRTIndex
instanceKlass com/sun/tools/javac/jvm/ClassReader$AttributeReader
instanceKlass com/sun/tools/javac/comp/Analyzer$2
instanceKlass com/sun/tools/javac/comp/Analyzer$1
instanceKlass com/sun/tools/javac/comp/Analyzer$StatementAnalyzer
instanceKlass com/sun/tools/javac/comp/Analyzer$DeferredAnalysisHelper
instanceKlass com/sun/tools/javac/comp/Analyzer
instanceKlass  @bci com/sun/tools/javac/code/Symtab <init> (Lcom/sun/tools/javac/util/Context;)V 2310 <appendix> member <vmtarget> ; # com/sun/tools/javac/code/Symtab$$Lambda+0x0000000016310898
instanceKlass com/sun/tools/javac/code/Symtab$2
instanceKlass com/sun/tools/javac/code/Symtab$1
instanceKlass  @bci com/sun/tools/javac/code/Symtab doEnterClass (Lcom/sun/tools/javac/code/Symbol$ModuleSymbol;Lcom/sun/tools/javac/code/Symbol$ClassSymbol;)V 8 <appendix> argL0 ; # com/sun/tools/javac/code/Symtab$$Lambda+0x000000001630ba30
instanceKlass  @bci com/sun/tools/javac/code/Symtab getClass (Lcom/sun/tools/javac/code/Symbol$ModuleSymbol;Lcom/sun/tools/javac/util/Name;)Lcom/sun/tools/javac/code/Symbol$ClassSymbol; 7 <appendix> member <vmtarget> ; # com/sun/tools/javac/code/Symtab$$Lambda+0x000000001630b800
instanceKlass  @bci com/sun/tools/javac/code/Symtab enterPackage (Lcom/sun/tools/javac/code/Symbol$ModuleSymbol;Lcom/sun/tools/javac/util/Name;)Lcom/sun/tools/javac/code/Symbol$PackageSymbol; 29 <appendix> member <vmtarget> ; # com/sun/tools/javac/code/Symtab$$Lambda+0x000000001630fd30
instanceKlass com/sun/tools/javac/jvm/JNIWriter
instanceKlass com/sun/tools/javac/jvm/Code
instanceKlass com/sun/tools/javac/jvm/PoolWriter$WriteablePoolHelper
instanceKlass com/sun/tools/javac/code/Types$SignatureGenerator
instanceKlass com/sun/tools/javac/jvm/PoolWriter
instanceKlass  @bci com/sun/tools/javac/jvm/PoolConstant$Dynamic$PoolKey hashCode ()I 1 <appendix> form vmentry <vmtarget> ; # java/lang/invoke/LambdaForm$MH+0x000000001630b400
# instanceKlass java/lang/invoke/LambdaForm$MH+0x000000001630b000
# instanceKlass java/lang/invoke/LambdaForm$MH+0x000000001630ac00
instanceKlass  @bci com/sun/tools/javac/comp/Lower$TypePairs hashCode ()I 1 <appendix> argL1 argL0 member <vmtarget> ; # com/sun/tools/javac/comp/Lower$TypePairs$$HasherSpecializer+0x000000001630d8e0
instanceKlass  @bci java/lang/runtime/ObjectMethods lambda$makeHashCode$0 (I[Ljava/lang/invoke/MethodHandle;[Ljava/lang/String;Ljava/util/List;Ljava/lang/classfile/ClassBuilder;)V 99 <appendix> form vmentry <vmtarget> ; # java/lang/invoke/LambdaForm$DMH+0x000000001630a800
instanceKlass  @bci java/lang/runtime/ObjectMethods lambda$makeHashCode$0 (I[Ljava/lang/invoke/MethodHandle;[Ljava/lang/String;Ljava/util/List;Ljava/lang/classfile/ClassBuilder;)V 99 <appendix> member <vmtarget> ; # java/lang/runtime/ObjectMethods$$Lambda+0x00000000161dd328
instanceKlass  @cpi java/lang/runtime/ObjectMethods 683 form vmentry <vmtarget> ; # java/lang/invoke/LambdaForm$DMH+0x000000001630a400
instanceKlass  @bci java/lang/runtime/ObjectMethods makeEquals (Ljava/lang/invoke/MethodHandles$Lookup;Ljava/lang/Class;Ljava/util/List;)Ljava/lang/invoke/MethodHandle; 264 <adapter> ; # java/lang/invoke/LambdaForm$MH+0x000000001630a000
# instanceKlass java/lang/invoke/LambdaForm$DMH+0x0000000016309c00
instanceKlass  @bci java/lang/runtime/ObjectMethods makeEquals (Ljava/lang/invoke/MethodHandles$Lookup;Ljava/lang/Class;Ljava/util/List;)Ljava/lang/invoke/MethodHandle; 264 <appendix> form vmentry <vmtarget> ; # java/lang/invoke/LambdaForm$DMH+0x0000000016309800
instanceKlass  @bci java/lang/runtime/ObjectMethods makeHashCode (Ljava/lang/invoke/MethodHandles$Lookup;Ljava/lang/Class;Ljava/util/List;)Ljava/lang/invoke/MethodHandle; 150 <appendix> member <vmtarget> ; # java/lang/runtime/ObjectMethods$$Lambda+0x00000000161dd0e8
instanceKlass  @cpi java/lang/runtime/ObjectMethods 673 form vmentry <vmtarget> ; # java/lang/invoke/LambdaForm$DMH+0x0000000016309400
instanceKlass java/lang/classfile/ClassFile$ClassHierarchyResolverOption
instanceKlass java/lang/classfile/ClassHierarchyResolver$4
instanceKlass  @bci com/sun/tools/javac/jvm/PoolConstant$Dynamic$PoolKey hashCode ()I 1 <appendix> argL2 argL2 argL2 form vmentry <vmtarget> ; # java/lang/invoke/LambdaForm$MH+0x0000000016309000
instanceKlass  @bci java/lang/runtime/ObjectMethods bootstrap (Ljava/lang/invoke/MethodHandles$Lookup;Ljava/lang/String;Ljava/lang/invoke/TypeDescriptor;Ljava/lang/Class;Ljava/lang/String;[Ljava/lang/invoke/MethodHandle;)Ljava/lang/Object; 37 <appendix> argL0 ; # java/lang/runtime/ObjectMethods$$Lambda+0x800000019
# instanceKlass java/lang/invoke/LambdaForm$MH+0x0000000016308c00
instanceKlass java/lang/invoke/MethodHandleImpl$2
instanceKlass java/lang/runtime/ObjectMethods
instanceKlass com/sun/tools/javac/code/Preview$1
instanceKlass  @bci com/sun/tools/javac/util/Options lambda$getBoolean$0 (Ljava/lang/String;Z)Ljava/lang/Boolean; 21 <appendix> argL0 ; # com/sun/tools/javac/util/Options$$Lambda+0x000000001630d270
instanceKlass  @bci com/sun/tools/javac/util/Options lambda$getBoolean$0 (Ljava/lang/String;Z)Ljava/lang/Boolean; 13 <appendix> member <vmtarget> ; # com/sun/tools/javac/util/Options$$Lambda+0x000000001630d020
instanceKlass  @bci com/sun/tools/javac/util/Options getBoolean (Ljava/lang/String;Z)Z 4 <adapter> ; # java/lang/invoke/LambdaForm$MH+0x0000000016308800
instanceKlass  @bci com/sun/tools/javac/util/Options getBoolean (Ljava/lang/String;Z)Z 4 <appendix> form vmentry <vmtarget> ; # java/lang/invoke/LambdaForm$DMH+0x0000000016308400
instanceKlass  @bci com/sun/tools/javac/util/Options getBoolean (Ljava/lang/String;Z)Z 4 <appendix> member <vmtarget> ; # com/sun/tools/javac/util/Options$$Lambda+0x000000001630cdf0
instanceKlass com/sun/tools/javac/comp/ConstFold
instanceKlass  @bci com/sun/tools/javac/comp/Operators initBinaryOperators ()V 1049 <appendix> argL0 ; # com/sun/tools/javac/comp/Operators$$Lambda+0x0000000016307af0
instanceKlass  @bci com/sun/tools/javac/comp/Operators initBinaryOperators ()V 951 <appendix> argL0 ; # com/sun/tools/javac/comp/Operators$$Lambda+0x0000000016307898
instanceKlass  @bci com/sun/tools/javac/comp/Operators initBinaryOperators ()V 855 <appendix> argL0 ; # com/sun/tools/javac/comp/Operators$$Lambda+0x0000000016307640
instanceKlass  @bci com/sun/tools/javac/comp/Operators$BinaryNumericOperator <init> (Lcom/sun/tools/javac/comp/Operators;Lcom/sun/tools/javac/tree/JCTree$Tag;)V 3 <appendix> argL0 ; # com/sun/tools/javac/comp/Operators$BinaryNumericOperator$$Lambda+0x0000000016307168
instanceKlass  @bci com/sun/tools/javac/comp/Operators$BinaryOperatorHelper addBinaryOperator (Lcom/sun/tools/javac/comp/Operators$OperatorType;Lcom/sun/tools/javac/comp/Operators$OperatorType;Lcom/sun/tools/javac/comp/Operators$OperatorType;[I)Lcom/sun/tools/javac/comp/Operators$BinaryOperatorHelper; 11 <appendix> form vmentry <vmtarget> ; # java/lang/invoke/LambdaForm$DMH+0x0000000016308000
instanceKlass  @bci com/sun/tools/javac/comp/Operators$BinaryOperatorHelper addBinaryOperator (Lcom/sun/tools/javac/comp/Operators$OperatorType;Lcom/sun/tools/javac/comp/Operators$OperatorType;Lcom/sun/tools/javac/comp/Operators$OperatorType;[I)Lcom/sun/tools/javac/comp/Operators$BinaryOperatorHelper; 11 <appendix> member <vmtarget> ; # com/sun/tools/javac/comp/Operators$BinaryOperatorHelper$$Lambda+0x0000000016306cb8
instanceKlass  @bci com/sun/tools/javac/comp/Operators initUnaryOperators ()V 180 <appendix> argL0 ; # com/sun/tools/javac/comp/Operators$$Lambda+0x0000000016305e60
instanceKlass  @bci com/sun/tools/javac/comp/Operators$UnaryOperatorHelper addUnaryOperator (Lcom/sun/tools/javac/comp/Operators$OperatorType;Lcom/sun/tools/javac/comp/Operators$OperatorType;[I)Lcom/sun/tools/javac/comp/Operators$UnaryOperatorHelper; 9 <appendix> member <vmtarget> ; # com/sun/tools/javac/comp/Operators$UnaryOperatorHelper$$Lambda+0x0000000016305c30
instanceKlass  @bci com/sun/tools/javac/comp/Operators$OperatorType <clinit> ()V 192 <appendix> argL0 ; # com/sun/tools/javac/comp/Operators$OperatorType$$Lambda+0x00000000163057e8
instanceKlass  @bci com/sun/tools/javac/comp/Operators$OperatorType <clinit> ()V 173 <appendix> argL0 ; # com/sun/tools/javac/comp/Operators$OperatorType$$Lambda+0x00000000163055a0
instanceKlass  @bci com/sun/tools/javac/comp/Operators$OperatorType <clinit> ()V 154 <appendix> argL0 ; # com/sun/tools/javac/comp/Operators$OperatorType$$Lambda+0x0000000016305358
instanceKlass  @bci com/sun/tools/javac/comp/Operators$OperatorType <clinit> ()V 135 <appendix> argL0 ; # com/sun/tools/javac/comp/Operators$OperatorType$$Lambda+0x0000000016305110
instanceKlass  @bci com/sun/tools/javac/comp/Operators$OperatorType <clinit> ()V 116 <appendix> argL0 ; # com/sun/tools/javac/comp/Operators$OperatorType$$Lambda+0x0000000016304ec8
instanceKlass  @bci com/sun/tools/javac/comp/Operators$OperatorType <clinit> ()V 97 <appendix> argL0 ; # com/sun/tools/javac/comp/Operators$OperatorType$$Lambda+0x0000000016304c80
instanceKlass  @bci com/sun/tools/javac/comp/Operators$OperatorType <clinit> ()V 79 <appendix> argL0 ; # com/sun/tools/javac/comp/Operators$OperatorType$$Lambda+0x0000000016304a38
instanceKlass  @bci com/sun/tools/javac/comp/Operators$OperatorType <clinit> ()V 61 <appendix> argL0 ; # com/sun/tools/javac/comp/Operators$OperatorType$$Lambda+0x00000000163047f0
instanceKlass  @bci com/sun/tools/javac/comp/Operators$OperatorType <clinit> ()V 43 <appendix> argL0 ; # com/sun/tools/javac/comp/Operators$OperatorType$$Lambda+0x00000000163045a8
instanceKlass  @bci com/sun/tools/javac/comp/Operators$OperatorType <clinit> ()V 25 <appendix> argL0 ; # com/sun/tools/javac/comp/Operators$OperatorType$$Lambda+0x0000000016304360
instanceKlass  @bci com/sun/tools/javac/comp/Operators$OperatorType <clinit> ()V 7 <appendix> argL0 ; # com/sun/tools/javac/comp/Operators$OperatorType$$Lambda+0x0000000016304118
instanceKlass  @bci com/sun/tools/javac/comp/Operators$UnaryNumericOperator <init> (Lcom/sun/tools/javac/comp/Operators;Lcom/sun/tools/javac/tree/JCTree$Tag;)V 3 <appendix> argL0 ; # com/sun/tools/javac/comp/Operators$UnaryNumericOperator$$Lambda+0x0000000016303c70
instanceKlass  @bci com/sun/tools/javac/code/Symbol$MethodSymbol <clinit> ()V 0 <appendix> argL0 ; # com/sun/tools/javac/code/Symbol$MethodSymbol$$Lambda+0x0000000016303398
instanceKlass com/sun/tools/javac/comp/Operators$OperatorHelper
instanceKlass com/sun/tools/javac/comp/Operators
instanceKlass com/sun/tools/javac/comp/Lower$EnumMapping
instanceKlass com/sun/tools/javac/jvm/PoolConstant$Dynamic
instanceKlass com/sun/tools/javac/jvm/StringConcat
instanceKlass com/sun/tools/javac/jvm/Gen$GenFinalizer
instanceKlass com/sun/tools/javac/jvm/Items$Item
instanceKlass com/sun/tools/javac/jvm/ClassWriter$AttributeWriter
instanceKlass com/sun/tools/javac/jvm/ClassFile
instanceKlass  @bci com/sun/tools/javac/util/Options isSet (Lcom/sun/tools/javac/main/Option;Ljava/lang/String;)Z 4 <appendix> member <vmtarget> ; # com/sun/tools/javac/util/Options$$Lambda+0x00000000162fb5f8
instanceKlass com/sun/tools/javac/code/Preview
instanceKlass com/sun/tools/javac/code/ModuleFinder$ModuleLocationIterator
instanceKlass com/sun/tools/javac/code/ModuleFinder
instanceKlass com/sun/tools/javac/comp/ExhaustivenessComputer$PatternDescription
instanceKlass com/sun/tools/javac/comp/ExhaustivenessComputer
instanceKlass com/sun/tools/javac/comp/Flow
instanceKlass com/sun/tools/javac/comp/Infer$GraphStrategy
instanceKlass com/sun/tools/javac/comp/InferenceContext
instanceKlass com/sun/tools/javac/comp/Infer$IncorporationEngine
instanceKlass com/sun/tools/javac/code/Type$UndetVar$UndetVarListener
instanceKlass javax/lang/model/element/TypeParameterElement
instanceKlass com/sun/tools/javac/comp/Infer
instanceKlass com/sun/tools/javac/util/Dependencies
instanceKlass com/sun/tools/javac/comp/TypeEnvs
instanceKlass com/sun/tools/javac/code/TypeAnnotations
instanceKlass  @bci com/sun/tools/javac/comp/TypeEnter$ImportsPhase <init> (Lcom/sun/tools/javac/comp/TypeEnter;)V 28 <appendix> member <vmtarget> ; # com/sun/tools/javac/comp/TypeEnter$ImportsPhase$$Lambda+0x00000000162f5f40
instanceKlass com/sun/tools/javac/comp/TypeEnter$DefaultConstructorHelper
instanceKlass com/sun/tools/javac/util/GraphUtils$DependencyKind
instanceKlass com/sun/tools/javac/comp/TypeEnter$Phase
instanceKlass com/sun/tools/javac/comp/TypeEnter
instanceKlass  @bci com/sun/tools/javac/code/Types <init> (Lcom/sun/tools/javac/util/Context;)V 360 <appendix> argL0 ; # com/sun/tools/javac/code/Types$$Lambda+0x00000000162f3850
instanceKlass com/sun/tools/javac/code/Types$CandidatesCache
instanceKlass com/sun/tools/javac/code/Types$ImplementationCache
instanceKlass com/sun/tools/javac/code/Types$3
instanceKlass com/sun/tools/javac/code/Types$DescriptorCache
instanceKlass com/sun/tools/javac/code/Types
instanceKlass com/sun/tools/javac/tree/TreeMaker$AnnotationBuilder
instanceKlass com/sun/tools/javac/code/Attribute$Visitor
instanceKlass com/sun/tools/javac/tree/TreeMaker
instanceKlass com/sun/tools/javac/tree/JCTree$Factory
instanceKlass com/sun/tools/javac/comp/DeferredAttr$4
instanceKlass com/sun/tools/javac/tree/TreeCopier
instanceKlass com/sun/tools/javac/comp/DeferredAttr$DeferredAttrContext
instanceKlass com/sun/tools/javac/comp/DeferredAttr$DeferredStuckPolicy
instanceKlass com/sun/tools/javac/comp/AttrRecover
instanceKlass com/sun/tools/javac/comp/Resolve$ReferenceLookupResult
instanceKlass com/sun/tools/javac/api/Formattable$LocalizedString
instanceKlass com/sun/tools/javac/comp/Resolve$10
instanceKlass com/sun/tools/javac/comp/Resolve$9
instanceKlass com/sun/tools/javac/comp/Resolve$8
instanceKlass  @bci com/sun/tools/javac/comp/Resolve onDemandImportScopeRecovery (Z)Lcom/sun/tools/javac/comp/Resolve$RecoveryLoadClass; 2 <appendix> form vmentry <vmtarget> ; # java/lang/invoke/LambdaForm$DMH+0x00000000162e4000
instanceKlass  @bci com/sun/tools/javac/comp/Resolve onDemandImportScopeRecovery (Z)Lcom/sun/tools/javac/comp/Resolve$RecoveryLoadClass; 2 <appendix> member <vmtarget> ; # com/sun/tools/javac/comp/Resolve$$Lambda+0x00000000162e2288
instanceKlass  @bci com/sun/tools/javac/comp/Resolve <init> (Lcom/sun/tools/javac/util/Context;)V 86 <appendix> member <vmtarget> ; # com/sun/tools/javac/comp/Resolve$$Lambda+0x00000000162e2058
instanceKlass com/sun/tools/javac/comp/Resolve$7
instanceKlass  @bci com/sun/tools/javac/comp/Resolve <init> (Lcom/sun/tools/javac/util/Context;)V 64 <appendix> argL0 ; # com/sun/tools/javac/comp/Resolve$$Lambda+0x00000000162e1bf8
instanceKlass com/sun/tools/javac/comp/Env
instanceKlass com/sun/tools/javac/comp/Resolve$AbstractMethodCheck
instanceKlass com/sun/tools/javac/comp/Resolve$2
instanceKlass com/sun/tools/javac/code/Scope$ScopeListener
instanceKlass com/sun/tools/javac/comp/Resolve$LookupHelper
instanceKlass com/sun/tools/javac/comp/Resolve$ReferenceChooser
instanceKlass com/sun/tools/javac/comp/Resolve$LogResolveHelper
instanceKlass com/sun/tools/javac/comp/Resolve$RecoveryLoadClass
instanceKlass com/sun/tools/javac/comp/Resolve
instanceKlass  @bci com/sun/tools/javac/comp/Check <init> (Lcom/sun/tools/javac/util/Context;)V 62 <appendix> argL0 ; # com/sun/tools/javac/comp/Check$$Lambda+0x00000000162d8b20
instanceKlass com/sun/tools/javac/comp/Check$1
instanceKlass com/sun/tools/javac/util/Warner
instanceKlass com/sun/tools/javac/comp/Check
instanceKlass com/sun/tools/javac/comp/Modules$1
instanceKlass  @bci com/sun/tools/javac/comp/Modules <clinit> ()V 0 <appendix> argL0 ; # com/sun/tools/javac/comp/Modules$$Lambda+0x00000000162d6330
instanceKlass com/sun/tools/javac/util/Iterators
instanceKlass com/sun/tools/javac/code/Directive
instanceKlass javax/lang/model/element/ModuleElement$RequiresDirective
instanceKlass javax/lang/model/element/ModuleElement$Directive
instanceKlass  @bci com/sun/tools/javac/code/Symtab enterModule (Lcom/sun/tools/javac/util/Name;)Lcom/sun/tools/javac/code/Symbol$ModuleSymbol; 37 <appendix> member <vmtarget> ; # com/sun/tools/javac/code/Symtab$$Lambda+0x00000000162d46e8
instanceKlass com/sun/tools/javac/code/Scope$ScopeListenerList
instanceKlass com/sun/tools/javac/code/Scope$Entry
instanceKlass com/sun/tools/javac/comp/Annotate$AnnotationTypeMetadata
instanceKlass  @bci com/sun/tools/javac/code/Symtab addRootPackageFor (Lcom/sun/tools/javac/code/Symbol$ModuleSymbol;)V 36 <appendix> member <vmtarget> ; # com/sun/tools/javac/code/Symtab$$Lambda+0x00000000162d2fb8
instanceKlass  @bci com/sun/tools/javac/code/Symtab doEnterPackage (Lcom/sun/tools/javac/code/Symbol$ModuleSymbol;Lcom/sun/tools/javac/code/Symbol$PackageSymbol;)V 8 <appendix> argL0 ; # com/sun/tools/javac/code/Symtab$$Lambda+0x00000000162d2d70
instanceKlass com/sun/tools/javac/api/Formattable
instanceKlass com/sun/tools/javac/code/Kinds$KindSelector
instanceKlass com/sun/tools/javac/code/MissingInfoHandler
instanceKlass com/sun/tools/javac/code/TypeMetadata
instanceKlass javax/lang/model/type/NullType
instanceKlass com/sun/tools/javac/code/Symtab
instanceKlass com/sun/tools/javac/comp/MatchBindingsComputer$MatchBindings
instanceKlass com/sun/source/util/SimpleTreeVisitor
instanceKlass javax/lang/model/element/RecordComponentElement
instanceKlass com/sun/tools/javac/comp/Check$NestedCheckContext
instanceKlass javax/lang/model/type/UnionType
instanceKlass com/sun/tools/javac/comp/Resolve$MethodCheck
instanceKlass javax/lang/model/type/IntersectionType
instanceKlass com/sun/tools/javac/comp/Attr$ResultInfo
instanceKlass com/sun/tools/javac/code/Types$DefaultTypeVisitor
instanceKlass com/sun/tools/javac/comp/Annotate$2
instanceKlass com/sun/tools/javac/comp/Check$CheckContext
instanceKlass javax/lang/model/element/AnnotationMirror
instanceKlass com/sun/tools/javac/comp/Annotate
instanceKlass com/sun/tools/javac/util/ByteBuffer
instanceKlass com/sun/tools/javac/code/Attribute
instanceKlass javax/lang/model/element/AnnotationValue
instanceKlass com/sun/tools/javac/comp/Annotate$AnnotationTypeCompleter
instanceKlass javax/lang/model/type/PrimitiveType
instanceKlass com/sun/tools/javac/jvm/ClassReader
instanceKlass  @bci com/sun/tools/javac/code/ClassFinder <init> (Lcom/sun/tools/javac/util/Context;)V 23 <appendix> member <vmtarget> ; # com/sun/tools/javac/code/ClassFinder$$Lambda+0x00000000162b5ac8
instanceKlass com/sun/tools/javac/code/Scope
instanceKlass com/sun/tools/javac/code/ClassFinder
instanceKlass com/sun/tools/javac/util/Convert
instanceKlass com/sun/tools/javac/util/Name
instanceKlass javax/lang/model/element/Name
instanceKlass com/sun/tools/javac/util/Name$Table
instanceKlass com/sun/tools/javac/util/Names
instanceKlass com/sun/tools/javac/code/Symbol$Completer$1
instanceKlass  @bci com/sun/tools/javac/main/JavaCompiler <init> (Lcom/sun/tools/javac/util/Context;)V 6 <appendix> member <vmtarget> ; # com/sun/tools/javac/main/JavaCompiler$$Lambda+0x00000000162b2830
instanceKlass javax/lang/model/element/ModuleElement
instanceKlass javax/lang/model/element/PackageElement
instanceKlass com/sun/tools/javac/main/JavaCompiler
instanceKlass javax/lang/model/element/TypeElement
instanceKlass javax/lang/model/element/QualifiedNameable
instanceKlass com/sun/source/tree/ConstantCaseLabelTree
instanceKlass com/sun/source/tree/AssertTree
instanceKlass com/sun/source/tree/AnnotatedTypeTree
instanceKlass com/sun/source/tree/WhileLoopTree
instanceKlass com/sun/source/tree/SynchronizedTree
instanceKlass com/sun/source/tree/TypeParameterTree
instanceKlass com/sun/source/tree/ErroneousTree
instanceKlass com/sun/source/tree/RequiresTree
instanceKlass com/sun/source/tree/ExportsTree
instanceKlass com/sun/source/tree/LiteralTree
instanceKlass com/sun/source/tree/AnyPatternTree
instanceKlass com/sun/source/tree/PatternCaseLabelTree
instanceKlass com/sun/source/tree/DefaultCaseLabelTree
instanceKlass com/sun/source/tree/CaseLabelTree
instanceKlass com/sun/source/tree/BindingPatternTree
instanceKlass com/sun/source/tree/BinaryTree
instanceKlass com/sun/source/tree/ContinueTree
instanceKlass com/sun/source/tree/ReturnTree
instanceKlass com/sun/source/tree/TypeCastTree
instanceKlass com/sun/source/tree/ForLoopTree
instanceKlass com/sun/source/tree/SwitchExpressionTree
instanceKlass com/sun/source/tree/NewClassTree
instanceKlass com/sun/source/tree/SwitchTree
instanceKlass com/sun/source/tree/NewArrayTree
instanceKlass com/sun/source/tree/ProvidesTree
instanceKlass com/sun/source/tree/ModifiersTree
instanceKlass com/sun/source/tree/ExpressionStatementTree
instanceKlass com/sun/source/tree/EmptyStatementTree
instanceKlass com/sun/source/tree/YieldTree
instanceKlass com/sun/source/tree/UsesTree
instanceKlass com/sun/source/tree/OpensTree
instanceKlass com/sun/source/tree/DirectiveTree
instanceKlass com/sun/source/tree/UnaryTree
instanceKlass com/sun/source/tree/ThrowTree
instanceKlass com/sun/source/tree/BreakTree
instanceKlass com/sun/source/tree/IfTree
instanceKlass com/sun/source/tree/CatchTree
instanceKlass com/sun/source/tree/TryTree
instanceKlass com/sun/source/tree/CaseTree
instanceKlass com/sun/source/tree/BlockTree
instanceKlass com/sun/source/tree/UnionTypeTree
instanceKlass com/sun/source/tree/MemberReferenceTree
instanceKlass com/sun/source/tree/ParameterizedTypeTree
instanceKlass com/sun/source/tree/DoWhileLoopTree
instanceKlass com/sun/source/tree/ImportTree
instanceKlass com/sun/source/tree/ModuleTree
instanceKlass com/sun/source/tree/LambdaExpressionTree
instanceKlass com/sun/source/tree/EnhancedForLoopTree
instanceKlass com/sun/source/tree/ArrayTypeTree
instanceKlass com/sun/source/tree/InstanceOfTree
instanceKlass com/sun/source/tree/ParenthesizedTree
instanceKlass com/sun/source/tree/ArrayAccessTree
instanceKlass com/sun/source/tree/ConditionalExpressionTree
instanceKlass com/sun/source/tree/VariableTree
instanceKlass com/sun/source/tree/LabeledStatementTree
instanceKlass com/sun/source/tree/IntersectionTypeTree
instanceKlass com/sun/source/tree/PrimitiveTypeTree
instanceKlass com/sun/source/tree/ClassTree
instanceKlass com/sun/source/tree/StatementTree
instanceKlass com/sun/source/tree/MemberSelectTree
instanceKlass com/sun/source/tree/PackageTree
instanceKlass com/sun/source/tree/MethodTree
instanceKlass com/sun/source/tree/CompoundAssignmentTree
instanceKlass com/sun/source/tree/DeconstructionPatternTree
instanceKlass com/sun/source/tree/PatternTree
instanceKlass com/sun/source/tree/AssignmentTree
instanceKlass com/sun/source/tree/AnnotationTree
instanceKlass com/sun/source/tree/MethodInvocationTree
instanceKlass com/sun/source/tree/IdentifierTree
instanceKlass com/sun/source/tree/WildcardTree
instanceKlass  @bci java/util/regex/Pattern ALL ()Ljava/util/regex/Pattern$CharPredicate; 0 <appendix> argL0 ; # java/util/regex/Pattern$$Lambda+0x00000000161dc7e8
instanceKlass javax/annotation/processing/RoundEnvironment
instanceKlass javax/annotation/processing/Messager
instanceKlass com/sun/tools/javac/processing/JavacProcessingEnvironment$ServiceIterator
instanceKlass javax/annotation/processing/Filer
instanceKlass com/sun/tools/javac/tree/JCTree$Visitor
instanceKlass com/sun/tools/javac/processing/JavacProcessingEnvironment
instanceKlass javax/annotation/processing/ProcessingEnvironment
instanceKlass  @bci javax/lang/model/SourceVersion getLatestSupported ()Ljavax/lang/model/SourceVersion; 19 <appendix> form vmentry <vmtarget> ; # java/lang/invoke/LambdaForm$MH+0x0000000016294000
instanceKlass java/lang/StringConcatHelper$StringConcatBase
instanceKlass java/lang/invoke/StringConcatFactory$InlineHiddenClassStrategy$2
instanceKlass java/lang/invoke/StringConcatFactory$InlineHiddenClassStrategy$1
instanceKlass java/lang/invoke/StringConcatFactory$InlineHiddenClassStrategy
instanceKlass  @bci com/sun/tools/javac/main/Arguments validate ()Z 1266 <appendix> member <vmtarget> ; # com/sun/tools/javac/main/Arguments$$Lambda+0x0000000016293a50
instanceKlass  @bci com/sun/tools/javac/main/Arguments validate ()Z 1176 <appendix> member <vmtarget> ; # com/sun/tools/javac/main/Arguments$$Lambda+0x0000000016293820
instanceKlass com/sun/tools/javac/util/Pair
instanceKlass  @bci com/sun/tools/javac/code/DeferredCompletionFailureHandler$1 uninstall ()V 9 <appendix> argL0 ; # com/sun/tools/javac/code/DeferredCompletionFailureHandler$1$$Lambda+0x00000000162933d0
instanceKlass  @bci com/sun/tools/javac/api/JavacTaskImpl doCall ()Lcom/sun/tools/javac/main/Main$Result; 2 <appendix> member <vmtarget> ; # com/sun/tools/javac/api/JavacTaskImpl$$Lambda+0x00000000162931a0
instanceKlass  @bci com/sun/tools/javac/code/DeferredCompletionFailureHandler$1 install ()V 9 <appendix> argL0 ; # com/sun/tools/javac/code/DeferredCompletionFailureHandler$1$$Lambda+0x0000000016292d18
instanceKlass com/sun/tools/javac/code/DeferredCompletionFailureHandler$FlipSymbolDescription
instanceKlass com/sun/tools/javac/code/DeferredCompletionFailureHandler$3
instanceKlass com/sun/tools/javac/code/DeferredCompletionFailureHandler$2
instanceKlass com/sun/tools/javac/code/Symbol$Completer
instanceKlass com/sun/tools/javac/code/DeferredCompletionFailureHandler$1
instanceKlass com/sun/tools/javac/code/DeferredCompletionFailureHandler$Handler
instanceKlass com/sun/tools/javac/code/DeferredCompletionFailureHandler
instanceKlass com/sun/tools/javac/parser/Parser
instanceKlass com/sun/tools/javac/api/JavacTaskImpl$Filter
instanceKlass  @bci com/sun/tools/javac/util/Options get (Ljava/lang/String;)Ljava/lang/String; 3 <appendix> member <vmtarget> ; # com/sun/tools/javac/util/Options$$Lambda+0x00000000162906f8
instanceKlass  @bci com/sun/tools/javac/util/Options isSet (Ljava/lang/String;)Z 3 <appendix> member <vmtarget> ; # com/sun/tools/javac/util/Options$$Lambda+0x00000000162904c8
instanceKlass com/sun/tools/javac/main/DelegatingJavaFileManager
instanceKlass jdk/nio/zipfs/ZipUtils
instanceKlass  @bci com/sun/tools/javac/platform/JDKPlatformProvider$PlatformDescriptionImpl getFileManager ()Ljavax/tools/JavaFileManager; 542 <appendix> argL0 ; # com/sun/tools/javac/platform/JDKPlatformProvider$PlatformDescriptionImpl$$Lambda+0x000000001628b718
instanceKlass com/sun/tools/javac/resources/CompilerProperties$Fragments
instanceKlass com/sun/tools/javac/platform/JDKPlatformProvider$PlatformDescriptionImpl
instanceKlass  @bci com/sun/tools/javac/platform/PlatformUtils lookupPlatformDescription (Ljava/lang/String;)Lcom/sun/tools/javac/platform/PlatformDescription; 82 <appendix> member <vmtarget> ; # com/sun/tools/javac/platform/PlatformUtils$$Lambda+0x0000000016287a00
instanceKlass  @bci com/sun/tools/javac/platform/PlatformUtils lambda$lookupPlatformDescription$0 (Ljava/lang/String;Lcom/sun/tools/javac/platform/PlatformProvider;)Z 21 <appendix> member <vmtarget> ; # com/sun/tools/javac/platform/PlatformUtils$$Lambda+0x00000000162877a0
instanceKlass java/util/TreeMap$TreeMapSpliterator
instanceKlass jdk/nio/zipfs/ZipDirectoryStream$1
instanceKlass jdk/nio/zipfs/ZipDirectoryStream
instanceKlass  @bci jdk/nio/zipfs/ZipFileSystem <init> (Ljdk/nio/zipfs/ZipFileSystemProvider;Ljava/nio/file/Path;Ljava/util/Map;)V 595 <appendix> member <vmtarget> ; # jdk/nio/zipfs/ZipFileSystem$$Lambda+0x000000001628d420
instanceKlass java/nio/file/attribute/PosixFileAttributeView
instanceKlass java/nio/file/attribute/FileOwnerAttributeView
instanceKlass jdk/nio/zipfs/ZipFileAttributeView
instanceKlass jdk/nio/zipfs/ZipPath
instanceKlass jdk/nio/zipfs/ZipFileSystem$END
instanceKlass jdk/nio/zipfs/ZipConstants
instanceKlass jdk/nio/zipfs/ZipCoder
instanceKlass jdk/nio/zipfs/ZipFileAttributes
instanceKlass jdk/nio/zipfs/ZipFileSystem$IndexNode
instanceKlass  @bci com/sun/tools/javac/platform/JDKPlatformProvider <clinit> ()V 31 <appendix> argL0 ; # com/sun/tools/javac/platform/JDKPlatformProvider$$Lambda+0x00000000162872e0
instanceKlass com/sun/tools/javac/platform/PlatformDescription
instanceKlass com/sun/tools/javac/platform/JDKPlatformProvider
instanceKlass  @bci com/sun/tools/javac/platform/PlatformUtils lookupPlatformDescription (Ljava/lang/String;)Lcom/sun/tools/javac/platform/PlatformDescription; 65 <appendix> member <vmtarget> ; # com/sun/tools/javac/platform/PlatformUtils$$Lambda+0x0000000016286c30
instanceKlass com/sun/tools/javac/platform/PlatformProvider
instanceKlass com/sun/tools/javac/platform/PlatformUtils
instanceKlass  @bci com/sun/tools/javac/util/Options isSet (Lcom/sun/tools/javac/main/Option;)Z 3 <appendix> member <vmtarget> ; # com/sun/tools/javac/util/Options$$Lambda+0x0000000016286380
instanceKlass  @bci com/sun/tools/javac/main/Arguments checkOptionAllowed (ZLcom/sun/tools/javac/main/Arguments$ErrorReporter;[Lcom/sun/tools/javac/main/Option;)V 33 <appendix> member <vmtarget> ; # com/sun/tools/javac/main/Arguments$$Lambda+0x0000000016286140
instanceKlass  @bci com/sun/tools/javac/main/Arguments checkOptionAllowed (ZLcom/sun/tools/javac/main/Arguments$ErrorReporter;[Lcom/sun/tools/javac/main/Option;)V 17 <appendix> member <vmtarget> ; # com/sun/tools/javac/main/Arguments$$Lambda+0x0000000016285ee0
instanceKlass  @cpi com/sun/tools/javac/jvm/Items$MemberItem 154 form vmentry <vmtarget> ; # java/lang/invoke/LambdaForm$DMH+0x0000000016289400
instanceKlass  @bci com/sun/tools/javac/main/Arguments handleReleaseOptions (Ljava/util/function/Predicate;)Z 22 <appendix> member <vmtarget> ; # com/sun/tools/javac/main/Arguments$$Lambda+0x0000000016285cb0
instanceKlass com/sun/tools/javac/main/Arguments$ErrorReporter
instanceKlass  @bci com/sun/tools/javac/util/Options get (Lcom/sun/tools/javac/main/Option;)Ljava/lang/String; 3 <appendix> member <vmtarget> ; # com/sun/tools/javac/util/Options$$Lambda+0x0000000016285878
instanceKlass  @bci com/sun/tools/javac/main/Arguments processArgs (Ljava/lang/Iterable;Ljava/util/Set;Lcom/sun/tools/javac/main/OptionHelper;ZZ)Z 24 <adapter> ; # java/lang/invoke/LambdaForm$MH+0x0000000016289000
# instanceKlass java/lang/invoke/LambdaForm$DMH+0x0000000016288c00
instanceKlass  @bci com/sun/tools/javac/main/Arguments processArgs (Ljava/lang/Iterable;Ljava/util/Set;Lcom/sun/tools/javac/main/OptionHelper;ZZ)Z 24 <appendix> form vmentry <vmtarget> ; # java/lang/invoke/LambdaForm$DMH+0x0000000016288800
instanceKlass  @bci com/sun/tools/javac/main/Arguments processArgs (Ljava/lang/Iterable;Ljava/util/Set;Lcom/sun/tools/javac/main/OptionHelper;ZZ)Z 24 <appendix> member <vmtarget> ; # com/sun/tools/javac/main/Arguments$$Lambda+0x0000000016285618
instanceKlass  @cpi com/sun/tools/javac/main/Arguments 1126 form vmentry <vmtarget> ; # java/lang/invoke/LambdaForm$DMH+0x0000000016288400
instanceKlass java/util/AbstractMap$SimpleEntry
instanceKlass jdk/internal/jimage/ImageBufferCache$2
instanceKlass jdk/internal/jimage/ImageBufferCache
instanceKlass java/nio/channels/AsynchronousFileChannel
instanceKlass java/nio/channels/AsynchronousChannel
instanceKlass java/nio/file/FileStore
instanceKlass com/sun/tools/javac/util/StringUtils
instanceKlass  @bci com/sun/tools/javac/file/CacheFSInfo isFile (Ljava/nio/file/Path;)Z 5 <appendix> argL0 ; # com/sun/tools/javac/file/CacheFSInfo$$Lambda+0x00000000162851c0
instanceKlass java/lang/invoke/TypeConvertingMethodAdapter$BoxHolder
instanceKlass  @cpi com/sun/tools/javac/file/CacheFSInfo 178 form vmentry <vmtarget> ; # java/lang/invoke/LambdaForm$DMH+0x0000000016288000
instanceKlass  @bci com/sun/tools/javac/file/CacheFSInfo getAttributes (Ljava/nio/file/Path;)Ljava/util/Optional; 6 <appendix> member <vmtarget> ; # com/sun/tools/javac/file/CacheFSInfo$$Lambda+0x0000000016284f70
instanceKlass com/sun/tools/javac/file/BaseFileManager$3
instanceKlass com/sun/tools/doclint/DocLint$1
instanceKlass com/sun/source/tree/CompilationUnitTree
instanceKlass com/sun/source/util/TreePath
instanceKlass javax/lang/model/util/Types
instanceKlass javax/lang/model/util/Elements
instanceKlass com/sun/source/util/Trees
instanceKlass com/sun/source/util/TreeScanner
instanceKlass com/sun/source/tree/TreeVisitor
instanceKlass  @bci com/sun/tools/doclint/DocLint newDocLint ()Lcom/sun/tools/doclint/DocLint; 17 <appendix> argL0 ; # com/sun/tools/doclint/DocLint$$Lambda+0x00000000162808c8
instanceKlass java/util/ServiceLoader$ProviderSpliterator
instanceKlass com/sun/tools/doclint/DocLint
instanceKlass com/sun/source/util/Plugin
instanceKlass com/sun/tools/javac/util/ListBuffer$1
instanceKlass com/sun/tools/javac/main/Arguments
instanceKlass com/sun/tools/javac/api/ClientCodeWrapper$WrappedDiagnosticListener
instanceKlass com/sun/tools/javac/api/ClientCodeWrapper$Trusted
instanceKlass com/sun/tools/javac/api/ClientCodeWrapper$WrappedJavaFileManager
instanceKlass com/sun/source/util/TaskListener
instanceKlass com/sun/tools/javac/api/ClientCodeWrapper
instanceKlass com/sun/tools/javac/file/PathFileObject
instanceKlass  @bci com/sun/tools/javac/file/CacheFSInfo getCanonicalFile (Ljava/nio/file/Path;)Ljava/nio/file/Path; 6 <appendix> member <vmtarget> ; # com/sun/tools/javac/file/CacheFSInfo$$Lambda+0x000000001627cdb0
instanceKlass  @bci com/sun/tools/javac/file/BaseFileManager setContext (Lcom/sun/tools/javac/util/Context;)V 44 <appendix> member <vmtarget> ; # com/sun/tools/javac/file/BaseFileManager$$Lambda+0x000000001627c6c8
instanceKlass  @bci com/sun/tools/javac/util/Log <init> (Lcom/sun/tools/javac/util/Context;Ljava/util/Map;)V 198 <appendix> member <vmtarget> ; # com/sun/tools/javac/util/Log$$Lambda+0x000000001627c488
instanceKlass com/sun/tools/javac/code/LintMapper
instanceKlass  @bci com/sun/tools/javac/util/JCDiagnostic$Factory <init> (Lcom/sun/tools/javac/util/Context;)V 23 <appendix> member <vmtarget> ; # com/sun/tools/javac/util/JCDiagnostic$Factory$$Lambda+0x000000001627c000
instanceKlass com/sun/tools/javac/util/JCDiagnostic
instanceKlass  @bci com/sun/tools/javac/util/Options whenReady (Ljava/util/function/Consumer;)V 20 <appendix> member <vmtarget> ; # com/sun/tools/javac/util/Options$$Lambda+0x00000000162776c0
instanceKlass  @bci com/sun/tools/javac/util/JavacMessages <init> (Lcom/sun/tools/javac/util/Context;)V 45 <appendix> member <vmtarget> ; # com/sun/tools/javac/util/JavacMessages$$Lambda+0x0000000016277480
instanceKlass com/sun/tools/javac/util/Options
instanceKlass javax/lang/model/element/ExecutableElement
instanceKlass javax/lang/model/element/Parameterizable
instanceKlass javax/lang/model/type/NoType
instanceKlass javax/lang/model/type/ArrayType
instanceKlass javax/lang/model/type/ErrorType
instanceKlass com/sun/tools/javac/jvm/PoolConstant$LoadableConstant
instanceKlass javax/lang/model/type/DeclaredType
instanceKlass javax/lang/model/type/TypeVariable
instanceKlass javax/lang/model/type/ReferenceType
instanceKlass javax/lang/model/type/WildcardType
instanceKlass javax/lang/model/element/VariableElement
instanceKlass javax/lang/model/type/ExecutableType
instanceKlass javax/lang/model/type/TypeMirror
instanceKlass com/sun/tools/javac/code/AnnoConstruct
instanceKlass javax/lang/model/element/Element
instanceKlass javax/lang/model/AnnotatedConstruct
instanceKlass com/sun/tools/javac/jvm/PoolConstant
instanceKlass com/sun/tools/javac/util/AbstractDiagnosticFormatter$SimpleConfiguration
instanceKlass com/sun/source/tree/ExpressionTree
instanceKlass com/sun/tools/javac/tree/JCTree
instanceKlass com/sun/source/tree/Tree
instanceKlass com/sun/tools/javac/api/DiagnosticFormatter$Configuration
instanceKlass com/sun/tools/javac/code/Printer
instanceKlass com/sun/tools/javac/code/Symbol$Visitor
instanceKlass com/sun/tools/javac/code/Type$Visitor
instanceKlass  @bci jdk/internal/module/SystemModuleFinders$SystemModuleReader open (Ljava/lang/String;)Ljava/util/Optional; 6 <appendix> member <vmtarget> ; # jdk/internal/module/SystemModuleFinders$SystemModuleReader$$Lambda+0x00000000161d85a0
instanceKlass java/util/ResourceBundle$CacheKeyReference
instanceKlass java/util/ResourceBundle$CacheKey
instanceKlass com/sun/tools/javac/util/List$2
instanceKlass  @bci com/sun/tools/javac/util/JavacMessages add (Ljava/lang/String;)V 2 <appendix> member <vmtarget> ; # com/sun/tools/javac/util/JavacMessages$$Lambda+0x000000001626f8b8
instanceKlass com/sun/tools/javac/util/JavacMessages$ResourceBundleHelper
instanceKlass com/sun/tools/javac/util/JavacMessages
instanceKlass com/sun/tools/javac/api/Messages
instanceKlass com/sun/tools/javac/util/JCDiagnostic$Factory
instanceKlass  @bci com/sun/tools/javac/file/JavacFileManager <init> (Lcom/sun/tools/javac/util/Context;ZLjava/nio/charset/Charset;)V 11 <appendix> argL0 ; # com/sun/tools/javac/file/JavacFileManager$$Lambda+0x000000001626d2e8
instanceKlass java/util/JumboEnumSet$EnumSetIterator
instanceKlass com/sun/tools/javac/file/Locations$ModuleTable
instanceKlass  @bci com/sun/tools/javac/file/Locations$ModuleSourcePathLocationHandler <init> (Lcom/sun/tools/javac/file/Locations;)V 28 <appendix> argL0 ; # com/sun/tools/javac/file/Locations$ModuleSourcePathLocationHandler$$Lambda+0x000000001626c888
instanceKlass  @bci com/sun/tools/javac/file/Locations <init> ()V 5 <appendix> argL0 ; # com/sun/tools/javac/file/Locations$$Lambda+0x0000000016267950
instanceKlass javax/tools/StandardJavaFileManager$PathFactory
instanceKlass com/sun/tools/javac/file/Locations$LocationHandler
instanceKlass com/sun/tools/javac/file/Locations
instanceKlass com/sun/tools/javac/file/JavacFileManager$1
instanceKlass  @bci com/sun/tools/javac/main/Option getOptions (Lcom/sun/tools/javac/main/Option$OptionGroup;)Ljava/util/Set; 17 <appendix> argL0 ; # com/sun/tools/javac/main/Option$$Lambda+0x0000000016266490
instanceKlass  @bci com/sun/tools/javac/main/Option getOptions (Lcom/sun/tools/javac/main/Option$OptionGroup;)Ljava/util/Set; 7 <appendix> member <vmtarget> ; # com/sun/tools/javac/main/Option$$Lambda+0x0000000016266230
instanceKlass  @bci com/sun/tools/javac/main/Option getXLintChoices ()Ljava/util/Set; 42 <appendix> member <vmtarget> ; # com/sun/tools/javac/main/Option$$Lambda+0x0000000016265df0
instanceKlass  @bci com/sun/tools/javac/main/Option getXLintChoices ()Ljava/util/Set; 26 <appendix> argL0 ; # com/sun/tools/javac/main/Option$$Lambda+0x0000000016265ba8
instanceKlass  @bci com/sun/tools/javac/code/Lint$LintCategory <init> (Ljava/lang/String;ILjava/lang/String;ZZ[Ljava/lang/String;)V 66 <appendix> member <vmtarget> ; # com/sun/tools/javac/code/Lint$LintCategory$$Lambda+0x0000000016265518
instanceKlass com/sun/tools/javac/code/Lint
instanceKlass com/sun/tools/javac/util/Assert
instanceKlass com/sun/tools/javac/file/RelativePath
instanceKlass javax/tools/JavaFileObject
instanceKlass javax/tools/FileObject
instanceKlass javax/tools/JavaFileManager$Location
instanceKlass com/sun/tools/javac/file/JavacFileManager$Container
instanceKlass com/sun/tools/javac/main/OptionHelper
instanceKlass com/sun/tools/javac/util/JCDiagnostic$DiagnosticInfo
instanceKlass  @bci com/sun/tools/javac/file/CacheFSInfo preRegister (Lcom/sun/tools/javac/util/Context;)V 3 <appendix> argL0 ; # com/sun/tools/javac/file/CacheFSInfo$$Lambda+0x0000000016256a20
instanceKlass com/sun/tools/javac/file/FSInfo
instanceKlass com/sun/tools/javac/util/AbstractDiagnosticFormatter
instanceKlass com/sun/tools/javac/api/DiagnosticFormatter
instanceKlass com/sun/tools/javac/util/Log$DiagnosticHandler
instanceKlass com/sun/tools/javac/util/JCDiagnostic$DiagnosticPosition
instanceKlass com/sun/tools/javac/util/AbstractLog
instanceKlass com/sun/tools/javac/util/Context$Factory
instanceKlass com/sun/tools/javac/util/Context$Key
instanceKlass javax/tools/DiagnosticCollector
instanceKlass org/codehaus/plexus/compiler/javac/JavaxToolsCompiler$1
instanceKlass  @bci org/codehaus/plexus/compiler/javac/JavacCompiler$JavaVersion isOlderOrEqualTo (Ljava/lang/String;)Z 33 <appendix> member <vmtarget> ; # org/codehaus/plexus/compiler/javac/JavacCompiler$JavaVersion$$Lambda+0x000000001625ac10
instanceKlass org/codehaus/plexus/util/StringUtils
instanceKlass org/apache/maven/shared/utils/io/SelectorUtils
instanceKlass org/apache/maven/shared/utils/io/MatchPattern
instanceKlass org/apache/maven/shared/utils/io/MatchPatterns
instanceKlass org/apache/maven/shared/utils/io/DirectoryScanner
instanceKlass org/apache/maven/shared/utils/io/FileUtils
instanceKlass  @bci java/util/stream/SortedOps$RefSortingSink end ()V 48 <appendix> member <vmtarget> ; # java/util/stream/SortedOps$RefSortingSink$$Lambda+0x00000000161d59f0
instanceKlass  @cpi com/sun/tools/javac/code/Symtab 1381 form vmentry <vmtarget> ; # java/lang/invoke/LambdaForm$DMH+0x000000001625c000
instanceKlass  @bci org/apache/maven/plugin/compiler/AbstractCompilerMojo executeReal ()V 3312 <appendix> argL0 ; # org/apache/maven/plugin/compiler/AbstractCompilerMojo$$Lambda+0x00000000162591d0
instanceKlass  @bci org/apache/maven/plugin/compiler/AbstractCompilerMojo executeReal ()V 3302 <appendix> argL0 ; # org/apache/maven/plugin/compiler/AbstractCompilerMojo$$Lambda+0x0000000016258f88
instanceKlass java/util/Collections$ReverseComparator
instanceKlass  @bci java/nio/file/Files walk (Ljava/nio/file/Path;I[Ljava/nio/file/FileVisitOption;)Ljava/util/stream/Stream; 43 <appendix> argL0 ; # java/nio/file/Files$$Lambda+0x00000000161d5210
instanceKlass  @bci java/nio/file/Files walk (Ljava/nio/file/Path;I[Ljava/nio/file/FileVisitOption;)Ljava/util/stream/Stream; 30 <appendix> member <vmtarget> ; # java/nio/file/Files$$Lambda+0x00000000161d4fe0
instanceKlass java/nio/file/FileTreeWalker$Event
instanceKlass java/nio/file/FileTreeWalker$DirectoryNode
instanceKlass java/nio/file/FileTreeWalker
instanceKlass java/nio/file/FileTreeIterator
instanceKlass org/apache/maven/shared/utils/StringUtils
instanceKlass org/apache/maven/shared/utils/logging/AnsiMessageBuilder
instanceKlass org/apache/maven/shared/utils/logging/LoggerLevelRenderer
instanceKlass org/apache/maven/shared/utils/logging/MessageUtils
instanceKlass  @bci org/apache/maven/plugin/compiler/AbstractCompilerMojo executeReal ()V 1279 <appendix> argL0 ; # org/apache/maven/plugin/compiler/AbstractCompilerMojo$$Lambda+0x0000000016251ad8
instanceKlass org/apache/maven/plugin/compiler/DeltaList
instanceKlass  @bci java/util/stream/Collectors toCollection (Ljava/util/function/Supplier;)Ljava/util/stream/Collector; 10 <appendix> argL0 ; # java/util/stream/Collectors$$Lambda+0x00000000161d38c0
instanceKlass  @bci java/util/stream/Collectors toCollection (Ljava/util/function/Supplier;)Ljava/util/stream/Collector; 5 <appendix> argL0 ; # java/util/stream/Collectors$$Lambda+0x00000000161d3688
instanceKlass  @bci org/apache/maven/plugin/compiler/AbstractCompilerMojo hasInputFileTreeChanged (Lorg/apache/maven/shared/incremental/IncrementalBuildHelper;Ljava/util/Set;)Z 127 <appendix> argL0 ; # org/apache/maven/plugin/compiler/AbstractCompilerMojo$$Lambda+0x0000000016251698
instanceKlass  @bci org/apache/maven/plugin/compiler/AbstractCompilerMojo hasInputFileTreeChanged (Lorg/apache/maven/shared/incremental/IncrementalBuildHelper;Ljava/util/Set;)Z 117 <appendix> argL0 ; # org/apache/maven/plugin/compiler/AbstractCompilerMojo$$Lambda+0x0000000016251450
instanceKlass java/nio/file/attribute/FileTime$1
instanceKlass org/codehaus/plexus/util/io/InputStreamFacade
instanceKlass org/codehaus/plexus/util/BaseFileUtils
instanceKlass  @bci org/apache/maven/plugin/compiler/AbstractCompilerMojo getBuildStartTimeInstant ()Ljava/util/Optional; 26 <appendix> argL0 ; # org/apache/maven/plugin/compiler/AbstractCompilerMojo$$Lambda+0x00000000162537d8
instanceKlass  @bci org/apache/maven/plugin/compiler/AbstractCompilerMojo getBuildStartTimeInstant ()Ljava/util/Optional; 18 <appendix> argL0 ; # org/apache/maven/plugin/compiler/AbstractCompilerMojo$$Lambda+0x0000000016253590
instanceKlass  @bci org/apache/maven/plugin/compiler/AbstractCompilerMojo getBuildStartTimeInstant ()Ljava/util/Optional; 10 <appendix> argL0 ; # org/apache/maven/plugin/compiler/AbstractCompilerMojo$$Lambda+0x0000000016253348
instanceKlass org/apache/maven/shared/incremental/IncrementalBuildHelperRequest
instanceKlass org/codehaus/plexus/util/SelectorUtils
instanceKlass org/codehaus/plexus/util/MatchPatterns
instanceKlass org/codehaus/plexus/util/MatchPattern
instanceKlass org/codehaus/plexus/util/AbstractScanner
instanceKlass org/codehaus/plexus/util/Scanner
instanceKlass org/codehaus/plexus/compiler/util/scan/mapping/SuffixMapping
instanceKlass org/codehaus/plexus/compiler/util/scan/AbstractSourceInclusionScanner
instanceKlass  @bci org/apache/maven/plugin/compiler/AbstractCompilerMojo resolveProcessorPathEntries ()Ljava/util/List; 98 <appendix> argL0 ; # org/apache/maven/plugin/compiler/AbstractCompilerMojo$$Lambda+0x000000001624b6e0
instanceKlass  @bci org/apache/maven/plugin/compiler/AbstractCompilerMojo getAnnotationProcessorPathVersion (Lorg/apache/maven/plugin/compiler/DependencyCoordinate;)Ljava/lang/String; 23 <appendix> member <vmtarget> ; # org/apache/maven/plugin/compiler/AbstractCompilerMojo$$Lambda+0x000000001624b4b0
instanceKlass  @bci org/apache/maven/plugin/compiler/AbstractCompilerMojo findManagedVersion (Lorg/apache/maven/plugin/compiler/DependencyCoordinate;Ljava/util/List;)Ljava/util/Optional; 22 <appendix> argL0 ; # org/apache/maven/plugin/compiler/AbstractCompilerMojo$$Lambda+0x000000001624b268
instanceKlass  @bci org/apache/maven/plugin/compiler/AbstractCompilerMojo findManagedVersion (Lorg/apache/maven/plugin/compiler/DependencyCoordinate;Ljava/util/List;)Ljava/util/Optional; 7 <appendix> member <vmtarget> ; # org/apache/maven/plugin/compiler/AbstractCompilerMojo$$Lambda+0x000000001624b008
instanceKlass org/apache/maven/project/MavenProject$LoggingList$1
instanceKlass com/sun/tools/javac/util/Context
instanceKlass com/sun/tools/javac/file/BaseFileManager
instanceKlass com/sun/source/util/JavacTask
instanceKlass javax/tools/JavaCompiler$CompilationTask
instanceKlass javax/tools/StandardJavaFileManager
instanceKlass com/sun/tools/javac/api/JavacTool
instanceKlass javax/tools/ToolProvider
instanceKlass java/util/concurrent/ConcurrentLinkedDeque$Node
instanceKlass org/codehaus/plexus/compiler/PlexusLoggerWrapper
instanceKlass org/eclipse/sisu/wire/ProviderIterableAdapter$ProviderEntry
instanceKlass org/eclipse/sisu/wire/ProviderIterableAdapter$ProviderIterator
instanceKlass  @bci org/apache/maven/plugin/internal/AbstractMavenPluginDescriptorSourcedParametersValidator isIgnoredProperty (Ljava/lang/String;)Z 55 <appendix> member <vmtarget> ; # org/apache/maven/plugin/internal/AbstractMavenPluginDescriptorSourcedParametersValidator$$Lambda+0x00000000162337c8
instanceKlass org/eclipse/sisu/wire/ProviderIterableAdapter
instanceKlass org/apache/maven/toolchain/DefaultToolchainManager$$FastClassByGuice$$197202438
instanceKlass org/apache/maven/plugin/compiler/CompilerMojo$$FastClassByGuice$$196205628
instanceKlass org/codehaus/plexus/compiler/javac/JavaxToolsCompiler$$FastClassByGuice$$195212106
instanceKlass org/codehaus/plexus/compiler/javac/JavacCompiler$$FastClassByGuice$$194438490
instanceKlass org/codehaus/plexus/compiler/manager/DefaultCompilerManager$$FastClassByGuice$$193796906
instanceKlass org/codehaus/plexus/languages/java/jpms/LocationManager$$FastClassByGuice$$192066958
instanceKlass org/eclipse/sisu/wire/BeanProviders$2
instanceKlass javax/tools/Diagnostic
instanceKlass javax/tools/JavaCompiler
instanceKlass javax/tools/Tool
instanceKlass javax/tools/JavaFileManager
instanceKlass javax/tools/OptionChecker
instanceKlass javax/tools/DiagnosticListener
instanceKlass org/codehaus/plexus/compiler/CompilerMessage
instanceKlass org/codehaus/plexus/util/cli/StreamConsumer
instanceKlass org/codehaus/plexus/compiler/CompilerOutputStyle
instanceKlass org/codehaus/plexus/languages/java/jpms/ResolvePathsRequest
instanceKlass org/codehaus/plexus/languages/java/jpms/ResolvePathResult
instanceKlass org/codehaus/plexus/languages/java/jpms/ResolvePathRequest
instanceKlass org/codehaus/plexus/languages/java/jpms/ManifestModuleNameExtractor
instanceKlass org/codehaus/plexus/languages/java/jpms/SourceModuleInfoParser
instanceKlass org/codehaus/plexus/languages/java/jpms/ModuleInfoParser
instanceKlass org/codehaus/plexus/languages/java/jpms/ModuleNameExtractor
instanceKlass org/codehaus/plexus/languages/java/jpms/JavaModuleDescriptor
instanceKlass org/codehaus/plexus/languages/java/jpms/ResolvePathsResult
instanceKlass org/codehaus/plexus/compiler/CompilerResult
instanceKlass org/apache/maven/plugin/compiler/DependencyCoordinate
instanceKlass org/apache/maven/shared/utils/logging/MessageBuilder
instanceKlass org/apache/maven/shared/incremental/IncrementalBuildHelper
instanceKlass org/codehaus/plexus/compiler/util/scan/SourceInclusionScanner
instanceKlass org/codehaus/plexus/compiler/CompilerConfiguration
instanceKlass org/codehaus/plexus/compiler/util/scan/mapping/SourceMapping
instanceKlass org/codehaus/plexus/compiler/javac/JavaxToolsCompiler
instanceKlass org/codehaus/plexus/compiler/javac/InProcessCompiler
# instanceKlass java/lang/invoke/LambdaForm$MH+0x0000000016246000
instanceKlass org/codehaus/plexus/compiler/AbstractCompiler
instanceKlass org/codehaus/plexus/compiler/Compiler
instanceKlass org/codehaus/plexus/compiler/manager/DefaultCompilerManager
instanceKlass org/codehaus/plexus/compiler/manager/CompilerManager
instanceKlass org/codehaus/plexus/languages/java/jpms/LocationManager
instanceKlass org/eclipse/sisu/plexus/ComponentDescriptorBeanModule$ComponentMetadata
instanceKlass  @bci org/apache/maven/utils/Os getOsFamily ()Ljava/lang/String; 74 <appendix> argL0 ; # org/apache/maven/utils/Os$$Lambda+0x0000000016232e88
instanceKlass org/apache/maven/utils/Os
instanceKlass  @bci org/apache/maven/model/building/DefaultModelBuilder lambda$getInterpolatedProfiles$2 (Lorg/codehaus/plexus/interpolation/RegexBasedInterpolator;Lorg/apache/maven/model/building/DefaultModelProblemCollector;Lorg/apache/maven/model/ActivationOS;)V 107 <appendix> member <vmtarget> ; # org/apache/maven/model/building/DefaultModelBuilder$$Lambda+0x0000000016232a38
instanceKlass  @bci org/apache/maven/model/building/DefaultModelBuilder lambda$getInterpolatedProfiles$2 (Lorg/codehaus/plexus/interpolation/RegexBasedInterpolator;Lorg/apache/maven/model/building/DefaultModelProblemCollector;Lorg/apache/maven/model/ActivationOS;)V 84 <appendix> member <vmtarget> ; # org/apache/maven/model/building/DefaultModelBuilder$$Lambda+0x00000000162327f8
instanceKlass  @bci org/apache/maven/model/building/DefaultModelBuilder lambda$getInterpolatedProfiles$2 (Lorg/codehaus/plexus/interpolation/RegexBasedInterpolator;Lorg/apache/maven/model/building/DefaultModelProblemCollector;Lorg/apache/maven/model/ActivationOS;)V 61 <appendix> member <vmtarget> ; # org/apache/maven/model/building/DefaultModelBuilder$$Lambda+0x00000000162325b8
instanceKlass  @bci org/apache/maven/model/building/DefaultModelBuilder lambda$getInterpolatedProfiles$2 (Lorg/codehaus/plexus/interpolation/RegexBasedInterpolator;Lorg/apache/maven/model/building/DefaultModelProblemCollector;Lorg/apache/maven/model/ActivationOS;)V 38 <appendix> member <vmtarget> ; # org/apache/maven/model/building/DefaultModelBuilder$$Lambda+0x0000000016232378
instanceKlass  @bci org/apache/maven/model/building/DefaultModelBuilder lambda$getInterpolatedProfiles$2 (Lorg/codehaus/plexus/interpolation/RegexBasedInterpolator;Lorg/apache/maven/model/building/DefaultModelProblemCollector;Lorg/apache/maven/model/ActivationOS;)V 12 <appendix> member <vmtarget> ; # org/apache/maven/model/building/DefaultModelBuilder$$Lambda+0x0000000016232148
instanceKlass org/apache/maven/artifact/resolver/filter/AbstractScopeArtifactFilter
instanceKlass org/sonatype/plexus/build/incremental/EmptyScanner
instanceKlass java/nio/file/attribute/PosixFileAttributes
instanceKlass org/codehaus/plexus/interpolation/PrefixAwareRecursionInterceptor
instanceKlass org/codehaus/plexus/interpolation/SimpleRecursionInterceptor
instanceKlass  @bci org/apache/maven/shared/filtering/BaseFilter createInterpolator (Ljava/util/LinkedHashSet;Ljava/util/List;Lorg/codehaus/plexus/interpolation/ValueSource;Lorg/apache/maven/project/MavenProject;Lorg/apache/maven/execution/MavenSession;Ljava/lang/String;Z)Lorg/codehaus/plexus/interpolation/Interpolator; 126 <appendix> argL0 ; # org/apache/maven/shared/filtering/BaseFilter$$Lambda+0x000000001623b9b0
instanceKlass org/codehaus/plexus/interpolation/InterpolationPostProcessor
instanceKlass org/codehaus/plexus/interpolation/SingleResponseValueSource
instanceKlass org/codehaus/plexus/interpolation/PrefixedValueSourceWrapper
instanceKlass org/codehaus/plexus/interpolation/FeedbackEnabledValueSource
instanceKlass org/codehaus/plexus/interpolation/AbstractDelegatingValueSource
instanceKlass org/codehaus/plexus/interpolation/QueryEnabledValueSource
instanceKlass org/codehaus/plexus/interpolation/multi/DelimiterSpecification
instanceKlass org/codehaus/plexus/interpolation/multi/MultiDelimiterStringSearchInterpolator
instanceKlass org/apache/maven/shared/filtering/FilteringUtils$1
instanceKlass org/apache/maven/shared/filtering/FilteringUtils
instanceKlass org/codehaus/plexus/util/io/InputStreamFacade
instanceKlass org/codehaus/plexus/util/BaseFileUtils
instanceKlass org/codehaus/plexus/util/SelectorUtils
instanceKlass org/codehaus/plexus/util/MatchPatterns
instanceKlass org/codehaus/plexus/util/MatchPattern
instanceKlass org/codehaus/plexus/interpolation/RecursionInterceptor
instanceKlass org/codehaus/plexus/interpolation/AbstractValueSource
instanceKlass org/apache/maven/plugins/resources/MavenBuildTimestamp
instanceKlass org/apache/maven/shared/filtering/FilterWrapper
instanceKlass org/codehaus/plexus/util/StringUtils
instanceKlass org/eclipse/sisu/plexus/TypeArguments
instanceKlass org/sonatype/plexus/build/incremental/DefaultBuildContext$$FastClassByGuice$$191622901
instanceKlass org/apache/maven/plugins/resources/ResourcesMojo$$FastClassByGuice$$190671071
instanceKlass org/codehaus/plexus/build/DefaultBuildContext$$FastClassByGuice$$188884551
instanceKlass org/apache/maven/shared/filtering/DefaultMavenResourcesFiltering$$FastClassByGuice$$188486371
instanceKlass org/apache/maven/shared/filtering/DefaultMavenReaderFilter$$FastClassByGuice$$187587795
instanceKlass org/apache/maven/shared/filtering/DefaultMavenFileFilter$$FastClassByGuice$$185624050
instanceKlass org/codehaus/plexus/util/AbstractScanner
instanceKlass org/codehaus/plexus/interpolation/Interpolator
instanceKlass org/codehaus/plexus/interpolation/BasicInterpolator
instanceKlass org/codehaus/plexus/interpolation/ValueSource
instanceKlass org/codehaus/plexus/util/Scanner
instanceKlass org/apache/maven/shared/filtering/AbstractMavenFilteringRequest
instanceKlass org/codehaus/plexus/build/DefaultBuildContext
instanceKlass org/codehaus/plexus/build/BuildContext
instanceKlass org/apache/maven/shared/filtering/DefaultMavenResourcesFiltering
instanceKlass org/apache/maven/shared/filtering/MavenResourcesFiltering
instanceKlass org/apache/maven/shared/filtering/MavenReaderFilter
instanceKlass org/apache/maven/shared/filtering/BaseFilter
instanceKlass org/apache/maven/shared/filtering/MavenFileFilter
instanceKlass org/apache/maven/shared/filtering/DefaultFilterInfo
instanceKlass org/sonatype/plexus/build/incremental/BuildContext
instanceKlass org/apache/maven/model/merge/ModelMerger$1
instanceKlass sun/nio/fs/BasicFileAttributesHolder
instanceKlass sun/nio/fs/WindowsDirectoryStream$WindowsDirectoryIterator
instanceKlass sun/nio/fs/WindowsDirectoryStream
instanceKlass java/nio/file/DirectoryStream
instanceKlass java/nio/file/Files$AcceptAllFilter
instanceKlass java/nio/file/DirectoryStream$Filter
instanceKlass org/apache/maven/plugins/clean/Cleaner$Result
instanceKlass org/codehaus/plexus/util/Os
instanceKlass org/apache/maven/plugins/clean/Cleaner
instanceKlass  @bci jdk/internal/reflect/MethodHandleIntegerFieldAccessorImpl setInt (Ljava/lang/Object;I)V 41 <adapter> ; # java/lang/invoke/LambdaForm$MH+0x0000000016234400
instanceKlass  @bci com/sun/tools/javac/jvm/PoolConstant$Dynamic$PoolKey hashCode ()I 1 <appendix> argL1 form vmentry <vmtarget> ; # java/lang/invoke/LambdaForm$MH+0x0000000016234000
instanceKlass org/eclipse/sisu/plexus/CompositeBeanHelper$1
instanceKlass org/codehaus/plexus/util/introspection/MethodMap
instanceKlass org/codehaus/plexus/util/introspection/ClassMap$CacheMiss
instanceKlass org/codehaus/plexus/util/introspection/ClassMap
instanceKlass org/codehaus/plexus/util/introspection/ReflectionValueExtractor$Tokenizer
instanceKlass org/codehaus/plexus/util/introspection/ReflectionValueExtractor
instanceKlass org/eclipse/sisu/plexus/CompositeBeanHelper
instanceKlass org/apache/maven/plugin/internal/ValidatingConfigurationListener
instanceKlass org/apache/maven/plugin/DebugConfigurationListener
instanceKlass org/eclipse/sisu/inject/MildKeys
instanceKlass java/time/LocalTime
instanceKlass java/time/LocalDate
instanceKlass java/time/chrono/ChronoLocalDate
instanceKlass java/time/zone/ZoneOffsetTransition
instanceKlass java/time/LocalDateTime
instanceKlass java/time/chrono/ChronoLocalDateTime
instanceKlass java/time/zone/ZoneOffsetTransitionRule
instanceKlass java/time/zone/ZoneRules
instanceKlass java/time/zone/Ser
instanceKlass java/io/Externalizable
instanceKlass java/time/zone/ZoneRulesProvider
instanceKlass  @bci java/time/format/DateTimeFormatter <clinit> ()V 1075 <appendix> argL0 ; # java/time/format/DateTimeFormatter$$Lambda+0x80000001f
instanceKlass  @bci java/time/format/DateTimeFormatter <clinit> ()V 1067 <appendix> argL0 ; # java/time/format/DateTimeFormatter$$Lambda+0x80000001e
instanceKlass java/time/Period
instanceKlass java/time/chrono/ChronoPeriod
instanceKlass java/time/format/DateTimeFormatterBuilder$TextPrinterParser
instanceKlass java/time/format/DateTimeTextProvider$1
instanceKlass java/time/format/DateTimeTextProvider
instanceKlass java/time/format/DateTimeTextProvider$LocaleStore
instanceKlass java/time/format/DateTimeFormatterBuilder$InstantPrinterParser
instanceKlass java/time/format/DateTimeFormatterBuilder$StringLiteralPrinterParser
instanceKlass java/time/temporal/IsoFields
instanceKlass java/time/format/DateTimeFormatterBuilder$ZoneIdPrinterParser
instanceKlass java/time/format/DateTimeFormatterBuilder$OffsetIdPrinterParser
instanceKlass java/time/format/DecimalStyle
instanceKlass java/time/format/DateTimeFormatterBuilder$CompositePrinterParser
instanceKlass java/time/chrono/AbstractChronology
instanceKlass java/time/chrono/Chronology
instanceKlass java/time/format/DateTimeFormatterBuilder$CharLiteralPrinterParser
instanceKlass java/time/format/DateTimeFormatterBuilder$NumberPrinterParser
instanceKlass java/time/format/DateTimeFormatterBuilder$DateTimePrinterParser
instanceKlass java/time/Instant
instanceKlass java/time/temporal/TemporalAdjuster
instanceKlass java/time/temporal/ValueRange
instanceKlass java/time/temporal/TemporalField
instanceKlass  @bci java/time/format/DateTimeFormatterBuilder <clinit> ()V 0 <appendix> argL0 ; # java/time/format/DateTimeFormatterBuilder$$Lambda+0x800000020
instanceKlass java/time/temporal/TemporalQuery
instanceKlass java/time/format/DateTimeFormatterBuilder
instanceKlass java/time/format/DateTimeFormatter
instanceKlass java/time/temporal/Temporal
instanceKlass java/time/temporal/TemporalAccessor
instanceKlass org/codehaus/plexus/component/configurator/converters/ParameterizedConfigurationConverter
instanceKlass org/codehaus/plexus/component/configurator/converters/AbstractConfigurationConverter
instanceKlass org/codehaus/plexus/component/configurator/converters/ConfigurationConverter
instanceKlass org/codehaus/plexus/component/configurator/converters/lookup/DefaultConverterLookup
instanceKlass org/codehaus/plexus/component/configurator/expression/DefaultExpressionEvaluator
instanceKlass  @bci org/apache/maven/plugin/internal/ReadOnlyPluginParametersValidator doValidate (Lorg/apache/maven/execution/MavenSession;Lorg/apache/maven/plugin/descriptor/MojoDescriptor;Ljava/lang/Class;Lorg/codehaus/plexus/configuration/PlexusConfiguration;Lorg/codehaus/plexus/component/configurator/expression/ExpressionEvaluator;)V 35 <appendix> member <vmtarget> ; # org/apache/maven/plugin/internal/ReadOnlyPluginParametersValidator$$Lambda+0x000000001622d2a0
instanceKlass  @bci org/apache/maven/plugin/internal/ReadOnlyPluginParametersValidator doValidate (Lorg/apache/maven/execution/MavenSession;Lorg/apache/maven/plugin/descriptor/MojoDescriptor;Ljava/lang/Class;Lorg/codehaus/plexus/configuration/PlexusConfiguration;Lorg/codehaus/plexus/component/configurator/expression/ExpressionEvaluator;)V 17 <appendix> argL0 ; # org/apache/maven/plugin/internal/ReadOnlyPluginParametersValidator$$Lambda+0x000000001622d048
instanceKlass  @bci org/apache/maven/plugin/internal/DeprecatedPluginValidator doValidate (Lorg/apache/maven/execution/MavenSession;Lorg/apache/maven/plugin/descriptor/MojoDescriptor;Ljava/lang/Class;Lorg/codehaus/plexus/configuration/PlexusConfiguration;Lorg/codehaus/plexus/component/configurator/expression/ExpressionEvaluator;)V 71 <appendix> member <vmtarget> ; # org/apache/maven/plugin/internal/DeprecatedPluginValidator$$Lambda+0x000000001622ce08
instanceKlass  @cpi com/sun/tools/javac/comp/Attr 5330 form vmentry <vmtarget> ; # java/lang/invoke/LambdaForm$DMH+0x0000000016228c00
instanceKlass  @bci org/apache/maven/plugin/internal/DeprecatedPluginValidator doValidate (Lorg/apache/maven/execution/MavenSession;Lorg/apache/maven/plugin/descriptor/MojoDescriptor;Ljava/lang/Class;Lorg/codehaus/plexus/configuration/PlexusConfiguration;Lorg/codehaus/plexus/component/configurator/expression/ExpressionEvaluator;)V 53 <appendix> argL0 ; # org/apache/maven/plugin/internal/DeprecatedPluginValidator$$Lambda+0x000000001622cbb0
instanceKlass  @cpi com/sun/tools/javac/comp/Operators$BinaryNumericOperator 78 form vmentry <vmtarget> ; # java/lang/invoke/LambdaForm$DMH+0x0000000016228800
instanceKlass  @bci org/apache/maven/plugin/internal/DeprecatedPluginValidator doValidate (Lorg/apache/maven/execution/MavenSession;Lorg/apache/maven/plugin/descriptor/MojoDescriptor;Ljava/lang/Class;Lorg/codehaus/plexus/configuration/PlexusConfiguration;Lorg/codehaus/plexus/component/configurator/expression/ExpressionEvaluator;)V 43 <appendix> argL0 ; # org/apache/maven/plugin/internal/DeprecatedPluginValidator$$Lambda+0x000000001622c958
instanceKlass  @bci org/apache/maven/plugin/internal/DeprecatedCoreExpressionValidator doValidate (Lorg/apache/maven/execution/MavenSession;Lorg/apache/maven/plugin/descriptor/MojoDescriptor;Ljava/lang/Class;Lorg/codehaus/plexus/configuration/PlexusConfiguration;Lorg/codehaus/plexus/component/configurator/expression/ExpressionEvaluator;)V 43 <appendix> member <vmtarget> ; # org/apache/maven/plugin/internal/DeprecatedCoreExpressionValidator$$Lambda+0x000000001622c718
instanceKlass  @bci org/apache/maven/plugin/internal/DeprecatedCoreExpressionValidator doValidate (Lorg/apache/maven/execution/MavenSession;Lorg/apache/maven/plugin/descriptor/MojoDescriptor;Ljava/lang/Class;Lorg/codehaus/plexus/configuration/PlexusConfiguration;Lorg/codehaus/plexus/component/configurator/expression/ExpressionEvaluator;)V 29 <appendix> member <vmtarget> ; # org/apache/maven/plugin/internal/DeprecatedCoreExpressionValidator$$Lambda+0x000000001622c4c8
instanceKlass  @bci org/apache/maven/plugin/internal/DeprecatedCoreExpressionValidator doValidate (Lorg/apache/maven/execution/MavenSession;Lorg/apache/maven/plugin/descriptor/MojoDescriptor;Ljava/lang/Class;Lorg/codehaus/plexus/configuration/PlexusConfiguration;Lorg/codehaus/plexus/component/configurator/expression/ExpressionEvaluator;)V 18 <appendix> member <vmtarget> ; # org/apache/maven/plugin/internal/DeprecatedCoreExpressionValidator$$Lambda+0x000000001622c268
instanceKlass org/apache/maven/plugin/PluginParameterExpressionEvaluator
instanceKlass org/codehaus/plexus/component/configurator/expression/TypeAwareExpressionEvaluator
instanceKlass org/apache/maven/monitor/logging/DefaultLog
instanceKlass org/apache/maven/plugins/clean/CleanMojo$$FastClassByGuice$$184744506
instanceKlass com/google/inject/internal/Messages$Converter
instanceKlass com/google/inject/internal/Messages
instanceKlass org/w3c/dom/Element
instanceKlass org/w3c/dom/Document
instanceKlass org/w3c/dom/Node
instanceKlass org/apache/maven/plugins/clean/Fileset
instanceKlass org/apache/maven/plugins/clean/Selector
instanceKlass sun/security/util/SecurityProperties
instanceKlass jdk/internal/util/Exceptions
instanceKlass jdk/internal/util/Exceptions$SensitiveInfo
instanceKlass java/util/jar/JarVerifier
instanceKlass org/eclipse/sisu/space/FileEntryIterator
instanceKlass org/eclipse/sisu/space/ResourceEnumeration
instanceKlass org/eclipse/sisu/plexus/ComponentDescriptorBeanModule$PlexusDescriptorBeanSource
instanceKlass org/apache/maven/plugin/AbstractMojo
instanceKlass org/apache/maven/plugin/ContextEnabled
instanceKlass org/apache/maven/plugin/Mojo
instanceKlass org/eclipse/sisu/plexus/ComponentDescriptorBeanModule
instanceKlass  @bci org/codehaus/plexus/DefaultPlexusContainer addComponentDescriptor (Lorg/codehaus/plexus/component/repository/ComponentDescriptor;)V 32 <appendix> argL0 ; # org/codehaus/plexus/DefaultPlexusContainer$$Lambda+0x0000000016221eb8
instanceKlass org/apache/maven/classrealm/ArtifactClassRealmConstituent
instanceKlass  @bci org/apache/maven/RepositoryUtils toArtifacts (Ljava/util/Collection;)Ljava/util/Collection; 6 <appendix> argL0 ; # org/apache/maven/RepositoryUtils$$Lambda+0x00000000162219e8
instanceKlass org/apache/maven/plugin/internal/WagonExcluder
instanceKlass  @bci org/apache/maven/plugin/DefaultPluginRealmCache get (Lorg/apache/maven/plugin/PluginRealmCache$Key;Lorg/apache/maven/plugin/PluginRealmCache$PluginRealmSupplier;)Lorg/apache/maven/plugin/PluginRealmCache$CacheRecord; 6 <appendix> member <vmtarget> ; # org/apache/maven/plugin/DefaultPluginRealmCache$$Lambda+0x0000000016221558
instanceKlass  @bci com/sun/tools/javac/comp/Attr check (Lcom/sun/tools/javac/tree/JCTree;Lcom/sun/tools/javac/code/Type;Lcom/sun/tools/javac/code/Kinds$KindSelector;Lcom/sun/tools/javac/comp/Attr$ResultInfo;)Lcom/sun/tools/javac/code/Type; 163 <appendix> form vmentry <vmtarget> ; # java/lang/invoke/LambdaForm$DMH+0x0000000016224000
instanceKlass  @bci org/apache/maven/plugin/internal/DefaultMavenPluginManager setupPluginRealm (Lorg/apache/maven/plugin/descriptor/PluginDescriptor;Lorg/apache/maven/execution/MavenSession;Ljava/lang/ClassLoader;Ljava/util/List;Lorg/eclipse/aether/graph/DependencyFilter;)V 177 <appendix> member <vmtarget> ; # org/apache/maven/plugin/internal/DefaultMavenPluginManager$$Lambda+0x0000000016221328
instanceKlass org/apache/maven/plugin/CacheUtils
instanceKlass org/apache/maven/plugin/DefaultPluginRealmCache$CacheKey
instanceKlass org/eclipse/aether/util/graph/visitor/TreeDependencyVisitor
instanceKlass org/eclipse/aether/util/graph/visitor/FilteringDependencyVisitor
instanceKlass org/eclipse/aether/internal/impl/ArtifactRequestBuilder
instanceKlass org/eclipse/aether/util/graph/transformer/NearestVersionSelector$ConflictGroup
instanceKlass org/eclipse/aether/util/graph/transformer/ConflictResolver$ConflictItem
instanceKlass org/eclipse/aether/util/graph/transformer/ConflictResolver$NodeInfo
instanceKlass org/eclipse/aether/util/graph/transformer/ConflictResolver$ScopeContext
instanceKlass org/eclipse/aether/util/graph/transformer/ConflictResolver$ConflictContext
instanceKlass org/eclipse/aether/util/graph/transformer/ConflictResolver$State
instanceKlass org/eclipse/aether/util/graph/transformer/ConflictIdSorter$RootQueue
instanceKlass org/eclipse/aether/util/graph/transformer/ConflictIdSorter$ConflictId
instanceKlass org/eclipse/aether/util/graph/transformer/ConflictMarker$ConflictGroup
instanceKlass org/eclipse/aether/util/graph/transformer/ConflictMarker$Key
instanceKlass org/eclipse/aether/util/graph/transformer/ConflictMarker
instanceKlass org/eclipse/aether/util/graph/transformer/ConflictIdSorter
instanceKlass org/eclipse/aether/util/graph/transformer/TransformationContextKeys
instanceKlass org/eclipse/aether/internal/impl/collect/DefaultDependencyGraphTransformationContext
# instanceKlass java/lang/invoke/LambdaForm$MH+0x000000001621dc00
# instanceKlass java/lang/invoke/LambdaForm$MH+0x000000001621d800
# instanceKlass java/lang/invoke/LambdaForm$MH+0x000000001621d400
# instanceKlass java/lang/invoke/LambdaForm$MH+0x000000001621d000
instanceKlass org/eclipse/aether/util/graph/selector/ExclusionDependencySelector$ExclusionComparator
instanceKlass org/apache/maven/model/merge/ModelMerger$NotifierKeyComputer
instanceKlass  @bci org/apache/maven/model/building/DefaultModelBuilder lambda$getInterpolatedProfiles$0 (Lorg/apache/maven/model/profile/DefaultProfileActivationContext;Lorg/apache/maven/model/building/DefaultModelProblemCollector;Lorg/apache/maven/model/ActivationFile;)V 57 <appendix> member <vmtarget> ; # org/apache/maven/model/building/DefaultModelBuilder$$Lambda+0x000000001621b190
instanceKlass  @bci org/apache/maven/model/building/DefaultModelBuilder lambda$getInterpolatedProfiles$0 (Lorg/apache/maven/model/profile/DefaultProfileActivationContext;Lorg/apache/maven/model/building/DefaultModelProblemCollector;Lorg/apache/maven/model/ActivationFile;)V 34 <appendix> member <vmtarget> ; # org/apache/maven/model/building/DefaultModelBuilder$$Lambda+0x000000001621af50
instanceKlass  @bci org/apache/maven/model/building/DefaultModelBuilder lambda$getInterpolatedProfiles$0 (Lorg/apache/maven/model/profile/DefaultProfileActivationContext;Lorg/apache/maven/model/building/DefaultModelProblemCollector;Lorg/apache/maven/model/ActivationFile;)V 8 <appendix> member <vmtarget> ; # org/apache/maven/model/building/DefaultModelBuilder$$Lambda+0x000000001621ad20
instanceKlass org/apache/maven/artifact/handler/DefaultArtifactHandler$__sisu12$$FastClassByGuice$$184336382
instanceKlass org/eclipse/aether/collection/DependencyManagement
instanceKlass org/eclipse/aether/internal/impl/collect/DataPool$GraphKey
instanceKlass org/eclipse/aether/internal/impl/collect/DefaultDependencyCycle
instanceKlass org/eclipse/aether/internal/impl/collect/DataPool$Descriptor
instanceKlass  @bci org/eclipse/aether/internal/impl/collect/DataPool$HardInternPool intern (Ljava/lang/Object;Ljava/lang/Object;)Ljava/lang/Object; 6 <appendix> member <vmtarget> ; # org/eclipse/aether/internal/impl/collect/DataPool$HardInternPool$$Lambda+0x000000001621a030
instanceKlass org/eclipse/aether/internal/impl/collect/DataPool$DescriptorKey
instanceKlass org/eclipse/aether/internal/impl/collect/DataPool$Constraint$VersionRepo
instanceKlass org/eclipse/aether/internal/impl/collect/DataPool$Constraint
instanceKlass org/eclipse/aether/internal/impl/collect/DataPool$ConstraintKey
instanceKlass org/eclipse/aether/internal/impl/collect/CollectStepDataImpl
instanceKlass org/eclipse/aether/collection/CollectStepData
instanceKlass org/eclipse/aether/graph/Dependency$Exclusions$1
instanceKlass  @bci org/eclipse/aether/util/graph/manager/ClassicDependencyManager deriveChildManager (Lorg/eclipse/aether/collection/DependencyCollectionContext;)Lorg/eclipse/aether/collection/DependencyManager; 420 <appendix> argL0 ; # org/eclipse/aether/util/graph/manager/ClassicDependencyManager$$Lambda+0x0000000016218cd0
instanceKlass org/eclipse/aether/util/graph/manager/ClassicDependencyManager$Key
instanceKlass org/eclipse/aether/internal/impl/collect/df/NodeStack
instanceKlass org/eclipse/aether/graph/DependencyCycle
instanceKlass org/eclipse/aether/internal/impl/collect/DataPool$HardInternPool
instanceKlass org/eclipse/aether/internal/impl/collect/DataPool$WeakInternPool
instanceKlass org/eclipse/aether/internal/impl/collect/DataPool$InternPool
instanceKlass org/eclipse/aether/internal/impl/collect/CachingArtifactTypeRegistry
instanceKlass org/apache/maven/artifact/handler/DefaultArtifactHandler$__sisu16$$FastClassByGuice$$183070519
instanceKlass  @bci org/apache/maven/RepositoryUtils toDependency (Lorg/apache/maven/model/Dependency;Lorg/eclipse/aether/artifact/ArtifactTypeRegistry;)Lorg/eclipse/aether/graph/Dependency; 106 <appendix> argL0 ; # org/apache/maven/RepositoryUtils$$Lambda+0x0000000016210a48
instanceKlass  @bci org/apache/maven/RepositoryUtils toDependency (Lorg/apache/maven/artifact/Artifact;Ljava/util/Collection;)Lorg/eclipse/aether/graph/Dependency; 29 <appendix> argL0 ; # org/apache/maven/RepositoryUtils$$Lambda+0x0000000016210800
instanceKlass org/eclipse/aether/util/artifact/ArtifactIdUtils
instanceKlass org/apache/maven/project/DefaultDependencyResolutionRequest
instanceKlass org/apache/maven/lifecycle/internal/LifecycleDependencyResolver$ReactorDependencyFilter
instanceKlass org/eclipse/aether/util/filter/AndDependencyFilter
instanceKlass org/eclipse/aether/util/filter/ScopeDependencyFilter
instanceKlass  @bci org/apache/maven/project/artifact/DefaultProjectArtifactsCache createKey (Lorg/apache/maven/project/MavenProject;Ljava/util/Collection;Ljava/util/Collection;ZLorg/eclipse/aether/RepositorySystemSession;)Lorg/apache/maven/project/artifact/ProjectArtifactsCache$Key; 26 <appendix> argL0 ; # org/apache/maven/project/artifact/DefaultProjectArtifactsCache$$Lambda+0x0000000016211000
instanceKlass org/apache/maven/project/artifact/DefaultProjectArtifactsCache$CacheKey
instanceKlass org/apache/maven/lifecycle/internal/MojoExecutor$ProjectLock
instanceKlass  @bci org/apache/maven/plugin/internal/DefaultMavenPluginManager checkPrerequisites (Lorg/apache/maven/plugin/descriptor/PluginDescriptor;)V 14 <appendix> member <vmtarget> ; # org/apache/maven/plugin/internal/DefaultMavenPluginManager$$Lambda+0x00000000162138d8
instanceKlass  @cpi org/apache/maven/plugin/internal/DefaultMavenPluginManager 1250 form vmentry <vmtarget> ; # java/lang/invoke/LambdaForm$DMH+0x0000000016210400
instanceKlass org/apache/maven/lifecycle/internal/MojoExecutor$1
instanceKlass org/apache/maven/lifecycle/internal/ExecutionPlanItem
instanceKlass org/codehaus/plexus/component/repository/ComponentRequirement
instanceKlass  @bci org/apache/maven/lifecycle/internal/DefaultMojoExecutionConfigurator getUnknownParameters (Lorg/apache/maven/plugin/MojoExecution;Ljava/util/Set;)Ljava/util/Set; 21 <appendix> member <vmtarget> ; # org/apache/maven/lifecycle/internal/DefaultMojoExecutionConfigurator$$Lambda+0x0000000016212ff8
instanceKlass  @bci org/apache/maven/lifecycle/internal/DefaultMojoExecutionConfigurator getUnknownParameters (Lorg/apache/maven/plugin/MojoExecution;Ljava/util/Set;)Ljava/util/Set; 10 <appendix> argL0 ; # org/apache/maven/lifecycle/internal/DefaultMojoExecutionConfigurator$$Lambda+0x0000000016212db0
instanceKlass  @bci org/apache/maven/lifecycle/internal/DefaultMojoExecutionConfigurator checkUnknownMojoConfigurationParameters (Lorg/apache/maven/plugin/MojoExecution;)V 54 <appendix> member <vmtarget> ; # org/apache/maven/lifecycle/internal/DefaultMojoExecutionConfigurator$$Lambda+0x0000000016212b60
instanceKlass  @bci org/apache/maven/lifecycle/internal/DefaultMojoExecutionConfigurator checkUnknownMojoConfigurationParameters (Lorg/apache/maven/plugin/MojoExecution;)V 37 <appendix> argL0 ; # org/apache/maven/lifecycle/internal/DefaultMojoExecutionConfigurator$$Lambda+0x0000000016212938
instanceKlass org/apache/maven/lifecycle/internal/DefaultMojoExecutionConfigurator$$FastClassByGuice$$181855961
instanceKlass org/codehaus/plexus/component/repository/ComponentDependency
instanceKlass org/apache/maven/model/Notifier
instanceKlass org/apache/maven/plugin/MavenPluginValidator
instanceKlass  @bci org/apache/maven/plugin/descriptor/PluginDescriptorBuilder extractRequiredJavaVersion (Lorg/codehaus/plexus/configuration/PlexusConfiguration;)Ljava/util/Optional; 12 <appendix> argL0 ; # org/apache/maven/plugin/descriptor/PluginDescriptorBuilder$$Lambda+0x0000000016217a28
instanceKlass org/codehaus/plexus/configuration/DefaultPlexusConfiguration
instanceKlass  @bci org/apache/maven/plugin/internal/PlexusContainerDefaultDependenciesValidator doValidate (Lorg/eclipse/aether/RepositorySystemSession;Lorg/eclipse/aether/artifact/Artifact;Lorg/eclipse/aether/resolution/ArtifactDescriptorResult;)V 19 <appendix> argL0 ; # org/apache/maven/plugin/internal/PlexusContainerDefaultDependenciesValidator$$Lambda+0x0000000016216938
instanceKlass  @bci org/apache/maven/plugin/internal/PlexusContainerDefaultDependenciesValidator doValidate (Lorg/eclipse/aether/RepositorySystemSession;Lorg/eclipse/aether/artifact/Artifact;Lorg/eclipse/aether/resolution/ArtifactDescriptorResult;)V 9 <appendix> argL0 ; # org/apache/maven/plugin/internal/PlexusContainerDefaultDependenciesValidator$$Lambda+0x00000000162166e0
instanceKlass  @bci org/apache/maven/plugin/internal/MavenScopeDependenciesValidator doValidate (Lorg/eclipse/aether/RepositorySystemSession;Lorg/eclipse/aether/artifact/Artifact;Lorg/eclipse/aether/resolution/ArtifactDescriptorResult;)V 59 <appendix> argL0 ; # org/apache/maven/plugin/internal/MavenScopeDependenciesValidator$$Lambda+0x0000000016216498
instanceKlass  @bci org/apache/maven/plugin/internal/MavenScopeDependenciesValidator doValidate (Lorg/eclipse/aether/RepositorySystemSession;Lorg/eclipse/aether/artifact/Artifact;Lorg/eclipse/aether/resolution/ArtifactDescriptorResult;)V 49 <appendix> argL0 ; # org/apache/maven/plugin/internal/MavenScopeDependenciesValidator$$Lambda+0x0000000016216240
instanceKlass  @bci org/apache/maven/plugin/internal/MavenScopeDependenciesValidator doValidate (Lorg/eclipse/aether/RepositorySystemSession;Lorg/eclipse/aether/artifact/Artifact;Lorg/eclipse/aether/resolution/ArtifactDescriptorResult;)V 39 <appendix> argL0 ; # org/apache/maven/plugin/internal/MavenScopeDependenciesValidator$$Lambda+0x0000000016215fe8
instanceKlass  @bci org/apache/maven/plugin/internal/MavenScopeDependenciesValidator doValidate (Lorg/eclipse/aether/RepositorySystemSession;Lorg/eclipse/aether/artifact/Artifact;Lorg/eclipse/aether/resolution/ArtifactDescriptorResult;)V 29 <appendix> argL0 ; # org/apache/maven/plugin/internal/MavenScopeDependenciesValidator$$Lambda+0x0000000016215d90
instanceKlass  @bci org/apache/maven/plugin/internal/MavenScopeDependenciesValidator doValidate (Lorg/eclipse/aether/RepositorySystemSession;Lorg/eclipse/aether/artifact/Artifact;Lorg/eclipse/aether/resolution/ArtifactDescriptorResult;)V 19 <appendix> argL0 ; # org/apache/maven/plugin/internal/MavenScopeDependenciesValidator$$Lambda+0x0000000016215b48
instanceKlass  @bci org/apache/maven/plugin/internal/MavenScopeDependenciesValidator doValidate (Lorg/eclipse/aether/RepositorySystemSession;Lorg/eclipse/aether/artifact/Artifact;Lorg/eclipse/aether/resolution/ArtifactDescriptorResult;)V 9 <appendix> argL0 ; # org/apache/maven/plugin/internal/MavenScopeDependenciesValidator$$Lambda+0x00000000162158f0
instanceKlass  @bci org/apache/maven/plugin/internal/MavenMixedDependenciesValidator doValidate (Lorg/eclipse/aether/RepositorySystemSession;Lorg/eclipse/aether/artifact/Artifact;Lorg/eclipse/aether/resolution/ArtifactDescriptorResult;)V 39 <appendix> argL0 ; # org/apache/maven/plugin/internal/MavenMixedDependenciesValidator$$Lambda+0x00000000162156a8
instanceKlass  @bci org/apache/maven/plugin/internal/MavenMixedDependenciesValidator doValidate (Lorg/eclipse/aether/RepositorySystemSession;Lorg/eclipse/aether/artifact/Artifact;Lorg/eclipse/aether/resolution/ArtifactDescriptorResult;)V 29 <appendix> argL0 ; # org/apache/maven/plugin/internal/MavenMixedDependenciesValidator$$Lambda+0x0000000016215450
instanceKlass  @bci org/apache/maven/plugin/internal/MavenMixedDependenciesValidator doValidate (Lorg/eclipse/aether/RepositorySystemSession;Lorg/eclipse/aether/artifact/Artifact;Lorg/eclipse/aether/resolution/ArtifactDescriptorResult;)V 19 <appendix> argL0 ; # org/apache/maven/plugin/internal/MavenMixedDependenciesValidator$$Lambda+0x00000000162151f8
instanceKlass  @bci org/apache/maven/plugin/internal/MavenMixedDependenciesValidator doValidate (Lorg/eclipse/aether/RepositorySystemSession;Lorg/eclipse/aether/artifact/Artifact;Lorg/eclipse/aether/resolution/ArtifactDescriptorResult;)V 9 <appendix> argL0 ; # org/apache/maven/plugin/internal/MavenMixedDependenciesValidator$$Lambda+0x0000000016214fb0
instanceKlass  @bci java/util/stream/Collectors toSet ()Ljava/util/stream/Collector; 14 <appendix> argL0 ; # java/util/stream/Collectors$$Lambda+0x800000046
instanceKlass  @bci java/util/stream/Collectors toSet ()Ljava/util/stream/Collector; 9 <appendix> argL0 ; # java/util/stream/Collectors$$Lambda+0x80000003e
instanceKlass  @bci java/util/stream/Collectors toSet ()Ljava/util/stream/Collector; 4 <appendix> argL0 ; # java/util/stream/Collectors$$Lambda+0x80000004b
instanceKlass  @bci org/apache/maven/plugin/internal/Maven2DependenciesValidator doValidate (Lorg/eclipse/aether/RepositorySystemSession;Lorg/eclipse/aether/artifact/Artifact;Lorg/eclipse/aether/resolution/ArtifactDescriptorResult;)V 49 <appendix> argL0 ; # org/apache/maven/plugin/internal/Maven2DependenciesValidator$$Lambda+0x0000000016214d58
instanceKlass  @bci org/apache/maven/plugin/internal/Maven2DependenciesValidator doValidate (Lorg/eclipse/aether/RepositorySystemSession;Lorg/eclipse/aether/artifact/Artifact;Lorg/eclipse/aether/resolution/ArtifactDescriptorResult;)V 39 <appendix> argL0 ; # org/apache/maven/plugin/internal/Maven2DependenciesValidator$$Lambda+0x0000000016214b10
instanceKlass  @bci org/apache/maven/plugin/internal/Maven2DependenciesValidator doValidate (Lorg/eclipse/aether/RepositorySystemSession;Lorg/eclipse/aether/artifact/Artifact;Lorg/eclipse/aether/resolution/ArtifactDescriptorResult;)V 29 <appendix> argL0 ; # org/apache/maven/plugin/internal/Maven2DependenciesValidator$$Lambda+0x00000000162148b8
instanceKlass  @bci org/apache/maven/plugin/internal/Maven2DependenciesValidator doValidate (Lorg/eclipse/aether/RepositorySystemSession;Lorg/eclipse/aether/artifact/Artifact;Lorg/eclipse/aether/resolution/ArtifactDescriptorResult;)V 19 <appendix> argL0 ; # org/apache/maven/plugin/internal/Maven2DependenciesValidator$$Lambda+0x0000000016214660
instanceKlass  @bci org/apache/maven/plugin/internal/Maven2DependenciesValidator doValidate (Lorg/eclipse/aether/RepositorySystemSession;Lorg/eclipse/aether/artifact/Artifact;Lorg/eclipse/aether/resolution/ArtifactDescriptorResult;)V 9 <appendix> argL0 ; # org/apache/maven/plugin/internal/Maven2DependenciesValidator$$Lambda+0x0000000016214418
instanceKlass org/apache/maven/model/io/xpp3/MavenXpp3Reader$1
instanceKlass org/apache/maven/model/io/xpp3/MavenXpp3Reader$ContentTransformer
instanceKlass org/apache/maven/model/io/xpp3/MavenXpp3Reader
instanceKlass org/apache/maven/repository/internal/DefaultModelResolver
instanceKlass  @bci org/apache/maven/plugin/internal/DefaultMavenPluginManager getPluginDescriptor (Lorg/apache/maven/model/Plugin;Ljava/util/List;Lorg/eclipse/aether/RepositorySystemSession;)Lorg/apache/maven/plugin/descriptor/PluginDescriptor; 24 <appendix> member <vmtarget> ; # org/apache/maven/plugin/internal/DefaultMavenPluginManager$$Lambda+0x000000001620b220
instanceKlass  @bci org/apache/maven/plugin/DefaultPluginDescriptorCache createKey (Lorg/apache/maven/model/Plugin;Ljava/util/List;Lorg/eclipse/aether/RepositorySystemSession;)Lorg/apache/maven/plugin/PluginDescriptorCache$Key; 14 <appendix> argL0 ; # org/apache/maven/plugin/DefaultPluginDescriptorCache$$Lambda+0x000000001620afd8
instanceKlass org/apache/maven/plugin/DefaultPluginDescriptorCache$CacheKey
instanceKlass org/apache/maven/lifecycle/internal/GoalTask
instanceKlass org/apache/maven/execution/ProjectExecutionEvent
instanceKlass org/apache/maven/lifecycle/internal/CompoundProjectExecutionListener
# instanceKlass java/lang/invoke/LambdaForm$MH+0x0000000016210000
instanceKlass org/apache/maven/lifecycle/internal/DefaultLifecycleMappingDelegate$$FastClassByGuice$$180472979
instanceKlass org/apache/maven/lifecycle/internal/DefaultLifecycleExecutionPlanCalculator$$FastClassByGuice$$180028488
instanceKlass org/apache/maven/project/artifact/DefaultProjectArtifactsCache$$FastClassByGuice$$179230727
instanceKlass org/apache/maven/artifact/factory/DefaultArtifactFactory$$FastClassByGuice$$178009870
instanceKlass org/apache/maven/lifecycle/internal/builder/singlethreaded/SingleThreadedBuilder$$FastClassByGuice$$176596425
instanceKlass org/apache/maven/graph/DefaultProjectDependencyGraph$MavenProjectComparator
instanceKlass org/apache/maven/graph/FilteredProjectDependencyGraph$Key
instanceKlass org/apache/maven/lifecycle/internal/LifecycleTask
instanceKlass  @bci org/apache/maven/plugin/internal/DefaultPluginValidationManager validationPluginExcludes (Lorg/eclipse/aether/RepositorySystemSession;)Ljava/util/List; 11 <appendix> member <vmtarget> ; # org/apache/maven/plugin/internal/DefaultPluginValidationManager$$Lambda+0x000000001620fd38
instanceKlass  @bci org/apache/maven/plugin/internal/DefaultPluginValidationManager validationReportLevel (Lorg/eclipse/aether/RepositorySystemSession;)Lorg/apache/maven/plugin/internal/DefaultPluginValidationManager$ValidationReportLevel; 10 <appendix> member <vmtarget> ; # org/apache/maven/plugin/internal/DefaultPluginValidationManager$$Lambda+0x000000001620fb08
instanceKlass  @bci org/apache/maven/graph/FilteredProjectDependencyGraph <init> (Lorg/apache/maven/execution/ProjectDependencyGraph;Ljava/util/Collection;)V 103 <appendix> member <vmtarget> ; # org/apache/maven/graph/FilteredProjectDependencyGraph$$Lambda+0x000000001620f8a8
instanceKlass org/apache/maven/graph/FilteredProjectDependencyGraph
instanceKlass org/apache/maven/internal/aether/MavenChainedWorkspaceReader
instanceKlass  @bci java/util/stream/Collectors lambda$groupingBy$0 (Ljava/util/function/Function;Ljava/util/function/Supplier;Ljava/util/function/BiConsumer;Ljava/util/Map;Ljava/lang/Object;)V 20 <appendix> member <vmtarget> ; # java/util/stream/Collectors$$Lambda+0x00000000161ca7d0
instanceKlass  @bci java/util/stream/Collectors groupingBy (Ljava/util/function/Function;Ljava/util/function/Supplier;Ljava/util/stream/Collector;)Ljava/util/stream/Collector; 19 <appendix> member <vmtarget> ; # java/util/stream/Collectors$$Lambda+0x00000000161ca590
instanceKlass  @bci java/util/stream/Collectors groupingBy (Ljava/util/function/Function;Ljava/util/stream/Collector;)Ljava/util/stream/Collector; 1 <appendix> argL0 ; # java/util/stream/Collectors$$Lambda+0x00000000161ca368
instanceKlass  @bci org/apache/maven/ReactorReader <init> (Lorg/apache/maven/execution/MavenSession;)V 14 <appendix> argL0 ; # org/apache/maven/ReactorReader$$Lambda+0x000000001620efa0
instanceKlass  @bci org/apache/maven/ReactorReader <init> (Lorg/apache/maven/execution/MavenSession;)V 5 <appendix> argL0 ; # org/apache/maven/ReactorReader$$Lambda+0x000000001620ed58
instanceKlass  @bci org/apache/maven/session/scope/internal/SessionScope$ScopeState scope (Lcom/google/inject/Key;Lcom/google/inject/Provider;)Lcom/google/inject/Provider; 6 <appendix> member <vmtarget> ; # org/apache/maven/session/scope/internal/SessionScope$ScopeState$$Lambda+0x000000001620eb08
instanceKlass  @bci org/apache/maven/execution/MavenSession setProjects (Ljava/util/List;)V 40 <appendix> argL0 ; # org/apache/maven/execution/MavenSession$$Lambda+0x000000001620e8b0
instanceKlass  @bci org/apache/maven/execution/MavenSession setProjects (Ljava/util/List;)V 22 <appendix> member <vmtarget> ; # org/apache/maven/execution/MavenSession$$Lambda+0x000000001620e680
instanceKlass org/codehaus/plexus/util/dag/TopologicalSorter
instanceKlass org/codehaus/plexus/util/dag/Vertex
instanceKlass org/codehaus/plexus/util/dag/DAG
instanceKlass org/apache/maven/project/ProjectSorter
instanceKlass org/apache/maven/graph/DefaultProjectDependencyGraph
instanceKlass org/apache/maven/project/DefaultProjectBuildingResult
instanceKlass org/apache/maven/lifecycle/mapping/DefaultLifecycleMapping$$FastClassByGuice$$175181681
instanceKlass org/apache/maven/model/Site
instanceKlass java/util/stream/Streams$RangeIntSpliterator
instanceKlass  @bci org/apache/maven/model/building/DefaultModelBuilder lambda$getInterpolatedProfiles$4 (Lorg/apache/maven/model/Activation;Lorg/codehaus/plexus/interpolation/RegexBasedInterpolator;Lorg/apache/maven/model/building/DefaultModelProblemCollector;Ljava/lang/String;)V 32 <appendix> member <vmtarget> ; # org/apache/maven/model/building/DefaultModelBuilder$$Lambda+0x000000001620d358
instanceKlass  @bci org/apache/maven/model/building/DefaultModelBuilder lambda$getInterpolatedProfiles$4 (Lorg/apache/maven/model/Activation;Lorg/codehaus/plexus/interpolation/RegexBasedInterpolator;Lorg/apache/maven/model/building/DefaultModelProblemCollector;Ljava/lang/String;)V 12 <appendix> member <vmtarget> ; # org/apache/maven/model/building/DefaultModelBuilder$$Lambda+0x000000001620d128
instanceKlass org/apache/maven/lifecycle/Lifecycle$__sisu8$$FastClassByGuice$$174407540
instanceKlass org/apache/maven/lifecycle/Lifecycle$__sisu7$$FastClassByGuice$$173549832
instanceKlass org/apache/maven/lifecycle/mapping/LifecycleMojo
instanceKlass org/apache/maven/lifecycle/mapping/DefaultLifecycleMapping$__sisu1$$FastClassByGuice$$172686196
instanceKlass org/apache/maven/lifecycle/mapping/Lifecycle
instanceKlass org/apache/maven/model/building/DefaultModelBuildingEvent
instanceKlass org/apache/maven/model/building/ModelBuildingEventCatapult$1
instanceKlass org/apache/maven/project/DefaultProjectBuilder$InterimResult
instanceKlass org/apache/maven/artifact/handler/DefaultArtifactHandler$__sisu13$$FastClassByGuice$$171815216
instanceKlass org/apache/maven/artifact/versioning/Restriction
# instanceKlass java/lang/invoke/LambdaForm$MH+0x0000000016209400
# instanceKlass java/lang/invoke/LambdaForm$MH+0x0000000016209000
# instanceKlass java/lang/invoke/LambdaForm$MH+0x0000000016208c00
# instanceKlass java/lang/invoke/LambdaForm$BMH+0x0000000016208800
# instanceKlass java/lang/invoke/LambdaForm$DMH+0x0000000016208400
# instanceKlass java/lang/invoke/LambdaForm$MH+0x0000000016208000
# instanceKlass java/lang/invoke/LambdaForm$DMH+0x0000000016205c00
instanceKlass java/lang/invoke/ClassSpecializer$Factory$1$5$1
instanceKlass java/lang/invoke/ClassSpecializer$Factory$1$5
instanceKlass java/lang/invoke/ClassSpecializer$Factory$1$4
instanceKlass java/lang/invoke/ClassSpecializer$Factory$1$3
instanceKlass java/lang/invoke/ClassSpecializer$Factory$1$2
instanceKlass java/lang/invoke/ClassSpecializer$Factory$1$1Var
instanceKlass java/lang/invoke/ClassSpecializer$Factory$1$1
instanceKlass java/lang/invoke/ClassSpecializer$Factory$1
instanceKlass java/lang/invoke/MethodHandles$1
instanceKlass sun/invoke/util/ValueConversions$1
# instanceKlass java/lang/invoke/LambdaForm$DMH+0x0000000016205800
# instanceKlass java/lang/invoke/LambdaForm$MH+0x0000000016205400
# instanceKlass java/lang/invoke/LambdaForm$MH+0x0000000016205000
# instanceKlass java/lang/invoke/LambdaForm$MH+0x0000000016204400
instanceKlass org/apache/maven/artifact/handler/DefaultArtifactHandler$__sisu9$$FastClassByGuice$$170088764
instanceKlass org/apache/maven/artifact/versioning/ComparableVersion$StringItem
instanceKlass org/apache/maven/artifact/ArtifactUtils
instanceKlass org/apache/maven/artifact/DefaultArtifact
instanceKlass org/apache/maven/artifact/handler/DefaultArtifactHandler$$FastClassByGuice$$168906563
instanceKlass java/util/StringTokenizer
instanceKlass org/apache/maven/artifact/versioning/ComparableVersion$IntItem
instanceKlass org/apache/maven/artifact/versioning/ComparableVersion$Item
instanceKlass org/apache/maven/artifact/versioning/ComparableVersion
instanceKlass org/apache/maven/artifact/versioning/DefaultArtifactVersion
instanceKlass org/apache/maven/repository/internal/ArtifactDescriptorUtils
instanceKlass  @bci org/apache/maven/model/building/DefaultModelBuilder interpolateModel (Lorg/apache/maven/model/Model;Lorg/apache/maven/model/building/ModelBuildingRequest;Lorg/apache/maven/model/building/ModelProblemCollector;)Lorg/apache/maven/model/Model; 219 <appendix> member <vmtarget> ; # org/apache/maven/model/building/DefaultModelBuilder$$Lambda+0x0000000016206000
instanceKlass  @cpi org/apache/maven/model/building/DefaultModelBuilder 1548 form vmentry <vmtarget> ; # java/lang/invoke/LambdaForm$DMH+0x0000000016204000
instanceKlass java/util/function/IntConsumer
instanceKlass java/util/Spliterator$OfInt
instanceKlass java/util/Spliterator$OfPrimitive
instanceKlass java/util/stream/IntStream
instanceKlass org/apache/maven/model/Extension
instanceKlass org/codehaus/plexus/interpolation/util/StringUtils
instanceKlass org/apache/maven/model/DistributionManagement
instanceKlass org/apache/maven/model/Organization
instanceKlass org/apache/maven/model/CiManagement
instanceKlass org/apache/maven/model/Prerequisites
instanceKlass org/apache/maven/model/MailingList
instanceKlass org/codehaus/plexus/interpolation/reflection/MethodMap
instanceKlass org/codehaus/plexus/interpolation/reflection/ClassMap$CacheMiss
instanceKlass org/codehaus/plexus/interpolation/reflection/ClassMap
instanceKlass org/codehaus/plexus/interpolation/reflection/ReflectionValueExtractor$Tokenizer
instanceKlass org/codehaus/plexus/interpolation/reflection/ReflectionValueExtractor
instanceKlass org/codehaus/plexus/interpolation/util/ValueSourceUtils
instanceKlass org/apache/maven/model/interpolation/StringVisitorModelInterpolator$ModelVisitor
instanceKlass org/apache/maven/model/interpolation/StringVisitorModelInterpolator$1
instanceKlass org/codehaus/plexus/interpolation/PrefixAwareRecursionInterceptor
instanceKlass org/apache/maven/model/interpolation/UrlNormalizingPostProcessor
instanceKlass org/apache/maven/model/interpolation/PathTranslatingPostProcessor
instanceKlass java/text/DontCareFieldPosition$1
instanceKlass java/text/Format$FieldDelegate
instanceKlass java/text/StringBufFactory$StringBuilderImpl
instanceKlass java/text/Format$StringBuf
instanceKlass java/text/StringBufFactory
instanceKlass org/apache/maven/model/interpolation/MavenBuildTimestamp
instanceKlass org/apache/maven/model/interpolation/ProblemDetectingValueSource
instanceKlass org/codehaus/plexus/interpolation/PrefixedValueSourceWrapper
instanceKlass org/codehaus/plexus/interpolation/FeedbackEnabledValueSource
instanceKlass org/codehaus/plexus/interpolation/AbstractDelegatingValueSource
instanceKlass org/codehaus/plexus/interpolation/QueryEnabledValueSource
instanceKlass org/apache/maven/model/merge/ModelMerger$ExtensionKeyComputer
instanceKlass org/apache/maven/model/merge/ModelMerger$ResourceKeyComputer
instanceKlass org/apache/maven/model/merge/ModelMerger$SourceDominant
instanceKlass org/apache/maven/model/merge/ModelMerger$DependencyKeyComputer
instanceKlass  @bci org/apache/maven/model/building/DefaultModelBuilder lambda$getInterpolatedProfiles$3 (Lorg/codehaus/plexus/interpolation/RegexBasedInterpolator;Lorg/apache/maven/model/building/DefaultModelProblemCollector;Lorg/apache/maven/model/ActivationProperty;)V 61 <appendix> member <vmtarget> ; # org/apache/maven/model/building/DefaultModelBuilder$$Lambda+0x00000000161bf698
instanceKlass  @bci org/apache/maven/model/building/DefaultModelBuilder lambda$getInterpolatedProfiles$3 (Lorg/codehaus/plexus/interpolation/RegexBasedInterpolator;Lorg/apache/maven/model/building/DefaultModelProblemCollector;Lorg/apache/maven/model/ActivationProperty;)V 38 <appendix> member <vmtarget> ; # org/apache/maven/model/building/DefaultModelBuilder$$Lambda+0x00000000161bf458
instanceKlass  @bci org/apache/maven/model/building/DefaultModelBuilder lambda$getInterpolatedProfiles$3 (Lorg/codehaus/plexus/interpolation/RegexBasedInterpolator;Lorg/apache/maven/model/building/DefaultModelProblemCollector;Lorg/apache/maven/model/ActivationProperty;)V 12 <appendix> member <vmtarget> ; # org/apache/maven/model/building/DefaultModelBuilder$$Lambda+0x00000000161bf228
instanceKlass  @cpi com/sun/tools/javac/tree/TreeInfo 1310 form vmentry <vmtarget> ; # java/lang/invoke/LambdaForm$DMH+0x00000000161bc800
instanceKlass org/apache/maven/model/building/DefaultModelBuilder$InterpolateString
instanceKlass org/apache/maven/model/building/DefaultModelBuilder$1Interpolation
instanceKlass org/apache/maven/model/Exclusion
instanceKlass org/apache/maven/model/DependencyManagement
instanceKlass  @bci org/apache/maven/model/building/DefaultModelBuilder getInterpolatedProfiles (Lorg/apache/maven/model/Model;Lorg/apache/maven/model/profile/DefaultProfileActivationContext;Lorg/apache/maven/model/building/DefaultModelProblemCollector;)Ljava/util/List; 205 <appendix> member <vmtarget> ; # org/apache/maven/model/building/DefaultModelBuilder$$Lambda+0x00000000161be6d0
instanceKlass  @cpi com/sun/tools/javac/comp/Modules 1588 form vmentry <vmtarget> ; # java/lang/invoke/LambdaForm$DMH+0x00000000161bc400
instanceKlass  @bci org/apache/maven/model/building/DefaultModelBuilder getInterpolatedProfiles (Lorg/apache/maven/model/Model;Lorg/apache/maven/model/profile/DefaultProfileActivationContext;Lorg/apache/maven/model/building/DefaultModelProblemCollector;)Ljava/util/List; 191 <appendix> argL0 ; # org/apache/maven/model/building/DefaultModelBuilder$$Lambda+0x00000000161be488
instanceKlass  @bci org/apache/maven/model/building/DefaultModelBuilder getInterpolatedProfiles (Lorg/apache/maven/model/Model;Lorg/apache/maven/model/profile/DefaultProfileActivationContext;Lorg/apache/maven/model/building/DefaultModelProblemCollector;)Ljava/util/List; 181 <appendix> member <vmtarget> ; # org/apache/maven/model/building/DefaultModelBuilder$$Lambda+0x00000000161be248
instanceKlass  @bci org/apache/maven/model/building/DefaultModelBuilder getInterpolatedProfiles (Lorg/apache/maven/model/Model;Lorg/apache/maven/model/profile/DefaultProfileActivationContext;Lorg/apache/maven/model/building/DefaultModelProblemCollector;)Ljava/util/List; 169 <appendix> argL0 ; # org/apache/maven/model/building/DefaultModelBuilder$$Lambda+0x00000000161be000
instanceKlass  @bci org/apache/maven/model/building/DefaultModelBuilder getInterpolatedProfiles (Lorg/apache/maven/model/Model;Lorg/apache/maven/model/profile/DefaultProfileActivationContext;Lorg/apache/maven/model/building/DefaultModelProblemCollector;)Ljava/util/List; 159 <appendix> member <vmtarget> ; # org/apache/maven/model/building/DefaultModelBuilder$$Lambda+0x00000000161bbd08
instanceKlass  @bci org/apache/maven/model/building/DefaultModelBuilder getInterpolatedProfiles (Lorg/apache/maven/model/Model;Lorg/apache/maven/model/profile/DefaultProfileActivationContext;Lorg/apache/maven/model/building/DefaultModelProblemCollector;)Ljava/util/List; 147 <appendix> argL0 ; # org/apache/maven/model/building/DefaultModelBuilder$$Lambda+0x00000000161bbac0
instanceKlass  @bci org/apache/maven/model/building/DefaultModelBuilder getInterpolatedProfiles (Lorg/apache/maven/model/Model;Lorg/apache/maven/model/profile/DefaultProfileActivationContext;Lorg/apache/maven/model/building/DefaultModelProblemCollector;)Ljava/util/List; 137 <appendix> member <vmtarget> ; # org/apache/maven/model/building/DefaultModelBuilder$$Lambda+0x00000000161bb880
instanceKlass  @cpi com/sun/tools/javac/comp/Annotate 1365 form vmentry <vmtarget> ; # java/lang/invoke/LambdaForm$DMH+0x00000000161bc000
instanceKlass  @bci org/apache/maven/model/building/DefaultModelBuilder getInterpolatedProfiles (Lorg/apache/maven/model/Model;Lorg/apache/maven/model/profile/DefaultProfileActivationContext;Lorg/apache/maven/model/building/DefaultModelProblemCollector;)Ljava/util/List; 126 <appendix> argL0 ; # org/apache/maven/model/building/DefaultModelBuilder$$Lambda+0x00000000161bb638
instanceKlass org/apache/maven/model/IssueManagement
instanceKlass org/apache/maven/model/building/FilterModelBuildingRequest
instanceKlass  @bci org/eclipse/aether/named/support/NamedLockFactorySupport closeLock (Ljava/lang/String;)V 6 <appendix> member <vmtarget> ; # org/eclipse/aether/named/support/NamedLockFactorySupport$$Lambda+0x00000000161ba5a8
instanceKlass java/util/AbstractMap$ValueIterator
instanceKlass sun/nio/ch/FileKey
instanceKlass sun/nio/ch/FileLockTable
instanceKlass sun/nio/fs/WindowsChannelFactory$2
instanceKlass sun/nio/fs/WindowsFileSystemProvider$1
instanceKlass org/eclipse/aether/repository/LocalArtifactRequest
instanceKlass org/apache/maven/repository/internal/DefaultVersionResolver$Key
instanceKlass org/eclipse/aether/internal/impl/DefaultRepositoryEventDispatcher$1
instanceKlass org/eclipse/aether/RepositoryEvent$Builder
instanceKlass org/eclipse/aether/internal/impl/filter/PrefixesRemoteRepositoryFilterSource$1
instanceKlass org/eclipse/aether/internal/impl/filter/RemoteRepositoryFilterSourceSupport$SimpleResult
instanceKlass  @bci org/eclipse/aether/internal/impl/filter/DefaultRemoteRepositoryFilterManager getRemoteRepositoryFilter (Lorg/eclipse/aether/RepositorySystemSession;)Lorg/eclipse/aether/spi/connector/filter/RemoteRepositoryFilter; 40 <appendix> member <vmtarget> ; # org/eclipse/aether/internal/impl/filter/DefaultRemoteRepositoryFilterManager$$Lambda+0x00000000161b9208
instanceKlass  @bci org/eclipse/aether/named/support/ReadWriteLockNamedLock <init> (Ljava/lang/String;Lorg/eclipse/aether/named/support/NamedLockFactorySupport;Ljava/util/concurrent/locks/ReadWriteLock;)V 7 <appendix> argL0 ; # org/eclipse/aether/named/support/ReadWriteLockNamedLock$$Lambda+0x00000000161b8b90
instanceKlass org/eclipse/aether/named/support/Retry$DoNotRetry
instanceKlass  @bci org/eclipse/aether/named/support/NamedLockFactorySupport getLock (Ljava/lang/String;)Lorg/eclipse/aether/named/support/NamedLockSupport; 6 <appendix> member <vmtarget> ; # org/eclipse/aether/named/support/NamedLockFactorySupport$$Lambda+0x00000000161b84e0
instanceKlass java/time/temporal/TemporalUnit
instanceKlass java/time/Duration
instanceKlass java/time/temporal/TemporalAmount
instanceKlass org/eclipse/aether/internal/impl/synccontext/named/NamedLockFactoryAdapter$AdaptedLockSyncContext
instanceKlass org/eclipse/aether/internal/impl/synccontext/named/GAVNameMapper
instanceKlass org/eclipse/aether/internal/impl/synccontext/named/NameMappers
instanceKlass org/eclipse/sisu/wire/NamedIterableAdapter$NamedEntry
instanceKlass org/eclipse/sisu/wire/NamedIterableAdapter$NamedIterator
instanceKlass  @bci org/eclipse/aether/DefaultSessionData computeIfAbsent (Ljava/lang/Object;Ljava/util/function/Supplier;)Ljava/lang/Object; 6 <appendix> member <vmtarget> ; # org/eclipse/aether/DefaultSessionData$$Lambda+0x00000000161b71e0
instanceKlass  @bci org/eclipse/aether/internal/impl/synccontext/DefaultSyncContextFactory newInstance (Lorg/eclipse/aether/RepositorySystemSession;Z)Lorg/eclipse/aether/SyncContext; 18 <appendix> member <vmtarget> ; # org/eclipse/aether/internal/impl/synccontext/DefaultSyncContextFactory$$Lambda+0x00000000161b6fb0
instanceKlass org/apache/maven/project/ReactorModelPool$CacheKey
instanceKlass org/eclipse/aether/util/version/GenericVersion$Item
instanceKlass org/eclipse/aether/util/version/GenericVersion$Tokenizer
instanceKlass org/eclipse/aether/util/version/GenericVersion
instanceKlass org/eclipse/aether/util/version/GenericVersionConstraint
instanceKlass org/eclipse/aether/version/VersionConstraint
instanceKlass org/eclipse/aether/version/VersionRange
instanceKlass org/eclipse/aether/util/version/GenericVersionScheme
instanceKlass org/eclipse/aether/artifact/AbstractArtifact
instanceKlass java/util/Formatter$Flags
instanceKlass java/util/Formattable
instanceKlass java/util/Formatter$FormatSpecifier
instanceKlass java/util/Formatter$Conversion
instanceKlass java/util/Formatter$FormatString
instanceKlass java/util/Formatter
instanceKlass org/apache/maven/repository/internal/DefaultModelCache$Key
instanceKlass org/apache/maven/model/building/ModelCacheTag$2
instanceKlass org/apache/maven/model/building/ModelCacheTag$1
instanceKlass  @bci org/apache/maven/model/profile/DefaultProfileActivationContext setProjectProperties (Ljava/util/Properties;)Lorg/apache/maven/model/profile/DefaultProfileActivationContext; 27 <appendix> argL0 ; # org/apache/maven/model/profile/DefaultProfileActivationContext$$Lambda+0x00000000161b4d70
instanceKlass  @bci org/apache/maven/model/profile/DefaultProfileActivationContext setProjectProperties (Ljava/util/Properties;)Lorg/apache/maven/model/profile/DefaultProfileActivationContext; 19 <appendix> argL0 ; # org/apache/maven/model/profile/DefaultProfileActivationContext$$Lambda+0x00000000161b4b28
instanceKlass  @bci org/apache/maven/model/profile/DefaultProfileActivationContext setProjectProperties (Ljava/util/Properties;)Lorg/apache/maven/model/profile/DefaultProfileActivationContext; 14 <appendix> argL0 ; # org/apache/maven/model/profile/DefaultProfileActivationContext$$Lambda+0x00000000161b48e0
instanceKlass  @bci org/apache/maven/model/building/DefaultModelBuilder getProfileActivationContext (Lorg/apache/maven/model/building/ModelBuildingRequest;Lorg/apache/maven/model/Model;)Lorg/apache/maven/model/profile/DefaultProfileActivationContext; 55 <appendix> member <vmtarget> ; # org/apache/maven/model/building/DefaultModelBuilder$$Lambda+0x00000000161b4690
instanceKlass org/apache/maven/model/building/ModelProblemUtils
instanceKlass org/apache/maven/model/io/xpp3/MavenXpp3ReaderEx$Xpp3DomBuilderInputLocationBuilder
instanceKlass org/apache/maven/model/Scm
instanceKlass org/apache/maven/model/License
instanceKlass org/apache/maven/model/Parent
instanceKlass org/apache/maven/model/io/xpp3/MavenXpp3ReaderEx$1
instanceKlass org/codehaus/plexus/util/xml/Xpp3DomBuilder$InputLocationBuilder
instanceKlass org/apache/maven/model/io/xpp3/MavenXpp3ReaderEx$ContentTransformer
instanceKlass org/apache/maven/model/io/xpp3/MavenXpp3ReaderEx
instanceKlass org/apache/maven/model/building/ModelSource2
instanceKlass org/apache/maven/model/building/DefaultModelBuildingResult
instanceKlass org/apache/maven/model/building/AbstractModelBuildingListener
instanceKlass org/apache/maven/project/ProjectModelResolver
instanceKlass org/apache/maven/model/building/DefaultModelBuildingRequest
instanceKlass org/apache/maven/artifact/repository/LegacyLocalRepositoryManager
instanceKlass org/apache/maven/repository/internal/DefaultModelCache
instanceKlass org/apache/maven/project/DefaultProjectBuildingRequest
instanceKlass org/apache/maven/shared/utils/logging/AnsiMessageBuilder
instanceKlass org/apache/maven/lifecycle/internal/DefaultExecutionEventCatapult$1
instanceKlass org/apache/maven/lifecycle/internal/DefaultExecutionEvent
instanceKlass org/apache/maven/AbstractMavenLifecycleParticipant
instanceKlass java/util/concurrent/atomic/AtomicReference
instanceKlass org/apache/maven/session/scope/internal/SessionScope$CachingProvider
instanceKlass  @bci org/apache/maven/session/scope/internal/SessionScope seed (Ljava/lang/Class;Ljava/lang/Object;)V 3 <appendix> member <vmtarget> ; # org/apache/maven/session/scope/internal/SessionScope$$Lambda+0x00000000161ad5a0
instanceKlass org/apache/maven/settings/RuntimeInfo
instanceKlass org/eclipse/aether/internal/impl/LocalPathPrefixComposerFactorySupport$LocalPathPrefixComposerSupport
instanceKlass org/eclipse/aether/internal/impl/SimpleLocalRepositoryManager
instanceKlass java/util/ArrayList$SubList$1
instanceKlass org/eclipse/aether/internal/impl/PrioritizedComponent
instanceKlass org/eclipse/sisu/wire/EntrySetAdapter$ValueIterator
instanceKlass org/eclipse/aether/internal/impl/PrioritizedComponents
instanceKlass  @bci org/apache/maven/RepositoryUtils toRepos (Ljava/util/List;)Ljava/util/List; 18 <appendix> argL0 ; # org/apache/maven/RepositoryUtils$$Lambda+0x00000000161aead8
instanceKlass java/util/Spliterators$EmptySpliterator
instanceKlass org/eclipse/aether/repository/RemoteRepository$Builder
instanceKlass java/net/spi/URLStreamHandlerProvider
instanceKlass  @bci java/net/URL lookupViaProviders (Ljava/lang/String;)Ljava/net/URLStreamHandler; 31 <appendix> member <vmtarget> ; # java/net/URL$$Lambda+0x00000000161c42e8
instanceKlass java/lang/ScopedValue$CallableOp
instanceKlass java/lang/ScopedValue$Carrier
instanceKlass java/lang/ScopedValue$Snapshot
instanceKlass org/eclipse/aether/util/ConfigUtils
instanceKlass org/eclipse/aether/AbstractRepositoryListener
instanceKlass org/eclipse/aether/util/repository/DefaultAuthenticationSelector
instanceKlass org/eclipse/aether/util/repository/DefaultProxySelector
instanceKlass org/eclipse/aether/util/repository/DefaultMirrorSelector$MirrorDef
instanceKlass org/eclipse/aether/util/repository/DefaultMirrorSelector
instanceKlass org/apache/maven/settings/crypto/DefaultSettingsDecryptionResult
instanceKlass org/apache/maven/settings/crypto/DefaultSettingsDecryptionRequest
instanceKlass org/apache/maven/RepositoryUtils$MavenArtifactTypeRegistry
instanceKlass org/apache/maven/RepositoryUtils
instanceKlass org/eclipse/aether/util/repository/SimpleResolutionErrorPolicy
instanceKlass  @bci java/util/stream/Collectors mapMerger (Ljava/util/function/BinaryOperator;)Ljava/util/function/BinaryOperator; 1 <appendix> member <vmtarget> ; # java/util/stream/Collectors$$Lambda+0x00000000161c3a58
instanceKlass  @bci java/util/stream/Collectors toMap (Ljava/util/function/Function;Ljava/util/function/Function;Ljava/util/function/BinaryOperator;Ljava/util/function/Supplier;)Ljava/util/stream/Collector; 3 <appendix> member <vmtarget> ; # java/util/stream/Collectors$$Lambda+0x00000000161c3818
instanceKlass  @cpi java/util/stream/Collectors 1306 form vmentry <vmtarget> ; # java/lang/invoke/LambdaForm$DMH+0x00000000161ac000
instanceKlass  @bci java/util/stream/Collectors toMap (Ljava/util/function/Function;Ljava/util/function/Function;Ljava/util/function/BinaryOperator;)Ljava/util/stream/Collector; 3 <appendix> argL0 ; # java/util/stream/Collectors$$Lambda+0x00000000161c35f0
instanceKlass  @bci org/apache/maven/internal/aether/DefaultRepositorySystemSessionFactory getPropertiesFromRequestedProfiles (Lorg/apache/maven/execution/MavenExecutionRequest;)Ljava/util/Map; 59 <appendix> argL0 ; # org/apache/maven/internal/aether/DefaultRepositorySystemSessionFactory$$Lambda+0x00000000161aa388
instanceKlass  @bci org/apache/maven/internal/aether/DefaultRepositorySystemSessionFactory getPropertiesFromRequestedProfiles (Lorg/apache/maven/execution/MavenExecutionRequest;)Ljava/util/Map; 54 <appendix> argL0 ; # org/apache/maven/internal/aether/DefaultRepositorySystemSessionFactory$$Lambda+0x00000000161aa140
instanceKlass  @bci org/apache/maven/internal/aether/DefaultRepositorySystemSessionFactory getPropertiesFromRequestedProfiles (Lorg/apache/maven/execution/MavenExecutionRequest;)Ljava/util/Map; 49 <appendix> argL0 ; # org/apache/maven/internal/aether/DefaultRepositorySystemSessionFactory$$Lambda+0x00000000161a9ef8
instanceKlass  @bci org/apache/maven/internal/aether/DefaultRepositorySystemSessionFactory getPropertiesFromRequestedProfiles (Lorg/apache/maven/execution/MavenExecutionRequest;)Ljava/util/Map; 39 <appendix> argL0 ; # org/apache/maven/internal/aether/DefaultRepositorySystemSessionFactory$$Lambda+0x00000000161a9cb0
instanceKlass  @bci org/apache/maven/internal/aether/DefaultRepositorySystemSessionFactory getPropertiesFromRequestedProfiles (Lorg/apache/maven/execution/MavenExecutionRequest;)Ljava/util/Map; 29 <appendix> argL0 ; # org/apache/maven/internal/aether/DefaultRepositorySystemSessionFactory$$Lambda+0x00000000161a9a68
instanceKlass  @bci org/apache/maven/internal/aether/DefaultRepositorySystemSessionFactory getPropertiesFromRequestedProfiles (Lorg/apache/maven/execution/MavenExecutionRequest;)Ljava/util/Map; 19 <appendix> member <vmtarget> ; # org/apache/maven/internal/aether/DefaultRepositorySystemSessionFactory$$Lambda+0x00000000161a9808
instanceKlass org/eclipse/aether/util/repository/SimpleArtifactDescriptorPolicy
instanceKlass org/eclipse/aether/artifact/DefaultArtifactType
instanceKlass org/eclipse/aether/util/artifact/SimpleArtifactTypeRegistry
instanceKlass org/eclipse/aether/util/graph/transformer/JavaDependencyContextRefiner
instanceKlass org/eclipse/aether/util/graph/transformer/ChainedDependencyGraphTransformer
instanceKlass org/eclipse/aether/util/graph/transformer/ConflictResolver
instanceKlass org/eclipse/aether/graph/Exclusion
instanceKlass org/eclipse/aether/util/graph/selector/ExclusionDependencySelector
instanceKlass org/eclipse/aether/util/graph/selector/OptionalDependencySelector
instanceKlass org/eclipse/aether/util/graph/selector/ScopeDependencySelector
instanceKlass org/eclipse/aether/util/graph/selector/AndDependencySelector
instanceKlass org/eclipse/aether/util/graph/manager/ClassicDependencyManager
instanceKlass org/eclipse/aether/util/graph/traverser/FatArtifactTraverser
instanceKlass org/eclipse/aether/DefaultSessionData
instanceKlass org/eclipse/aether/DefaultRepositorySystemSession$NullFileTransformerManager
instanceKlass org/eclipse/aether/transform/FileTransformerManager
instanceKlass org/eclipse/aether/DefaultRepositorySystemSession$NullArtifactTypeRegistry
instanceKlass org/eclipse/aether/DefaultRepositorySystemSession$NullAuthenticationSelector
instanceKlass org/eclipse/aether/DefaultRepositorySystemSession$NullProxySelector
instanceKlass org/eclipse/aether/DefaultRepositorySystemSession$NullMirrorSelector
instanceKlass org/eclipse/aether/SessionData
instanceKlass org/eclipse/aether/artifact/ArtifactTypeRegistry
instanceKlass org/eclipse/aether/collection/DependencyGraphTransformer
instanceKlass org/eclipse/aether/util/graph/transformer/ConflictResolver$VersionSelector
instanceKlass org/eclipse/aether/util/graph/transformer/ConflictResolver$ScopeSelector
instanceKlass org/eclipse/aether/util/graph/transformer/ConflictResolver$OptionalitySelector
instanceKlass org/eclipse/aether/util/graph/transformer/ConflictResolver$ScopeDeriver
instanceKlass org/apache/maven/repository/internal/MavenRepositorySystemUtils
instanceKlass org/apache/maven/execution/DefaultMavenExecutionResult
instanceKlass org/apache/maven/artifact/repository/MavenArtifactRepository
instanceKlass org/apache/maven/artifact/repository/layout/ArtifactRepositoryLayout2
instanceKlass org/apache/maven/artifact/repository/layout/DefaultRepositoryLayout$$FastClassByGuice$$168474792
instanceKlass jdk/internal/vm/ThreadContainers
instanceKlass java/util/concurrent/ForkJoinPool$DefaultForkJoinWorkerThreadFactory
instanceKlass java/util/concurrent/ForkJoinPool$1
instanceKlass jdk/internal/access/JavaUtilConcurrentFJPAccess
instanceKlass org/apache/maven/execution/AbstractExecutionListener
instanceKlass java/util/concurrent/ForkJoinTask
instanceKlass java/util/concurrent/ForkJoinPool$WorkQueue
instanceKlass jdk/internal/vm/StackableScope
instanceKlass java/util/concurrent/CountDownLatch
instanceKlass java/util/concurrent/ForkJoinPool$ForkJoinWorkerThreadFactory
instanceKlass java/util/concurrent/ScheduledExecutorService
instanceKlass java/util/concurrent/AbstractExecutorService
instanceKlass java/util/concurrent/ExecutorService
instanceKlass java/util/concurrent/ForkJoinPool$ManagedBlocker
instanceKlass java/util/concurrent/locks/AbstractQueuedSynchronizer$Node
instanceKlass  @bci org/apache/maven/cli/transfer/SimplexTransferListener <init> (Lorg/eclipse/aether/transfer/TransferListener;IIZ)V 74 <appendix> member <vmtarget> ; # org/apache/maven/cli/transfer/SimplexTransferListener$$Lambda+0x00000000161a6720
instanceKlass org/apache/maven/cli/transfer/SimplexTransferListener$Exchange
instanceKlass org/eclipse/aether/transfer/AbstractTransferListener
instanceKlass org/apache/maven/toolchain/building/DefaultToolchainsBuildingResult
instanceKlass org/apache/maven/toolchain/building/DefaultToolchainsBuilder$1
instanceKlass org/apache/maven/toolchain/model/io/xpp3/MavenToolchainsXpp3Writer
instanceKlass org/apache/maven/toolchain/model/io/xpp3/MavenToolchainsXpp3Reader$1
instanceKlass org/apache/maven/toolchain/model/io/xpp3/MavenToolchainsXpp3Reader$ContentTransformer
instanceKlass org/apache/maven/toolchain/model/io/xpp3/MavenToolchainsXpp3Reader
instanceKlass org/apache/maven/building/DefaultProblemCollector
instanceKlass org/apache/maven/building/ProblemCollectorFactory
instanceKlass org/apache/maven/toolchain/building/DefaultToolchainsBuildingRequest
instanceKlass org/apache/maven/settings/building/DefaultSettingsBuildingResult
instanceKlass org/apache/maven/settings/building/DefaultSettingsBuilder$1
instanceKlass org/codehaus/plexus/interpolation/os/OperatingSystemUtils$DefaultEnvVarSource
instanceKlass org/codehaus/plexus/interpolation/os/OperatingSystemUtils$EnvVarSource
instanceKlass org/codehaus/plexus/interpolation/os/OperatingSystemUtils
instanceKlass org/codehaus/plexus/util/xml/pull/MXSerializer
instanceKlass org/codehaus/plexus/util/xml/pull/XmlSerializer
instanceKlass org/apache/maven/settings/io/xpp3/SettingsXpp3Writer
instanceKlass org/codehaus/plexus/util/xml/pull/EntityReplacementMap
instanceKlass org/apache/maven/settings/io/xpp3/SettingsXpp3Reader$1
instanceKlass org/apache/maven/settings/io/xpp3/SettingsXpp3Reader$ContentTransformer
instanceKlass org/apache/maven/settings/io/xpp3/SettingsXpp3Reader
instanceKlass org/apache/maven/building/FileSource
instanceKlass org/apache/maven/settings/building/DefaultSettingsBuildingRequest
instanceKlass  @bci java/util/regex/CharPredicates ASCII_WORD ()Ljava/util/regex/Pattern$BmpCharPredicate; 0 <appendix> argL0 ; # java/util/regex/CharPredicates$$Lambda+0x00000000161c1160
instanceKlass org/apache/maven/graph/DefaultGraphBuilder$$FastClassByGuice$$167511890
instanceKlass  @bci sun/security/provider/AbstractDrbg <clinit> ()V 12 <appendix> argL0 ; # sun/security/provider/AbstractDrbg$$Lambda+0x00000000161c0f38
instanceKlass  @cpi sun/security/provider/AbstractDrbg 383 form vmentry <vmtarget> ; # java/lang/invoke/LambdaForm$DMH+0x00000000161a0400
# instanceKlass java/lang/invoke/LambdaForm$DMH+0x00000000161a0000
instanceKlass sun/security/provider/EntropySource
instanceKlass sun/security/provider/AbstractDrbg
instanceKlass java/security/DrbgParameters$Instantiation
instanceKlass java/security/DrbgParameters
instanceKlass sun/security/provider/MoreDrbgParameters
instanceKlass java/security/SecureRandomSpi
instanceKlass jdk/internal/event/Event
instanceKlass sun/security/util/SecurityProviderConstants
instanceKlass java/security/Provider$UString
instanceKlass java/security/Provider$Service
instanceKlass sun/security/provider/NativePRNG$NonBlocking
instanceKlass sun/security/provider/NativePRNG$Blocking
instanceKlass sun/security/provider/NativePRNG
instanceKlass sun/security/provider/SunEntries
instanceKlass java/security/Permission
instanceKlass java/security/Guard
instanceKlass sun/security/util/SecurityConstants
instanceKlass java/security/Security$2
instanceKlass jdk/internal/access/JavaSecurityPropertiesAccess
instanceKlass java/security/Security$SecPropLoader
instanceKlass java/security/Security
instanceKlass jdk/internal/math/FloatingDecimal$ASCIIToBinaryBuffer
instanceKlass  @bci jdk/internal/math/FloatingDecimal <clinit> ()V 52 <appendix> argL0 ; # jdk/internal/math/FloatingDecimal$$Lambda+0x000000001603c620
instanceKlass jdk/internal/math/FloatingDecimal$BinaryToASCIIBuffer
instanceKlass jdk/internal/math/FloatingDecimal
instanceKlass javax/security/auth/login/Configuration$Parameters
instanceKlass java/security/Policy$Parameters
instanceKlass javax/crypto/KDFParameters
instanceKlass java/security/cert/CertStoreParameters
instanceKlass java/security/SecureRandomParameters
instanceKlass java/security/Provider$EngineDescription
instanceKlass  @bci java/security/Provider <clinit> ()V 28 <appendix> argL0 ; # java/security/Provider$$Lambda+0x000000001603b128
instanceKlass java/security/Provider$ServiceKey
instanceKlass sun/security/jca/ProviderConfig
instanceKlass sun/security/jca/ProviderList
instanceKlass sun/security/jca/Providers
instanceKlass java/security/Key
instanceKlass java/security/spec/AlgorithmParameterSpec
instanceKlass jdk/internal/math/MathUtils
instanceKlass jdk/internal/math/ToDecimal
instanceKlass org/apache/maven/plugin/prefix/internal/DefaultPluginPrefixResolver$$FastClassByGuice$$165881850
instanceKlass org/apache/maven/plugin/CompoundMojoExecutionListener
instanceKlass org/apache/maven/plugin/internal/DefaultLegacySupport$$FastClassByGuice$$164964648
instanceKlass org/apache/maven/plugin/DefaultBuildPluginManager$$FastClassByGuice$$164622332
instanceKlass org/apache/maven/lifecycle/internal/DefaultLifecycleTaskSegmentCalculator$$FastClassByGuice$$162730779
instanceKlass org/apache/maven/lifecycle/internal/DefaultExecutionEventCatapult$$FastClassByGuice$$161627197
instanceKlass org/apache/maven/project/DefaultProjectDependenciesResolver$$FastClassByGuice$$161421694
instanceKlass org/apache/maven/project/RepositorySessionDecorator
instanceKlass org/apache/maven/plugin/DefaultPluginArtifactsCache$$FastClassByGuice$$159561501
instanceKlass com/google/inject/internal/DelegatingInvocationHandler
instanceKlass org/apache/maven/artifact/repository/metadata/io/DefaultMetadataReader$$FastClassByGuice$$158393642
instanceKlass org/apache/maven/plugin/version/internal/DefaultPluginVersionResolver$$FastClassByGuice$$157718727
instanceKlass org/apache/maven/plugin/DefaultExtensionRealmCache$$FastClassByGuice$$156353262
instanceKlass org/apache/maven/rtinfo/internal/DefaultRuntimeInformation$$FastClassByGuice$$155640838
instanceKlass org/eclipse/aether/artifact/ArtifactType
instanceKlass  @bci org/eclipse/aether/internal/impl/synccontext/named/NamedLockFactoryAdapterFactoryImpl <init> (Ljava/util/Map;Ljava/lang/String;Ljava/util/Map;Ljava/lang/String;Lorg/eclipse/aether/impl/RepositorySystemLifecycle;)V 63 <appendix> member <vmtarget> ; # org/eclipse/aether/internal/impl/synccontext/named/NamedLockFactoryAdapterFactoryImpl$$Lambda+0x0000000016198cb0
instanceKlass jdk/internal/invoke/MhUtil
instanceKlass org/eclipse/sisu/wire/NamedIterableAdapter
instanceKlass org/eclipse/aether/internal/impl/DefaultUpdateCheckManager$1
instanceKlass org/apache/maven/plugin/DefaultPluginRealmCache$$FastClassByGuice$$154805372
instanceKlass org/apache/maven/plugin/DefaultPluginDescriptorCache$$FastClassByGuice$$153900177
instanceKlass org/apache/maven/plugin/internal/DefaultMavenPluginManager$$FastClassByGuice$$152171865
instanceKlass org/apache/maven/artifact/handler/manager/DefaultArtifactHandlerManager$$FastClassByGuice$$151131925
instanceKlass org/apache/maven/project/DefaultProjectRealmCache$$FastClassByGuice$$150458248
instanceKlass org/codehaus/plexus/classworlds/realm/Entry
instanceKlass java/util/Random
instanceKlass java/util/random/RandomGenerator
instanceKlass org/eclipse/sisu/inject/Guice4$2
instanceKlass org/apache/maven/project/DefaultProjectBuildingHelper$$FastClassByGuice$$149459138
instanceKlass org/apache/maven/lifecycle/internal/DefaultLifecyclePluginAnalyzer$$FastClassByGuice$$148714316
instanceKlass org/apache/maven/model/plugin/DefaultLifecycleBindingsInjector$$FastClassByGuice$$146908186
instanceKlass org/apache/maven/model/Contributor
instanceKlass org/apache/maven/model/PatternSet
instanceKlass org/apache/maven/model/merge/ModelMerger$KeyComputer
instanceKlass org/apache/maven/model/merge/ModelMerger$Remapping
instanceKlass org/apache/maven/project/DefaultProjectBuilder$$FastClassByGuice$$146265800
instanceKlass org/apache/maven/DefaultMaven$$FastClassByGuice$$144790223
instanceKlass org/apache/maven/cli/event/DefaultEventSpyContext
instanceKlass org/eclipse/sisu/wire/EntryListAdapter$ValueIterator
instanceKlass org/apache/maven/cli/logging/Slf4jLogger
instanceKlass org/eclipse/sisu/inject/LazyBeanEntry$JsrNamed
instanceKlass org/eclipse/sisu/inject/LazyBeanEntry
instanceKlass javax/annotation/Priority
instanceKlass org/eclipse/sisu/inject/Implementations
instanceKlass org/eclipse/sisu/plexus/LazyPlexusBean
instanceKlass org/eclipse/sisu/inject/RankedSequence$Itr
instanceKlass org/eclipse/sisu/inject/RankedBindings$Itr
instanceKlass org/eclipse/sisu/inject/LocatedBeans$Itr
instanceKlass org/eclipse/sisu/plexus/RealmFilteredBeans$FilteredItr
instanceKlass org/eclipse/sisu/plexus/DefaultPlexusBeans$Itr
instanceKlass org/eclipse/sisu/plexus/DefaultPlexusBeans
instanceKlass org/eclipse/sisu/plexus/RealmFilteredBeans
instanceKlass org/eclipse/sisu/inject/BeanCache
instanceKlass org/eclipse/sisu/inject/LocatedBeans
instanceKlass org/eclipse/sisu/inject/MildElements$Indexable
instanceKlass com/google/inject/internal/ProviderInternalFactory$1
instanceKlass com/google/inject/internal/ConstructorInjector$1
instanceKlass  @bci jdk/internal/reflect/MethodHandleObjectFieldAccessorImpl set (Ljava/lang/Object;Ljava/lang/Object;)V 41 <adapter> ; # java/lang/invoke/LambdaForm$MH+0x0000000016191400
# instanceKlass java/lang/invoke/LambdaForm$MH+0x0000000016191000
# instanceKlass java/lang/invoke/LambdaForm$MH+0x0000000016190c00
instanceKlass org/eclipse/sisu/inject/WatchedBeans
instanceKlass org/eclipse/sisu/inject/MildValues$ValueItr
instanceKlass org/eclipse/sisu/inject/InjectorBindings
# instanceKlass java/lang/invoke/LambdaForm$MH+0x0000000016190800
# instanceKlass java/lang/invoke/LambdaForm$MH+0x0000000016190400
# instanceKlass java/lang/invoke/LambdaForm$MH+0x0000000016190000
instanceKlass com/google/inject/spi/ProvisionListener$ProvisionInvocation
instanceKlass com/google/inject/internal/MembersInjectorImpl$1
instanceKlass com/google/inject/internal/InternalContext
instanceKlass com/google/inject/internal/Initializer$1
instanceKlass com/google/common/collect/AbstractMapBasedMultimap$AsMap$AsMapIterator
instanceKlass com/google/inject/internal/SingleMethodInjector$1
instanceKlass org/codehaus/plexus/DefaultPlexusContainer$$FastClassByGuice$$144688307
instanceKlass com/google/inject/internal/SingleMethodInjector$2
instanceKlass com/google/inject/internal/InjectorImpl$MethodInvoker
instanceKlass com/google/inject/internal/SingleMethodInjector
instanceKlass org/sonatype/plexus/components/sec/dispatcher/DefaultSecDispatcher$$FastClassByGuice$$142859772
instanceKlass org/sonatype/plexus/components/cipher/DefaultPlexusCipher$$FastClassByGuice$$141574187
instanceKlass org/codehaus/plexus/component/configurator/MapOrientedComponentConfigurator$$FastClassByGuice$$141250621
instanceKlass org/codehaus/plexus/component/configurator/BasicComponentConfigurator$$FastClassByGuice$$139782791
instanceKlass org/apache/maven/settings/validation/DefaultSettingsValidator$$FastClassByGuice$$138885405
instanceKlass org/apache/maven/settings/io/DefaultSettingsWriter$$FastClassByGuice$$137721735
instanceKlass org/apache/maven/settings/io/DefaultSettingsReader$$FastClassByGuice$$137197777
instanceKlass org/apache/maven/settings/crypto/DefaultSettingsDecrypter$$FastClassByGuice$$135546776
instanceKlass org/apache/maven/settings/building/DefaultSettingsBuilder$$FastClassByGuice$$134276096
instanceKlass org/eclipse/aether/transport/wagon/WagonTransporterFactory$$FastClassByGuice$$134127781
instanceKlass org/eclipse/aether/internal/transport/wagon/PlexusWagonProvider$$FastClassByGuice$$132598796
instanceKlass org/eclipse/aether/internal/transport/wagon/PlexusWagonConfigurator$$FastClassByGuice$$131473073
instanceKlass org/eclipse/aether/transport/http/XChecksumChecksumExtractor$$FastClassByGuice$$130549763
instanceKlass org/eclipse/aether/transport/http/Nexus2ChecksumExtractor$$FastClassByGuice$$129629570
instanceKlass org/eclipse/aether/transport/http/HttpTransporterFactory$$FastClassByGuice$$128191043
instanceKlass org/eclipse/aether/transport/file/FileTransporterFactory$$FastClassByGuice$$126991695
instanceKlass org/apache/maven/repository/internal/VersionsMetadataGeneratorFactory$$FastClassByGuice$$126546466
instanceKlass org/apache/maven/repository/internal/SnapshotMetadataGeneratorFactory$$FastClassByGuice$$125216961
instanceKlass org/apache/maven/repository/internal/PluginsMetadataGeneratorFactory$$FastClassByGuice$$124622492
instanceKlass org/apache/maven/repository/internal/DefaultVersionResolver$$FastClassByGuice$$122933810
instanceKlass org/apache/maven/repository/internal/DefaultVersionRangeResolver$$FastClassByGuice$$122284418
instanceKlass org/apache/maven/repository/internal/DefaultModelCacheFactory$$FastClassByGuice$$121610163
instanceKlass org/apache/maven/repository/internal/DefaultArtifactDescriptorReader$$FastClassByGuice$$120034242
instanceKlass org/eclipse/aether/named/providers/NoopNamedLockFactory$$FastClassByGuice$$119393585
instanceKlass org/eclipse/aether/named/providers/LocalSemaphoreNamedLockFactory$$FastClassByGuice$$117985121
instanceKlass org/eclipse/aether/named/providers/LocalReadWriteLockNamedLockFactory$$FastClassByGuice$$117338918
instanceKlass org/eclipse/aether/named/providers/FileLockNamedLockFactory$$FastClassByGuice$$115373640
instanceKlass org/eclipse/aether/internal/impl/synccontext/named/providers/StaticNameMapperProvider$$FastClassByGuice$$115116643
instanceKlass org/eclipse/aether/internal/impl/synccontext/named/providers/GAVNameMapperProvider$$FastClassByGuice$$113598944
instanceKlass org/eclipse/aether/internal/impl/synccontext/named/providers/GAECVNameMapperProvider$$FastClassByGuice$$113098341
instanceKlass org/eclipse/aether/internal/impl/synccontext/named/providers/FileStaticNameMapperProvider$$FastClassByGuice$$111526781
instanceKlass org/eclipse/aether/internal/impl/synccontext/named/providers/FileHashingGAVNameMapperProvider$$FastClassByGuice$$110918054
instanceKlass org/eclipse/aether/internal/impl/synccontext/named/providers/FileHashingGAECVNameMapperProvider$$FastClassByGuice$$109289014
instanceKlass org/eclipse/aether/internal/impl/synccontext/named/providers/FileGAVNameMapperProvider$$FastClassByGuice$$108407355
instanceKlass org/eclipse/aether/internal/impl/synccontext/named/providers/FileGAECVNameMapperProvider$$FastClassByGuice$$107700657
instanceKlass org/eclipse/aether/internal/impl/synccontext/named/providers/DiscriminatingNameMapperProvider$$FastClassByGuice$$106240611
instanceKlass org/eclipse/aether/internal/impl/synccontext/named/NamedLockFactoryAdapterFactoryImpl$$FastClassByGuice$$105565003
instanceKlass org/eclipse/aether/internal/impl/synccontext/legacy/DefaultSyncContextFactory$$FastClassByGuice$$103903386
instanceKlass org/eclipse/aether/internal/impl/synccontext/DefaultSyncContextFactory$$FastClassByGuice$$102836371
instanceKlass org/eclipse/aether/internal/impl/resolution/TrustedChecksumsArtifactResolverPostProcessor$$FastClassByGuice$$102127797
instanceKlass org/eclipse/aether/internal/impl/filter/PrefixesRemoteRepositoryFilterSource$$FastClassByGuice$$100743735
instanceKlass org/eclipse/aether/internal/impl/filter/GroupIdRemoteRepositoryFilterSource$$FastClassByGuice$$100339078
instanceKlass org/eclipse/aether/internal/impl/filter/DefaultRemoteRepositoryFilterManager$$FastClassByGuice$$98812817
instanceKlass org/eclipse/aether/internal/impl/collect/df/DfDependencyCollector$$FastClassByGuice$$98000509
instanceKlass org/eclipse/aether/internal/impl/collect/bf/BfDependencyCollector$$FastClassByGuice$$97013322
instanceKlass org/eclipse/aether/internal/impl/collect/DefaultDependencyCollector$$FastClassByGuice$$96288743
instanceKlass org/eclipse/aether/internal/impl/checksum/TrustedToProvidedChecksumsSourceAdapter$$FastClassByGuice$$94545109
instanceKlass org/eclipse/aether/internal/impl/checksum/SummaryFileTrustedChecksumsSource$$FastClassByGuice$$94241179
instanceKlass org/eclipse/aether/internal/impl/checksum/SparseDirectoryTrustedChecksumsSource$$FastClassByGuice$$93290741
instanceKlass org/eclipse/aether/internal/impl/checksum/Sha512ChecksumAlgorithmFactory$$FastClassByGuice$$92126786
instanceKlass org/eclipse/aether/internal/impl/checksum/Sha256ChecksumAlgorithmFactory$$FastClassByGuice$$91118103
instanceKlass org/eclipse/aether/internal/impl/checksum/Sha1ChecksumAlgorithmFactory$$FastClassByGuice$$89664835
instanceKlass  @bci com/google/inject/internal/aop/ImmutableStringTrie buildTrie (Ljava/util/Collection;)Ljava/util/function/ToIntFunction; 38 <appendix> argL0 ; # com/google/inject/internal/aop/ImmutableStringTrie$$Lambda+0x0000000016172408
instanceKlass org/eclipse/aether/internal/impl/checksum/Md5ChecksumAlgorithmFactory$$FastClassByGuice$$88929066
instanceKlass org/eclipse/aether/internal/impl/checksum/DefaultChecksumAlgorithmFactorySelector$$FastClassByGuice$$87145557
instanceKlass org/eclipse/aether/internal/impl/SimpleLocalRepositoryManagerFactory$$FastClassByGuice$$87023918
instanceKlass org/eclipse/aether/internal/impl/Maven2RepositoryLayoutFactory$$FastClassByGuice$$85309607
instanceKlass org/eclipse/aether/internal/impl/LoggerFactoryProvider$$FastClassByGuice$$84072415
instanceKlass org/eclipse/aether/internal/impl/EnhancedLocalRepositoryManagerFactory$$FastClassByGuice$$83247954
instanceKlass org/eclipse/aether/internal/impl/DefaultUpdatePolicyAnalyzer$$FastClassByGuice$$81791296
instanceKlass org/eclipse/aether/internal/impl/DefaultUpdateCheckManager$$FastClassByGuice$$81156522
instanceKlass org/eclipse/aether/internal/impl/DefaultTransporterProvider$$FastClassByGuice$$79810250
instanceKlass org/eclipse/aether/internal/impl/DefaultTrackingFileManager$$FastClassByGuice$$79122458
instanceKlass org/eclipse/aether/internal/impl/DefaultRepositorySystemLifecycle$$FastClassByGuice$$77825773
instanceKlass org/eclipse/aether/internal/impl/DefaultRepositorySystem$$FastClassByGuice$$77173354
instanceKlass org/eclipse/aether/internal/impl/DefaultRepositoryLayoutProvider$$FastClassByGuice$$76304545
instanceKlass org/eclipse/aether/internal/impl/DefaultRepositoryEventDispatcher$$FastClassByGuice$$74615427
instanceKlass org/eclipse/aether/internal/impl/DefaultRepositoryConnectorProvider$$FastClassByGuice$$74429889
instanceKlass org/eclipse/aether/internal/impl/DefaultRemoteRepositoryManager$$FastClassByGuice$$72581441
instanceKlass org/eclipse/aether/internal/impl/DefaultOfflineController$$FastClassByGuice$$72164700
instanceKlass org/eclipse/aether/internal/impl/DefaultMetadataResolver$$FastClassByGuice$$71137776
instanceKlass org/eclipse/aether/internal/impl/DefaultLocalRepositoryProvider$$FastClassByGuice$$69643303
instanceKlass org/eclipse/aether/internal/impl/DefaultLocalPathPrefixComposerFactory$$FastClassByGuice$$68806574
instanceKlass org/eclipse/aether/internal/impl/DefaultLocalPathComposer$$FastClassByGuice$$67716501
instanceKlass org/eclipse/aether/internal/impl/DefaultInstaller$$FastClassByGuice$$66329047
instanceKlass org/eclipse/aether/internal/impl/DefaultFileProcessor$$FastClassByGuice$$65150137
instanceKlass org/eclipse/aether/internal/impl/DefaultDeployer$$FastClassByGuice$$64857849
instanceKlass org/eclipse/aether/internal/impl/DefaultChecksumPolicyProvider$$FastClassByGuice$$63247310
instanceKlass org/eclipse/aether/internal/impl/DefaultArtifactResolver$$FastClassByGuice$$62053789
instanceKlass org/eclipse/aether/connector/basic/BasicRepositoryConnectorFactory$$FastClassByGuice$$61569212
instanceKlass org/apache/maven/model/validation/DefaultModelValidator$$FastClassByGuice$$60358558
instanceKlass org/apache/maven/model/superpom/DefaultSuperPomProvider$$FastClassByGuice$$59236356
instanceKlass org/apache/maven/model/profile/activation/PropertyProfileActivator$$FastClassByGuice$$58002107
instanceKlass org/apache/maven/model/profile/activation/OperatingSystemProfileActivator$$FastClassByGuice$$56749263
instanceKlass org/apache/maven/model/profile/activation/JdkVersionProfileActivator$$FastClassByGuice$$56592479
instanceKlass org/apache/maven/model/profile/activation/FileProfileActivator$$FastClassByGuice$$55149416
instanceKlass org/apache/maven/model/profile/DefaultProfileSelector$$FastClassByGuice$$54255332
instanceKlass org/apache/maven/model/profile/DefaultProfileInjector$$FastClassByGuice$$52788032
instanceKlass org/apache/maven/model/plugin/DefaultReportingConverter$$FastClassByGuice$$52080080
instanceKlass org/apache/maven/model/plugin/DefaultReportConfigurationExpander$$FastClassByGuice$$50388597
instanceKlass org/apache/maven/model/plugin/DefaultPluginConfigurationExpander$$FastClassByGuice$$50278737
instanceKlass org/apache/maven/model/path/ProfileActivationFilePathInterpolator$$FastClassByGuice$$48865708
instanceKlass org/apache/maven/model/path/DefaultUrlNormalizer$$FastClassByGuice$$47584979
instanceKlass org/apache/maven/model/path/DefaultPathTranslator$$FastClassByGuice$$46313079
instanceKlass org/apache/maven/model/path/DefaultModelUrlNormalizer$$FastClassByGuice$$45589340
instanceKlass org/apache/maven/model/path/DefaultModelPathTranslator$$FastClassByGuice$$44194629
instanceKlass org/apache/maven/model/normalization/DefaultModelNormalizer$$FastClassByGuice$$43919669
instanceKlass org/apache/maven/model/management/DefaultPluginManagementInjector$$FastClassByGuice$$42038514
instanceKlass org/apache/maven/model/management/DefaultDependencyManagementInjector$$FastClassByGuice$$41821904
instanceKlass org/apache/maven/model/locator/DefaultModelLocator$$FastClassByGuice$$40294415
instanceKlass org/apache/maven/model/io/DefaultModelWriter$$FastClassByGuice$$39359189
instanceKlass org/apache/maven/model/io/DefaultModelReader$$FastClassByGuice$$37914730
instanceKlass org/apache/maven/model/interpolation/StringVisitorModelInterpolator$$FastClassByGuice$$37308947
instanceKlass org/apache/maven/model/interpolation/DefaultModelVersionProcessor$$FastClassByGuice$$36199639
instanceKlass org/apache/maven/model/inheritance/DefaultInheritanceAssembler$$FastClassByGuice$$35268321
instanceKlass org/apache/maven/model/composition/DefaultDependencyManagementImporter$$FastClassByGuice$$33559562
instanceKlass org/apache/maven/model/building/DefaultModelProcessor$$FastClassByGuice$$32925234
instanceKlass org/apache/maven/model/building/DefaultModelBuilder$$FastClassByGuice$$31527030
instanceKlass org/apache/maven/cli/internal/BootstrapCoreExtensionManager$$FastClassByGuice$$30956300
instanceKlass org/apache/maven/cli/configuration/SettingsXmlConfigurationProcessor$$FastClassByGuice$$30308081
instanceKlass org/apache/maven/toolchain/io/DefaultToolchainsWriter$$FastClassByGuice$$29279397
instanceKlass org/apache/maven/toolchain/io/DefaultToolchainsReader$$FastClassByGuice$$27867838
instanceKlass org/apache/maven/toolchain/building/DefaultToolchainsBuilder$$FastClassByGuice$$26634294
instanceKlass org/apache/maven/plugin/internal/MavenPluginMavenPrerequisiteChecker$$FastClassByGuice$$25574805
instanceKlass org/apache/maven/plugin/internal/MavenPluginJavaPrerequisiteChecker$$FastClassByGuice$$24704374
instanceKlass org/apache/maven/plugin/internal/DefaultPluginValidationManager$$FastClassByGuice$$23904826
instanceKlass org/apache/maven/plugin/DefaultMojosExecutionStrategy$$FastClassByGuice$$22828154
instanceKlass org/apache/maven/lifecycle/internal/LifecycleDependencyResolver$$FastClassByGuice$$21148998
instanceKlass org/apache/maven/lifecycle/internal/DefaultProjectArtifactFactory$$FastClassByGuice$$20758298
instanceKlass org/apache/maven/internal/secdispatcher/SecDispatcherProvider$$FastClassByGuice$$19257093
instanceKlass org/apache/maven/internal/aether/ResolverLifecycle$$FastClassByGuice$$18188271
instanceKlass com/google/inject/internal/InjectorImpl$SyntheticProviderBindingImpl$1
instanceKlass com/google/inject/internal/InjectorImpl$1
instanceKlass org/apache/maven/internal/aether/DefaultRepositorySystemSessionFactory$$FastClassByGuice$$17596171
instanceKlass com/google/inject/internal/SingleFieldInjector
instanceKlass org/apache/maven/extension/internal/CoreExportsProvider$$FastClassByGuice$$16075584
instanceKlass org/apache/maven/execution/DefaultMavenExecutionRequestPopulator$$FastClassByGuice$$14728505
instanceKlass org/apache/maven/classrealm/DefaultClassRealmManager$$FastClassByGuice$$13972722
instanceKlass org/apache/maven/DefaultArtifactFilterManager$$FastClassByGuice$$12816325
instanceKlass com/google/inject/internal/SingleParameterInjector
instanceKlass org/apache/maven/lifecycle/internal/MojoDescriptorCreator$$FastClassByGuice$$12542280
instanceKlass org/apache/maven/lifecycle/internal/builder/BuilderCommon$$FastClassByGuice$$11296135
instanceKlass org/apache/maven/lifecycle/internal/LifecycleModuleBuilder$$FastClassByGuice$$9563955
instanceKlass com/google/inject/internal/DefaultConstructionProxyFactory$ReflectiveProxy
instanceKlass org/apache/maven/lifecycle/DefaultLifecycles$$FastClassByGuice$$8645742
instanceKlass org/apache/maven/lifecycle/Lifecycle$$FastClassByGuice$$7762086
instanceKlass org/eclipse/sisu/plexus/PlexusConfigurations$ConfigurationProvider
instanceKlass org/apache/maven/lifecycle/internal/LifecycleDebugLogger$$FastClassByGuice$$6978479
instanceKlass org/apache/maven/lifecycle/internal/BuildListCalculator$$FastClassByGuice$$5332612
instanceKlass org/apache/maven/eventspy/internal/EventSpyDispatcher$$FastClassByGuice$$5087911
instanceKlass org/eclipse/sisu/bean/BeanPropertySetter
instanceKlass org/eclipse/sisu/PreDestroy
instanceKlass org/eclipse/sisu/PostConstruct
instanceKlass org/apache/maven/lifecycle/internal/LifecycleStarter$$FastClassByGuice$$4185599
instanceKlass org/apache/maven/lifecycle/internal/MojoExecutor$$FastClassByGuice$$2474759
instanceKlass org/apache/maven/lifecycle/internal/LifecyclePluginResolver$$FastClassByGuice$$1532673
instanceKlass com/google/inject/internal/ProxyFactory
instanceKlass com/google/common/collect/TransformedIterator
instanceKlass  @bci com/google/inject/internal/ConstructorInjectorStore createConstructor (Lcom/google/inject/spi/InjectionPoint;Lcom/google/inject/internal/Errors;)Lcom/google/inject/internal/ConstructorInjector; 62 <appendix> argL0 ; # com/google/inject/internal/ConstructorInjectorStore$$Lambda+0x000000001616fa10
instanceKlass com/google/inject/spi/InterceptorBinding
instanceKlass com/google/inject/internal/MethodAspect
instanceKlass com/google/inject/internal/MembersInjectorImpl
instanceKlass org/eclipse/sisu/bean/BeanInjector
instanceKlass org/eclipse/sisu/plexus/PlexusLifecycleManager$2
instanceKlass org/eclipse/sisu/bean/PropertyBinder$1
instanceKlass org/eclipse/sisu/plexus/ProvidedPropertyBinding
instanceKlass org/eclipse/sisu/plexus/PlexusRequirements$AbstractRequirementProvider
instanceKlass org/eclipse/sisu/bean/BeanPropertyField
instanceKlass org/eclipse/sisu/bean/DeclaredMembers$MemberIterator
instanceKlass org/eclipse/sisu/bean/BeanPropertyIterator
instanceKlass org/eclipse/sisu/bean/DeclaredMembers
instanceKlass org/eclipse/sisu/bean/IgnoreSetters
instanceKlass org/eclipse/sisu/bean/BeanProperties
instanceKlass org/eclipse/sisu/plexus/PlexusRequirements
instanceKlass org/eclipse/sisu/plexus/PlexusConfigurations
instanceKlass org/eclipse/sisu/plexus/PlexusPropertyBinder
instanceKlass org/eclipse/sisu/bean/BeanLifecycle
instanceKlass com/google/inject/internal/EncounterImpl
instanceKlass  @bci com/google/inject/internal/AbstractBindingProcessor$Processor scheduleInitialization (Lcom/google/inject/internal/BindingImpl;)V 9 <appendix> member <vmtarget> ; # com/google/inject/internal/AbstractBindingProcessor$Processor$$Lambda+0x000000001616aed0
instanceKlass  @bci org/apache/maven/session/scope/internal/SessionScope scope (Lcom/google/inject/Key;Lcom/google/inject/Provider;)Lcom/google/inject/Provider; 3 <appendix> member <vmtarget> ; # org/apache/maven/session/scope/internal/SessionScope$$Lambda+0x000000001616ac88
instanceKlass org/apache/maven/execution/scope/internal/MojoExecutionScope$2
instanceKlass com/google/inject/internal/ProviderInternalFactory
instanceKlass com/google/inject/internal/InternalProviderInstanceBindingImpl$Factory
instanceKlass com/google/inject/internal/FactoryProxy
instanceKlass com/google/inject/internal/InternalFactoryToProviderAdapter
instanceKlass com/google/inject/internal/ConstructionContext
instanceKlass com/google/inject/internal/SingletonScope$1
instanceKlass com/google/inject/internal/ProviderToInternalFactoryAdapter
instanceKlass com/google/inject/internal/CycleDetectingLock$CycleDetectingLockFactory$ReentrantCycleDetectingLock
instanceKlass com/google/inject/internal/Initializer$InjectableReference
instanceKlass com/google/inject/internal/ProvisionListenerStackCallback
instanceKlass com/google/common/cache/LocalCache$AbstractReferenceEntry
instanceKlass com/google/inject/internal/ProvisionListenerCallbackStore$KeyBinding
instanceKlass com/google/inject/internal/util/Classes
instanceKlass com/google/inject/spi/ExposedBinding
instanceKlass com/google/inject/internal/CreationListener
instanceKlass com/google/inject/internal/InjectorShell$LoggerFactory
instanceKlass com/google/inject/internal/InjectorShell$InjectorFactory
instanceKlass com/google/inject/internal/Initializables$1
instanceKlass com/google/inject/internal/Initializables
instanceKlass com/google/inject/internal/ConstantFactory
instanceKlass com/google/inject/internal/InjectorShell
instanceKlass com/google/inject/internal/ProvisionListenerCallbackStore
instanceKlass com/google/inject/internal/SingleMemberInjector
instanceKlass com/google/inject/spi/TypeEncounter
instanceKlass com/google/inject/internal/MembersInjectorStore
instanceKlass com/google/inject/internal/TypeConverterBindingProcessor$4
instanceKlass com/google/inject/internal/TypeConverterBindingProcessor$2
instanceKlass com/google/inject/internal/TypeConverterBindingProcessor$1
instanceKlass com/google/inject/internal/TypeConverterBindingProcessor$5
instanceKlass com/google/inject/internal/FailableCache
instanceKlass com/google/inject/internal/ConstructorInjectorStore
instanceKlass com/google/inject/internal/DeferredLookups
instanceKlass com/google/inject/spi/ProviderBinding
instanceKlass com/google/inject/spi/ConvertedConstantBinding
instanceKlass com/google/inject/internal/InjectorImpl
instanceKlass com/google/inject/internal/Lookups
instanceKlass com/google/inject/internal/InjectorImpl$InjectorOptions
instanceKlass  @bci com/google/inject/internal/AbstractProcessor process (Lcom/google/inject/internal/InjectorImpl;Ljava/util/List;)V 13 <appendix> member <vmtarget> ; # com/google/inject/internal/AbstractProcessor$$Lambda+0x00000000161606c8
instanceKlass  @bci com/google/inject/spi/BindingSourceRestriction check (Lcom/google/inject/internal/GuiceInternal;Ljava/util/List;)Lcom/google/common/collect/ImmutableList; 11 <appendix> argL0 ; # com/google/inject/spi/BindingSourceRestriction$$Lambda+0x000000001615dab0
instanceKlass com/google/inject/internal/ProvisionListenerStackCallback$ProvisionCallback
instanceKlass com/google/inject/internal/ConstructorInjector
instanceKlass com/google/inject/internal/DefaultConstructionProxyFactory$FastClassProxy
instanceKlass  @bci com/google/inject/internal/aop/AbstractGlueGenerator lambda$bindSignaturesToInvokers$0 (Ljava/lang/invoke/MethodHandle;Ljava/util/function/ToIntFunction;Ljava/lang/String;)Ljava/util/function/BiFunction; 8 <adapter> ; # java/lang/invoke/LambdaForm$MH+0x000000001615c400
instanceKlass java/lang/ClassValue$RemovalToken
instanceKlass  @bci com/google/inject/internal/aop/AbstractGlueGenerator bindSignaturesToInvokers (Ljava/util/function/ToIntFunction;Ljava/lang/invoke/MethodHandle;)Ljava/util/function/Function; 13 <appendix> member <vmtarget> ; # com/google/inject/internal/aop/AbstractGlueGenerator$$Lambda+0x000000001615f640
instanceKlass com/google/inject/internal/aop/ImmutableStringTrie
instanceKlass java/util/function/ToIntFunction
instanceKlass jdk/internal/reflect/FieldAccessorImpl
instanceKlass jdk/internal/reflect/FieldAccessor
instanceKlass org/apache/maven/plugin/internal/DefaultPluginDependenciesResolver$$FastClassByGuice$$160649
instanceKlass  @bci com/google/inject/internal/aop/ChildClassDefiner childLoader (Ljava/lang/ClassLoader;)Lcom/google/inject/internal/aop/ChildClassDefiner$ChildLoader; 26 <appendix> member <vmtarget> ; # com/google/inject/internal/aop/ChildClassDefiner$$Lambda+0x000000001615f1e0
instanceKlass  @bci com/google/inject/internal/aop/ChildClassDefiner$ChildLoaderCacheHolder <clinit> ()V 9 <appendix> argL0 ; # com/google/inject/internal/aop/ChildClassDefiner$ChildLoaderCacheHolder$$Lambda+0x000000001615ef78
instanceKlass com/google/inject/internal/aop/ChildClassDefiner$ChildLoaderCacheHolder
instanceKlass com/google/inject/internal/aop/BytecodeTasks
instanceKlass  @bci com/google/inject/internal/aop/AbstractGlueGenerator generateTrampoline (Lorg/objectweb/asm/ClassWriter;Ljava/util/Collection;)V 30 <appendix> argL0 ; # com/google/inject/internal/aop/AbstractGlueGenerator$$Lambda+0x000000001615e638
instanceKlass org/objectweb/asm/Handle
instanceKlass org/objectweb/asm/Label
instanceKlass org/objectweb/asm/Type
instanceKlass com/google/inject/internal/aop/AbstractGlueGenerator
instanceKlass  @bci com/google/inject/internal/aop/ClassBuilding buildFastClass (Ljava/lang/Class;)Ljava/util/function/Function; 20 <appendix> member <vmtarget> ; # com/google/inject/internal/aop/ClassBuilding$$Lambda+0x000000001615b2d0
instanceKlass  @bci com/google/inject/internal/aop/ClassBuilding buildFastClass (Ljava/lang/Class;)Ljava/util/function/Function; 10 <appendix> member <vmtarget> ; # com/google/inject/internal/aop/ClassBuilding$$Lambda+0x000000001615b090
instanceKlass com/google/inject/internal/aop/UnsafeClassDefiner
instanceKlass com/google/inject/internal/aop/ChildClassDefiner
instanceKlass com/google/inject/internal/aop/ClassDefining$ClassDefinerHolder
instanceKlass com/google/inject/internal/aop/ClassDefiner
instanceKlass com/google/inject/internal/aop/ClassDefining
instanceKlass  @bci com/google/inject/internal/aop/ClassBuilding getOverridableObjectMethods ()[Ljava/lang/reflect/Method; 15 <appendix> member <vmtarget> ; # com/google/inject/internal/aop/ClassBuilding$$Lambda+0x000000001615a3d8
instanceKlass  @cpi com/google/inject/internal/aop/ClassBuilding 315 form vmentry <vmtarget> ; # java/lang/invoke/LambdaForm$DMH+0x000000001615c000
instanceKlass  @bci com/google/inject/internal/BytecodeGen <clinit> ()V 25 <appendix> argL0 ; # com/google/inject/internal/BytecodeGen$$Lambda+0x000000001615a170
instanceKlass com/google/inject/internal/BytecodeGen$EnhancerBuilder
instanceKlass com/google/inject/internal/aop/ClassBuilding
instanceKlass com/google/common/collect/MapMakerInternalMap$StrongValueEntry
instanceKlass com/google/common/collect/MapMakerInternalMap$WeakKeyStrongValueEntry$Helper
instanceKlass com/google/common/collect/MapMakerInternalMap$InternalEntry
instanceKlass com/google/common/collect/MapMakerInternalMap$1
instanceKlass com/google/common/collect/MapMakerInternalMap$InternalEntryHelper
instanceKlass com/google/common/collect/MapMakerInternalMap$WeakValueReference
instanceKlass com/google/common/collect/MapMaker
instanceKlass com/google/inject/internal/BytecodeGen
instanceKlass com/google/inject/internal/ConstructionProxy
instanceKlass com/google/inject/internal/DefaultConstructionProxyFactory
instanceKlass com/google/inject/internal/ConstructionProxyFactory
instanceKlass com/google/inject/internal/ConstructorBindingImpl$Factory
instanceKlass org/eclipse/sisu/inject/TypeArguments$Implicit
instanceKlass org/eclipse/sisu/wire/BeanProviders$6
instanceKlass org/eclipse/sisu/wire/BeanProviders$3
instanceKlass org/sonatype/inject/BeanEntry
instanceKlass org/eclipse/sisu/BeanEntry
instanceKlass org/eclipse/sisu/wire/BeanProviders$4
instanceKlass org/eclipse/sisu/wire/BeanProviders$7
instanceKlass org/eclipse/sisu/wire/BeanProviders$1
instanceKlass org/eclipse/sisu/wire/PlaceholderBeanProvider
instanceKlass com/google/inject/spi/ProviderLookup$1
instanceKlass com/google/inject/spi/ProviderWithDependencies
instanceKlass com/google/inject/spi/ProviderLookup
instanceKlass org/eclipse/sisu/wire/BeanProviders
instanceKlass org/eclipse/sisu/inject/HiddenSource
instanceKlass org/eclipse/sisu/wire/LocatorWiring
instanceKlass com/google/inject/ProvidedBy
instanceKlass com/google/inject/ImplementedBy
instanceKlass org/sonatype/plexus/components/sec/dispatcher/model/SettingsSecurity
instanceKlass org/sonatype/plexus/components/cipher/PBECipher
instanceKlass org/codehaus/classworlds/ClassRealm
instanceKlass org/apache/maven/settings/crypto/SettingsDecryptionResult
instanceKlass org/apache/maven/settings/building/DefaultSettingsProblemCollector
instanceKlass org/apache/maven/settings/merge/MavenSettingsMerger
instanceKlass org/apache/maven/settings/building/SettingsBuildingResult
instanceKlass org/apache/maven/settings/building/SettingsProblemCollector
instanceKlass org/eclipse/aether/impl/MetadataGenerator
instanceKlass org/apache/maven/model/Relocation
instanceKlass org/apache/maven/repository/internal/ArtifactDescriptorReaderDelegate
instanceKlass org/eclipse/aether/named/support/AdaptedSemaphoreNamedLock$AdaptedSemaphore
instanceKlass org/eclipse/aether/named/support/NamedLockFactorySupport$NamedLockHolder
instanceKlass org/eclipse/aether/named/support/NamedLockSupport
instanceKlass org/eclipse/aether/named/NamedLock
instanceKlass org/eclipse/aether/internal/impl/synccontext/named/NamedLockFactoryAdapter
instanceKlass org/eclipse/aether/spi/log/Logger
instanceKlass org/eclipse/aether/internal/impl/filter/PrefixesRemoteRepositoryFilterSource$Node
instanceKlass org/eclipse/aether/spi/connector/filter/RemoteRepositoryFilter$Result
instanceKlass org/eclipse/aether/spi/connector/filter/RemoteRepositoryFilter
instanceKlass org/eclipse/aether/collection/DependencyTraverser
instanceKlass org/eclipse/aether/collection/DependencyManager
instanceKlass org/eclipse/aether/internal/impl/collect/df/DfDependencyCollector$Args
instanceKlass org/eclipse/aether/internal/impl/collect/bf/BfDependencyCollector$DescriptorResolutionResult
instanceKlass org/eclipse/aether/internal/impl/collect/bf/BfDependencyCollector$Args
instanceKlass org/eclipse/aether/internal/impl/collect/bf/DependencyProcessingContext
instanceKlass org/eclipse/aether/internal/impl/collect/bf/DependencyResolutionSkipper
instanceKlass org/eclipse/aether/collection/VersionFilter
instanceKlass org/eclipse/aether/internal/impl/collect/DependencyCollectorDelegate$Results
instanceKlass org/eclipse/aether/internal/impl/collect/DefaultVersionFilterContext
instanceKlass org/eclipse/aether/internal/impl/collect/DefaultDependencyCollectionContext
instanceKlass org/eclipse/aether/collection/DependencyCollectionContext
instanceKlass org/eclipse/aether/internal/impl/collect/DataPool
instanceKlass org/eclipse/aether/graph/DefaultDependencyNode
instanceKlass org/eclipse/aether/version/Version
instanceKlass org/eclipse/aether/internal/impl/collect/PremanagedDependency
instanceKlass org/eclipse/aether/collection/VersionFilter$VersionFilterContext
instanceKlass org/eclipse/aether/collection/DependencyGraphTransformationContext
instanceKlass org/eclipse/aether/spi/connector/Transfer
instanceKlass org/eclipse/aether/internal/impl/checksum/SummaryFileTrustedChecksumsSource$SummaryFileWriter
instanceKlass org/eclipse/aether/internal/impl/checksum/SparseDirectoryTrustedChecksumsSource$SparseDirectoryWriter
instanceKlass org/eclipse/aether/spi/checksums/TrustedChecksumsSource$Writer
instanceKlass org/eclipse/aether/spi/connector/checksum/ChecksumAlgorithm
instanceKlass org/eclipse/aether/impl/UpdateCheck
instanceKlass org/eclipse/aether/spi/connector/transport/Transporter
instanceKlass java/nio/channels/FileLock
instanceKlass org/eclipse/aether/resolution/DependencyResult
instanceKlass org/eclipse/aether/resolution/DependencyRequest
instanceKlass org/eclipse/aether/resolution/VersionRangeResult
instanceKlass org/eclipse/aether/resolution/VersionRangeRequest
instanceKlass org/eclipse/aether/resolution/ArtifactDescriptorRequest
instanceKlass org/eclipse/aether/collection/CollectResult
instanceKlass org/eclipse/aether/collection/CollectRequest
instanceKlass org/eclipse/aether/resolution/VersionRequest
instanceKlass java/util/concurrent/atomic/AtomicBoolean
instanceKlass org/eclipse/aether/spi/connector/layout/RepositoryLayout
instanceKlass org/eclipse/aether/RepositoryEvent
instanceKlass org/eclipse/aether/repository/LocalRepository
instanceKlass org/eclipse/aether/internal/impl/LocalPathPrefixComposer
instanceKlass org/eclipse/aether/transform/FileTransformer
instanceKlass org/eclipse/aether/installation/InstallResult
instanceKlass org/eclipse/aether/installation/InstallRequest
instanceKlass org/eclipse/aether/spi/io/FileProcessor$ProgressListener
instanceKlass org/eclipse/aether/internal/impl/DefaultDeployer$EventCatapult
instanceKlass org/eclipse/aether/deployment/DeployResult
instanceKlass org/eclipse/aether/deployment/DeployRequest
instanceKlass org/eclipse/aether/repository/RepositoryPolicy
instanceKlass org/eclipse/aether/transfer/TransferResource
instanceKlass org/eclipse/aether/spi/connector/checksum/ChecksumPolicy
instanceKlass org/eclipse/aether/resolution/ArtifactRequest
instanceKlass org/eclipse/aether/resolution/VersionResult
instanceKlass org/eclipse/aether/repository/LocalArtifactResult
instanceKlass org/eclipse/aether/internal/impl/DefaultArtifactResolver$ResolutionGroup
instanceKlass org/eclipse/aether/SyncContext
instanceKlass org/eclipse/aether/spi/locator/ServiceLocator
instanceKlass org/eclipse/aether/repository/RemoteRepository
instanceKlass org/eclipse/aether/spi/connector/RepositoryConnector
instanceKlass org/apache/maven/model/validation/DefaultModelValidator$1ActivationFrame
instanceKlass org/apache/maven/model/profile/activation/JdkVersionProfileActivator$RangeValue
instanceKlass org/apache/maven/model/InputLocation
instanceKlass org/apache/maven/model/InputSource
instanceKlass org/apache/maven/model/interpolation/StringVisitorModelInterpolator$InnerInterpolator
instanceKlass org/apache/maven/model/building/ModelBuildingEventCatapult
instanceKlass org/apache/maven/model/building/ModelData
instanceKlass org/apache/maven/model/ActivationOS
instanceKlass org/apache/maven/model/ActivationProperty
instanceKlass org/apache/maven/model/ActivationFile
instanceKlass org/apache/maven/model/building/DefaultModelProblemCollector
instanceKlass org/codehaus/plexus/interpolation/RegexBasedInterpolator
instanceKlass org/apache/maven/model/Activation
instanceKlass org/apache/maven/model/profile/DefaultProfileActivationContext
instanceKlass org/apache/maven/model/building/ModelCacheTag
instanceKlass org/apache/maven/model/building/ModelBuildingEvent
instanceKlass org/apache/maven/model/profile/ProfileActivationContext
instanceKlass org/apache/maven/model/building/ModelProblemCollectorExt
instanceKlass org/apache/maven/cli/internal/extension/model/CoreExtension
instanceKlass org/apache/maven/building/ProblemCollector
instanceKlass org/apache/maven/toolchain/merge/MavenToolchainMerger
instanceKlass org/codehaus/plexus/interpolation/InterpolationPostProcessor
instanceKlass org/apache/maven/toolchain/building/ToolchainsBuildingResult
instanceKlass org/eclipse/aether/graph/Dependency
instanceKlass org/eclipse/aether/resolution/ArtifactDescriptorResult
instanceKlass org/apache/maven/plugin/internal/DefaultPluginValidationManager$PluginValidationIssues
instanceKlass org/sonatype/plexus/components/sec/dispatcher/PasswordDecryptor
instanceKlass com/google/inject/util/Types
instanceKlass org/eclipse/sisu/Nullable
instanceKlass org/eclipse/aether/repository/AuthenticationSelector
instanceKlass org/eclipse/aether/repository/ProxySelector
instanceKlass org/eclipse/aether/repository/MirrorSelector
instanceKlass org/eclipse/aether/resolution/ResolutionErrorPolicy
instanceKlass org/eclipse/aether/repository/LocalRepositoryManager
instanceKlass org/apache/maven/classrealm/ClassRealmManagerDelegate
instanceKlass org/apache/maven/classrealm/ClassRealmConstituent
instanceKlass org/apache/maven/classrealm/ClassRealmRequest
instanceKlass org/eclipse/aether/repository/WorkspaceRepository
instanceKlass org/apache/maven/ArtifactFilterManagerDelegate
instanceKlass sun/reflect/generics/tree/MethodTypeSignature
instanceKlass sun/reflect/generics/tree/VoidDescriptor
instanceKlass org/apache/maven/lifecycle/DefaultLifecycleExecutor
instanceKlass org/apache/maven/repository/legacy/resolver/conflict/NewestConflictResolver
instanceKlass org/apache/maven/repository/metadata/ClasspathContainer
instanceKlass org/apache/maven/repository/metadata/DefaultClasspathTransformation
instanceKlass org/apache/maven/plugin/PluginRealmCache$PluginRealmSupplier
instanceKlass org/apache/maven/plugin/PluginRealmCache$Key
instanceKlass org/apache/maven/plugin/DefaultPluginRealmCache
instanceKlass org/apache/maven/settings/building/SettingsBuildingRequest
instanceKlass org/apache/maven/repository/legacy/repository/DefaultArtifactRepositoryFactory
instanceKlass org/apache/maven/repository/ArtifactTransferListener
instanceKlass org/apache/maven/repository/legacy/LegacyRepositorySystem
instanceKlass org/eclipse/aether/DefaultRepositorySystemSession
instanceKlass org/apache/maven/execution/MavenExecutionResult
instanceKlass org/apache/maven/DefaultMaven
instanceKlass org/apache/maven/project/DefaultDependencyResolutionResult
instanceKlass org/apache/maven/project/DefaultProjectDependenciesResolver
instanceKlass org/apache/maven/artifact/factory/DefaultArtifactFactory
instanceKlass org/apache/maven/repository/legacy/resolver/conflict/FarthestConflictResolver
instanceKlass org/apache/maven/artifact/repository/layout/FlatRepositoryLayout
instanceKlass org/apache/maven/lifecycle/internal/DefaultLifecycleTaskSegmentCalculator
instanceKlass org/apache/maven/execution/ProjectExecutionListener
instanceKlass org/apache/maven/execution/BuildSummary
instanceKlass org/apache/maven/rtinfo/internal/DefaultRuntimeInformation
instanceKlass org/apache/maven/exception/ExceptionSummary
instanceKlass org/apache/maven/exception/DefaultExceptionHandler
instanceKlass org/apache/maven/repository/Proxy
instanceKlass org/apache/maven/artifact/repository/Authentication
instanceKlass org/apache/maven/settings/RepositoryPolicy
instanceKlass org/apache/maven/model/RepositoryPolicy
instanceKlass org/apache/maven/settings/RepositoryBase
instanceKlass org/apache/maven/configuration/BeanConfigurationRequest
instanceKlass org/codehaus/plexus/component/configurator/converters/lookup/ConverterLookup
instanceKlass org/apache/maven/configuration/internal/DefaultBeanConfigurator
instanceKlass org/apache/maven/plugin/PluginRealmCache$CacheRecord
instanceKlass org/eclipse/aether/util/graph/visitor/AbstractDepthFirstNodeListGenerator
# instanceKlass java/lang/invoke/LambdaForm$MH+0x0000000016130000
instanceKlass org/apache/maven/plugin/descriptor/PluginDescriptorBuilder
instanceKlass org/codehaus/plexus/component/configurator/expression/ExpressionEvaluator
instanceKlass org/codehaus/plexus/configuration/PlexusConfiguration
instanceKlass org/apache/maven/plugin/logging/Log
instanceKlass org/codehaus/plexus/component/configurator/ConfigurationListener
instanceKlass org/apache/maven/plugin/internal/DefaultMavenPluginManager
instanceKlass org/apache/maven/toolchain/DefaultToolchain
instanceKlass org/apache/maven/toolchain/java/JavaToolchain
instanceKlass org/apache/maven/toolchain/java/JavaToolchainFactory
instanceKlass org/apache/http/config/Registry
instanceKlass org/apache/http/impl/conn/PoolingHttpClientConnectionManager
instanceKlass org/apache/http/pool/ConnPoolControl
instanceKlass org/apache/http/client/methods/CloseableHttpResponse
instanceKlass org/apache/http/HttpResponse
instanceKlass org/apache/maven/wagon/shared/http/BasicAuthScope
instanceKlass org/apache/maven/wagon/shared/http/HttpConfiguration
instanceKlass org/apache/http/impl/client/CloseableHttpClient
instanceKlass org/apache/http/client/HttpClient
instanceKlass org/apache/http/client/ServiceUnavailableRetryStrategy
instanceKlass org/apache/http/client/HttpRequestRetryHandler
instanceKlass org/apache/http/client/RedirectStrategy
instanceKlass org/apache/http/config/Lookup
instanceKlass org/apache/http/conn/ssl/TrustStrategy
instanceKlass org/apache/http/ssl/TrustStrategy
instanceKlass org/apache/http/auth/Credentials
instanceKlass org/apache/http/client/AuthCache
instanceKlass org/apache/http/client/CredentialsProvider
instanceKlass org/apache/http/Header
instanceKlass org/apache/http/NameValuePair
instanceKlass org/apache/http/protocol/HttpContext
instanceKlass org/apache/http/HttpEntity
instanceKlass org/apache/http/client/methods/HttpUriRequest
instanceKlass org/apache/http/HttpRequest
instanceKlass org/apache/http/HttpMessage
instanceKlass org/apache/http/auth/AuthScheme
instanceKlass org/apache/http/conn/HttpClientConnectionManager
instanceKlass org/apache/maven/artifact/repository/layout/DefaultRepositoryLayout
instanceKlass org/eclipse/aether/RepositoryListener
instanceKlass org/apache/maven/repository/legacy/resolver/conflict/DefaultConflictResolverFactory
instanceKlass org/apache/maven/project/path/DefaultPathTranslator
instanceKlass org/apache/maven/lifecycle/internal/DefaultLifecycleMappingDelegate
instanceKlass org/apache/maven/profiles/ProfilesRoot
instanceKlass org/apache/maven/artifact/repository/metadata/io/DefaultMetadataReader
instanceKlass org/apache/maven/execution/DefaultRuntimeInformation
instanceKlass org/apache/maven/repository/DefaultMirrorSelector
instanceKlass org/apache/maven/DefaultProjectDependenciesResolver
instanceKlass org/apache/maven/lifecycle/internal/builder/multithreaded/ConcurrencyDependencyGraph
instanceKlass org/apache/maven/lifecycle/internal/builder/multithreaded/ThreadOutputMuxer
instanceKlass org/apache/maven/lifecycle/internal/TaskSegment
instanceKlass org/apache/maven/lifecycle/internal/ProjectSegment
instanceKlass java/util/concurrent/CompletionService
instanceKlass org/apache/maven/lifecycle/internal/builder/multithreaded/MultiThreadedBuilder
instanceKlass org/apache/maven/settings/crypto/SettingsDecryptionRequest
instanceKlass org/apache/maven/wagon/observers/ChecksumObserver
instanceKlass org/apache/maven/repository/legacy/DefaultWagonManager
instanceKlass org/apache/maven/repository/legacy/resolver/conflict/NearestConflictResolver
instanceKlass org/apache/maven/plugin/ExtensionRealmCache$CacheRecord
instanceKlass org/apache/maven/plugin/ExtensionRealmCache$Key
instanceKlass org/apache/maven/plugin/DefaultExtensionRealmCache
instanceKlass org/apache/maven/lifecycle/internal/ReactorBuildStatus
instanceKlass org/apache/maven/lifecycle/internal/ProjectBuildList
instanceKlass org/apache/maven/lifecycle/internal/ReactorContext
instanceKlass org/apache/maven/lifecycle/internal/builder/singlethreaded/SingleThreadedBuilder
instanceKlass org/apache/maven/project/validation/ModelValidationResult
instanceKlass org/apache/maven/project/validation/DefaultModelValidator
instanceKlass org/apache/maven/toolchain/model/TrackableBase
instanceKlass org/apache/maven/toolchain/DefaultToolchainsBuilder
instanceKlass org/apache/maven/artifact/resolver/DefaultResolutionErrorHandler
instanceKlass org/apache/maven/project/artifact/ProjectArtifactsCache$CacheRecord
instanceKlass org/apache/maven/project/artifact/ProjectArtifactsCache$Key
instanceKlass org/apache/maven/project/artifact/DefaultProjectArtifactsCache
instanceKlass org/apache/maven/profiles/ProfileManager
instanceKlass org/apache/maven/project/DefaultMavenProjectBuilder
instanceKlass org/apache/maven/plugin/internal/DefaultLegacySupport
instanceKlass org/apache/maven/wagon/InputData
instanceKlass org/apache/maven/wagon/OutputData
instanceKlass java/util/EventObject
instanceKlass org/apache/maven/wagon/events/SessionListener
instanceKlass org/apache/maven/wagon/resource/Resource
instanceKlass org/apache/maven/wagon/repository/RepositoryPermissions
instanceKlass org/apache/maven/wagon/proxy/ProxyInfo
instanceKlass org/apache/maven/wagon/authentication/AuthenticationInfo
instanceKlass org/apache/maven/wagon/events/TransferEventSupport
instanceKlass org/apache/maven/wagon/events/SessionEventSupport
instanceKlass org/apache/maven/wagon/repository/Repository
instanceKlass org/apache/maven/wagon/proxy/ProxyInfoProvider
instanceKlass org/apache/maven/wagon/AbstractWagon
instanceKlass org/apache/maven/wagon/StreamingWagon
instanceKlass org/apache/maven/execution/ExecutionEvent
instanceKlass org/apache/maven/lifecycle/internal/DefaultExecutionEventCatapult
instanceKlass org/apache/maven/wagon/events/TransferListener
instanceKlass org/apache/maven/artifact/resolver/DefaultArtifactResolver
instanceKlass org/eclipse/aether/resolution/ArtifactResult
instanceKlass org/eclipse/aether/graph/DependencyNode
instanceKlass org/eclipse/aether/graph/DependencyVisitor
instanceKlass org/eclipse/aether/collection/DependencySelector
instanceKlass org/eclipse/aether/resolution/ArtifactDescriptorPolicy
instanceKlass org/apache/maven/plugin/internal/DefaultPluginDependenciesResolver
instanceKlass org/apache/maven/artifact/versioning/ArtifactVersion
instanceKlass org/apache/maven/repository/metadata/DefaultGraphConflictResolutionPolicy
instanceKlass org/apache/maven/repository/legacy/resolver/transform/DefaultArtifactTransformationManager
instanceKlass org/apache/maven/artifact/handler/manager/DefaultArtifactHandlerManager
instanceKlass org/apache/maven/plugin/DefaultBuildPluginManager
instanceKlass org/apache/maven/settings/TrackableBase
instanceKlass org/apache/maven/plugin/internal/DefaultPluginManager
instanceKlass org/apache/maven/model/building/Result
instanceKlass org/apache/maven/execution/ProjectDependencyGraph
instanceKlass org/apache/maven/graph/DefaultGraphBuilder
instanceKlass org/apache/maven/lifecycle/mapping/LifecyclePhase
instanceKlass org/apache/maven/lifecycle/internal/DefaultLifecyclePluginAnalyzer$GoalSpec
instanceKlass org/apache/maven/lifecycle/internal/DefaultLifecyclePluginAnalyzer
instanceKlass org/apache/maven/artifact/repository/DefaultArtifactRepositoryFactory
instanceKlass org/apache/maven/plugin/PluginDescriptorCache$PluginDescriptorSupplier
instanceKlass org/codehaus/plexus/component/repository/ComponentSetDescriptor
instanceKlass org/apache/maven/plugin/PluginDescriptorCache$Key
instanceKlass org/apache/maven/plugin/DefaultPluginDescriptorCache
instanceKlass org/apache/maven/toolchain/ToolchainPrivate
instanceKlass org/apache/maven/toolchain/Toolchain
instanceKlass org/apache/maven/toolchain/DefaultToolchainManager
instanceKlass org/apache/maven/plugin/PluginArtifactsCache$CacheRecord
instanceKlass org/apache/maven/plugin/PluginArtifactsCache$Key
instanceKlass org/apache/maven/plugin/DefaultPluginArtifactsCache
instanceKlass org/apache/maven/repository/metadata/MetadataGraphEdge
instanceKlass org/apache/maven/repository/metadata/MetadataGraph
instanceKlass org/apache/maven/repository/metadata/MetadataGraphVertex
instanceKlass org/apache/maven/repository/metadata/DefaultGraphConflictResolver
instanceKlass org/apache/maven/project/ProjectBuilderConfiguration
instanceKlass org/apache/maven/artifact/repository/ArtifactRepositoryPolicy
instanceKlass org/apache/maven/project/artifact/DefaultMavenMetadataCache$CacheKey
instanceKlass org/apache/maven/project/artifact/DefaultMavenMetadataCache
instanceKlass org/apache/maven/repository/legacy/resolver/conflict/OldestConflictResolver
instanceKlass org/apache/maven/project/DependencyResolutionResult
instanceKlass org/apache/maven/project/ReactorModelPool
instanceKlass org/apache/maven/model/building/ModelBuildingResult
instanceKlass org/apache/maven/project/DefaultProjectBuilder$InternalConfig
instanceKlass org/apache/maven/project/DependencyResolutionRequest
instanceKlass org/apache/maven/model/resolution/ModelResolver
instanceKlass org/apache/maven/project/ProjectBuildingResult
instanceKlass org/apache/maven/model/building/ModelBuildingListener
instanceKlass org/apache/maven/model/building/ModelSource
instanceKlass org/apache/maven/model/building/ModelCache
instanceKlass org/apache/maven/project/DefaultProjectBuilder
instanceKlass org/apache/maven/model/building/ModelProblemCollector
instanceKlass org/apache/maven/model/building/ModelBuildingRequest
instanceKlass org/apache/maven/model/merge/ModelMerger
instanceKlass org/apache/maven/model/plugin/DefaultLifecycleBindingsInjector
instanceKlass org/apache/maven/artifact/handler/DefaultArtifactHandler
instanceKlass org/apache/maven/project/artifact/MavenMetadataSource$ProjectRelocation
instanceKlass org/apache/maven/model/building/ModelProblem
instanceKlass org/apache/maven/model/Dependency
instanceKlass org/apache/maven/repository/legacy/metadata/ResolutionGroup
instanceKlass org/apache/maven/project/artifact/MavenMetadataSource
instanceKlass org/apache/maven/model/RepositoryBase
instanceKlass org/apache/maven/model/Reporting
instanceKlass org/apache/maven/project/inheritance/DefaultModelInheritanceAssembler
instanceKlass org/apache/maven/project/ProjectRealmCache$Key
instanceKlass org/apache/maven/project/DefaultProjectRealmCache
instanceKlass org/apache/maven/lifecycle/MavenExecutionPlan
instanceKlass org/apache/maven/lifecycle/internal/DefaultLifecycleExecutionPlanCalculator
instanceKlass org/eclipse/aether/artifact/Artifact
instanceKlass org/apache/maven/artifact/versioning/VersionRange
instanceKlass org/apache/maven/artifact/resolver/ResolutionNode
instanceKlass org/apache/maven/artifact/resolver/ArtifactResolutionResult
instanceKlass org/apache/maven/artifact/resolver/ArtifactResolutionRequest
instanceKlass org/apache/maven/repository/legacy/metadata/MetadataResolutionRequest
instanceKlass org/apache/maven/repository/legacy/resolver/DefaultLegacyArtifactCollector
instanceKlass org/apache/maven/plugin/descriptor/Parameter
instanceKlass org/apache/maven/lifecycle/internal/DefaultMojoExecutionConfigurator
instanceKlass org/apache/maven/lifecycle/internal/PhaseRecorder
instanceKlass org/apache/maven/lifecycle/internal/DependencyContext
instanceKlass org/apache/maven/lifecycle/internal/ProjectIndex
instanceKlass org/apache/maven/artifact/resolver/filter/ArtifactFilter
instanceKlass org/apache/maven/plugin/MojoExecutionRunner
instanceKlass org/apache/maven/plugin/version/internal/DefaultPluginVersionResult
instanceKlass org/apache/maven/artifact/repository/metadata/Metadata
instanceKlass org/apache/maven/plugin/version/internal/DefaultPluginVersionResolver$Versions
instanceKlass org/apache/maven/plugin/version/internal/DefaultPluginVersionResolver$Key
instanceKlass org/eclipse/aether/version/VersionScheme
instanceKlass org/apache/maven/plugin/version/PluginVersionResult
instanceKlass org/apache/maven/plugin/version/internal/DefaultPluginVersionResolver
instanceKlass org/apache/maven/plugin/version/PluginVersionRequest
instanceKlass org/apache/maven/model/ConfigurationContainer
instanceKlass org/eclipse/aether/RequestTrace
instanceKlass org/apache/maven/model/PluginContainer
instanceKlass org/apache/maven/plugin/prefix/PluginPrefixRequest
instanceKlass org/eclipse/aether/RepositorySystemSession
instanceKlass org/eclipse/aether/metadata/Metadata
instanceKlass org/apache/maven/plugin/prefix/PluginPrefixResult
instanceKlass org/eclipse/aether/repository/ArtifactRepository
instanceKlass org/apache/maven/plugin/prefix/internal/DefaultPluginPrefixResolver
instanceKlass org/apache/maven/project/ProjectRealmCache$CacheRecord
instanceKlass org/apache/maven/model/ModelBase
instanceKlass org/apache/maven/model/InputLocationTracker
instanceKlass org/eclipse/aether/graph/DependencyFilter
instanceKlass org/apache/maven/project/DefaultProjectBuildingHelper
instanceKlass org/apache/maven/artifact/repository/metadata/Versioning
instanceKlass org/apache/maven/artifact/repository/ArtifactRepository
instanceKlass org/apache/maven/artifact/Artifact
instanceKlass org/apache/maven/artifact/repository/metadata/RepositoryMetadata
instanceKlass org/apache/maven/artifact/metadata/ArtifactMetadata
instanceKlass org/apache/maven/repository/legacy/metadata/ArtifactMetadata
instanceKlass org/apache/maven/artifact/repository/RepositoryRequest
instanceKlass org/codehaus/plexus/logging/AbstractLogEnabled
instanceKlass org/apache/maven/lifecycle/mapping/DefaultLifecycleMapping
instanceKlass org/objectweb/asm/Handler
instanceKlass org/objectweb/asm/Frame
instanceKlass org/objectweb/asm/ByteVector
instanceKlass org/objectweb/asm/Symbol
instanceKlass org/objectweb/asm/SymbolTable
instanceKlass org/objectweb/asm/MethodVisitor
instanceKlass org/objectweb/asm/ModuleVisitor
instanceKlass org/objectweb/asm/RecordComponentVisitor
instanceKlass org/objectweb/asm/FieldVisitor
instanceKlass com/google/inject/spi/ProviderWithExtensionVisitor
instanceKlass com/google/common/collect/Iterables
instanceKlass java/util/stream/ForEachOps$ForEachOp
instanceKlass java/util/stream/ForEachOps
instanceKlass  @bci com/google/inject/spi/InjectionPoint forConstructorOf (Lcom/google/inject/TypeLiteral;Z)Lcom/google/inject/spi/InjectionPoint; 83 <appendix> member <vmtarget> ; # com/google/inject/spi/InjectionPoint$$Lambda+0x00000000160f20b8
instanceKlass  @bci com/google/inject/spi/InjectionPoint forConstructorOf (Lcom/google/inject/TypeLiteral;Z)Lcom/google/inject/spi/InjectionPoint; 67 <appendix> argL0 ; # com/google/inject/spi/InjectionPoint$$Lambda+0x00000000160f1e60
instanceKlass  @bci com/google/inject/spi/InjectionPoint forConstructorOf (Lcom/google/inject/TypeLiteral;Z)Lcom/google/inject/spi/InjectionPoint; 57 <appendix> argL0 ; # com/google/inject/spi/InjectionPoint$$Lambda+0x00000000160f1c08
instanceKlass  @bci com/google/inject/spi/InjectionPoint forConstructorOf (Lcom/google/inject/TypeLiteral;Z)Lcom/google/inject/spi/InjectionPoint; 24 <appendix> argL0 ; # com/google/inject/spi/InjectionPoint$$Lambda+0x00000000160f19b0
instanceKlass org/codehaus/plexus/component/repository/ComponentDescriptor
instanceKlass org/eclipse/sisu/plexus/PlexusBean
instanceKlass com/google/inject/spi/ProvidesMethodBinding
instanceKlass org/eclipse/sisu/inject/Guice4
instanceKlass com/google/inject/internal/GuiceInternal
instanceKlass org/sonatype/inject/Parameters
instanceKlass org/eclipse/sisu/plexus/PlexusXmlBeanConverter
instanceKlass org/eclipse/sisu/plexus/PlexusBeanConverter
instanceKlass com/google/inject/spi/TypeConverterBinding
instanceKlass java/lang/reflect/AnnotatedParameterizedType
instanceKlass sun/reflect/generics/tree/Wildcard
instanceKlass sun/reflect/generics/tree/BottomSignature
instanceKlass org/eclipse/sisu/inject/DefaultRankingFunction
instanceKlass com/google/inject/spi/ProvisionListenerBinding
instanceKlass com/google/inject/spi/TypeListenerBinding
instanceKlass org/eclipse/sisu/bean/BeanListener
instanceKlass com/google/inject/matcher/Matchers
instanceKlass org/eclipse/sisu/bean/PropertyBinder
instanceKlass org/eclipse/sisu/plexus/PlexusBeanBinder
instanceKlass com/google/inject/spi/InjectionListener
instanceKlass org/sonatype/plexus/components/sec/dispatcher/DefaultSecDispatcher
instanceKlass org/sonatype/plexus/components/cipher/DefaultPlexusCipher
instanceKlass org/sonatype/plexus/components/cipher/PlexusCipher
instanceKlass org/codehaus/plexus/component/configurator/AbstractComponentConfigurator
instanceKlass org/codehaus/plexus/component/configurator/ComponentConfigurator
instanceKlass org/apache/maven/settings/validation/DefaultSettingsValidator
instanceKlass org/apache/maven/settings/validation/SettingsValidator
instanceKlass org/apache/maven/settings/io/DefaultSettingsWriter
instanceKlass org/apache/maven/settings/io/SettingsWriter
instanceKlass org/apache/maven/settings/io/DefaultSettingsReader
instanceKlass org/apache/maven/settings/io/SettingsReader
instanceKlass org/apache/maven/settings/crypto/DefaultSettingsDecrypter
instanceKlass org/apache/maven/settings/crypto/SettingsDecrypter
instanceKlass org/apache/maven/settings/building/DefaultSettingsBuilder
instanceKlass org/apache/maven/settings/building/SettingsBuilder
# instanceKlass java/lang/invoke/LambdaForm$MH+0x00000000160ec000
instanceKlass java/lang/invoke/MethodHandle$1
instanceKlass org/eclipse/aether/transport/wagon/WagonTransporterFactory
instanceKlass org/eclipse/aether/internal/transport/wagon/PlexusWagonProvider
instanceKlass org/eclipse/aether/transport/wagon/WagonProvider
instanceKlass org/eclipse/aether/internal/transport/wagon/PlexusWagonConfigurator
instanceKlass org/eclipse/aether/transport/wagon/WagonConfigurator
instanceKlass org/eclipse/aether/transport/http/ChecksumExtractor
instanceKlass org/eclipse/aether/transport/http/HttpTransporterFactory
instanceKlass org/eclipse/aether/transport/file/FileTransporterFactory
instanceKlass org/eclipse/aether/spi/connector/transport/TransporterFactory
instanceKlass org/apache/maven/repository/internal/VersionsMetadataGeneratorFactory
instanceKlass org/apache/maven/repository/internal/SnapshotMetadataGeneratorFactory
instanceKlass org/apache/maven/repository/internal/PluginsMetadataGeneratorFactory
instanceKlass org/eclipse/aether/impl/MetadataGeneratorFactory
instanceKlass org/apache/maven/repository/internal/DefaultVersionResolver
instanceKlass org/eclipse/aether/impl/VersionResolver
instanceKlass org/apache/maven/repository/internal/DefaultVersionRangeResolver
instanceKlass org/eclipse/aether/impl/VersionRangeResolver
instanceKlass org/apache/maven/repository/internal/DefaultModelCacheFactory
instanceKlass org/apache/maven/repository/internal/ModelCacheFactory
instanceKlass org/apache/maven/repository/internal/DefaultArtifactDescriptorReader
instanceKlass org/eclipse/aether/impl/ArtifactDescriptorReader
instanceKlass org/eclipse/aether/named/support/NamedLockFactorySupport
instanceKlass org/eclipse/aether/named/NamedLockFactory
instanceKlass org/eclipse/aether/internal/impl/synccontext/named/providers/StaticNameMapperProvider
instanceKlass org/eclipse/aether/internal/impl/synccontext/named/providers/GAVNameMapperProvider
instanceKlass org/eclipse/aether/internal/impl/synccontext/named/providers/GAECVNameMapperProvider
instanceKlass org/eclipse/aether/internal/impl/synccontext/named/providers/FileStaticNameMapperProvider
instanceKlass org/eclipse/aether/internal/impl/synccontext/named/providers/FileHashingGAVNameMapperProvider
instanceKlass org/eclipse/aether/internal/impl/synccontext/named/providers/FileHashingGAECVNameMapperProvider
instanceKlass org/eclipse/aether/internal/impl/synccontext/named/providers/FileGAVNameMapperProvider
instanceKlass org/eclipse/aether/internal/impl/synccontext/named/providers/FileGAECVNameMapperProvider
instanceKlass org/eclipse/aether/internal/impl/synccontext/named/NameMapper
instanceKlass org/eclipse/aether/internal/impl/synccontext/named/providers/DiscriminatingNameMapperProvider
instanceKlass org/eclipse/aether/internal/impl/synccontext/named/NamedLockFactoryAdapterFactoryImpl
instanceKlass org/eclipse/aether/internal/impl/synccontext/named/NamedLockFactoryAdapterFactory
instanceKlass org/eclipse/aether/internal/impl/synccontext/legacy/DefaultSyncContextFactory
instanceKlass org/eclipse/aether/impl/SyncContextFactory
instanceKlass org/eclipse/aether/internal/impl/synccontext/DefaultSyncContextFactory
instanceKlass org/eclipse/aether/spi/synccontext/SyncContextFactory
instanceKlass java/lang/Deprecated
instanceKlass org/eclipse/aether/internal/impl/slf4j/Slf4jLoggerFactory
instanceKlass org/eclipse/aether/internal/impl/resolution/ArtifactResolverPostProcessorSupport
instanceKlass org/eclipse/aether/internal/impl/filter/RemoteRepositoryFilterSourceSupport
instanceKlass org/eclipse/aether/spi/connector/filter/RemoteRepositoryFilterSource
instanceKlass org/eclipse/aether/spi/resolution/ArtifactResolverPostProcessor
instanceKlass org/eclipse/aether/internal/impl/filter/DefaultRemoteRepositoryFilterManager
instanceKlass org/eclipse/aether/impl/RemoteRepositoryFilterManager
instanceKlass org/eclipse/aether/internal/impl/collect/DependencyCollectorDelegate
instanceKlass org/eclipse/aether/internal/impl/collect/DefaultDependencyCollector
instanceKlass org/eclipse/aether/impl/DependencyCollector
instanceKlass org/eclipse/aether/internal/impl/checksum/TrustedToProvidedChecksumsSourceAdapter
instanceKlass org/eclipse/aether/spi/checksums/ProvidedChecksumsSource
instanceKlass org/eclipse/aether/internal/impl/checksum/FileTrustedChecksumsSourceSupport
instanceKlass org/eclipse/aether/spi/checksums/TrustedChecksumsSource
instanceKlass org/eclipse/aether/spi/connector/checksum/ChecksumAlgorithmFactorySupport
instanceKlass org/eclipse/aether/spi/connector/checksum/ChecksumAlgorithmFactory
instanceKlass org/eclipse/aether/internal/impl/checksum/DefaultChecksumAlgorithmFactorySelector
instanceKlass org/eclipse/aether/spi/connector/checksum/ChecksumAlgorithmFactorySelector
instanceKlass org/eclipse/aether/internal/impl/SimpleLocalRepositoryManagerFactory
instanceKlass org/eclipse/aether/internal/impl/Maven2RepositoryLayoutFactory
instanceKlass org/eclipse/aether/spi/connector/layout/RepositoryLayoutFactory
instanceKlass org/eclipse/aether/spi/log/LoggerFactory
instanceKlass org/eclipse/aether/internal/impl/LoggerFactoryProvider
instanceKlass org/eclipse/aether/internal/impl/EnhancedLocalRepositoryManagerFactory
instanceKlass org/eclipse/aether/spi/localrepo/LocalRepositoryManagerFactory
instanceKlass org/eclipse/aether/internal/impl/DefaultUpdatePolicyAnalyzer
instanceKlass org/eclipse/aether/impl/UpdatePolicyAnalyzer
instanceKlass org/eclipse/aether/internal/impl/DefaultUpdateCheckManager
instanceKlass org/eclipse/aether/impl/UpdateCheckManager
instanceKlass org/eclipse/aether/internal/impl/DefaultTransporterProvider
instanceKlass org/eclipse/aether/spi/connector/transport/TransporterProvider
instanceKlass org/eclipse/aether/internal/impl/DefaultTrackingFileManager
instanceKlass org/eclipse/aether/internal/impl/TrackingFileManager
instanceKlass org/eclipse/aether/internal/impl/DefaultRepositorySystemLifecycle
instanceKlass org/eclipse/aether/impl/RepositorySystemLifecycle
instanceKlass org/eclipse/aether/internal/impl/DefaultRepositorySystem
instanceKlass org/eclipse/aether/RepositorySystem
instanceKlass org/eclipse/aether/internal/impl/DefaultRepositoryLayoutProvider
instanceKlass org/eclipse/aether/spi/connector/layout/RepositoryLayoutProvider
instanceKlass org/eclipse/aether/internal/impl/DefaultRepositoryEventDispatcher
instanceKlass org/eclipse/aether/impl/RepositoryEventDispatcher
instanceKlass org/eclipse/aether/internal/impl/DefaultRepositoryConnectorProvider
instanceKlass org/eclipse/aether/impl/RepositoryConnectorProvider
instanceKlass org/eclipse/aether/internal/impl/DefaultRemoteRepositoryManager
instanceKlass org/eclipse/aether/impl/RemoteRepositoryManager
instanceKlass org/eclipse/aether/internal/impl/DefaultOfflineController
instanceKlass org/eclipse/aether/impl/OfflineController
instanceKlass org/eclipse/aether/internal/impl/DefaultMetadataResolver
instanceKlass org/eclipse/aether/impl/MetadataResolver
instanceKlass org/eclipse/aether/internal/impl/DefaultLocalRepositoryProvider
instanceKlass org/eclipse/aether/impl/LocalRepositoryProvider
instanceKlass org/eclipse/aether/internal/impl/LocalPathPrefixComposerFactorySupport
instanceKlass org/eclipse/aether/internal/impl/LocalPathPrefixComposerFactory
instanceKlass org/eclipse/aether/internal/impl/DefaultLocalPathComposer
instanceKlass org/eclipse/aether/internal/impl/LocalPathComposer
instanceKlass org/eclipse/aether/internal/impl/DefaultInstaller
instanceKlass org/eclipse/aether/impl/Installer
instanceKlass org/eclipse/aether/internal/impl/DefaultFileProcessor
instanceKlass org/eclipse/aether/spi/io/FileProcessor
instanceKlass org/eclipse/aether/internal/impl/DefaultDeployer
instanceKlass org/eclipse/aether/impl/Deployer
instanceKlass org/eclipse/aether/internal/impl/DefaultChecksumPolicyProvider
instanceKlass org/eclipse/aether/spi/connector/checksum/ChecksumPolicyProvider
instanceKlass org/eclipse/aether/internal/impl/DefaultArtifactResolver
instanceKlass org/eclipse/aether/impl/ArtifactResolver
instanceKlass org/eclipse/aether/connector/basic/BasicRepositoryConnectorFactory
instanceKlass org/eclipse/aether/spi/locator/Service
instanceKlass org/eclipse/aether/spi/connector/RepositoryConnectorFactory
instanceKlass org/apache/maven/model/validation/DefaultModelValidator
instanceKlass org/apache/maven/model/validation/ModelValidator
instanceKlass org/apache/maven/model/superpom/DefaultSuperPomProvider
instanceKlass org/apache/maven/model/superpom/SuperPomProvider
instanceKlass org/apache/maven/model/profile/activation/PropertyProfileActivator
instanceKlass org/apache/maven/model/profile/activation/OperatingSystemProfileActivator
instanceKlass org/apache/maven/model/profile/activation/JdkVersionProfileActivator
instanceKlass org/apache/maven/model/profile/activation/FileProfileActivator
instanceKlass org/apache/maven/model/profile/activation/ProfileActivator
instanceKlass org/apache/maven/model/profile/DefaultProfileSelector
instanceKlass org/apache/maven/model/profile/ProfileSelector
instanceKlass org/apache/maven/model/profile/DefaultProfileInjector
instanceKlass org/apache/maven/model/profile/ProfileInjector
instanceKlass org/apache/maven/model/plugin/DefaultReportingConverter
instanceKlass org/apache/maven/model/plugin/ReportingConverter
instanceKlass org/apache/maven/model/plugin/DefaultReportConfigurationExpander
instanceKlass org/apache/maven/model/plugin/ReportConfigurationExpander
instanceKlass org/apache/maven/model/plugin/DefaultPluginConfigurationExpander
instanceKlass org/apache/maven/model/plugin/PluginConfigurationExpander
instanceKlass org/apache/maven/model/path/ProfileActivationFilePathInterpolator
instanceKlass org/apache/maven/model/path/DefaultUrlNormalizer
instanceKlass org/apache/maven/model/path/UrlNormalizer
instanceKlass org/apache/maven/model/path/DefaultPathTranslator
instanceKlass org/apache/maven/model/path/PathTranslator
instanceKlass org/apache/maven/model/path/DefaultModelUrlNormalizer
instanceKlass org/apache/maven/model/path/ModelUrlNormalizer
instanceKlass org/apache/maven/model/path/DefaultModelPathTranslator
instanceKlass org/apache/maven/model/path/ModelPathTranslator
instanceKlass org/apache/maven/model/normalization/DefaultModelNormalizer
instanceKlass org/apache/maven/model/normalization/ModelNormalizer
instanceKlass org/apache/maven/model/management/DefaultPluginManagementInjector
instanceKlass org/apache/maven/model/management/PluginManagementInjector
instanceKlass org/apache/maven/model/management/DefaultDependencyManagementInjector
instanceKlass org/apache/maven/model/management/DependencyManagementInjector
instanceKlass org/apache/maven/model/locator/DefaultModelLocator
instanceKlass org/apache/maven/model/io/DefaultModelWriter
instanceKlass org/apache/maven/model/io/ModelWriter
instanceKlass org/apache/maven/model/io/DefaultModelReader
instanceKlass org/apache/maven/model/interpolation/AbstractStringBasedModelInterpolator
instanceKlass org/apache/maven/model/interpolation/ModelInterpolator
instanceKlass org/apache/maven/model/interpolation/DefaultModelVersionProcessor
instanceKlass org/apache/maven/model/interpolation/ModelVersionProcessor
instanceKlass org/apache/maven/model/inheritance/DefaultInheritanceAssembler
instanceKlass org/apache/maven/model/inheritance/InheritanceAssembler
instanceKlass org/apache/maven/model/composition/DefaultDependencyManagementImporter
instanceKlass org/apache/maven/model/composition/DependencyManagementImporter
instanceKlass  @bci sun/reflect/annotation/AnnotationParser parseClassArray (ILjava/nio/ByteBuffer;Ljdk/internal/reflect/ConstantPool;Ljava/lang/Class;)Ljava/lang/Object; 10 <appendix> member <vmtarget> ; # sun/reflect/annotation/AnnotationParser$$Lambda+0x0000000016033298
instanceKlass org/apache/maven/model/building/DefaultModelProcessor
instanceKlass org/apache/maven/model/building/ModelProcessor
instanceKlass org/apache/maven/model/io/ModelReader
instanceKlass org/apache/maven/model/locator/ModelLocator
instanceKlass org/apache/maven/model/building/DefaultModelBuilder
instanceKlass org/apache/maven/model/building/ModelBuilder
instanceKlass org/apache/maven/cli/internal/BootstrapCoreExtensionManager
instanceKlass org/apache/maven/cli/configuration/SettingsXmlConfigurationProcessor
instanceKlass org/apache/maven/cli/configuration/ConfigurationProcessor
instanceKlass org/apache/maven/toolchain/io/DefaultToolchainsWriter
instanceKlass org/apache/maven/toolchain/io/ToolchainsWriter
instanceKlass org/apache/maven/toolchain/io/DefaultToolchainsReader
instanceKlass org/apache/maven/toolchain/io/ToolchainsReader
instanceKlass org/apache/maven/toolchain/building/DefaultToolchainsBuilder
instanceKlass org/apache/maven/toolchain/building/ToolchainsBuilder
instanceKlass org/apache/maven/execution/MavenSession
instanceKlass org/apache/maven/session/scope/internal/SessionScope$ScopeState
instanceKlass  @bci org/apache/maven/session/scope/internal/SessionScope <clinit> ()V 0 <appendix> argL0 ; # org/apache/maven/session/scope/internal/SessionScope$$Lambda+0x00000000160d0e98
instanceKlass org/apache/maven/session/scope/internal/SessionScope
instanceKlass org/apache/maven/plugin/internal/MavenPluginMavenPrerequisiteChecker
instanceKlass org/apache/maven/plugin/internal/MavenPluginJavaPrerequisiteChecker
instanceKlass org/apache/maven/plugin/MavenPluginPrerequisitesChecker
instanceKlass org/apache/maven/plugin/internal/AbstractMavenPluginDependenciesValidator
instanceKlass org/apache/maven/plugin/internal/MavenPluginDependenciesValidator
instanceKlass org/apache/maven/plugin/internal/AbstractMavenPluginParametersValidator
instanceKlass org/apache/maven/plugin/internal/MavenPluginConfigurationValidator
instanceKlass org/apache/maven/eventspy/AbstractEventSpy
instanceKlass org/apache/maven/eventspy/EventSpy
instanceKlass org/apache/maven/plugin/PluginValidationManager
instanceKlass org/apache/maven/plugin/DefaultMojosExecutionStrategy
instanceKlass org/apache/maven/plugin/MojosExecutionStrategy
instanceKlass org/apache/maven/lifecycle/internal/LifecycleDependencyResolver
instanceKlass org/apache/maven/lifecycle/internal/DefaultProjectArtifactFactory
instanceKlass org/apache/maven/lifecycle/internal/ProjectArtifactFactory
instanceKlass org/sonatype/plexus/components/sec/dispatcher/SecDispatcher
instanceKlass org/apache/maven/internal/secdispatcher/SecDispatcherProvider
instanceKlass org/apache/maven/internal/aether/ResolverLifecycle
instanceKlass org/apache/maven/internal/aether/DefaultRepositorySystemSessionFactory
instanceKlass org/apache/maven/extension/internal/CoreExportsProvider
instanceKlass org/apache/maven/plugin/MojoExecution
instanceKlass org/apache/maven/project/MavenProject
instanceKlass org/apache/maven/execution/scope/internal/MojoExecutionScope$ScopeState
instanceKlass org/apache/maven/execution/MojoExecutionEvent
instanceKlass org/apache/maven/execution/scope/MojoExecutionScoped
instanceKlass com/google/inject/RestrictedBindingSource$Permit
instanceKlass org/apache/maven/execution/scope/internal/MojoExecutionScope$1
instanceKlass org/apache/maven/execution/scope/internal/MojoExecutionScope
instanceKlass org/apache/maven/execution/MojoExecutionListener
instanceKlass  @bci org/eclipse/sisu/space/QualifiedTypeBinder newInstance (Ljava/lang/Class;)Ljava/lang/Object; 17 <appendix> member <vmtarget> ; # org/eclipse/sisu/space/QualifiedTypeBinder$$Lambda+0x00000000160ca038
instanceKlass org/apache/maven/execution/DefaultMavenExecutionRequestPopulator
instanceKlass org/apache/maven/execution/MavenExecutionRequestPopulator
instanceKlass org/apache/maven/classrealm/DefaultClassRealmManager
instanceKlass org/apache/maven/classrealm/ClassRealmManager
instanceKlass org/apache/maven/SessionScoped
instanceKlass org/apache/maven/ReactorReader
instanceKlass org/apache/maven/repository/internal/MavenWorkspaceReader
instanceKlass org/eclipse/aether/repository/WorkspaceReader
instanceKlass org/eclipse/sisu/space/WildcardKey$QualifiedImpl
instanceKlass org/eclipse/sisu/space/WildcardKey$Qualified
instanceKlass org/eclipse/sisu/space/WildcardKey
instanceKlass org/eclipse/sisu/Typed
instanceKlass org/sonatype/inject/EagerSingleton
instanceKlass org/eclipse/sisu/EagerSingleton
instanceKlass org/sonatype/inject/Mediator
instanceKlass org/eclipse/sisu/inject/TypeArguments
instanceKlass org/apache/maven/DefaultArtifactFilterManager
instanceKlass org/apache/maven/ArtifactFilterManager
instanceKlass org/objectweb/asm/Context
instanceKlass org/objectweb/asm/Attribute
instanceKlass org/objectweb/asm/AnnotationVisitor
instanceKlass org/objectweb/asm/ClassReader
instanceKlass org/eclipse/sisu/space/IndexedClassFinder$1
instanceKlass org/eclipse/sisu/inject/Logs$SLF4JSink
instanceKlass org/eclipse/sisu/inject/Logs$Sink
instanceKlass org/eclipse/sisu/inject/Logs
instanceKlass org/eclipse/sisu/space/QualifierCache
instanceKlass org/eclipse/sisu/space/QualifiedTypeVisitor
instanceKlass org/eclipse/sisu/plexus/PlexusTypeVisitor$ComponentAnnotationVisitor
instanceKlass org/eclipse/sisu/space/AnnotationVisitor
instanceKlass org/eclipse/sisu/plexus/PlexusTypeVisitor
instanceKlass org/eclipse/sisu/space/ClassVisitor
instanceKlass org/eclipse/sisu/plexus/PlexusXmlBeanModule$PlexusXmlBeanSource
instanceKlass org/eclipse/sisu/inject/DescriptionSource
instanceKlass org/eclipse/sisu/inject/AnnotatedSource
instanceKlass org/eclipse/sisu/Hidden
instanceKlass org/eclipse/sisu/Priority
instanceKlass org/eclipse/sisu/Description
instanceKlass org/eclipse/sisu/inject/Sources
instanceKlass com/google/inject/internal/MoreTypes$ParameterizedTypeImpl
instanceKlass  @bci sun/reflect/generics/reflectiveObjects/TypeVariableImpl getGenericDeclaration ()Ljava/lang/reflect/GenericDeclaration; 60 <appendix> member <vmtarget> ; # sun/reflect/generics/reflectiveObjects/TypeVariableImpl$$TypeSwitch+0x0000000016033088
instanceKlass java/lang/classfile/MethodModel
instanceKlass java/lang/classfile/FieldModel
instanceKlass  @bci jdk/internal/classfile/impl/ClassFileImpl attributeMapper ()Ljava/util/function/Function; 7 <appendix> argL0 ; # jdk/internal/classfile/impl/ClassFileImpl$$Lambda+0x800000051
instanceKlass java/lang/classfile/ClassModel
instanceKlass java/lang/classfile/AttributedElement
instanceKlass java/lang/classfile/CompoundElement
instanceKlass java/lang/classfile/instruction/SwitchCase
instanceKlass  @bci java/lang/runtime/SwitchBootstraps generateTypeSwitchSkeleton (Ljava/lang/Class;[Ljava/lang/Object;Ljava/util/List;Ljava/util/List;)Ljava/util/function/Consumer; 45 <appendix> member <vmtarget> ; # java/lang/runtime/SwitchBootstraps$$Lambda+0x80000001d
instanceKlass java/lang/classfile/AccessFlags
instanceKlass  @bci java/lang/runtime/SwitchBootstraps generateTypeSwitch (Ljava/lang/invoke/MethodHandles$Lookup;Ljava/lang/Class;[Ljava/lang/Object;)Ljava/lang/invoke/MethodHandle; 70 <appendix> member <vmtarget> ; # java/lang/runtime/SwitchBootstraps$$Lambda+0x80000001c
instanceKlass java/lang/invoke/DirectMethodHandle$1
instanceKlass jdk/internal/misc/PreviewFeatures
instanceKlass java/lang/runtime/SwitchBootstraps
instanceKlass sun/reflect/generics/reflectiveObjects/ParameterizedTypeImpl
instanceKlass sun/reflect/generics/reflectiveObjects/LazyReflectiveObjectGenerator
instanceKlass com/google/inject/Key$AnnotationInstanceStrategy
instanceKlass com/google/inject/name/NamedImpl
instanceKlass com/google/inject/name/Named
instanceKlass com/google/inject/name/Names
instanceKlass org/apache/maven/wagon/Wagon
instanceKlass org/apache/maven/toolchain/ToolchainsBuilder
instanceKlass org/apache/maven/toolchain/ToolchainManagerPrivate
instanceKlass org/apache/maven/toolchain/ToolchainManager
instanceKlass org/apache/maven/toolchain/ToolchainFactory
instanceKlass org/apache/maven/settings/MavenSettingsBuilder
instanceKlass org/apache/maven/rtinfo/RuntimeInformation
instanceKlass org/apache/maven/project/artifact/ProjectArtifactsCache
instanceKlass org/apache/maven/project/artifact/MavenMetadataCache
instanceKlass org/apache/maven/project/ProjectRealmCache
instanceKlass org/apache/maven/project/ProjectDependenciesResolver
instanceKlass org/apache/maven/project/ProjectBuildingHelper
instanceKlass org/apache/maven/project/ProjectBuilder
instanceKlass org/apache/maven/project/MavenProjectHelper
instanceKlass org/apache/maven/plugin/version/PluginVersionResolver
instanceKlass org/apache/maven/plugin/prefix/PluginPrefixResolver
instanceKlass org/apache/maven/plugin/internal/PluginDependenciesResolver
instanceKlass org/apache/maven/plugin/PluginRealmCache
instanceKlass org/apache/maven/plugin/PluginManager
instanceKlass org/apache/maven/plugin/PluginDescriptorCache
instanceKlass org/apache/maven/plugin/PluginArtifactsCache
instanceKlass org/apache/maven/plugin/MavenPluginManager
instanceKlass org/apache/maven/plugin/LegacySupport
instanceKlass org/apache/maven/plugin/ExtensionRealmCache
instanceKlass org/apache/maven/plugin/BuildPluginManager
instanceKlass org/apache/maven/model/plugin/LifecycleBindingsInjector
instanceKlass org/apache/maven/lifecycle/internal/builder/BuilderCommon
instanceKlass org/apache/maven/lifecycle/internal/builder/Builder
instanceKlass org/apache/maven/lifecycle/internal/MojoExecutor
instanceKlass org/apache/maven/lifecycle/internal/MojoDescriptorCreator
instanceKlass org/apache/maven/lifecycle/internal/LifecycleTaskSegmentCalculator
instanceKlass org/apache/maven/lifecycle/internal/LifecycleStarter
instanceKlass org/apache/maven/lifecycle/internal/LifecyclePluginResolver
instanceKlass org/apache/maven/lifecycle/internal/LifecycleModuleBuilder
instanceKlass org/apache/maven/lifecycle/internal/LifecycleExecutionPlanCalculator
instanceKlass org/apache/maven/lifecycle/internal/LifecycleDebugLogger
instanceKlass org/apache/maven/lifecycle/internal/ExecutionEventCatapult
instanceKlass org/apache/maven/lifecycle/internal/BuildListCalculator
instanceKlass org/apache/maven/lifecycle/MojoExecutionConfigurator
instanceKlass org/apache/maven/lifecycle/LifecycleMappingDelegate
instanceKlass org/apache/maven/lifecycle/LifecycleExecutor
instanceKlass org/apache/maven/lifecycle/LifeCyclePluginAnalyzer
instanceKlass org/apache/maven/lifecycle/DefaultLifecycles
instanceKlass org/apache/maven/graph/GraphBuilder
instanceKlass org/apache/maven/eventspy/internal/EventSpyDispatcher
instanceKlass org/apache/maven/configuration/BeanConfigurator
instanceKlass org/apache/maven/bridge/MavenRepositorySystem
instanceKlass org/apache/maven/artifact/resolver/ResolutionErrorHandler
instanceKlass org/apache/maven/artifact/repository/metadata/io/MetadataReader
instanceKlass org/apache/maven/artifact/metadata/ArtifactMetadataSource
instanceKlass org/apache/maven/repository/legacy/metadata/ArtifactMetadataSource
instanceKlass org/apache/maven/artifact/handler/manager/ArtifactHandlerManager
instanceKlass org/apache/maven/artifact/factory/ArtifactFactory
instanceKlass org/apache/maven/ProjectDependenciesResolver
instanceKlass org/apache/maven/Maven
instanceKlass org/apache/maven/artifact/handler/ArtifactHandler
instanceKlass org/apache/maven/lifecycle/Lifecycle
instanceKlass org/eclipse/sisu/space/CloningClassSpace$1
instanceKlass org/apache/maven/lifecycle/mapping/LifecycleMapping
instanceKlass org/apache/maven/repository/metadata/GraphConflictResolver
instanceKlass org/apache/maven/repository/metadata/GraphConflictResolutionPolicy
instanceKlass org/eclipse/sisu/plexus/ConfigurationImpl
instanceKlass org/apache/maven/repository/metadata/ClasspathTransformation
instanceKlass org/apache/maven/repository/legacy/resolver/transform/ArtifactTransformationManager
instanceKlass org/apache/maven/repository/legacy/resolver/transform/ArtifactTransformation
instanceKlass org/apache/maven/repository/legacy/resolver/conflict/ConflictResolverFactory
instanceKlass org/apache/maven/repository/legacy/resolver/conflict/ConflictResolver
instanceKlass java/lang/foreign/MemorySegment
instanceKlass org/apache/maven/repository/legacy/repository/ArtifactRepositoryFactory
instanceKlass org/apache/maven/repository/legacy/UpdateCheckManager
instanceKlass org/apache/maven/repository/RepositorySystem
instanceKlass org/apache/maven/repository/MirrorSelector
instanceKlass org/apache/maven/project/validation/ModelValidator
instanceKlass org/apache/maven/project/path/PathTranslator
instanceKlass org/apache/maven/project/interpolation/ModelInterpolator
instanceKlass org/apache/maven/project/inheritance/ModelInheritanceAssembler
instanceKlass org/apache/maven/project/MavenProjectBuilder
instanceKlass org/apache/maven/profiles/MavenProfilesBuilder
instanceKlass org/apache/maven/execution/RuntimeInformation
instanceKlass org/apache/maven/artifact/resolver/ArtifactResolver
instanceKlass org/apache/maven/artifact/resolver/ArtifactCollector
instanceKlass org/apache/maven/repository/legacy/resolver/LegacyArtifactCollector
instanceKlass org/apache/maven/artifact/repository/metadata/RepositoryMetadataManager
instanceKlass org/apache/maven/artifact/repository/layout/ArtifactRepositoryLayout
instanceKlass org/apache/maven/artifact/repository/ArtifactRepositoryFactory
instanceKlass org/apache/maven/artifact/manager/WagonManager
instanceKlass org/apache/maven/repository/legacy/WagonManager
instanceKlass org/apache/maven/artifact/installer/ArtifactInstaller
instanceKlass org/eclipse/sisu/plexus/PlexusXmlMetadata
instanceKlass org/eclipse/sisu/plexus/Roles
instanceKlass org/apache/maven/artifact/deployer/ArtifactDeployer
instanceKlass org/eclipse/sisu/plexus/Hints
instanceKlass org/eclipse/sisu/space/AbstractDeferredClass
instanceKlass org/eclipse/sisu/plexus/RequirementImpl
instanceKlass org/codehaus/plexus/component/annotations/Requirement
instanceKlass org/eclipse/sisu/space/Streams
instanceKlass org/eclipse/sisu/plexus/ComponentImpl
instanceKlass org/codehaus/plexus/component/annotations/Component
instanceKlass org/eclipse/sisu/plexus/PlexusTypeRegistry
instanceKlass org/eclipse/sisu/plexus/PlexusXmlScanner
instanceKlass org/eclipse/sisu/space/QualifiedTypeBinder
instanceKlass org/eclipse/sisu/plexus/PlexusTypeBinder
instanceKlass com/google/inject/spi/InjectionRequest
instanceKlass org/eclipse/sisu/bean/BeanProperty
instanceKlass com/google/common/collect/ObjectArrays
instanceKlass com/google/inject/internal/Nullability
instanceKlass  @bci com/google/inject/internal/KotlinSupport$KotlinUnsupported <clinit> ()V 7 <appendix> argL0 ; # com/google/inject/internal/KotlinSupport$KotlinUnsupported$$Lambda+0x00000000160b36d0
instanceKlass  @cpi com/sun/tools/javac/comp/Modules 1608 form vmentry <vmtarget> ; # java/lang/invoke/LambdaForm$DMH+0x00000000160b4000
instanceKlass com/google/inject/internal/KotlinSupport$KotlinUnsupported
instanceKlass com/google/inject/internal/KotlinSupport$KotlinSupportHolder
instanceKlass com/google/inject/internal/KotlinSupportInterface
instanceKlass com/google/inject/internal/KotlinSupport
instanceKlass com/google/inject/spi/InjectionPoint$OverrideIndex
instanceKlass org/eclipse/sisu/inject/RankedBindings
instanceKlass org/eclipse/sisu/Mediator
instanceKlass sun/reflect/generics/visitor/Reifier
instanceKlass sun/reflect/generics/visitor/TypeTreeVisitor
instanceKlass sun/reflect/generics/tree/TypeVariableSignature
instanceKlass sun/reflect/generics/factory/CoreReflectionFactory
instanceKlass sun/reflect/generics/factory/GenericsFactory
instanceKlass sun/reflect/generics/scope/AbstractScope
instanceKlass sun/reflect/generics/scope/Scope
instanceKlass com/google/inject/Inject
instanceKlass javax/inject/Inject
instanceKlass  @bci com/google/inject/internal/DeclaredMembers getDeclaredFields (Ljava/lang/Class;)[Ljava/lang/reflect/Field; 38 <appendix> argL0 ; # com/google/inject/internal/DeclaredMembers$$Lambda+0x00000000160b1a98
instanceKlass  @bci com/google/inject/internal/DeclaredMembers getDeclaredFields (Ljava/lang/Class;)[Ljava/lang/reflect/Field; 20 <appendix> argL0 ; # com/google/inject/internal/DeclaredMembers$$Lambda+0x00000000160b1850
instanceKlass  @bci com/google/inject/internal/DeclaredMembers getDeclaredFields (Ljava/lang/Class;)[Ljava/lang/reflect/Field; 15 <appendix> argL0 ; # com/google/inject/internal/DeclaredMembers$$Lambda+0x00000000160b1608
instanceKlass  @bci com/google/inject/internal/DeclaredMembers getDeclaredFields (Ljava/lang/Class;)[Ljava/lang/reflect/Field; 7 <appendix> argL0 ; # com/google/inject/internal/DeclaredMembers$$Lambda+0x00000000160b13c0
instanceKlass java/lang/reflect/WildcardType
instanceKlass com/google/inject/spi/InjectionPoint$InjectableMembers
instanceKlass com/google/inject/spi/InjectionPoint$InjectableMember
instanceKlass com/google/inject/spi/InjectionPoint
instanceKlass java/lang/reflect/ParameterizedType
instanceKlass com/google/inject/internal/MoreTypes$GenericArrayTypeImpl
instanceKlass com/google/inject/internal/MoreTypes$CompositeType
instanceKlass java/lang/reflect/GenericArrayType
instanceKlass com/google/inject/Key$AnnotationTypeStrategy
instanceKlass com/google/common/util/concurrent/AbstractFuture$Failure
instanceKlass com/google/common/util/concurrent/AbstractFuture$Cancellation
instanceKlass com/google/common/util/concurrent/AbstractFuture$DelegatingToFuture
instanceKlass com/google/common/util/concurrent/Platform
instanceKlass com/google/common/util/concurrent/Uninterruptibles
instanceKlass com/google/common/util/concurrent/AbstractFuture$Listener
instanceKlass com/google/common/util/concurrent/AbstractFutureState$Waiter
instanceKlass com/google/common/util/concurrent/LazyLogger
instanceKlass java/util/concurrent/Executor
instanceKlass com/google/common/util/concurrent/AbstractFutureState$AtomicHelper
instanceKlass com/google/common/util/concurrent/internal/InternalFutureFailureAccess
instanceKlass com/google/common/util/concurrent/AbstractFuture$Trusted
instanceKlass com/google/common/util/concurrent/ListenableFuture
instanceKlass  @bci com/sun/tools/javac/comp/Operators$UnaryOperatorHelper addUnaryOperator (Lcom/sun/tools/javac/comp/Operators$OperatorType;Lcom/sun/tools/javac/comp/Operators$OperatorType;[I)Lcom/sun/tools/javac/comp/Operators$UnaryOperatorHelper; 9 <appendix> form vmentry <vmtarget> ; # java/lang/invoke/LambdaForm$DMH+0x00000000160ac000
instanceKlass  @bci sun/reflect/annotation/AnnotationParser parseEnumArray (ILjava/lang/Class;Ljava/nio/ByteBuffer;Ljdk/internal/reflect/ConstantPool;Ljava/lang/Class;)Ljava/lang/Object; 16 <appendix> member <vmtarget> ; # sun/reflect/annotation/AnnotationParser$$Lambda+0x000000001602d8c0
instanceKlass java/lang/annotation/Documented
instanceKlass javax/inject/Named
instanceKlass javax/inject/Qualifier
instanceKlass com/google/inject/BindingAnnotation
instanceKlass javax/inject/Scope
instanceKlass com/google/inject/ScopeAnnotation
instanceKlass com/google/inject/internal/Annotations$AnnotationChecker
instanceKlass com/google/inject/internal/Annotations$TestAnnotation
instanceKlass com/google/inject/internal/Annotations$AnnotationToStringConfig
instanceKlass com/google/common/base/Joiner$MapJoiner
instanceKlass com/google/common/base/Joiner
instanceKlass com/google/inject/internal/Annotations
instanceKlass org/eclipse/sisu/Parameters
instanceKlass org/eclipse/sisu/wire/ParameterKeys
instanceKlass com/google/inject/internal/util/StackTraceElements$InMemoryStackTraceElement
instanceKlass com/google/inject/internal/util/StackTraceElements
instanceKlass org/eclipse/sisu/wire/TypeConverterCache
instanceKlass com/google/inject/internal/Scoping
instanceKlass com/google/inject/internal/InternalFactory
instanceKlass java/lang/StackTraceElement$HashedModules
instanceKlass com/google/inject/internal/InternalFlags$1
instanceKlass com/google/inject/internal/InternalFlags
instanceKlass com/google/inject/spi/ConstructorBinding
instanceKlass com/google/inject/spi/InstanceBinding
instanceKlass com/google/inject/internal/DelayedInitialize
instanceKlass com/google/inject/spi/ProviderKeyBinding
instanceKlass com/google/inject/spi/ProviderInstanceBinding
instanceKlass com/google/inject/spi/HasDependencies
instanceKlass com/google/inject/spi/LinkedKeyBinding
instanceKlass com/google/inject/spi/UntargettedBinding
instanceKlass com/google/inject/internal/BindingImpl
instanceKlass com/google/inject/Key$AnnotationStrategy
instanceKlass org/eclipse/sisu/wire/ElementAnalyzer$1
instanceKlass com/google/inject/util/Modules$EmptyModule
instanceKlass com/google/inject/util/Modules$OverriddenModuleBuilder
instanceKlass com/google/inject/util/Modules
instanceKlass java/util/stream/Nodes$ArrayNode
instanceKlass  @bci com/google/inject/internal/DeclaredMembers getDeclaredMethods (Ljava/lang/Class;)[Ljava/lang/reflect/Method; 62 <appendix> argL0 ; # com/google/inject/internal/DeclaredMembers$$Lambda+0x000000001609d000
instanceKlass java/util/stream/SortedOps
instanceKlass com/google/common/collect/Ordering
instanceKlass  @bci com/google/inject/internal/DeclaredMembers getDeclaredMethods (Ljava/lang/Class;)[Ljava/lang/reflect/Method; 38 <appendix> argL0 ; # com/google/inject/internal/DeclaredMembers$$Lambda+0x000000001609b288
instanceKlass  @bci com/google/inject/internal/DeclaredMembers getDeclaredMethods (Ljava/lang/Class;)[Ljava/lang/reflect/Method; 33 <appendix> argL0 ; # com/google/inject/internal/DeclaredMembers$$Lambda+0x000000001609b040
instanceKlass  @bci java/util/Comparator thenComparing (Ljava/util/Comparator;)Ljava/util/Comparator; 7 <appendix> member <vmtarget> ; # java/util/Comparator$$Lambda+0x000000001602b148
instanceKlass  @cpi java/util/Comparator 258 form vmentry <vmtarget> ; # java/lang/invoke/LambdaForm$DMH+0x000000001609c400
instanceKlass  @bci java/util/Comparator comparing (Ljava/util/function/Function;Ljava/util/Comparator;)Ljava/util/Comparator; 12 <appendix> member <vmtarget> ; # java/util/Comparator$$Lambda+0x000000001602ae80
instanceKlass  @bci com/google/inject/internal/DeclaredMembers getDeclaredMethods (Ljava/lang/Class;)[Ljava/lang/reflect/Method; 20 <appendix> argL0 ; # com/google/inject/internal/DeclaredMembers$$Lambda+0x000000001609adf8
instanceKlass  @bci com/google/inject/internal/DeclaredMembers getDeclaredMethods (Ljava/lang/Class;)[Ljava/lang/reflect/Method; 15 <appendix> argL0 ; # com/google/inject/internal/DeclaredMembers$$Lambda+0x000000001609abb0
instanceKlass  @bci java/util/Comparator comparing (Ljava/util/function/Function;)Ljava/util/Comparator; 6 <appendix> member <vmtarget> ; # java/util/Comparator$$Lambda+0x000000001602abb8
instanceKlass java/lang/invoke/TypeConvertingMethodAdapter$1
instanceKlass java/lang/classfile/constantpool/IntegerEntry
instanceKlass java/lang/invoke/InnerClassLambdaMetafactory$4
instanceKlass java/lang/invoke/InnerClassLambdaMetafactory$SerializationSupport
instanceKlass  @cpi com/sun/tools/javac/comp/Operators 745 form vmentry <vmtarget> ; # java/lang/invoke/LambdaForm$DMH+0x000000001609c000
instanceKlass  @bci com/google/inject/internal/DeclaredMembers getDeclaredMethods (Ljava/lang/Class;)[Ljava/lang/reflect/Method; 7 <appendix> argL0 ; # com/google/inject/internal/DeclaredMembers$$Lambda+0x000000001609a968
instanceKlass com/google/inject/internal/DeclaredMembers
instanceKlass com/google/common/base/ExtraObjectsMethodsForWeb
instanceKlass com/google/common/collect/ImmutableMap$Builder
instanceKlass com/google/inject/internal/MoreTypes
instanceKlass com/google/inject/multibindings/ProvidesIntoOptional
instanceKlass com/google/inject/multibindings/ProvidesIntoMap
instanceKlass com/google/inject/multibindings/ProvidesIntoSet
instanceKlass com/google/inject/Provides
instanceKlass javax/inject/Singleton
instanceKlass com/google/inject/spi/ElementSource
instanceKlass com/google/inject/spi/ScopeBinding
instanceKlass com/google/inject/Scopes$2
instanceKlass com/google/inject/Scopes$1
instanceKlass com/google/inject/internal/SingletonScope
instanceKlass com/google/inject/Scopes
instanceKlass com/google/inject/Singleton
instanceKlass com/google/inject/spi/Elements$ModuleInfo
instanceKlass com/google/inject/PrivateModule
instanceKlass  @bci java/util/stream/Collectors toList ()Ljava/util/stream/Collector; 14 <appendix> argL0 ; # java/util/stream/Collectors$$Lambda+0x0000000016029b98
instanceKlass  @bci java/util/stream/Collectors toList ()Ljava/util/stream/Collector; 9 <appendix> argL0 ; # java/util/stream/Collectors$$Lambda+0x0000000016029960
instanceKlass  @bci java/util/stream/Collectors toList ()Ljava/util/stream/Collector; 4 <appendix> argL0 ; # java/util/stream/Collectors$$Lambda+0x0000000016029738
instanceKlass  @bci com/google/inject/spi/BindingSourceRestriction$PermitMapConstruction pushModule (Ljava/lang/Class;Lcom/google/inject/spi/ModuleSource;)V 5 <appendix> member <vmtarget> ; # com/google/inject/spi/BindingSourceRestriction$PermitMapConstruction$$Lambda+0x0000000016096258
instanceKlass  @bci com/google/inject/spi/BindingSourceRestriction getPermits (Ljava/lang/Class;)Ljava/util/stream/Stream; 43 <appendix> argL0 ; # com/google/inject/spi/BindingSourceRestriction$$Lambda+0x0000000016096000
instanceKlass  @bci com/google/inject/spi/BindingSourceRestriction getPermits (Ljava/lang/Class;)Ljava/util/stream/Stream; 33 <appendix> argL0 ; # com/google/inject/spi/BindingSourceRestriction$$Lambda+0x0000000016093cb8
instanceKlass  @cpi com/sun/tools/javac/comp/Operators$OperatorHelper 140 form vmentry <vmtarget> ; # java/lang/invoke/LambdaForm$DMH+0x0000000016094000
instanceKlass java/util/stream/Streams$2
instanceKlass java/util/stream/Streams$ConcatSpliterator
instanceKlass sun/reflect/annotation/AnnotatedTypeFactory$AnnotatedTypeBaseImpl
instanceKlass java/lang/reflect/AnnotatedType
instanceKlass sun/reflect/annotation/AnnotatedTypeFactory
instanceKlass sun/reflect/annotation/TypeAnnotation$LocationInfo$Location
instanceKlass sun/reflect/annotation/TypeAnnotation$LocationInfo
instanceKlass sun/reflect/generics/tree/ClassSignature
instanceKlass sun/reflect/generics/tree/Signature
instanceKlass sun/reflect/generics/tree/ClassTypeSignature
instanceKlass sun/reflect/generics/tree/SimpleClassTypeSignature
instanceKlass sun/reflect/generics/tree/FieldTypeSignature
instanceKlass sun/reflect/generics/tree/BaseType
instanceKlass sun/reflect/generics/tree/TypeSignature
instanceKlass sun/reflect/generics/tree/ReturnType
instanceKlass sun/reflect/generics/tree/TypeArgument
instanceKlass sun/reflect/generics/tree/FormalTypeParameter
instanceKlass sun/reflect/generics/tree/TypeTree
instanceKlass sun/reflect/generics/tree/Tree
instanceKlass sun/reflect/generics/parser/SignatureParser
instanceKlass java/lang/reflect/TypeVariable
instanceKlass sun/reflect/generics/repository/AbstractRepository
instanceKlass sun/reflect/annotation/TypeAnnotation
instanceKlass sun/reflect/annotation/TypeAnnotationParser
instanceKlass java/lang/Class$AnnotationData
instanceKlass java/lang/annotation/Target
# instanceKlass java/lang/invoke/LambdaForm$MH+0x000000001608c400
instanceKlass jdk/internal/classfile/impl/StackMapDecoder$1
instanceKlass jdk/internal/classfile/impl/StackMapDecoder
instanceKlass jdk/internal/classfile/impl/StackCounter
instanceKlass  @bci java/lang/reflect/ProxyGenerator lambda$generateLookupAccessor$0 (Ljava/lang/classfile/MethodBuilder;)V 30 <appendix> member <vmtarget> ; # java/lang/reflect/ProxyGenerator$$Lambda+0x0000000016022800
instanceKlass  @bci java/lang/reflect/ProxyGenerator generateLookupAccessor (Ljava/lang/classfile/ClassBuilder;)V 10 <appendix> member <vmtarget> ; # java/lang/reflect/ProxyGenerator$$Lambda+0x00000000160225c0
instanceKlass java/lang/classfile/constantpool/StringEntry
instanceKlass java/lang/classfile/constantpool/ConstantValueEntry
instanceKlass  @bci java/lang/reflect/ProxyGenerator generateStaticInitializer (Ljava/lang/classfile/ClassBuilder;)V 10 <appendix> member <vmtarget> ; # java/lang/reflect/ProxyGenerator$$Lambda+0x0000000016021c18
instanceKlass jdk/internal/classfile/impl/BytecodeHelpers$1
instanceKlass java/lang/classfile/attribute/StackMapTableAttribute
instanceKlass java/lang/classfile/attribute/StackMapFrameInfo
instanceKlass java/lang/classfile/instruction/ExceptionCatch
instanceKlass  @bci java/lang/reflect/ProxyGenerator$ProxyMethod lambda$generateMethod$0 (Ljava/lang/classfile/MethodBuilder;)V 30 <appendix> member <vmtarget> ; # java/lang/reflect/ProxyGenerator$ProxyMethod$$Lambda+0x0000000016020ea8
instanceKlass java/lang/classfile/attribute/ExceptionsAttribute
instanceKlass  @bci java/lang/reflect/ProxyGenerator$ProxyMethod generateMethod (Ljava/lang/classfile/ClassBuilder;)V 42 <appendix> member <vmtarget> ; # java/lang/reflect/ProxyGenerator$ProxyMethod$$Lambda+0x0000000016020540
instanceKlass  @bci java/lang/reflect/ProxyGenerator generateConstructor (Ljava/lang/classfile/ClassBuilder;)V 8 <appendix> member <vmtarget> ; # java/lang/reflect/ProxyGenerator$$Lambda+0x0000000016020300
instanceKlass  @bci java/lang/reflect/ProxyGenerator generateClassFile ()[B 197 <appendix> member <vmtarget> ; # java/lang/reflect/ProxyGenerator$$Lambda+0x00000000160200c0
instanceKlass  @bci java/lang/reflect/ProxyGenerator proxyMethodsFor (Ljava/lang/String;)Ljava/util/List; 5 <appendix> argL0 ; # java/lang/reflect/ProxyGenerator$$Lambda+0x000000001601fe78
instanceKlass java/lang/reflect/ProxyGenerator$ProxyMethod
instanceKlass java/lang/classfile/attribute/StackMapFrameInfo$ObjectVerificationTypeInfo
instanceKlass java/lang/classfile/attribute/StackMapFrameInfo$VerificationTypeInfo
instanceKlass java/util/StringJoiner
instanceKlass java/lang/classfile/ClassFile$Option
instanceKlass java/lang/reflect/ProxyGenerator
instanceKlass  @bci java/lang/WeakPairMap computeIfAbsent (Ljava/lang/Object;Ljava/lang/Object;Ljava/util/function/BiFunction;)Ljava/lang/Object; 18 <appendix> member <vmtarget> ; # java/lang/WeakPairMap$$Lambda+0x000000001601f1e0
instanceKlass  @bci java/lang/Module implAddExportsOrOpens (Ljava/lang/String;Ljava/lang/Module;ZZZ)V 150 <appendix> argL0 ; # java/lang/Module$$Lambda+0x000000001601efa8
instanceKlass  @bci java/lang/module/ModuleDescriptor$Builder packages (Ljava/util/Set;)Ljava/lang/module/ModuleDescriptor$Builder; 17 <appendix> argL0 ; # java/lang/module/ModuleDescriptor$Builder$$Lambda+0x80000000e
instanceKlass jdk/internal/module/Checks
instanceKlass java/lang/module/ModuleDescriptor$Builder
instanceKlass  @bci java/lang/reflect/Proxy$ProxyBuilder getDynamicModule (Ljava/lang/ClassLoader;)Ljava/lang/Module; 4 <appendix> argL0 ; # java/lang/reflect/Proxy$ProxyBuilder$$Lambda+0x000000001601e618
instanceKlass java/lang/PublicMethods
instanceKlass java/util/Collections$1
instanceKlass java/lang/reflect/Proxy$ProxyBuilder
instanceKlass  @bci java/lang/reflect/Proxy getProxyConstructor (Ljava/lang/ClassLoader;[Ljava/lang/Class;)Ljava/lang/reflect/Constructor; 18 <appendix> argL0 ; # java/lang/reflect/Proxy$$Lambda+0x000000001601d9a0
instanceKlass java/lang/ClassValue$Identity
instanceKlass java/lang/ClassValue$Entry
instanceKlass java/lang/ClassValue
instanceKlass java/lang/reflect/Proxy
instanceKlass sun/reflect/annotation/AnnotationInvocationHandler
instanceKlass java/lang/reflect/InvocationHandler
instanceKlass sun/reflect/annotation/ExceptionProxy
instanceKlass java/lang/annotation/Inherited
instanceKlass java/lang/annotation/Retention
instanceKlass sun/reflect/annotation/AnnotationType
instanceKlass sun/invoke/util/BytecodeDescriptor
instanceKlass com/google/inject/RestrictedBindingSource
instanceKlass com/google/inject/spi/BindingSourceRestriction
instanceKlass com/google/inject/spi/ModuleSource
instanceKlass com/google/inject/internal/ProviderMethodsModule
instanceKlass com/google/inject/spi/BindingSourceRestriction$PermitMapConstruction$PermitMapImpl
instanceKlass com/google/inject/spi/BindingSourceRestriction$PermitMap
instanceKlass com/google/inject/spi/BindingSourceRestriction$PermitMapConstruction
instanceKlass com/google/common/collect/Hashing
instanceKlass com/google/common/math/IntMath$1
instanceKlass com/google/common/math/MathPreconditions
instanceKlass com/google/common/math/IntMath
instanceKlass com/google/inject/internal/AbstractBindingBuilder
instanceKlass com/google/inject/binder/ConstantBindingBuilder
instanceKlass com/google/inject/binder/AnnotatedElementBuilder
instanceKlass com/google/inject/spi/Elements$RecordingBinder
instanceKlass com/google/inject/Binding
instanceKlass com/google/inject/spi/DefaultBindingTargetVisitor
instanceKlass com/google/inject/spi/BindingTargetVisitor
instanceKlass com/google/inject/spi/Elements
instanceKlass com/google/inject/internal/InjectorShell$RootModule
instanceKlass com/google/common/collect/ListMultimap
instanceKlass com/google/inject/internal/InjectorBindingData
instanceKlass java/util/concurrent/atomic/AtomicReferenceArray
instanceKlass java/util/concurrent/Future
instanceKlass com/google/common/cache/LocalCache$LoadingValueReference
instanceKlass java/util/concurrent/ConcurrentLinkedQueue$Node
instanceKlass com/google/common/cache/Weigher
instanceKlass com/google/common/base/Predicate
instanceKlass com/google/common/base/Equivalence
instanceKlass java/util/function/BiPredicate
instanceKlass com/google/common/base/MoreObjects
instanceKlass com/google/common/cache/LocalCache$1
instanceKlass com/google/common/cache/ReferenceEntry
instanceKlass com/google/common/cache/CacheLoader
instanceKlass com/google/common/cache/LocalCache$LocalManualCache
instanceKlass  @bci com/google/inject/internal/WeakKeySet <init> (Ljava/lang/Object;)V 12 <appendix> member <vmtarget> ; # com/google/inject/internal/WeakKeySet$$Lambda+0x0000000016088268
instanceKlass  @cpi com/sun/tools/javac/code/Symtab 1410 form vmentry <vmtarget> ; # java/lang/invoke/LambdaForm$DMH+0x000000001608c000
instanceKlass java/util/AbstractMap$SimpleImmutableEntry
instanceKlass com/google/common/cache/RemovalListener
instanceKlass com/google/common/cache/LocalCache$StrongValueReference
instanceKlass com/google/common/cache/LocalCache$ValueReference
instanceKlass com/google/common/cache/CacheBuilder$2
instanceKlass com/google/common/cache/CacheStats
instanceKlass com/google/common/base/Suppliers$SupplierOfInstance
instanceKlass com/google/common/base/Suppliers
instanceKlass com/google/common/cache/CacheBuilder$1
instanceKlass com/google/common/cache/AbstractCache$StatsCounter
instanceKlass com/google/common/cache/LoadingCache
instanceKlass com/google/common/cache/Cache
instanceKlass com/google/common/base/Supplier
instanceKlass com/google/common/cache/CacheBuilder
instanceKlass com/google/inject/internal/WeakKeySet
instanceKlass com/google/common/collect/Sets
instanceKlass com/google/inject/internal/InjectorJitBindingData
instanceKlass java/util/Arrays$ArrayItr
instanceKlass com/google/inject/internal/ProcessedBindingData
instanceKlass com/google/inject/spi/DefaultElementVisitor
instanceKlass com/google/inject/internal/InjectorShell$Builder
instanceKlass com/google/common/collect/Lists
instanceKlass com/google/common/collect/CollectPreconditions
instanceKlass com/google/common/collect/LinkedHashMultimap$MultimapIterationChain
instanceKlass com/google/common/collect/Platform
instanceKlass com/google/common/collect/Multiset
instanceKlass com/google/common/collect/AbstractMultimap
instanceKlass com/google/common/collect/SetMultimap
instanceKlass com/google/common/base/Converter
instanceKlass com/google/common/base/Function
instanceKlass com/google/common/collect/ImmutableMap
instanceKlass com/google/common/collect/BiMap
instanceKlass com/google/common/collect/SortedMapDifference
instanceKlass com/google/common/collect/MapDifference
instanceKlass com/google/common/collect/Maps
instanceKlass com/google/inject/internal/CycleDetectingLock
instanceKlass com/google/common/collect/Multimap
instanceKlass com/google/inject/internal/CycleDetectingLock$CycleDetectingLockFactory
instanceKlass com/google/inject/internal/Initializable
instanceKlass com/google/inject/internal/Initializer
instanceKlass com/google/common/collect/PeekingIterator
instanceKlass com/google/common/collect/UnmodifiableIterator
instanceKlass com/google/common/collect/Iterators
instanceKlass com/google/common/collect/ImmutableCollection$Builder
instanceKlass com/google/common/collect/ImmutableSet$SetBuilderImpl
instanceKlass com/google/inject/internal/util/SourceProvider
instanceKlass com/google/inject/spi/ErrorDetail
instanceKlass com/google/inject/internal/Errors
instanceKlass com/google/common/base/Preconditions
instanceKlass java/util/logging/Logger$SystemLoggerHelper
instanceKlass jdk/internal/logger/BootstrapLogger$BootstrapExecutors
instanceKlass jdk/internal/logger/BootstrapLogger$RedirectedLoggers
instanceKlass jdk/internal/foreign/MemorySessionImpl
instanceKlass java/lang/foreign/MemorySegment$Scope
instanceKlass java/util/Spliterators$1Adapter
instanceKlass java/util/Spliterators$ArraySpliterator
instanceKlass jdk/internal/logger/BootstrapLogger$DetectBackend
instanceKlass jdk/internal/logger/BootstrapLogger
instanceKlass sun/util/logging/PlatformLogger$ConfigurableBridge
instanceKlass sun/util/logging/PlatformLogger$Bridge
instanceKlass java/lang/System$Logger
instanceKlass  @bci java/util/stream/MatchOps makeRef (Ljava/util/function/Predicate;Ljava/util/stream/MatchOps$MatchKind;)Ljava/util/stream/TerminalOp; 20 <appendix> member <vmtarget> ; # java/util/stream/MatchOps$$Lambda+0x800000004
instanceKlass java/util/stream/MatchOps$BooleanTerminalSink
instanceKlass java/util/stream/MatchOps$MatchOp
instanceKlass java/util/stream/MatchOps
instanceKlass java/util/stream/Streams
instanceKlass java/util/stream/Stream$Builder
instanceKlass java/util/stream/Streams$AbstractStreamBuilderImpl
instanceKlass java/util/stream/ReferencePipeline$7$1FlatMap
instanceKlass  @bci java/util/logging/Level$KnownLevel findByName (Ljava/lang/String;Ljava/util/function/Function;)Ljava/util/Optional; 29 <appendix> argL0 ; # java/util/logging/Level$KnownLevel$$Lambda+0x800000026
instanceKlass  @bci java/util/logging/Level findLevel (Ljava/lang/String;)Ljava/util/logging/Level; 13 <appendix> argL0 ; # java/util/logging/Level$$Lambda+0x800000023
instanceKlass java/util/Hashtable$Enumerator
instanceKlass java/util/logging/LogManager$VisitedLoggers
instanceKlass  @bci java/util/logging/LogManager$LoggerContext addLocalLogger (Ljava/util/logging/Logger;Z)Z 95 <appendix> form vmentry <vmtarget> ; # java/lang/invoke/LambdaForm$MH+0x0000000016074000
instanceKlass java/lang/invoke/StringConcatFactory
instanceKlass java/lang/System$LoggerFinder
instanceKlass java/util/logging/LogManager$LoggingProviderAccess
instanceKlass sun/util/logging/internal/LoggingProviderImpl$LogManagerAccess
instanceKlass java/util/Collections$SynchronizedMap
instanceKlass java/util/logging/LogManager$LogNode
instanceKlass java/util/logging/LogManager$LoggerContext
instanceKlass java/util/logging/LogManager
instanceKlass java/util/logging/Logger$ConfigurationData
instanceKlass java/util/logging/Logger$LoggerBundle
instanceKlass  @bci java/util/logging/Level$KnownLevel add (Ljava/util/logging/Level;)V 49 <appendix> argL0 ; # java/util/logging/Level$KnownLevel$$Lambda+0x800000025
instanceKlass  @bci java/util/logging/Level$KnownLevel add (Ljava/util/logging/Level;)V 19 <appendix> argL0 ; # java/util/logging/Level$KnownLevel$$Lambda+0x800000024
instanceKlass java/util/logging/Level
instanceKlass java/util/logging/Handler
instanceKlass java/util/logging/Logger
instanceKlass com/google/common/base/Ticker
instanceKlass com/google/common/base/Stopwatch
instanceKlass com/google/inject/internal/util/ContinuousStopwatch
instanceKlass com/google/inject/Injector
instanceKlass com/google/inject/internal/InternalInjectorCreator
instanceKlass com/google/inject/Guice
instanceKlass org/eclipse/sisu/wire/Wiring
instanceKlass org/eclipse/sisu/wire/WireModule$Strategy$1
instanceKlass org/eclipse/sisu/wire/WireModule$Strategy
instanceKlass org/eclipse/sisu/wire/AbstractTypeConverter
instanceKlass com/google/inject/spi/ElementVisitor
instanceKlass org/eclipse/sisu/wire/WireModule
instanceKlass org/eclipse/sisu/bean/BeanBinder
instanceKlass org/eclipse/sisu/plexus/PlexusBindingModule
instanceKlass org/codehaus/plexus/DefaultPlexusContainer$BootModule
instanceKlass org/codehaus/plexus/component/annotations/Configuration
instanceKlass org/eclipse/sisu/plexus/PlexusAnnotatedMetadata
instanceKlass org/eclipse/sisu/plexus/PlexusBeanMetadata
instanceKlass org/eclipse/sisu/plexus/PlexusAnnotatedBeanModule$PlexusAnnotatedBeanSource
instanceKlass org/eclipse/sisu/space/SpaceModule$2
instanceKlass org/eclipse/sisu/space/SpaceModule$Strategy$2
instanceKlass org/eclipse/sisu/space/SpaceModule$Strategy$1
instanceKlass org/eclipse/sisu/space/DefaultClassFinder
instanceKlass org/objectweb/asm/ClassVisitor
instanceKlass org/eclipse/sisu/space/SpaceScanner
instanceKlass org/eclipse/sisu/space/IndexedClassFinder
instanceKlass org/eclipse/sisu/space/ClassFinder
instanceKlass org/eclipse/sisu/space/SpaceModule
instanceKlass org/eclipse/sisu/space/SpaceVisitor
instanceKlass org/eclipse/sisu/plexus/PlexusTypeListener
instanceKlass org/eclipse/sisu/space/QualifiedTypeListener
instanceKlass org/eclipse/sisu/plexus/PlexusAnnotatedBeanModule$1
instanceKlass org/eclipse/sisu/space/SpaceModule$Strategy
instanceKlass org/eclipse/sisu/plexus/PlexusAnnotatedBeanModule
instanceKlass org/eclipse/sisu/plexus/PlexusBeanSource
instanceKlass org/eclipse/sisu/plexus/PlexusXmlBeanModule
instanceKlass org/eclipse/sisu/plexus/PlexusBeanModule
instanceKlass org/eclipse/sisu/space/URLClassSpace
instanceKlass org/codehaus/plexus/DefaultPlexusContainer$SLF4JLoggerFactoryProvider
instanceKlass com/google/inject/util/Providers$ConstantProvider
instanceKlass com/google/inject/util/Providers
instanceKlass org/codehaus/plexus/personality/plexus/lifecycle/phase/Disposable
instanceKlass org/codehaus/plexus/personality/plexus/lifecycle/phase/Startable
instanceKlass org/codehaus/plexus/personality/plexus/lifecycle/phase/Initializable
instanceKlass org/codehaus/plexus/personality/plexus/lifecycle/phase/Contextualizable
instanceKlass org/codehaus/plexus/logging/LogEnabled
instanceKlass org/eclipse/sisu/bean/PropertyBinding
instanceKlass javax/annotation/PreDestroy
instanceKlass javax/annotation/PostConstruct
instanceKlass org/eclipse/sisu/bean/LifecycleBuilder
instanceKlass org/eclipse/sisu/bean/BeanScheduler$1
instanceKlass com/google/inject/spi/DefaultBindingScopingVisitor
instanceKlass com/google/inject/spi/BindingScopingVisitor
instanceKlass org/eclipse/sisu/bean/BeanScheduler$CycleActivator
instanceKlass com/google/inject/PrivateBinder
instanceKlass com/google/inject/spi/TypeListener
instanceKlass org/aopalliance/intercept/MethodInterceptor
instanceKlass org/aopalliance/intercept/Interceptor
instanceKlass org/aopalliance/aop/Advice
instanceKlass com/google/inject/MembersInjector
instanceKlass com/google/inject/binder/AnnotatedConstantBindingBuilder
instanceKlass com/google/inject/Scope
instanceKlass com/google/inject/spi/Message
instanceKlass com/google/inject/spi/Element
instanceKlass com/google/inject/spi/ModuleAnnotatedMethodScanner
instanceKlass com/google/inject/spi/Dependency
instanceKlass com/google/inject/TypeLiteral
instanceKlass com/google/inject/Key
instanceKlass com/google/inject/binder/AnnotatedBindingBuilder
instanceKlass com/google/inject/binder/LinkedBindingBuilder
instanceKlass com/google/inject/binder/ScopedBindingBuilder
instanceKlass com/google/inject/spi/ProvisionListener
instanceKlass com/google/inject/Binder
instanceKlass org/eclipse/sisu/bean/BeanScheduler
instanceKlass org/eclipse/sisu/plexus/DefaultPlexusBeanLocator
instanceKlass org/eclipse/sisu/plexus/RealmManager
instanceKlass org/codehaus/plexus/context/ContextMapAdapter
instanceKlass org/codehaus/plexus/context/DefaultContext
instanceKlass org/codehaus/plexus/logging/AbstractLogger
instanceKlass org/codehaus/plexus/logging/AbstractLoggerManager
instanceKlass java/util/Date
instanceKlass java/text/DigitList
instanceKlass java/text/FieldPosition
instanceKlass java/text/DecimalFormatSymbols
instanceKlass java/text/DateFormatSymbols
instanceKlass sun/util/calendar/CalendarUtils
instanceKlass sun/util/calendar/CalendarDate
instanceKlass sun/util/resources/Bundles$CacheKeyReference
instanceKlass java/util/ResourceBundle$ResourceBundleProviderHelper
instanceKlass  @bci sun/util/cldr/CLDRLocaleProviderAdapter applyAliases (Ljava/util/Locale;)Ljava/util/Locale; 4 <appendix> argL0 ; # sun/util/cldr/CLDRLocaleProviderAdapter$$Lambda+0x800000060
instanceKlass sun/util/resources/Bundles$CacheKey
instanceKlass java/util/ResourceBundle$3
instanceKlass java/util/ResourceBundle$1
instanceKlass jdk/internal/access/JavaUtilResourceBundleAccess
instanceKlass sun/util/resources/Bundles
instanceKlass sun/util/resources/LocaleData$LocaleDataStrategy
instanceKlass sun/util/resources/Bundles$Strategy
instanceKlass sun/util/resources/LocaleData
instanceKlass sun/util/locale/provider/LocaleResources
instanceKlass java/util/stream/Node$Builder
instanceKlass java/util/stream/AbstractSpinedBuffer
instanceKlass java/util/stream/Node$OfDouble
instanceKlass java/util/stream/Node$OfLong
instanceKlass java/util/stream/Node$OfInt
instanceKlass java/util/stream/Node$OfPrimitive
instanceKlass java/util/stream/Nodes$EmptyNode
instanceKlass java/util/stream/Node
instanceKlass java/util/stream/Nodes
instanceKlass  @bci sun/util/locale/provider/LocaleProviderAdapter toLocaleArray (Ljava/util/Set;)[Ljava/util/Locale; 21 <appendix> argL0 ; # sun/util/locale/provider/LocaleProviderAdapter$$Lambda+0x800000063
instanceKlass java/util/function/IntFunction
instanceKlass java/util/stream/DistinctOps
instanceKlass  @bci sun/util/locale/provider/LocaleProviderAdapter toLocaleArray (Ljava/util/Set;)[Ljava/util/Locale; 6 <appendix> argL0 ; # sun/util/locale/provider/LocaleProviderAdapter$$Lambda+0x800000061
instanceKlass java/util/Spliterators$IteratorSpliterator
instanceKlass java/util/Spliterators
instanceKlass  @bci java/util/ResourceBundle$Control getCandidateLocales (Ljava/lang/String;Ljava/util/Locale;)Ljava/util/List; 23 <appendix> argL0 ; # java/util/ResourceBundle$Control$$Lambda+0x800000021
instanceKlass  @bci java/util/ResourceBundle$Control <clinit> ()V 39 <appendix> argL0 ; # java/util/ResourceBundle$Control$$Lambda+0x800000022
instanceKlass java/util/ResourceBundle
instanceKlass java/util/ResourceBundle$Control
instanceKlass sun/util/locale/provider/CalendarDataUtility$CalendarWeekParameterGetter
instanceKlass sun/util/locale/provider/LocaleServiceProviderPool$LocalizedObjectGetter
instanceKlass sun/util/locale/provider/LocaleServiceProviderPool
instanceKlass java/util/Locale$Builder
instanceKlass sun/util/locale/provider/CalendarDataUtility
instanceKlass sun/util/calendar/CalendarSystem$GregorianHolder
instanceKlass sun/util/calendar/CalendarSystem
instanceKlass java/util/Calendar$Builder
instanceKlass sun/util/locale/provider/AvailableLanguageTags
instanceKlass java/util/ServiceLoader$ProviderImpl
instanceKlass java/util/ServiceLoader$Provider
instanceKlass sun/util/resources/cldr/provider/CLDRLocaleDataMetaInfo
instanceKlass  @bci jdk/internal/module/SystemModuleFinders$SystemModuleReader read (Ljava/lang/String;)Ljava/util/Optional; 19 <appendix> member <vmtarget> ; # jdk/internal/module/SystemModuleFinders$SystemModuleReader$$Lambda+0x00000000160184d8
instanceKlass jdk/internal/module/SystemModuleFinders
instanceKlass java/lang/WeakPairMap$Pair$Lookup
instanceKlass java/lang/WeakPairMap$Pair
instanceKlass java/lang/WeakPairMap
instanceKlass java/lang/Module$ReflectionData
instanceKlass jdk/internal/module/ModulePatcher$PatchedModuleReader
instanceKlass java/util/ServiceLoader$2
instanceKlass java/util/ServiceLoader$1
instanceKlass java/util/ServiceLoader$LazyClassPathLookupIterator
instanceKlass java/util/concurrent/CopyOnWriteArrayList$COWIterator
instanceKlass java/util/ServiceLoader$ModuleServicesLookupIterator
instanceKlass java/util/ServiceLoader
instanceKlass jdk/internal/util/ReferencedKeyMap$1
instanceKlass sun/util/locale/InternalLocaleBuilder$CaseInsensitiveChar
instanceKlass sun/util/locale/InternalLocaleBuilder
instanceKlass sun/util/locale/StringTokenIterator
instanceKlass java/text/ParsePosition
instanceKlass sun/util/cldr/CLDRBaseLocaleDataMetaInfo
instanceKlass sun/util/locale/provider/LocaleDataMetaInfo
instanceKlass sun/util/locale/provider/ResourceBundleBasedAdapter
instanceKlass sun/util/locale/provider/LocaleProviderAdapter
instanceKlass java/util/spi/LocaleServiceProvider
instanceKlass sun/util/calendar/ZoneInfoFile$ZoneOffsetTransitionRule
instanceKlass java/lang/invoke/VarHandle$AccessDescriptor
instanceKlass java/lang/invoke/VarForm
instanceKlass java/lang/invoke/VarHandleGuards
instanceKlass java/lang/invoke/VarHandles
instanceKlass jdk/internal/util/ByteArray
instanceKlass sun/util/calendar/ZoneInfoFile
instanceKlass java/time/ZoneId
instanceKlass java/util/TimeZone
instanceKlass java/util/Calendar
instanceKlass java/text/AttributedCharacterIterator$Attribute
instanceKlass com/google/inject/matcher/AbstractMatcher
instanceKlass com/google/inject/matcher/Matcher
instanceKlass com/google/inject/spi/TypeConverter
instanceKlass org/codehaus/plexus/DefaultPlexusContainer$LoggerProvider
instanceKlass org/codehaus/plexus/DefaultPlexusContainer$DefaultsModule
instanceKlass org/codehaus/plexus/DefaultPlexusContainer$ContainerModule
instanceKlass java/util/concurrent/locks/ReentrantReadWriteLock$WriteLock
instanceKlass java/util/concurrent/locks/ReentrantReadWriteLock$ReadLock
instanceKlass java/util/concurrent/locks/ReentrantReadWriteLock
instanceKlass java/util/concurrent/locks/ReadWriteLock
instanceKlass org/eclipse/sisu/inject/ImplicitBindings
instanceKlass org/eclipse/sisu/inject/MildValues$InverseMapping
instanceKlass org/eclipse/sisu/inject/MildValues
instanceKlass org/eclipse/sisu/inject/Weak
instanceKlass sun/reflect/misc/ReflectUtil
instanceKlass java/util/concurrent/atomic/AtomicReferenceFieldUpdater
instanceKlass org/eclipse/sisu/inject/RankedSequence$Content
instanceKlass org/eclipse/sisu/inject/RankedSequence
instanceKlass org/eclipse/sisu/inject/BindingSubscriber
instanceKlass org/eclipse/sisu/inject/DefaultBeanLocator
instanceKlass org/eclipse/sisu/inject/DeferredClass
instanceKlass org/codehaus/plexus/DefaultPlexusContainer$LoggerManagerProvider
instanceKlass org/eclipse/sisu/inject/DeferredProvider
instanceKlass com/google/inject/Provider
instanceKlass com/google/inject/AbstractModule
instanceKlass org/eclipse/sisu/inject/BindingPublisher
instanceKlass org/eclipse/sisu/inject/RankingFunction
instanceKlass org/codehaus/plexus/context/Context
instanceKlass org/eclipse/sisu/space/ClassSpace
instanceKlass javax/inject/Provider
instanceKlass org/eclipse/sisu/bean/BeanManager
instanceKlass org/eclipse/sisu/plexus/PlexusBeanLocator
instanceKlass org/codehaus/plexus/classworlds/ClassWorldListener
instanceKlass com/google/inject/Module
instanceKlass org/eclipse/sisu/inject/MutableBeanLocator
instanceKlass org/eclipse/sisu/inject/BeanLocator
instanceKlass org/codehaus/plexus/DefaultPlexusContainer
instanceKlass org/codehaus/plexus/MutablePlexusContainer
instanceKlass java/util/stream/ReduceOps$AccumulatingSink
instanceKlass java/util/stream/ReduceOps$Box
instanceKlass java/util/stream/ReduceOps$ReduceOp
instanceKlass java/util/stream/ReduceOps
instanceKlass  @bci java/util/function/Function andThen (Ljava/util/function/Function;)Ljava/util/function/Function; 7 <appendix> member <vmtarget> ; # java/util/function/Function$$Lambda+0x0000000016014c20
instanceKlass  @cpi java/util/function/Function 58 form vmentry <vmtarget> ; # java/lang/invoke/LambdaForm$DMH+0x0000000016060000
instanceKlass  @bci org/apache/maven/extension/internal/CoreExports <init> (Lorg/codehaus/plexus/classworlds/realm/ClassRealm;Ljava/util/Set;Ljava/util/Set;)V 38 <appendix> argL0 ; # org/apache/maven/extension/internal/CoreExports$$Lambda+0x000000001605c420
instanceKlass  @bci java/util/stream/Collectors castingIdentity ()Ljava/util/function/Function; 0 <appendix> argL0 ; # java/util/stream/Collectors$$Lambda+0x800000048
instanceKlass  @bci java/util/stream/Collectors uniqKeysMapMerger ()Ljava/util/function/BinaryOperator; 0 <appendix> argL0 ; # java/util/stream/Collectors$$Lambda+0x00000000160149d0
instanceKlass java/util/function/BinaryOperator
instanceKlass  @bci java/util/stream/Collectors uniqKeysMapAccumulator (Ljava/util/function/Function;Ljava/util/function/Function;)Ljava/util/function/BiConsumer; 2 <appendix> member <vmtarget> ; # java/util/stream/Collectors$$Lambda+0x0000000016014790
instanceKlass  @bci java/util/stream/Collectors toMap (Ljava/util/function/Function;Ljava/util/function/Function;)Ljava/util/stream/Collector; 4 <appendix> argL0 ; # java/util/stream/Collectors$$Lambda+0x0000000016014568
instanceKlass java/util/stream/Collector
instanceKlass java/util/stream/Collectors
instanceKlass  @bci org/apache/maven/extension/internal/CoreExports <init> (Lorg/codehaus/plexus/classworlds/realm/ClassRealm;Ljava/util/Set;Ljava/util/Set;)V 30 <appendix> member <vmtarget> ; # org/apache/maven/extension/internal/CoreExports$$Lambda+0x000000001605c1d0
instanceKlass  @bci java/util/function/Function identity ()Ljava/util/function/Function; 0 <appendix> argL0 ; # java/util/function/Function$$Lambda+0x0000000016014120
instanceKlass java/lang/classfile/constantpool/InterfaceMethodRefEntry
instanceKlass java/util/HashMap$HashMapSpliterator
instanceKlass org/apache/maven/extension/internal/CoreExports
instanceKlass java/util/Collections$UnmodifiableCollection$1
instanceKlass org/codehaus/plexus/DefaultContainerConfiguration
instanceKlass org/codehaus/plexus/ContainerConfiguration
instanceKlass org/codehaus/plexus/util/BaseIOUtil
instanceKlass org/codehaus/plexus/util/xml/XMLWriter
instanceKlass org/codehaus/plexus/util/xml/Xpp3Dom
instanceKlass org/codehaus/plexus/util/xml/pull/MXParser
instanceKlass org/codehaus/plexus/util/xml/pull/XmlPullParser
instanceKlass org/codehaus/plexus/util/xml/Xpp3DomBuilder
instanceKlass java/util/regex/ASCII
instanceKlass  @bci java/util/regex/CharPredicates ASCII_SPACE ()Ljava/util/regex/Pattern$BmpCharPredicate; 0 <appendix> argL0 ; # java/util/regex/CharPredicates$$Lambda+0x800000029
instanceKlass  @bci java/util/regex/Pattern DOT ()Ljava/util/regex/Pattern$CharPredicate; 0 <appendix> argL0 ; # java/util/regex/Pattern$$Lambda+0x00000000160124c8
instanceKlass  @bci java/util/regex/Pattern union (Ljava/util/regex/Pattern$CharPredicate;Ljava/util/regex/Pattern$CharPredicate;Z)Ljava/util/regex/Pattern$CharPredicate; 14 <appendix> member <vmtarget> ; # java/util/regex/Pattern$$Lambda+0x0000000016011de8
instanceKlass org/codehaus/plexus/util/ReaderFactory
instanceKlass org/apache/maven/project/ExtensionDescriptor
instanceKlass org/apache/maven/project/ExtensionDescriptorBuilder
instanceKlass org/apache/maven/extension/internal/CoreExtensionEntry
instanceKlass org/codehaus/plexus/logging/Logger
instanceKlass org/apache/maven/cli/logging/Slf4jLoggerManager
instanceKlass org/slf4j/impl/MavenSlf4jSimpleFriend
instanceKlass org/slf4j/MavenSlf4jFriend
instanceKlass  @bci org/apache/commons/cli/CommandLine getOptionValue (Ljava/lang/String;Ljava/lang/String;)Ljava/lang/String; 7 <appendix> member <vmtarget> ; # org/apache/commons/cli/CommandLine$$Lambda+0x0000000016058638
instanceKlass org/apache/maven/cli/logging/BaseSlf4jConfiguration
instanceKlass org/codehaus/plexus/util/PropertyUtils
instanceKlass org/apache/maven/cli/logging/Slf4jConfiguration
instanceKlass org/apache/maven/cli/logging/Slf4jConfigurationFactory
instanceKlass org/slf4j/impl/OutputChoice
instanceKlass java/io/FileInputStream$1
instanceKlass org/slf4j/impl/SimpleLoggerConfiguration$1
instanceKlass java/text/Format
instanceKlass org/slf4j/impl/SimpleLoggerConfiguration
instanceKlass org/slf4j/helpers/NamedLoggerBase
instanceKlass org/slf4j/impl/SimpleLoggerFactory
instanceKlass org/slf4j/impl/StaticLoggerBinder
instanceKlass org/slf4j/spi/LoggerFactoryBinder
instanceKlass java/util/Collections$3
instanceKlass java/net/URLClassLoader$1
instanceKlass jdk/internal/loader/URLClassPath$1
instanceKlass java/lang/CompoundEnumeration
instanceKlass jdk/internal/loader/BuiltinClassLoader$1
instanceKlass java/util/Collections$EmptyEnumeration
instanceKlass org/slf4j/helpers/Util
instanceKlass org/slf4j/helpers/NOPLoggerFactory
instanceKlass java/util/concurrent/LinkedBlockingQueue$Node
instanceKlass java/util/concurrent/locks/AbstractQueuedSynchronizer$ConditionObject
instanceKlass java/util/concurrent/locks/Condition
instanceKlass java/util/concurrent/BlockingQueue
instanceKlass org/slf4j/helpers/SubstituteLoggerFactory
instanceKlass org/slf4j/ILoggerFactory
instanceKlass org/slf4j/event/LoggingEvent
instanceKlass org/slf4j/LoggerFactory
instanceKlass org/codehaus/plexus/interpolation/SimpleRecursionInterceptor
instanceKlass java/util/LinkedList$ListItr
instanceKlass org/codehaus/plexus/util/StringUtils
instanceKlass org/apache/maven/cli/CLIReportingUtils
instanceKlass  @bci org/apache/maven/cli/MavenCli populateProperties (Lorg/apache/maven/cli/CliRequest;Ljava/util/Properties;Ljava/util/Properties;)V 236 <appendix> argL0 ; # org/apache/maven/cli/MavenCli$$Lambda+0x0000000016056628
instanceKlass  @cpi com/google/inject/internal/aop/ClassBuilding 320 form vmentry <vmtarget> ; # java/lang/invoke/LambdaForm$DMH+0x0000000016050c00
instanceKlass java/util/function/BiConsumer
instanceKlass org/codehaus/plexus/interpolation/AbstractValueSource
instanceKlass org/codehaus/plexus/interpolation/RecursionInterceptor
instanceKlass org/codehaus/plexus/interpolation/StringSearchInterpolator
instanceKlass org/codehaus/plexus/interpolation/Interpolator
instanceKlass org/codehaus/plexus/interpolation/BasicInterpolator
instanceKlass org/apache/maven/properties/internal/SystemProperties
instanceKlass java/util/concurrent/ConcurrentHashMap$MapEntry
instanceKlass java/util/Collections$SynchronizedCollection
instanceKlass java/util/Properties$EntrySet
instanceKlass java/util/Collections$UnmodifiableMap$UnmodifiableEntrySet$UnmodifiableEntry
instanceKlass java/util/Collections$UnmodifiableMap$UnmodifiableEntrySet$1
instanceKlass org/codehaus/plexus/util/Os
instanceKlass org/apache/maven/properties/internal/EnvironmentUtils
instanceKlass java/util/stream/Sink$ChainedReference
instanceKlass java/util/stream/FindOps$FindOp
instanceKlass java/util/stream/TerminalOp
instanceKlass  @bci java/util/stream/FindOps$FindSink$OfRef <clinit> ()V 6 <appendix> argL0 ; # java/util/stream/FindOps$FindSink$OfRef$$Lambda+0x80000004e
instanceKlass  @bci java/util/stream/FindOps$FindSink$OfRef <clinit> ()V 0 <appendix> argL0 ; # java/util/stream/FindOps$FindSink$OfRef$$Lambda+0x80000004f
instanceKlass java/util/stream/FindOps$FindSink
instanceKlass java/util/stream/TerminalSink
instanceKlass java/util/stream/Sink
instanceKlass java/util/stream/FindOps
instanceKlass  @bci org/apache/commons/cli/CommandLine resolveOption (Ljava/lang/String;)Lorg/apache/commons/cli/Option; 19 <appendix> member <vmtarget> ; # org/apache/commons/cli/CommandLine$$Lambda+0x0000000016054a58
instanceKlass java/util/function/Predicate
instanceKlass java/util/EnumMap$1
instanceKlass java/util/stream/StreamOpFlag$MaskBuilder
instanceKlass java/util/stream/Stream
instanceKlass java/util/stream/BaseStream
instanceKlass java/util/stream/PipelineHelper
instanceKlass java/util/stream/StreamSupport
instanceKlass java/util/ArrayList$ArrayListSpliterator
instanceKlass java/util/Spliterator
instanceKlass java/util/LinkedList$Node
instanceKlass java/util/AbstractList$Itr
instanceKlass org/apache/commons/cli/Util
instanceKlass  @bci org/apache/commons/cli/CommandLine$Builder <clinit> ()V 0 <appendix> argL0 ; # org/apache/commons/cli/CommandLine$Builder$$Lambda+0x0000000016054610
instanceKlass  @cpi org/apache/commons/cli/CommandLine$Builder 105 form vmentry <vmtarget> ; # java/lang/invoke/LambdaForm$DMH+0x0000000016050800
instanceKlass  @cpi com/sun/tools/javac/comp/Attr 5448 form vmentry <vmtarget> ; # java/lang/invoke/LambdaForm$DMH+0x0000000016050400
instanceKlass org/apache/commons/cli/CommandLine$Builder
instanceKlass org/apache/commons/cli/CommandLine
instanceKlass java/util/LinkedHashMap$LinkedHashIterator
instanceKlass  @bci org/apache/commons/cli/Parser parse (Lorg/apache/commons/cli/Options;[Ljava/lang/String;Ljava/util/Properties;Z)Lorg/apache/commons/cli/CommandLine; 4 <appendix> argL0 ; # org/apache/commons/cli/Parser$$Lambda+0x000000001604fc78
instanceKlass  @cpi com/sun/tools/javac/comp/Attr 5334 form vmentry <vmtarget> ; # java/lang/invoke/LambdaForm$DMH+0x0000000016050000
instanceKlass org/apache/commons/cli/Parser
instanceKlass org/apache/maven/cli/CleanArgument
instanceKlass org/apache/commons/cli/OptionValidator
instanceKlass org/apache/commons/cli/Option$Builder
instanceKlass org/apache/commons/cli/Option
instanceKlass org/apache/commons/cli/Options
instanceKlass org/apache/commons/cli/CommandLineParser
instanceKlass org/apache/maven/cli/CLIManager
instanceKlass org/apache/maven/cli/logging/Slf4jStdoutLogger
instanceKlass sun/nio/fs/WindowsPath$1
instanceKlass sun/nio/fs/WindowsLinkSupport
instanceKlass org/eclipse/aether/DefaultRepositoryCache
instanceKlass java/util/IdentityHashMap$IdentityHashMapIterator
instanceKlass org/apache/maven/project/ProjectBuildingRequest
instanceKlass org/apache/maven/execution/DefaultMavenExecutionRequest
instanceKlass org/apache/maven/execution/MavenExecutionRequest
instanceKlass java/lang/Shutdown$Lock
instanceKlass java/lang/Shutdown
instanceKlass java/lang/ApplicationShutdownHooks$1
instanceKlass java/lang/ApplicationShutdownHooks
instanceKlass java/lang/Thread$ThreadNumbering
instanceKlass java/util/regex/IntHashSet
instanceKlass java/util/regex/Matcher
instanceKlass java/util/regex/MatchResult
instanceKlass java/util/Properties$LineReader
instanceKlass sun/net/www/MessageHeader
instanceKlass sun/net/www/protocol/jar/JarFileFactory
instanceKlass sun/net/www/protocol/jar/URLJarFile$URLJarFileCloseController
instanceKlass java/net/URLConnection
instanceKlass org/fusesource/jansi/io/AnsiOutputStream$ZeroWidthSupplier
instanceKlass jdk/internal/loader/NativeLibraries$Unloader
instanceKlass java/util/Collections$UnmodifiableCollection
instanceKlass jdk/internal/jimage/ImageReader$Node
instanceKlass jdk/internal/jimage/ImageLocation
instanceKlass jdk/internal/jimage/decompressor/Decompressor
instanceKlass jdk/internal/jimage/ImageStringsReader
instanceKlass jdk/internal/jimage/ImageStrings
instanceKlass jdk/internal/jimage/ImageHeader
instanceKlass jdk/internal/jimage/NativeImageBuffer$1
instanceKlass jdk/internal/jimage/NativeImageBuffer
instanceKlass java/security/AccessControlContext
instanceKlass java/security/AccessController
instanceKlass jdk/internal/jimage/BasicImageReader$1
instanceKlass java/security/PrivilegedAction
instanceKlass jdk/internal/jimage/BasicImageReader
instanceKlass jdk/internal/jimage/ImageReader
instanceKlass jdk/internal/reflect/Reflection$1Holder
instanceKlass jdk/internal/jimage/ImageReaderFactory$1
# instanceKlass java/lang/invoke/LambdaForm$MH+0x0000000016049c00
instanceKlass org/fusesource/jansi/internal/OSInfo
instanceKlass sun/reflect/annotation/AnnotationParser
instanceKlass jdk/internal/jimage/ImageReaderFactory
instanceKlass jdk/internal/module/SystemModuleFinders$SystemImage
instanceKlass jdk/internal/module/SystemModuleFinders$SystemModuleReader
instanceKlass java/lang/module/ModuleReader
instanceKlass jdk/internal/loader/BuiltinClassLoader$2
instanceKlass jdk/internal/module/Resources
instanceKlass org/fusesource/jansi/internal/JansiLoader$1
instanceKlass  @bci org/fusesource/jansi/internal/JansiLoader initialize ()Z 10 <appendix> argL0 ; # org/fusesource/jansi/internal/JansiLoader$$Lambda+0x000000001604aec0
instanceKlass org/fusesource/jansi/internal/JansiLoader
instanceKlass org/fusesource/jansi/internal/CLibrary
instanceKlass java/util/TreeMap$Entry
instanceKlass java/lang/ProcessEnvironment$CheckedEntry
instanceKlass java/lang/ProcessEnvironment$CheckedEntrySet$1
instanceKlass java/lang/ProcessEnvironment$EntryComparator
instanceKlass java/lang/ProcessEnvironment$NameComparator
instanceKlass org/fusesource/jansi/io/AnsiProcessor
instanceKlass org/fusesource/jansi/io/AnsiOutputStream$WidthSupplier
instanceKlass org/fusesource/jansi/AnsiConsole
instanceKlass  @bci org/fusesource/jansi/Ansi <clinit> ()V 27 <appendix> argL0 ; # org/fusesource/jansi/Ansi$$Lambda+0x0000000016047620
instanceKlass  @cpi jdk/internal/jrtfs/SystemImage 214 form vmentry <vmtarget> ; # java/lang/invoke/LambdaForm$DMH+0x0000000016049800
instanceKlass java/util/concurrent/Callable
instanceKlass org/fusesource/jansi/Ansi
instanceKlass org/apache/maven/shared/utils/logging/LoggerLevelRenderer
instanceKlass org/apache/maven/shared/utils/logging/MessageBuilder
instanceKlass org/apache/maven/shared/utils/logging/MessageUtils
instanceKlass  @bci jdk/internal/reflect/DirectMethodHandleAccessor invokeImpl (Ljava/lang/Object;[Ljava/lang/Object;)Ljava/lang/Object; 72 <adapter> ; # java/lang/invoke/LambdaForm$MH+0x0000000016049400
# instanceKlass java/lang/invoke/LambdaForm$MH+0x0000000016049000
# instanceKlass java/lang/invoke/LambdaForm$MH+0x0000000016048c00
# instanceKlass java/lang/invoke/LambdaForm$MH+0x0000000016048800
# instanceKlass java/lang/invoke/LambdaForm$MH+0x0000000016048400
instanceKlass sun/invoke/util/ValueConversions$WrapperCache
# instanceKlass java/lang/invoke/LambdaForm$MH+0x0000000016048000
instanceKlass java/lang/invoke/LambdaFormBuffer
instanceKlass java/lang/invoke/LambdaFormEditor$TransformKey
instanceKlass java/lang/invoke/LambdaFormEditor
instanceKlass java/lang/invoke/DelegatingMethodHandle$Holder
instanceKlass jdk/internal/reflect/MethodHandleAccessorFactory$LazyStaticHolder
instanceKlass  @bci java/util/regex/Pattern negate (Ljava/util/regex/Pattern$CharPredicate;)Ljava/util/regex/Pattern$CharPredicate; 1 <appendix> member <vmtarget> ; # java/util/regex/Pattern$$Lambda+0x800000035
instanceKlass  @bci java/util/regex/Pattern Range (II)Ljava/util/regex/Pattern$CharPredicate; 23 <appendix> member <vmtarget> ; # java/util/regex/Pattern$$Lambda+0x80000002e
instanceKlass  @bci java/util/regex/Pattern union (Ljava/util/regex/Pattern$CharPredicate;Ljava/util/regex/Pattern$CharPredicate;Z)Ljava/util/regex/Pattern$CharPredicate; 6 <appendix> member <vmtarget> ; # java/util/regex/Pattern$$Lambda+0x800000036
instanceKlass  @bci java/util/regex/CharPredicates ASCII_DIGIT ()Ljava/util/regex/Pattern$BmpCharPredicate; 0 <appendix> argL0 ; # java/util/regex/CharPredicates$$Lambda+0x800000028
instanceKlass java/util/regex/CharPredicates
instanceKlass java/util/regex/Pattern$BitClass
instanceKlass java/util/regex/Pattern$TreeInfo
instanceKlass  @bci java/util/regex/Pattern Single (I)Ljava/util/regex/Pattern$BmpCharPredicate; 1 <appendix> member <vmtarget> ; # java/util/regex/Pattern$$Lambda+0x80000002d
instanceKlass java/util/regex/Pattern$BmpCharPredicate
instanceKlass java/util/regex/Pattern$CharPredicate
instanceKlass java/util/regex/Pattern$Node
instanceKlass java/util/regex/Pattern
instanceKlass org/apache/maven/cli/CliRequest
instanceKlass org/apache/maven/execution/ExecutionListener
instanceKlass org/eclipse/aether/transfer/TransferListener
instanceKlass org/codehaus/plexus/interpolation/ValueSource
instanceKlass org/apache/maven/toolchain/building/ToolchainsBuildingRequest
instanceKlass org/apache/maven/building/Source
instanceKlass org/slf4j/Logger
instanceKlass org/codehaus/plexus/logging/LoggerManager
instanceKlass org/apache/maven/exception/ExceptionHandler
instanceKlass org/eclipse/aether/RepositoryCache
instanceKlass org/apache/maven/eventspy/EventSpy$Context
instanceKlass org/codehaus/plexus/PlexusContainer
instanceKlass org/apache/maven/cli/MavenCli
instanceKlass  @bci java/util/zip/ZipFile$Source initCEN (ILjava/util/zip/ZipCoder;)V 507 <appendix> argL0 ; # java/util/zip/ZipFile$Source$$Lambda+0x0000000016004838
instanceKlass java/io/RandomAccessFile$1
instanceKlass java/util/TreeMap$PrivateEntryIterator
instanceKlass java/util/TimSort
instanceKlass java/util/Arrays$LegacyMergeSort
instanceKlass java/lang/invoke/DirectMethodHandle$2
instanceKlass java/lang/invoke/ClassSpecializer$Factory
instanceKlass java/lang/invoke/ClassSpecializer$SpeciesData
instanceKlass java/lang/invoke/ClassSpecializer$1
instanceKlass jdk/internal/vm/annotation/Stable
instanceKlass jdk/internal/vm/annotation/AOTSafeClassInitializer
instanceKlass java/lang/invoke/ClassSpecializer
instanceKlass  @bci org/codehaus/plexus/classworlds/launcher/Configurator associateRealms ()V 18 <appendix> argL0 ; # org/codehaus/plexus/classworlds/launcher/Configurator$$Lambda+0x0000000016042b38
instanceKlass java/lang/invoke/Invokers$Holder
instanceKlass java/lang/invoke/MethodHandleImpl$1
instanceKlass jdk/internal/access/JavaLangInvokeAccess
instanceKlass  @bci org/codehaus/plexus/classworlds/launcher/ConfigurationParser loadGlob (Ljava/lang/String;Z)V 83 <appendix> member <vmtarget> ; # org/codehaus/plexus/classworlds/launcher/ConfigurationParser$$Lambda+0x0000000016042908
instanceKlass java/lang/invoke/TypeConvertingMethodAdapter
instanceKlass java/lang/invoke/InnerClassLambdaMetafactory$6
instanceKlass java/lang/invoke/InnerClassLambdaMetafactory$3
instanceKlass java/lang/classfile/Interfaces
instanceKlass java/util/ImmutableCollections$Access$1
instanceKlass jdk/internal/access/JavaUtilCollectionAccess
instanceKlass java/util/ImmutableCollections$Access
instanceKlass java/lang/invoke/InnerClassLambdaMetafactory$1
instanceKlass java/lang/invoke/LambdaProxyClassArchive
instanceKlass java/lang/invoke/InfoFromMemberName
instanceKlass java/lang/invoke/MethodHandleInfo
instanceKlass java/lang/invoke/AbstractValidatingLambdaMetafactory
instanceKlass java/lang/invoke/BootstrapMethodInvoker
instanceKlass  @cpi org/codehaus/plexus/classworlds/launcher/ConfigurationParser 340 form vmentry <vmtarget> ; # java/lang/invoke/LambdaForm$DMH+0x0000000016043000
instanceKlass jdk/internal/classfile/impl/ClassReaderImpl
instanceKlass java/lang/classfile/ClassReader
instanceKlass jdk/internal/classfile/impl/ClassHierarchyImpl$CachedClassHierarchyResolver$1
instanceKlass java/lang/classfile/ClassHierarchyResolver$ClassHierarchyInfo
instanceKlass jdk/internal/classfile/impl/ClassHierarchyImpl$CachedClassHierarchyResolver
instanceKlass jdk/internal/classfile/impl/ClassHierarchyImpl$ClassLoadingClassHierarchyResolver$1
instanceKlass jdk/internal/classfile/impl/ClassHierarchyImpl$ClassLoadingClassHierarchyResolver
instanceKlass java/lang/classfile/ClassHierarchyResolver
instanceKlass jdk/internal/classfile/impl/ClassHierarchyImpl
instanceKlass jdk/internal/classfile/impl/RawBytecodeHelper$1
instanceKlass jdk/internal/classfile/impl/RawBytecodeHelper
instanceKlass jdk/internal/classfile/impl/StackMapGenerator$Frame
instanceKlass jdk/internal/classfile/impl/StackMapGenerator
instanceKlass jdk/internal/classfile/impl/AnnotationReader
instanceKlass java/lang/classfile/CustomAttribute
instanceKlass jdk/internal/classfile/impl/TerminalFieldBuilder
instanceKlass java/lang/classfile/FieldBuilder
instanceKlass java/lang/invoke/InvokerBytecodeGenerator$2
instanceKlass jdk/internal/classfile/impl/BytecodeHelpers
instanceKlass java/lang/classfile/constantpool/MethodRefEntry
instanceKlass sun/invoke/util/VerifyType
instanceKlass jdk/internal/classfile/impl/DirectCodeBuilder$8
instanceKlass java/lang/classfile/instruction/LabelTarget
instanceKlass java/lang/classfile/Label
instanceKlass jdk/internal/classfile/impl/BufWriterImpl
instanceKlass java/lang/classfile/BufWriter
instanceKlass java/lang/classfile/instruction/LocalVariableType
instanceKlass java/lang/classfile/instruction/LocalVariable
instanceKlass java/lang/classfile/instruction/CharacterRange
instanceKlass java/lang/classfile/PseudoInstruction
instanceKlass java/lang/classfile/CodeElement
instanceKlass jdk/internal/classfile/impl/TerminalCodeBuilder
instanceKlass jdk/internal/classfile/impl/LabelContext
instanceKlass java/lang/classfile/CodeBuilder
instanceKlass java/lang/invoke/InvokerBytecodeGenerator$4$1
instanceKlass java/lang/classfile/constantpool/FieldRefEntry
instanceKlass java/lang/classfile/constantpool/MemberRefEntry
instanceKlass java/lang/classfile/constantpool/NameAndTypeEntry
instanceKlass jdk/internal/classfile/impl/TerminalMethodBuilder
instanceKlass jdk/internal/classfile/impl/MethodInfo
instanceKlass java/lang/classfile/MethodBuilder
instanceKlass java/lang/invoke/InvokerBytecodeGenerator$4
instanceKlass java/lang/classfile/attribute/SourceFileAttribute
instanceKlass java/lang/classfile/Superclass
instanceKlass jdk/internal/classfile/impl/AttributeHolder
instanceKlass java/lang/classfile/ClassBuilder
instanceKlass java/lang/classfile/ClassFileBuilder
instanceKlass jdk/internal/classfile/impl/AbstractDirectBuilder
instanceKlass java/lang/invoke/InvokerBytecodeGenerator$1
instanceKlass jdk/internal/classfile/impl/ClassFileImpl
instanceKlass java/lang/classfile/ClassFile
instanceKlass java/lang/invoke/InvokerBytecodeGenerator$3
instanceKlass java/util/function/Consumer
instanceKlass java/lang/classfile/constantpool/ClassEntry
instanceKlass java/lang/classfile/constantpool/LoadableConstantEntry
instanceKlass jdk/internal/classfile/impl/EntryMap
instanceKlass jdk/internal/classfile/impl/BootstrapMethodEntryImpl
instanceKlass java/lang/classfile/BootstrapMethodEntry
instanceKlass jdk/internal/classfile/impl/SplitConstantPool
instanceKlass java/io/FilenameFilter
instanceKlass java/lang/invoke/InvokerBytecodeGenerator$8
instanceKlass jdk/internal/classfile/impl/AbstractAttributeMapper
instanceKlass java/lang/classfile/AttributeMapper
instanceKlass java/lang/classfile/Attributes
instanceKlass jdk/internal/classfile/impl/Util$Writable
instanceKlass jdk/internal/classfile/impl/AbstractElement
instanceKlass java/lang/classfile/attribute/RuntimeVisibleAnnotationsAttribute
instanceKlass java/lang/classfile/FieldElement
instanceKlass java/lang/classfile/MethodElement
instanceKlass java/lang/classfile/ClassElement
instanceKlass java/lang/classfile/Attribute
instanceKlass java/lang/classfile/ClassFileElement
instanceKlass jdk/internal/classfile/impl/Util
instanceKlass java/lang/classfile/constantpool/Utf8Entry
instanceKlass java/lang/classfile/constantpool/AnnotationConstantValueEntry
instanceKlass java/lang/classfile/constantpool/PoolEntry
instanceKlass jdk/internal/classfile/impl/AbstractPoolEntry
instanceKlass jdk/internal/classfile/impl/TemporaryConstantPool
instanceKlass java/lang/classfile/constantpool/ConstantPoolBuilder
instanceKlass java/lang/classfile/constantpool/ConstantPool
instanceKlass java/lang/classfile/Annotation
instanceKlass java/lang/classfile/AnnotationElement
instanceKlass java/lang/invoke/InvokerBytecodeGenerator
instanceKlass java/lang/invoke/LambdaForm$Holder
instanceKlass java/lang/invoke/LambdaForm$Name
instanceKlass java/lang/reflect/Array
instanceKlass java/lang/invoke/Invokers
instanceKlass sun/invoke/util/ValueConversions
instanceKlass java/lang/invoke/DirectMethodHandle$Holder
instanceKlass java/lang/invoke/LambdaForm$NamedFunction
instanceKlass java/lang/constant/DynamicConstantDesc
instanceKlass jdk/internal/constant/DirectMethodHandleDescImpl$1
instanceKlass jdk/internal/constant/DirectMethodHandleDescImpl
instanceKlass java/lang/constant/DirectMethodHandleDesc
instanceKlass java/lang/constant/MethodHandleDesc$1
instanceKlass java/lang/constant/MethodHandleDesc
instanceKlass jdk/internal/constant/MethodTypeDescImpl
instanceKlass java/lang/constant/MethodTypeDesc
instanceKlass jdk/internal/constant/ConstantUtils
instanceKlass jdk/internal/constant/ArrayClassDescImpl
instanceKlass jdk/internal/constant/ClassOrInterfaceDescImpl
instanceKlass java/lang/constant/ClassDesc
instanceKlass java/lang/constant/ConstantDescs
instanceKlass sun/invoke/util/Wrapper$Format
instanceKlass java/lang/invoke/MethodTypeForm
instanceKlass jdk/internal/util/StrongReferenceKey
instanceKlass jdk/internal/util/ReferenceKey
instanceKlass jdk/internal/util/ReferencedKeyMap
instanceKlass java/lang/invoke/MethodType$1
instanceKlass java/lang/invoke/LambdaMetafactory
instanceKlass java/util/ArrayList$Itr
instanceKlass org/codehaus/plexus/classworlds/strategy/AbstractStrategy
instanceKlass org/codehaus/plexus/classworlds/strategy/Strategy
instanceKlass org/codehaus/plexus/classworlds/strategy/StrategyFactory
instanceKlass java/util/NavigableMap
instanceKlass java/util/SortedMap
instanceKlass java/util/NavigableSet
instanceKlass java/util/SortedSet
instanceKlass java/util/SequencedSet
instanceKlass sun/nio/ch/IOStatus
instanceKlass sun/nio/ch/Util$BufferCache
instanceKlass sun/nio/ch/Util
instanceKlass jdk/internal/misc/Blocker
instanceKlass sun/nio/ch/NativeThread
instanceKlass java/nio/charset/CoderResult
instanceKlass java/io/Reader
instanceKlass java/lang/Readable
instanceKlass org/codehaus/plexus/classworlds/launcher/ConfigurationParser
instanceKlass org/codehaus/plexus/classworlds/launcher/Configurator
instanceKlass org/codehaus/plexus/classworlds/launcher/ConfigurationHandler
instanceKlass sun/nio/ch/SelChImpl
instanceKlass java/nio/channels/NetworkChannel
instanceKlass sun/nio/ch/Streams
instanceKlass java/nio/channels/Channels
instanceKlass sun/nio/ch/FileChannelImpl$Closer
instanceKlass sun/nio/ch/NativeThreadSet
instanceKlass java/nio/channels/spi/AbstractInterruptibleChannel$1
instanceKlass sun/nio/ch/Interruptible
instanceKlass sun/nio/ch/IOUtil
instanceKlass sun/nio/ch/NativeDispatcher
instanceKlass java/nio/channels/ScatteringByteChannel
instanceKlass java/nio/channels/GatheringByteChannel
instanceKlass java/nio/channels/SeekableByteChannel
instanceKlass java/nio/channels/ByteChannel
instanceKlass java/nio/channels/WritableByteChannel
instanceKlass java/nio/channels/ReadableByteChannel
instanceKlass java/nio/channels/spi/AbstractInterruptibleChannel
instanceKlass java/nio/channels/InterruptibleChannel
instanceKlass java/nio/channels/Channel
instanceKlass java/util/Collections$EmptyIterator
instanceKlass sun/nio/fs/WindowsChannelFactory$Flags
instanceKlass sun/nio/fs/WindowsChannelFactory$1
instanceKlass sun/nio/fs/WindowsChannelFactory
instanceKlass sun/nio/fs/WindowsSecurityDescriptor
instanceKlass java/nio/file/attribute/FileAttribute
instanceKlass java/net/URI$Parser
instanceKlass java/nio/file/FileSystems$DefaultFileSystemHolder
instanceKlass java/nio/file/FileSystems
instanceKlass java/nio/file/Paths
instanceKlass java/lang/PublicMethods$Key
instanceKlass java/lang/PublicMethods$MethodList
instanceKlass org/codehaus/plexus/classworlds/ClassWorld
instanceKlass jdk/internal/misc/MethodFinder
instanceKlass org/codehaus/plexus/classworlds/launcher/Launcher
instanceKlass java/security/PermissionCollection
instanceKlass java/security/SecureClassLoader$1
instanceKlass java/util/zip/Checksum$1
instanceKlass java/util/zip/CRC32
instanceKlass java/util/zip/Checksum
instanceKlass java/lang/Package$VersionInfo
instanceKlass java/lang/NamedPackage
instanceKlass java/util/SequencedMap
instanceKlass java/util/jar/Attributes
instanceKlass jdk/internal/loader/Resource
instanceKlass sun/security/util/Debug
instanceKlass sun/security/util/SignatureFileVerifier
instanceKlass java/util/zip/ZipFile$InflaterCleanupAction
instanceKlass java/util/zip/Inflater$InflaterZStreamRef
instanceKlass java/util/zip/Inflater
instanceKlass java/util/zip/ZipEntry
instanceKlass java/nio/Bits$1
instanceKlass jdk/internal/misc/VM$BufferPool
instanceKlass java/nio/Bits
instanceKlass sun/nio/ch/DirectBuffer
instanceKlass jdk/internal/perf/PerfCounter$CoreCounters
instanceKlass jdk/internal/perf/Perf
instanceKlass jdk/internal/perf/PerfCounter
instanceKlass java/nio/file/attribute/FileTime
instanceKlass java/util/zip/ZipUtils
instanceKlass java/util/zip/ZipFile$Source$End
instanceKlass java/io/RandomAccessFile$2
instanceKlass jdk/internal/access/JavaIORandomAccessFileAccess
instanceKlass java/io/RandomAccessFile
instanceKlass java/io/DataInput
instanceKlass java/io/DataOutput
instanceKlass sun/nio/fs/WindowsNativeDispatcher$CompletionStatus
instanceKlass sun/nio/fs/WindowsNativeDispatcher$AclInformation
instanceKlass sun/nio/fs/WindowsNativeDispatcher$Account
instanceKlass sun/nio/fs/WindowsNativeDispatcher$DiskFreeSpace
instanceKlass sun/nio/fs/WindowsNativeDispatcher$VolumeInformation
instanceKlass sun/nio/fs/WindowsNativeDispatcher$FirstStream
instanceKlass sun/nio/fs/WindowsNativeDispatcher$FirstFile
instanceKlass java/util/Enumeration
instanceKlass java/util/concurrent/ConcurrentHashMap$Traverser
instanceKlass jdk/internal/loader/NativeLibraries$2
instanceKlass jdk/internal/loader/NativeLibrary
instanceKlass java/util/ArrayDeque$DeqIterator
instanceKlass jdk/internal/loader/NativeLibraries$NativeLibraryContext$1
instanceKlass jdk/internal/loader/NativeLibraries$NativeLibraryContext
instanceKlass java/util/concurrent/ConcurrentHashMap$CollectionView
instanceKlass jdk/internal/loader/NativeLibraries$Holder
instanceKlass jdk/internal/loader/NativeLibraries$1
instanceKlass jdk/internal/loader/NativeLibraries$LibraryPaths
instanceKlass jdk/internal/loader/BootLoader$Holder
instanceKlass sun/nio/fs/WindowsNativeDispatcher
instanceKlass sun/nio/fs/NativeBuffer$Deallocator
instanceKlass sun/nio/fs/NativeBuffer
instanceKlass java/lang/ThreadLocal$ThreadLocalMap
instanceKlass java/lang/ThreadLocal
instanceKlass sun/nio/fs/NativeBuffers
instanceKlass sun/nio/fs/WindowsFileAttributes
instanceKlass java/nio/file/attribute/DosFileAttributes
instanceKlass sun/nio/fs/AbstractBasicFileAttributeView
instanceKlass sun/nio/fs/DynamicFileAttributeView
instanceKlass sun/nio/fs/WindowsFileAttributeViews
instanceKlass sun/nio/fs/Util
instanceKlass java/nio/file/attribute/BasicFileAttributeView
instanceKlass java/nio/file/attribute/FileAttributeView
instanceKlass java/nio/file/attribute/AttributeView
instanceKlass java/nio/file/Files
instanceKlass java/nio/file/CopyOption
instanceKlass java/nio/file/attribute/BasicFileAttributes
instanceKlass sun/nio/fs/WindowsPath
instanceKlass java/nio/file/Path
instanceKlass java/nio/file/Watchable
instanceKlass java/util/zip/ZipFile$Source$Key
instanceKlass sun/nio/fs/WindowsPathParser
instanceKlass java/nio/file/FileSystem
instanceKlass java/nio/file/OpenOption
instanceKlass java/nio/file/spi/FileSystemProvider
instanceKlass sun/nio/fs/DefaultFileSystemProvider
instanceKlass java/util/zip/ZipFile$Source
instanceKlass java/lang/ref/Cleaner$Cleanable
instanceKlass jdk/internal/ref/CleanerImpl$CleanableList$Node
instanceKlass jdk/internal/ref/CleanerImpl$CleanableList
instanceKlass jdk/internal/ref/CleanerImpl
instanceKlass java/lang/ref/Cleaner$1
instanceKlass java/lang/ref/Cleaner
instanceKlass jdk/internal/ref/CleanerFactory$1
instanceKlass java/util/concurrent/ThreadFactory
instanceKlass jdk/internal/ref/CleanerFactory
instanceKlass java/util/zip/ZipFile$CleanableResource
instanceKlass java/util/zip/ZipCoder
instanceKlass java/lang/Runtime$Version
instanceKlass java/util/jar/JavaUtilJarAccessImpl
instanceKlass jdk/internal/access/JavaUtilJarAccess
instanceKlass jdk/internal/loader/FileURLMapper
instanceKlass java/util/zip/ZipFile$1
instanceKlass jdk/internal/access/JavaUtilZipFileAccess
instanceKlass java/util/BitSet
instanceKlass java/util/zip/ZipFile
instanceKlass java/util/zip/ZipConstants
instanceKlass jdk/internal/loader/URLClassPath$Loader
instanceKlass sun/net/util/URLUtil
instanceKlass java/lang/StringCoding
instanceKlass sun/nio/cs/ArrayDecoder
instanceKlass java/nio/charset/CharsetDecoder
instanceKlass sun/launcher/LauncherHelper
instanceKlass java/util/Locale$2
instanceKlass java/util/Locale$1
instanceKlass sun/util/locale/LocaleUtils
instanceKlass java/util/Locale$3
instanceKlass sun/util/locale/BaseLocale$1
instanceKlass java/util/Locale
instanceKlass sun/usagetracker/UsageTrackerClient
instanceKlass jdk/internal/util/EnvUtils
instanceKlass jdk/internal/vm/PostVMInitHook
instanceKlass jdk/internal/vm/ContinuationSupport
instanceKlass java/lang/ClassLoader$Holder
instanceKlass java/lang/ModuleLayer$Controller
instanceKlass java/util/concurrent/CopyOnWriteArrayList
instanceKlass jdk/internal/module/ServicesCatalog$ServiceProvider
instanceKlass jdk/internal/loader/AbstractClassLoaderValue$Memoizer
instanceKlass java/util/ImmutableCollections$ListItr
instanceKlass java/util/ListIterator
instanceKlass java/util/ImmutableCollections$Set12$1
instanceKlass jdk/internal/loader/BuiltinClassLoader$LoadedModule
instanceKlass java/util/Optional
instanceKlass java/util/ImmutableCollections$SetN$SetNIterator
instanceKlass java/lang/Module$EnableNativeAccess
instanceKlass jdk/internal/loader/BootLoader
instanceKlass jdk/internal/loader/AbstractClassLoaderValue
instanceKlass jdk/internal/module/ServicesCatalog
instanceKlass java/util/Deque
instanceKlass java/util/Queue
instanceKlass sun/net/util/IPAddressUtil$MASKS
instanceKlass sun/net/util/IPAddressUtil
instanceKlass java/net/URLStreamHandler
instanceKlass sun/net/www/ParseUtil
instanceKlass java/net/URL$1
instanceKlass jdk/internal/access/JavaNetURLAccess
instanceKlass java/net/URL$DefaultFactory
instanceKlass java/net/URLStreamHandlerFactory
instanceKlass jdk/internal/loader/URLClassPath
instanceKlass jdk/internal/loader/ClassLoaderHelper
instanceKlass jdk/internal/loader/NativeLibraries
instanceKlass java/security/Principal
instanceKlass java/lang/ClassLoader$ParallelLoaders
instanceKlass java/security/cert/Certificate
instanceKlass jdk/internal/loader/ArchivedClassLoaders
instanceKlass java/net/URI$1
instanceKlass jdk/internal/access/JavaNetUriAccess
instanceKlass jdk/internal/module/ArchivedBootLayer
instanceKlass jdk/internal/module/ModuleBootstrap$Counters
instanceKlass jdk/internal/module/ModuleLoaderMap$Modules
instanceKlass jdk/internal/module/ModuleLoaderMap
instanceKlass jdk/internal/module/ModulePatcher
instanceKlass jdk/internal/util/DecimalDigits
instanceKlass java/io/FileSystem
instanceKlass java/io/DefaultFileSystem
instanceKlass java/io/File
instanceKlass java/lang/module/ModuleDescriptor$1
instanceKlass jdk/internal/access/JavaLangModuleAccess
instanceKlass sun/invoke/util/VerifyAccess
instanceKlass java/util/KeyValueHolder
instanceKlass java/util/ImmutableCollections$MapN$MapNIterator
instanceKlass java/lang/invoke/MethodHandles$Lookup
instanceKlass java/lang/invoke/MemberName$Factory
instanceKlass java/lang/invoke/MethodHandles
instanceKlass jdk/internal/module/ModuleBootstrap
instanceKlass java/util/HexFormat
instanceKlass jdk/internal/util/ClassFileDumper
instanceKlass java/lang/CharacterData
instanceKlass java/lang/invoke/MethodHandleStatics
instanceKlass java/util/Collections
instanceKlass java/lang/Thread$ThreadIdentifiers
instanceKlass sun/io/Win32ErrorMode
instanceKlass jdk/internal/misc/OSEnvironment
instanceKlass jdk/internal/misc/Signal$NativeHandler
instanceKlass java/util/Hashtable$Entry
instanceKlass jdk/internal/misc/Signal
instanceKlass java/lang/Terminator$1
instanceKlass jdk/internal/misc/Signal$Handler
instanceKlass java/lang/Terminator
instanceKlass java/nio/Buffer$2
instanceKlass jdk/internal/access/JavaNioAccess
instanceKlass java/nio/Buffer$1
instanceKlass jdk/internal/misc/ScopedMemoryAccess
instanceKlass java/nio/charset/CodingErrorAction
instanceKlass sun/nio/cs/SingleByte
instanceKlass java/lang/StringUTF16
instanceKlass sun/nio/cs/MS1252$Holder
instanceKlass sun/nio/cs/ArrayEncoder
instanceKlass java/nio/charset/CharsetEncoder
instanceKlass java/io/Writer
instanceKlass java/io/OutputStream
instanceKlass java/io/Flushable
instanceKlass java/io/FileDescriptor$1
instanceKlass jdk/internal/access/JavaIOFileDescriptorAccess
instanceKlass java/io/FileDescriptor
instanceKlass jdk/internal/util/StaticProperty
instanceKlass jdk/internal/reflect/MethodHandleAccessorFactory
instanceKlass jdk/internal/reflect/Reflection
instanceKlass java/lang/reflect/Modifier
instanceKlass java/lang/Class$Atomic
instanceKlass java/lang/Class$ReflectionData
instanceKlass jdk/internal/util/ModifiedUtf
instanceKlass java/nio/charset/StandardCharsets
instanceKlass java/nio/charset/Charset$5
instanceKlass sun/nio/cs/HistoricallyNamedCharset
instanceKlass java/util/Arrays
instanceKlass jdk/internal/util/Preconditions$3
instanceKlass jdk/internal/util/Preconditions$2
instanceKlass jdk/internal/util/Preconditions$4
instanceKlass java/util/function/BiFunction
instanceKlass jdk/internal/util/Preconditions$1
instanceKlass jdk/internal/util/Preconditions
instanceKlass java/nio/charset/Charset$4
instanceKlass jdk/internal/lang/LazyConstantImpl
instanceKlass java/lang/LazyConstant
instanceKlass java/nio/charset/Charset$3
instanceKlass java/lang/ScopedValue$Cache
instanceKlass java/lang/ScopedValue
instanceKlass java/nio/charset/spi/CharsetProvider
instanceKlass java/nio/charset/Charset
instanceKlass java/util/HashMap$HashIterator
instanceKlass java/util/concurrent/locks/LockSupport
instanceKlass java/util/concurrent/ConcurrentHashMap$Node
instanceKlass java/util/concurrent/ConcurrentHashMap$CounterCell
instanceKlass java/util/concurrent/locks/ReentrantLock
instanceKlass java/util/concurrent/locks/Lock
instanceKlass java/lang/Runtime
instanceKlass java/lang/VersionProps
instanceKlass java/lang/StringConcatHelper
instanceKlass jdk/internal/util/ArraysSupport
instanceKlass java/lang/StringLatin1
instanceKlass java/lang/StrictMath
instanceKlass jdk/internal/util/SystemProps$Raw
instanceKlass jdk/internal/util/SystemProps
instanceKlass java/lang/System$1
instanceKlass jdk/internal/access/JavaLangAccess
instanceKlass java/lang/ref/ReferenceQueue$Lock
instanceKlass java/lang/ref/ReferenceQueue
instanceKlass java/lang/ref/Reference$1
instanceKlass jdk/internal/access/JavaLangRefAccess
instanceKlass java/lang/Math
instanceKlass java/io/ObjectStreamClass
instanceKlass jdk/internal/reflect/ReflectionFactory
instanceKlass jdk/internal/access/SharedSecrets
instanceKlass java/lang/reflect/ReflectAccess
instanceKlass jdk/internal/access/JavaLangReflectAccess
instanceKlass java/util/Objects
instanceKlass jdk/internal/misc/CDS
instanceKlass java/lang/Module$ArchivedData
instanceKlass jdk/internal/misc/VM
instanceKlass java/lang/String$FoldCaseComparator
instanceKlass java/lang/String$CaseInsensitiveComparator
instanceKlass java/util/Comparator
instanceKlass java/io/ObjectStreamField
instanceKlass jdk/internal/math/FDBigInteger
instanceKlass java/lang/ModuleLayer
instanceKlass java/util/ImmutableCollections
instanceKlass jdk/internal/module/ModuleLoaderMap$Mapper
instanceKlass java/util/function/Function
instanceKlass java/lang/module/ResolvedModule
instanceKlass java/lang/module/Configuration
instanceKlass java/util/HashMap$Node
instanceKlass java/util/Map$Entry
instanceKlass java/util/Collections$UnmodifiableMap
instanceKlass jdk/internal/module/ModuleHashes
instanceKlass jdk/internal/module/ModuleTarget
instanceKlass java/lang/module/ModuleDescriptor$Opens
instanceKlass jdk/internal/module/SystemModuleFinders$2
instanceKlass jdk/internal/module/ModuleHashes$HashSupplier
instanceKlass jdk/internal/module/SystemModuleFinders$1
instanceKlass java/util/function/Supplier
instanceKlass java/net/URI
instanceKlass java/lang/module/ModuleDescriptor$Provides
instanceKlass java/lang/module/ModuleDescriptor$Exports
instanceKlass java/lang/module/ModuleDescriptor$Requires
instanceKlass java/lang/module/ModuleDescriptor$Version
instanceKlass java/lang/module/ModuleDescriptor
instanceKlass java/lang/module/ModuleReference
instanceKlass java/util/Set
instanceKlass jdk/internal/module/SystemModuleFinders$SystemModuleFinder
instanceKlass java/lang/module/ModuleFinder
instanceKlass jdk/internal/module/ArchivedModuleGraph
instanceKlass sun/util/locale/BaseLocale
instanceKlass java/util/jar/Attributes$Name
instanceKlass java/lang/Character$CharacterCache
instanceKlass java/lang/Short$ShortCache
instanceKlass java/lang/Byte$ByteCache
instanceKlass java/lang/Long$LongCache
instanceKlass java/lang/Integer$IntegerCache
instanceKlass jdk/internal/vm/FillerObject
instanceKlass jdk/internal/vm/vector/VectorSupport$VectorPayload
instanceKlass jdk/internal/vm/vector/VectorSupport
instanceKlass java/lang/reflect/RecordComponent
instanceKlass java/util/Iterator
instanceKlass java/lang/Void
instanceKlass java/lang/Number
instanceKlass java/lang/Character
instanceKlass java/lang/Boolean
instanceKlass java/util/concurrent/locks/AbstractOwnableSynchronizer
instanceKlass java/lang/LiveStackFrame
instanceKlass java/lang/ClassFrameInfo
instanceKlass java/lang/StackWalker$StackFrame
instanceKlass java/lang/StackStreamFactory$AbstractStackWalker
instanceKlass java/lang/StackWalker
instanceKlass java/nio/Buffer
instanceKlass java/lang/StackTraceElement
instanceKlass java/util/RandomAccess
instanceKlass java/util/List
instanceKlass java/util/SequencedCollection
instanceKlass java/util/AbstractCollection
instanceKlass java/util/Collection
instanceKlass java/lang/Iterable
instanceKlass java/util/concurrent/ConcurrentMap
instanceKlass java/util/AbstractMap
instanceKlass java/security/CodeSource
instanceKlass jdk/internal/loader/ClassLoaders
instanceKlass java/util/jar/Manifest
instanceKlass java/lang/Enum
instanceKlass java/net/URL
instanceKlass java/io/InputStream
instanceKlass java/io/Closeable
instanceKlass java/lang/AutoCloseable
instanceKlass jdk/internal/module/Modules
instanceKlass jdk/internal/misc/Unsafe
instanceKlass jdk/internal/misc/UnsafeConstants
instanceKlass java/lang/AbstractStringBuilder
instanceKlass java/lang/Appendable
instanceKlass java/lang/AssertionStatusDirectives
instanceKlass jdk/internal/foreign/abi/ABIDescriptor
instanceKlass jdk/internal/foreign/abi/NativeEntryPoint
instanceKlass java/lang/invoke/CallSite
instanceKlass java/lang/invoke/MethodType
instanceKlass java/lang/invoke/TypeDescriptor$OfMethod
instanceKlass java/lang/invoke/LambdaForm
instanceKlass java/lang/invoke/MethodHandleNatives
instanceKlass java/lang/invoke/MethodHandleImpl
instanceKlass java/lang/invoke/ResolvedMethodName
instanceKlass java/lang/invoke/MemberName
instanceKlass java/lang/invoke/VarHandle
instanceKlass java/lang/invoke/MethodHandle
instanceKlass jdk/internal/reflect/ConstructorAccessorImpl
instanceKlass jdk/internal/reflect/ConstructorAccessor
instanceKlass jdk/internal/reflect/CallerSensitive
instanceKlass java/lang/annotation/Annotation
instanceKlass jdk/internal/reflect/ConstantPool
instanceKlass jdk/internal/reflect/MethodAccessorImpl
instanceKlass jdk/internal/reflect/MethodAccessor
instanceKlass jdk/internal/vm/StackChunk
instanceKlass jdk/internal/vm/Continuation
instanceKlass jdk/internal/vm/ContinuationScope
instanceKlass java/lang/reflect/Parameter
instanceKlass java/lang/reflect/Member
instanceKlass java/lang/reflect/AccessibleObject
instanceKlass java/lang/Module
instanceKlass java/util/Map
instanceKlass java/util/Dictionary
instanceKlass java/lang/ThreadGroup
instanceKlass java/lang/Thread$UncaughtExceptionHandler
instanceKlass java/lang/Thread$Constants
instanceKlass java/lang/Thread$FieldHolder
instanceKlass java/lang/Thread
instanceKlass java/lang/Runnable
instanceKlass java/lang/ref/Reference
instanceKlass java/lang/Record
instanceKlass java/security/ProtectionDomain
instanceKlass java/lang/Throwable
instanceKlass java/lang/System
instanceKlass java/lang/ClassLoader
instanceKlass java/lang/Cloneable
instanceKlass java/lang/Class
instanceKlass java/lang/invoke/TypeDescriptor$OfField
instanceKlass java/lang/invoke/TypeDescriptor
instanceKlass java/lang/reflect/Type
instanceKlass java/lang/reflect/GenericDeclaration
instanceKlass java/lang/reflect/AnnotatedElement
instanceKlass java/lang/String
instanceKlass java/lang/constant/ConstantDesc
instanceKlass java/lang/constant/Constable
instanceKlass java/lang/CharSequence
instanceKlass java/lang/Comparable
instanceKlass java/io/Serializable
ciInstanceKlass java/lang/Object 1 1 116 7 1 10 12 1 1 10 7 12 1 1 1 10 7 12 1 1 1 10 12 1 1 8 1 10 12 1 1 10 7 12 1 1 1 10 12 1 10 12 1 1 100 1 8 1 10 12 1 10 7 12 1 1 1 7 1 10 12 1 7 1 10 12 1 1 8 1 3 8 1 100 1 5 0 1 1 1 1 1 1 1 1 1 1 1 1 1 1 1 1 7 1 1 1 1 1 1 1 1 1 1 1 1 1 7 1 1 1 1 1 1 3 1 1 1
ciMethod java/lang/Object equals (Ljava/lang/Object;)Z 774 0 8768 0 88
ciMethod java/lang/Object hashCode ()I 256 0 128 0 -1
ciInstanceKlass java/io/Serializable 1 0 7 100 1 100 1 1 1
ciInstanceKlass java/lang/System 1 1 591 10 100 12 1 1 1 10 7 12 1 1 1 10 12 1 1 10 12 1 9 12 1 1 10 7 12 1 1 1 11 100 12 1 1 1 10 100 12 1 1 1 10 12 1 1 100 1 8 1 10 12 1 9 12 1 1 9 12 1 1 10 7 12 1 1 1 10 7 12 1 1 1 10 12 1 1 10 12 1 10 7 12 1 1 1 10 12 1 10 12 1 1 7 1 10 12 1 1 100 1 8 1 10 10 12 1 1 100 1 8 1 10 10 7 12 1 1 10 12 10 100 12 1 1 10 7 12 1 1 1 100 1 8 1 10 10 100 12 1 1 1 10 100 12 1 1 1 100 1 10 100 12 1 1 1 10 12 1 1 10 7 12 1 1 1 10 12 1 1 10 12 1 10 12 1 8 1 10 12 1 1 10 12 1 1 8 1 10 12 1 7 1 7 1 10 12 1 9 7 12 1 1 1 10 7 12 1 1 1 10 12 1 10 12 1 10 7 12 1 1 1 100 1 8 1 10 9 12 1 1 9 12 1 10 12 1 10 100 12 1 1 10 12 1 10 12 1 1 100 1 10 8 1 10 12 1 1 10 12 1 10 12 1 1 10 12 1 1 8 1 11 7 12 1 1 10 12 11 12 1 1 11 7 12 1 1 1 11 7 12 1 1 11 12 1 1 7 1 11 12 1 10 12 1 8 1 10 12 1 1 8 1 8 1 8 1 8 1 11 12 1 10 12 1 1 10 12 1 10 12 1 8 1 10 12 1 1 8 1 9 12 1 8 1 10 7 12 1 1 8 1 7 1 9 7 12 1 1 1 10 12 1 7 1 9 12 10 9 12 7 1 10 12 9 12 1 1 8 1 10 12 1 1 8 1 9 12 1 10 7 12 1 1 10 12 1 10 12 1 1 11 7 12 1 1 10 12 10 7 12 1 1 1 9 12 1 1 100 1 100 1 8 1 10 12 1 1 10 12 1 8 1 8 1 10 8 1 8 1 8 1 8 1 8 1 10 8 1 10 7 12 1 1 1 10 7 12 1 1 1 10 12 1 1 7 1 10 10 12 1 10 12 1 9 12 1 1 1 1 1 1 1 1 1 1 1 1 100 1 1 100 1 1 1 1 1 1 1 1 1 1 3 1 1 1 1 1 1 1 1 1 1 1 1 1 1 1 1 1 1 1 1 1 1 1 1 1 1 1 1 1 1 1 1 1 1 1 1 1 1 1 1 1 1 1 1 1 1 1 1 1 1 1 100 1 1 1 1 1 1 1 1 1 1 1 1 1 1 1 1 1 1 1 1 1 1 1 1 1 100 1 100 1 1 1 1 1 1 1 1
staticfield java/lang/System in Ljava/io/InputStream; java/io/BufferedInputStream
staticfield java/lang/System out Ljava/io/PrintStream; org/fusesource/jansi/AnsiPrintStream
staticfield java/lang/System err Ljava/io/PrintStream; org/fusesource/jansi/AnsiPrintStream
instanceKlass java/security/Security$1
instanceKlass java/security/Provider
ciInstanceKlass java/util/Properties 1 1 690 10 7 12 1 1 1 100 1 10 7 12 1 1 7 1 10 12 1 9 12 1 1 9 12 1 1 9 12 1 1 10 7 12 1 1 1 10 12 1 1 8 1 10 7 12 1 1 1 7 1 10 12 1 10 12 1 1 8 1 10 12 1 7 1 10 12 10 12 1 1 9 12 1 1 10 12 1 1 7 1 10 12 1 10 12 1 10 12 1 1 100 1 8 1 10 12 1 10 12 1 10 12 1 1 10 12 1 100 1 3 10 10 100 12 1 1 1 10 12 1 10 12 1 1 8 1 10 12 1 10 12 1 1 8 1 10 100 12 1 1 10 12 1 1 10 12 1 10 12 1 1 100 1 10 12 1 10 12 1 1 100 1 9 100 12 1 1 1 10 12 1 10 12 1 1 10 12 1 1 10 12 1 1 100 1 9 12 1 1 7 1 100 1 10 12 1 100 1 11 7 12 1 1 1 11 12 1 1 11 100 12 1 1 1 11 7 12 1 1 1 11 12 1 1 11 12 1 11 12 1 10 12 1 1 8 1 10 12 1 10 100 12 1 1 10 12 1 100 1 10 10 12 1 10 12 1 100 1 10 10 12 1 1 10 100 12 1 1 9 100 12 1 1 10 12 1 1 10 100 12 1 1 1 100 1 100 1 100 1 10 8 1 8 1 10 12 1 10 12 1 10 12 1 1 10 10 12 1 1 10 12 1 1 100 1 10 10 12 1 11 7 12 1 1 10 7 12 1 1 1 8 1 10 100 12 1 1 11 11 7 1 8 1 10 100 1 11 10 12 1 10 10 12 1 10 12 1 1 10 12 1 1 10 12 1 1 10 12 1 10 12 1 10 10 12 1 10 12 1 10 12 1 10 10 12 1 1 10 12 1 1 10 10 12 1 10 12 1 10 12 1 10 12 1 10 12 1 1 10 12 1 1 10 12 1 10 12 1 10 12 1 1 10 12 10 12 1 1 10 12 1 1 10 12 1 10 12 1 1 10 12 1 1 10 12 10 11 12 1 4 11 10 12 1 1 10 100 12 1 1 11 12 1 10 12 1 1 10 100 12 1 1 10 12 1 100 1 8 1 10 12 1 10 10 100 12 1 1 1 100 1 6 0 10 12 1 1 11 100 12 1 1 1 10 12 1 10 12 1 1 1 1 1 5 0 1 1 1 1 1 1 1 1 1 1 1 1 1 1 1 1 1 1 1 1 1 1 1 1 1 1 1 1 1 1 1 1 1 1 1 1 1 1 1 100 1 1 1 1 1 1 1 1 1 1 1 1 1 1 1 1 1 1 1 1 100 1 1 1 1 1 1 1 1 1 1 1 1 100 1 100 1 1 1 1 1 100 1 1 1 1 1 1 1 1 1 1 1 1 1 1 1 1 1 1 1 1 1 1 1 1 1 1 1 1 1 1 1 1 1 1 1 1 1 1 1 1 1 1 1 1 1 1 1 1 1 1 1 1 1 1 1 1 1 1 1 1 1 1 1 1 1 1 1 1 1 1 1 1 1 1 1 1 1 100 1 1 1 1 1 1 1 1 1 1 1 100 1 1
staticfield java/util/Properties UNSAFE Ljdk/internal/misc/Unsafe; jdk/internal/misc/Unsafe
instanceKlass java/util/Hashtable
ciInstanceKlass java/util/Dictionary 1 1 36 10 7 12 1 1 1 100 1 1 1 1 1 1 1 1 1 1 1 1 1 1 1 1 1 1 1 1 1 1 1 1 1 1 1 1
instanceKlass java/util/Properties
ciInstanceKlass java/util/Hashtable 1 1 516 100 1 10 7 12 1 1 1 9 7 12 1 1 1 100 1 100 1 10 8 1 10 12 1 1 10 12 1 10 12 1 1 10 12 1 10 7 12 1 1 1 8 1 10 12 1 9 12 1 1 7 1 9 12 1 1 4 10 7 12 1 1 1 9 12 1 4 10 12 1 11 100 12 1 1 1 10 12 1 1 10 12 1 1 9 12 1 10 12 1 1 100 1 10 9 12 1 1 10 7 12 1 1 1 9 12 1 1 10 12 1 10 12 1 3 9 12 1 9 12 1 3 10 12 1 10 12 1 10 12 1 1 11 12 1 1 11 100 12 1 1 1 11 100 12 1 1 1 11 12 1 100 1 11 12 1 11 12 1 10 12 1 1 10 12 1 1 10 12 1 9 12 1 1 9 12 9 12 1 1 10 100 1 100 1 10 12 1 10 8 1 10 10 12 1 8 1 10 8 1 10 100 12 1 1 1 7 1 10 12 1 10 12 1 100 1 10 12 1 10 12 1 1 100 1 10 100 1 10 10 12 1 1 11 12 1 1 11 12 1 100 1 10 10 10 100 12 1 1 11 100 12 1 1 1 100 1 10 11 100 12 1 1 11 100 12 1 10 12 1 10 12 1 1 10 100 12 1 1 10 12 1 1 10 12 1 1 10 12 1 1 10 100 12 1 1 1 8 10 100 12 1 1 100 1 8 1 10 4 4 10 12 1 1 10 12 1 8 1 4 10 12 10 100 12 1 1 1 100 1 11 100 12 1 1 1 10 100 12 1 1 1 10 12 1 10 12 1 1 10 100 1 100 1 1 1 1 1 1 5 0 1 1 1 1 1 3 1 3 1 3 1 1 1 1 1 1 1 1 1 1 1 1 1 1 1 1 1 1 1 1 1 1 1 1 1 100 1 1 1 1 1 1 1 1 1 1 1 1 1 1 1 1 1 1 1 1 1 1 1 1 1 1 1 1 1 100 1 1 1 1 1 1 1 1 1 1 1 1 1 1 100 1 1 1 1 1 1 1 1 1 1 1 1 1 1 1 1 1 1 1 1 1 1 1 1 1 1 1 1 1 1 1 1 1 1 1 1 1 1 1 1 1 1 1 1 100 1 1 1 100 1 1 1 1 1 100 1 1 1 1 1 1 1 1 1 1 1 1 1 1 1 1 1 1
ciInstanceKlass java/util/Map 1 1 297 11 7 12 1 1 1 11 12 1 1 10 7 12 1 1 11 12 1 1 11 100 12 1 1 1 11 100 12 1 1 1 11 12 1 1 7 1 11 12 1 11 12 1 100 1 100 1 10 12 1 1 11 100 12 1 1 1 11 100 12 1 1 1 11 12 1 11 12 1 10 12 1 1 11 12 1 11 7 12 1 9 7 12 1 1 1 100 1 10 12 7 1 7 1 10 12 1 7 1 10 100 1 11 12 1 11 12 1 1 11 12 1 1 100 1 11 12 1 1 11 12 1 1 100 1 11 10 100 12 1 1 1 10 12 1 1 1 1 1 1 1 1 1 1 1 1 1 1 1 1 1 1 1 1 1 1 1 1 1 1 1 1 1 1 1 1 1 1 1 1 1 1 1 1 1 1 1 1 1 1 1 1 1 1 1 1 1 1 1 1 1 1 1 1 1 1 1 1 1 1 1 1 1 1 1 1 1 1 1 1 1 1 1 1 1 1 1 1 1 1 1 1 1 1 1 1 1 1 1 1 1 1 1 1 1 1 1 1 1 1 1 1 1 1 1 1 1 1 1 1 1 1 1 1 1 1 1 1 1 100 1 1 1 1 1 1 1 1 1 1 1 1 1 1 1 1 1 1 1 1 1 1 1 1 1 1 1 1 1 1 1 100 1 100 1 1
ciInstanceKlass java/lang/String 1 1 1518 10 7 12 1 1 1 8 1 9 7 12 1 1 1 9 12 1 1 9 12 1 1 9 12 1 1 10 12 1 10 12 1 1 10 12 1 1 9 12 1 10 7 12 1 1 1 10 12 1 1 10 12 1 10 7 12 1 1 1 10 12 1 1 10 12 1 1 10 12 1 10 12 1 1 10 12 1 10 7 12 1 1 1 7 1 9 7 12 1 1 1 10 12 1 1 9 7 12 1 1 10 12 1 9 7 12 1 1 10 12 1 10 12 1 1 10 12 1 10 7 12 1 1 1 10 12 1 10 12 1 1 10 12 1 1 10 7 12 1 1 1 10 12 1 1 10 12 10 12 1 1 3 10 12 1 1 7 1 11 12 1 1 11 12 1 11 12 1 1 10 100 12 1 1 1 10 12 1 1 9 100 12 1 1 1 10 12 1 1 10 12 1 11 12 1 10 12 1 1 100 1 100 1 10 12 1 10 7 12 1 1 1 10 12 1 10 12 1 10 12 1 1 10 12 1 10 12 1 10 12 10 12 1 100 1 100 1 7 1 10 10 12 1 1 10 12 1 10 12 1 10 12 1 1 10 12 1 1 10 100 12 1 1 100 1 11 10 7 12 1 1 11 12 1 11 12 1 10 12 1 10 12 1 10 12 10 12 1 1 10 10 100 12 1 1 1 10 100 12 1 1 10 12 1 1 10 100 12 1 1 10 12 1 10 12 1 1 10 12 1 1 10 12 1 10 12 1 10 12 1 10 12 1 1 10 12 1 10 12 1 1 10 12 1 1 10 12 1 1 10 7 12 1 1 1 10 12 1 10 12 1 100 1 10 12 1 1 10 12 1 1 10 12 1 3 3 10 12 1 100 1 10 12 1 1 10 12 1 1 10 12 1 1 10 12 1 1 10 12 1 1 10 12 1 10 12 1 1 10 12 1 1 10 12 1 10 12 1 10 12 1 10 12 1 1 10 12 1 10 12 1 10 12 1 10 12 1 10 12 1 10 12 1 10 10 12 1 100 1 10 8 1 10 12 1 1 10 12 1 8 1 10 12 1 1 100 1 10 10 12 1 1 10 8 1 10 12 1 10 10 12 10 12 1 1 10 12 1 1 7 1 5 0 100 1 8 1 10 10 12 1 1 5 0 5 0 5 0 10 12 1 1 10 100 1 10 12 1 10 12 1 10 12 1 10 10 12 1 1 10 12 1 10 12 1 10 12 1 10 12 1 10 12 1 10 12 1 1 10 12 1 1 10 12 1 1 10 10 12 1 1 10 10 12 1 100 1 10 9 100 12 1 1 1 11 100 12 1 1 1 10 12 1 1 10 12 1 1 10 7 1 10 12 1 10 12 1 10 7 12 1 1 1 10 12 1 10 12 1 1 10 12 1 11 7 1 11 12 10 12 1 10 12 1 1 9 12 1 1 11 7 12 1 1 1 10 12 1 1 10 10 12 1 10 12 1 9 12 1 10 12 10 10 12 1 10 12 1 1 10 10 12 1 10 12 1 10 12 1 1 10 12 1 1 10 10 12 1 1 10 10 7 12 1 1 1 10 12 1 10 12 1 10 12 10 10 12 10 10 12 1 10 12 1 10 10 12 10 12 1 1 10 12 10 10 12 10 12 1 10 12 10 12 10 10 12 1 10 12 1 1 10 12 1 10 10 12 1 10 7 12 1 1 1 10 12 1 1 10 10 7 12 1 1 1 11 10 12 1 10 12 1 1 10 12 1 1 10 7 12 1 1 1 10 12 1 10 12 1 10 12 1 10 12 1 10 12 1 10 12 1 100 1 10 10 12 1 10 12 1 1 8 1 10 12 1 3 3 10 12 1 10 12 1 1 10 12 7 1 10 10 12 1 1 10 12 10 12 1 10 12 1 10 12 1 1 10 12 1 1 11 7 12 1 1 1 7 1 10 12 1 10 12 1 1 8 1 10 12 1 10 12 1 11 7 12 1 1 1 11 7 12 1 1 11 12 1 10 12 1 10 12 1 1 10 10 7 12 1 1 1 10 12 1 10 12 1 10 10 12 10 12 1 1 10 10 12 1 10 10 12 1 10 10 12 1 10 10 12 1 10 12 1 1 10 10 12 1 8 1 10 12 1 1 18 12 1 1 11 7 12 1 1 1 3 18 12 1 18 12 1 8 1 10 7 12 1 1 1 11 12 1 1 10 12 10 10 12 1 10 11 12 1 1 10 12 1 1 11 12 1 18 3 11 10 11 11 10 12 1 10 12 1 1 8 1 10 12 1 10 12 1 10 12 1 1 10 12 1 11 100 12 1 100 1 100 1 10 12 100 1 10 10 100 12 1 1 1 100 1 10 7 1 10 10 12 1 10 10 12 1 8 1 10 10 12 1 8 1 8 1 10 12 1 10 12 1 10 10 12 10 100 12 1 1 10 7 12 1 1 10 100 12 1 1 8 1 10 12 1 10 12 1 10 9 12 1 10 12 9 7 12 1 1 1 10 12 1 10 12 1 10 12 1 10 12 10 12 1 10 12 1 8 1 10 100 12 1 1 1 10 12 10 12 1 1 10 12 10 12 10 12 7 1 9 12 1 1 7 1 10 7 1 10 100 1 100 1 100 1 100 1 1 1 1 1 1 5 0 1 1 1 1 1 3 1 3 1 1 1 1 1 1 1 1 1 1 1 1 1 1 1 100 1 1 1 1 1 1 1 1 1 1 1 1 1 1 1 1 1 1 1 1 1 1 1 1 1 1 1 1 1 1 1 100 1 1 1 1 1 1 1 1 1 1 1 1 1 1 1 1 1 1 1 1 1 1 1 1 1 1 1 1 1 1 1 1 100 1 100 1 1 1 1 1 1 1 1 1 1 1 1 1 1 1 1 1 1 1 1 1 1 1 1 1 1 1 1 1 1 1 1 1 1 1 1 1 1 1 1 1 1 1 1 1 1 1 1 1 1 1 1 1 1 1 1 1 1 1 1 1 1 1 1 1 1 100 1 1 1 1 1 1 1 1 1 1 1 1 1 1 1 1 1 1 1 1 1 1 1 1 1 1 1 1 1 1 1 1 1 1 1 1 1 1 1 1 1 1 1 1 1 1 1 1 1 1 1 1 1 1 1 1 1 1 1 1 1 1 1 1 1 1 1 1 1 1 1 1 1 1 1 1 1 1 1 1 1 1 1 1 1 1 1 1 1 1 1 1 1 1 1 1 1 1 1 1 1 1 1 1 1 1 1 1 1 100 1 1 1 1 1 1 1 1 1 1 1 1 1 1 1 1 1 1 1 1 1 1 1 100 1 1 1 1 1 1 1 1 1 1 1 1 1 1 1 7 1 1 1 1 1 1 1 1 1 1 1 1 1 1 1 16 15 10 12 16 15 10 12 15 10 12 15 10 12 15 10 7 12 1 1 1 1 100 1 1 1 1 1 100 1 100 1 1 1 1
staticfield java/lang/String COMPACT_STRINGS Z 1
staticfield java/lang/String serialPersistentFields [Ljava/io/ObjectStreamField; 0 [Ljava/io/ObjectStreamField;
staticfield java/lang/String CASE_INSENSITIVE_ORDER Ljava/util/Comparator; java/lang/String$CaseInsensitiveComparator
staticfield java/lang/String UNICODE_CASEFOLD_ORDER Ljava/util/Comparator; java/lang/String$FoldCaseComparator
ciMethod java/lang/String equals (Ljava/lang/Object;)Z 1024 0 5648 0 488
ciInstanceKlass java/lang/Comparable 1 0 12 100 1 100 1 1 1 1 1 1 1 1
ciInstanceKlass java/lang/CharSequence 1 1 145 11 7 12 1 1 1 18 12 1 1 100 1 10 100 12 1 1 1 18 10 100 12 1 1 1 11 12 1 1 11 100 1 11 12 1 1 10 100 12 1 1 1 11 12 1 1 10 12 1 1 10 12 1 100 1 10 12 1 1 10 100 12 1 1 1 100 1 10 10 12 1 1 100 1 1 1 1 1 1 1 1 1 1 1 1 1 1 1 1 1 1 1 1 1 1 1 1 1 1 1 1 1 1 1 1 1 1 1 1 1 1 1 1 16 1 15 11 12 16 15 11 12 15 10 100 12 1 1 1 1 1 100 1 100 1 1 100 1 1 100 1 100 1 1
ciInstanceKlass java/lang/constant/Constable 1 0 11 100 1 100 1 1 1 1 1 1 1
ciInstanceKlass java/lang/constant/ConstantDesc 1 0 37 100 1 100 1 1 1 1 7 1 1 1 1 100 1 100 1 100 1 100 1 100 1 100 1 100 1 100 1 100 1 1 100 1 100 1 1
ciInstanceKlass java/lang/AutoCloseable 1 0 12 100 1 100 1 1 1 1 100 1 1 1
ciInstanceKlass java/io/Closeable 1 0 14 100 1 100 1 100 1 1 1 1 100 1 1 1
ciInstanceKlass java/lang/Appendable 1 0 14 100 1 100 1 1 1 1 100 1 1 1 1 1
ciInstanceKlass java/util/Set 1 1 144 100 1 10 7 12 1 1 1 9 7 12 1 1 1 7 1 10 12 1 1 10 12 1 7 1 7 1 10 12 1 7 1 7 1 11 7 12 1 1 1 11 12 1 1 7 1 10 12 1 10 12 1 1 11 12 1 1 1 1 1 1 1 1 1 1 1 1 1 1 1 1 1 1 1 1 1 1 1 1 1 1 1 1 1 1 1 1 1 1 1 1 1 1 1 1 1 1 1 1 1 1 1 1 1 1 1 1 1 1 1 1 1 1 1 1 1 1 1 1 1 1 1 1 1 1 1 1 1 1 1 1 1 1 1 1 1 1 1 1 1 1 1 1
ciInstanceKlass java/util/Iterator 1 1 53 100 1 8 1 10 12 1 1 10 7 12 1 1 1 11 7 12 1 1 1 11 12 1 1 11 7 12 1 1 1 100 1 1 1 1 1 1 1 1 1 1 1 1 1 1 1 1 1 1 1 1 1
ciInstanceKlass java/util/Map$Entry 1 0 178 18 12 1 1 100 1 100 1 18 10 100 12 1 1 1 18 12 1 18 100 1 11 100 12 1 1 1 11 12 1 11 100 12 1 1 1 10 100 12 1 1 1 10 100 12 1 1 1 8 1 10 12 1 1 8 1 8 1 8 1 10 12 1 10 12 1 8 10 100 1 10 12 1 8 10 12 1 8 1 10 12 1 8 10 12 1 8 1 10 12 1 1 8 1 100 1 8 1 10 12 1 1 11 12 100 1 11 12 1 1 1 1 1 1 1 1 1 1 1 1 1 1 1 1 1 1 1 1 1 1 1 1 1 1 1 1 1 1 1 1 1 1 1 1 1 1 1 16 15 11 12 16 3 3 15 11 12 15 11 12 15 11 12 15 10 100 12 1 1 1 1 1 100 1 100 1 1
instanceKlass jdk/nio/zipfs/ZipFileSystem$EntryInputStream
instanceKlass sun/nio/ch/ChannelInputStream
instanceKlass java/util/zip/ZipFile$ZipFileInputStream
instanceKlass java/io/FilterInputStream
instanceKlass java/io/FileInputStream
instanceKlass java/io/ByteArrayInputStream
ciInstanceKlass java/io/InputStream 1 1 197 100 1 10 7 12 1 1 1 100 1 10 10 7 12 1 1 1 10 7 12 1 1 1 10 12 1 100 1 100 1 3 10 12 1 1 100 1 8 1 10 12 1 10 7 12 1 1 1 3 100 1 8 1 10 10 7 12 1 1 1 7 1 10 11 7 12 1 1 1 10 12 1 1 11 12 1 1 11 7 12 1 1 1 11 12 1 1 7 1 10 7 12 1 1 1 5 0 10 12 1 10 12 1 1 100 1 10 8 1 10 8 1 8 1 10 12 1 1 10 100 12 1 1 1 100 1 5 0 10 12 1 100 1 100 1 1 1 1 3 1 3 1 1 1 1 1 1 1 1 1 1 1 1 1 1 1 1 1 1 1 1 1 1 1 1 1 1 1 1 1 1 1 1 1 1 1 1 1 1 1 1 1 1 1 1 1 1 1 1 1 1 1 1 1 1 1
instanceKlass lombok/javac/apt/LombokProcessor$1
instanceKlass lombok/launch/ShadowClassLoader
instanceKlass com/google/inject/internal/aop/ChildClassDefiner$ChildLoader
instanceKlass org/eclipse/sisu/space/CloningClassSpace$CloningClassLoader
instanceKlass java/security/SecureClassLoader
ciInstanceKlass java/lang/ClassLoader 1 1 1189 10 7 12 1 1 1 9 12 1 1 10 7 12 1 1 1 9 12 1 1 10 7 12 1 1 1 7 1 10 12 1 1 10 12 1 1 9 12 1 1 10 12 1 1 100 1 10 12 10 12 1 1 10 7 12 1 1 1 100 1 8 1 10 12 1 10 7 1 10 7 1 7 1 7 1 10 12 1 10 12 1 9 12 1 1 10 10 7 12 1 1 1 9 12 1 1 9 12 1 9 12 1 1 9 12 1 9 12 1 1 9 12 1 1 7 1 10 12 1 9 12 1 1 10 12 1 1 10 7 12 1 1 1 9 12 1 9 12 1 1 9 12 1 10 12 1 1 9 12 10 12 1 1 7 1 10 8 1 10 12 1 1 10 12 1 10 7 1 7 1 10 7 12 1 1 1 10 7 12 1 1 1 8 1 10 12 1 10 12 1 10 12 1 1 10 12 1 1 10 12 1 1 10 12 1 1 10 12 1 1 10 12 1 7 1 10 12 1 10 7 12 1 1 1 10 12 1 1 10 12 1 10 12 1 10 12 1 10 12 1 10 12 1 1 10 10 12 1 10 12 1 10 10 12 1 1 10 12 1 1 100 1 8 1 10 8 1 10 12 1 10 12 1 100 1 8 1 10 12 1 1 10 12 1 1 10 10 12 1 1 10 12 1 1 10 12 1 1 10 7 1 10 12 1 10 12 1 1 10 12 1 1 10 12 1 1 10 12 1 1 10 12 1 1 10 12 1 1 10 12 1 1 10 7 12 1 1 1 10 12 1 10 12 1 10 12 1 1 10 12 1 10 12 1 10 12 1 10 12 1 11 100 12 1 1 1 11 12 1 1 11 100 12 1 1 1 10 12 1 1 11 12 1 100 1 10 12 1 1 10 7 12 1 1 1 11 7 12 1 1 1 10 12 1 1 11 12 1 10 12 1 10 12 1 1 8 1 9 12 1 10 12 1 1 8 1 8 1 10 7 12 1 1 100 1 10 10 12 10 12 1 10 12 1 10 12 1 10 12 1 1 10 7 12 1 1 10 12 1 10 7 1 7 1 10 12 1 1 10 12 1 10 7 1 10 12 1 100 1 18 12 1 10 100 12 1 1 1 10 7 12 1 1 1 10 7 12 1 1 10 12 1 10 12 1 100 1 10 12 1 8 1 10 10 12 1 1 10 12 1 10 12 1 1 100 1 10 12 1 1 10 100 12 1 1 10 12 1 10 7 12 1 1 10 12 1 8 1 100 1 10 10 12 1 9 7 12 1 1 10 7 12 1 1 10 12 1 100 1 8 1 10 12 1 10 8 1 8 1 10 12 1 1 10 12 1 1 10 12 1 1 10 100 12 1 1 100 1 100 1 10 12 1 1 100 1 100 1 10 12 1 10 12 1 10 12 1 10 12 1 10 12 1 10 12 1 1 10 12 1 8 1 7 1 18 12 1 1 10 12 1 1 10 12 1 10 12 1 10 12 1 8 1 10 12 1 10 12 1 18 12 1 11 100 12 1 1 1 100 1 10 12 1 1 10 12 1 10 11 12 1 1 10 18 10 12 1 1 11 100 12 1 18 12 1 11 12 1 1 10 12 1 10 12 1 1 10 12 1 1 100 1 8 1 10 10 12 1 8 1 8 1 10 100 12 1 1 10 12 1 100 1 10 10 12 1 8 1 8 1 8 1 10 12 1 10 12 1 10 12 1 1 10 12 1 1 10 12 1 10 100 12 1 1 1 11 100 12 1 100 1 10 11 10 12 1 10 12 1 10 12 1 1 9 100 12 1 1 9 12 1 1 9 12 9 12 1 9 12 1 9 12 1 8 10 12 1 1 10 7 12 1 1 1 10 12 1 1 10 12 1 1 10 12 1 1 8 1 10 12 1 1 8 10 12 1 1 10 100 12 1 1 8 1 10 12 1 1 11 100 12 1 1 1 11 100 12 1 1 11 12 1 1 100 1 11 12 1 11 12 1 9 12 1 1 8 1 8 1 8 1 8 1 8 1 10 100 12 1 1 8 8 10 12 1 10 12 1 10 12 1 11 12 1 10 100 12 1 1 1 100 1 10 12 1 10 12 1 10 12 1 1 1 1 1 1 1 1 1 1 1 1 1 1 1 1 1 1 1 1 1 1 1 1 1 1 1 1 100 1 1 1 1 1 1 1 1 1 1 1 1 1 1 1 1 1 1 1 1 1 1 1 1 1 100 1 1 1 1 1 1 1 1 1 1 1 1 1 1 1 1 1 1 1 1 1 1 1 1 1 1 1 1 1 1 1 1 1 1 1 1 1 1 1 1 1 1 1 1 1 1 1 100 1 1 1 1 1 1 1 1 1 1 1 1 1 1 1 1 1 1 1 1 1 100 1 1 1 1 1 1 1 1 1 1 1 1 1 1 1 1 1 1 1 1 1 1 1 1 1 1 1 1 1 1 1 1 1 1 1 1 1 1 1 1 1 1 1 1 100 1 1 1 1 1 1 1 1 1 1 1 1 1 1 1 1 1 1 1 1 1 1 1 1 1 1 1 1 1 1 1 1 1 1 1 1 1 1 1 1 1 1 1 1 1 1 1 1 1 1 1 1 1 1 1 1 16 15 10 12 16 1 16 15 10 12 16 1 16 1 15 10 12 16 15 10 12 16 15 10 12 16 15 10 100 12 1 1 1 1 1 1 1 100 1 100 1 1
staticfield java/lang/ClassLoader nocerts [Ljava/security/cert/Certificate; 0 [Ljava/security/cert/Certificate;
staticfield java/lang/ClassLoader $assertionsDisabled Z 1
instanceKlass com/sun/tools/javac/file/BaseFileManager$1
instanceKlass org/apache/maven/shared/utils/logging/MessageUtils$1
instanceKlass java/util/concurrent/ForkJoinWorkerThread
instanceKlass java/util/concurrent/DelayScheduler
instanceKlass java/util/logging/LogManager$Cleaner
instanceKlass org/apache/maven/shared/utils/logging/MessageUtils$1
instanceKlass jdk/internal/misc/InnocuousThread
instanceKlass java/lang/ref/Finalizer$FinalizerThread
instanceKlass java/lang/ref/Reference$ReferenceHandler
instanceKlass java/lang/BaseVirtualThread
ciInstanceKlass java/lang/Thread 1 1 756 9 7 12 1 1 1 9 7 12 1 1 1 9 12 1 9 12 1 10 12 1 1 9 12 1 1 10 100 12 1 1 10 12 1 10 100 12 1 1 100 1 8 1 10 12 1 1 9 12 1 1 9 12 1 9 12 1 1 100 1 10 12 1 1 10 12 1 100 1 10 12 10 12 1 1 9 12 1 1 10 12 1 100 1 10 12 1 10 12 1 1 10 12 1 1 10 12 1 10 12 1 1 100 1 8 1 10 9 100 12 1 1 1 10 12 1 1 10 3 8 1 100 1 5 0 10 7 12 1 1 1 9 12 1 10 12 1 1 10 7 1 100 1 8 1 10 10 12 1 10 12 1 1 10 12 1 1 10 7 12 1 1 10 12 1 10 12 1 10 7 12 1 1 5 0 9 12 1 10 7 12 1 1 1 10 12 1 1 9 12 1 1 10 100 12 1 1 10 100 12 1 1 1 10 12 1 10 12 1 1 9 12 1 1 10 7 12 1 1 9 12 1 8 1 9 100 12 1 1 1 5 0 100 1 10 100 1 10 100 1 10 7 1 10 8 1 10 12 1 1 10 7 12 1 10 12 1 10 12 1 100 1 8 1 10 10 12 1 10 12 1 1 10 100 12 1 1 1 10 100 12 1 1 1 10 12 1 7 1 9 12 1 1 100 1 10 10 12 1 9 12 1 1 10 12 1 1 10 12 1 1 10 12 1 10 12 1 9 12 1 1 10 10 12 1 1 10 12 1 1 11 7 12 1 1 10 7 12 1 1 9 12 1 1 9 12 1 1 10 100 12 1 1 10 12 1 1 10 12 1 10 7 12 1 1 10 12 1 9 12 1 1 10 12 1 11 100 12 1 1 11 12 1 10 12 1 10 12 1 10 12 1 9 12 1 10 10 12 1 10 12 1 1 9 12 1 9 12 10 12 1 8 1 10 12 1 10 12 1 10 12 1 10 12 1 10 12 1 1 10 12 1 10 12 1 1 10 100 12 1 1 10 12 1 10 12 1 10 12 1 10 12 1 1 9 7 12 1 1 1 8 1 10 9 12 1 10 12 1 100 1 8 1 10 10 12 1 8 1 10 12 1 1 9 12 8 1 10 10 12 1 10 12 1 8 1 10 12 1 10 8 1 9 12 1 1 10 12 1 1 10 10 12 1 10 12 1 100 10 7 12 1 1 1 10 12 1 1 10 12 1 1 10 100 12 1 1 1 11 100 12 1 1 1 10 12 1 1 9 12 1 10 12 1 10 12 1 1 11 100 12 1 1 1 10 12 1 1 1 1 3 1 3 1 3 1 3 1 1 1 1 1 1 1 1 1 1 1 1 1 1 1 1 1 1 1 1 1 1 1 1 1 1 1 100 1 1 1 1 1 1 1 1 1 1 1 1 1 1 1 1 1 1 100 1 1 1 1 1 1 1 1 1 1 1 1 1 1 1 100 1 1 1 1 1 1 1 1 1 1 1 1 1 1 1 1 1 1 1 1 1 1 1 1 1 1 1 1 1 1 1 1 1 1 1 1 1 1 1 1 1 1 1 1 1 1 1 1 1 1 1 1 1 1 1 1 1 1 1 1 1 1 1 1 1 1 1 1 100 100 1 1 1 1 1 1 1 1 1 1 1 1 1 1 1 1 1 1 1 1 1 1 1 100 1 100 1 100 1 1 1 1 100 1 1 1 1 1 1 1 1 1 1 1 1
staticfield java/lang/Thread NEW_THREAD_BINDINGS Ljava/lang/Object; java/lang/Class
staticfield java/lang/Thread EMPTY_STACK_TRACE [Ljava/lang/StackTraceElement; 0 [Ljava/lang/StackTraceElement;
ciInstanceKlass java/lang/Runnable 1 0 11 100 1 100 1 1 1 1 1 1 1
ciMethod java/lang/System arraycopy (Ljava/lang/Object;ILjava/lang/Object;II)V 256 0 128 0 -1
ciInstanceKlass java/lang/Class 1 1 1658 10 7 12 1 1 1 10 7 12 1 1 9 12 1 1 9 12 1 1 9 12 1 1 9 12 1 1 9 12 1 1 9 12 1 10 12 1 1 8 1 10 12 1 8 1 8 1 10 12 1 1 10 7 12 1 1 1 10 12 1 7 1 10 10 12 1 10 12 1 1 10 12 1 1 10 12 1 1 10 7 12 1 1 10 12 1 10 12 1 10 12 1 1 10 12 1 8 1 10 12 1 8 1 10 12 1 8 1 8 1 10 12 1 1 10 7 12 1 1 1 18 12 1 1 11 7 12 1 1 1 8 1 8 1 8 1 10 7 12 1 1 1 11 12 1 1 8 1 10 12 1 10 10 12 1 1 10 12 1 8 1 10 12 1 1 8 1 10 12 1 10 12 1 1 11 100 12 1 1 1 11 100 12 1 1 1 11 8 1 18 8 1 10 12 1 10 7 12 1 1 10 12 1 1 10 12 1 1 10 7 12 1 1 1 10 12 1 1 10 12 1 1 10 7 12 1 1 1 10 7 12 1 1 1 10 7 12 1 10 12 1 1 10 7 1 10 12 1 8 1 10 8 1 8 1 8 1 8 1 8 1 8 1 8 1 8 1 9 100 12 1 1 9 100 1 9 100 1 9 100 1 9 100 1 9 100 1 9 100 1 9 100 1 9 7 1 9 12 1 1 7 1 8 1 10 12 10 12 1 1 100 1 10 12 1 1 10 7 12 1 1 1 10 7 12 1 1 1 7 1 7 1 10 10 12 1 1 10 12 1 1 100 1 10 100 12 1 1 1 10 12 1 1 10 12 1 1 10 12 9 12 1 1 10 12 1 9 12 1 1 9 12 1 1 10 12 1 1 10 7 1 10 12 1 10 12 1 1 10 9 12 1 10 12 1 8 1 10 12 1 1 10 12 1 1 10 12 1 10 12 1 10 12 1 1 9 7 12 1 1 1 10 12 1 10 7 12 1 1 10 12 1 10 12 1 10 12 1 10 12 1 9 100 12 1 1 1 9 12 1 10 12 1 10 12 1 1 9 12 1 1 10 7 10 12 1 1 10 100 12 1 1 10 12 1 10 10 100 12 1 1 1 11 100 12 1 1 9 12 1 11 12 1 1 10 12 1 10 12 1 1 10 7 1 10 10 12 1 1 10 12 1 1 10 12 1 10 10 12 1 1 100 1 8 1 10 10 12 1 1 10 12 1 100 1 11 12 1 10 12 1 1 10 12 1 10 12 1 10 12 1 1 8 1 10 12 1 8 1 9 12 1 10 12 1 10 12 1 10 12 1 10 12 100 1 9 12 1 10 12 1 9 12 1 10 12 1 10 12 1 10 12 1 10 10 12 1 10 12 1 10 12 1 10 12 1 10 12 1 10 12 1 7 1 10 10 12 1 10 12 1 11 12 1 10 12 1 1 10 12 1 1 10 12 1 1 10 12 1 1 10 12 1 1 10 12 1 1 7 1 10 10 12 1 1 10 12 1 1 10 12 1 1 10 10 12 1 10 12 1 1 10 12 1 1 10 12 1 1 10 12 1 1 10 12 10 12 1 1 10 7 12 1 1 1 10 12 1 10 12 1 1 10 12 1 10 100 12 1 1 10 12 1 1 10 10 12 1 1 100 1 10 10 12 1 1 10 100 12 1 1 1 100 1 100 1 10 12 1 1 10 12 1 10 10 12 1 1 10 12 1 10 12 1 10 12 1 10 100 12 1 1 1 11 7 12 1 1 10 12 1 10 12 1 9 7 12 1 1 8 1 10 12 1 10 12 1 10 12 1 10 12 1 1 9 12 1 9 12 1 1 10 7 12 1 1 9 12 1 10 12 1 1 10 10 12 1 10 7 12 1 1 1 10 7 12 1 1 1 10 7 12 1 1 9 12 1 1 10 12 1 9 12 1 10 12 1 1 10 12 1 10 12 1 1 9 12 1 1 9 12 1 10 12 1 10 12 1 1 9 12 1 7 1 10 10 12 1 1 7 1 10 7 11 7 1 9 12 1 1 9 12 1 10 12 1 9 12 1 1 9 12 1 10 12 1 10 12 1 1 9 12 1 7 1 10 10 12 1 1 10 10 12 1 10 12 10 10 12 1 10 12 1 1 10 12 1 8 10 7 8 1 18 8 1 8 1 10 12 1 9 12 1 9 12 1 1 10 12 1 7 1 7 1 10 12 1 9 12 1 1 10 10 12 1 9 12 1 8 1 10 12 1 10 10 12 1 1 100 1 100 1 9 12 1 100 1 8 1 10 10 7 12 1 1 1 10 12 11 7 12 1 1 1 10 12 1 10 12 1 1 10 8 1 10 12 1 8 1 10 12 1 1 9 7 12 1 1 11 12 7 1 11 7 12 1 1 9 12 1 10 100 12 1 1 1 10 7 12 1 1 10 12 1 1 9 12 1 9 10 12 1 1 10 12 1 1 10 12 1 1 10 12 1 1 10 12 1 1 11 12 1 11 12 1 1 11 7 12 1 1 11 12 1 7 1 11 12 1 10 7 12 1 1 1 10 12 1 11 12 1 10 7 12 1 1 1 10 12 1 10 7 12 1 1 1 11 12 1 11 12 1 1 10 12 1 10 12 1 1 9 12 1 1 10 12 1 10 7 12 1 1 1 10 12 1 1 10 12 1 10 12 1 10 12 1 10 7 12 1 1 1 10 12 1 8 1 10 12 1 10 12 1 10 12 1 8 1 8 1 10 7 12 1 1 10 100 12 1 1 100 1 10 12 10 7 12 1 1 1 10 7 12 1 1 1 10 12 1 1 10 12 1 18 12 1 1 11 12 1 1 18 11 12 1 18 12 1 11 12 1 10 12 1 10 12 1 7 1 8 1 8 1 10 10 12 10 12 1 8 1 10 12 1 7 1 9 12 1 1 100 1 100 1 100 1 100 1 1 1 3 1 3 1 3 1 1 1 1 1 1 1 1 1 5 0 1 1 1 1 1 1 1 1 1 1 1 1 1 1 1 1 1 1 1 1 1 1 1 1 1 1 1 1 1 100 1 1 1 1 1 1 1 1 1 1 1 100 1 1 1 1 1 1 1 1 1 1 1 1 1 1 1 1 1 1 1 1 1 1 1 1 1 1 1 1 1 1 1 1 1 1 1 1 100 1 1 1 1 1 1 1 1 1 1 1 1 1 1 1 1 1 1 1 1 1 1 1 1 1 1 1 1 1 1 100 1 1 1 1 1 1 1 1 1 1 1 1 1 1 1 1 1 1 1 1 1 1 1 1 1 1 1 1 1 1 1 1 1 1 1 1 1 1 1 1 1 1 1 1 1 1 1 1 1 1 1 1 1 1 1 1 1 1 1 100 1 100 1 1 1 1 1 1 1 1 1 1 1 1 1 1 1 1 1 1 1 1 1 1 1 1 1 1 1 1 1 1 1 1 1 1 1 1 1 1 1 1 1 1 1 1 1 1 1 1 1 1 1 1 1 1 1 1 1 1 1 1 1 1 1 1 1 1 1 1 1 1 1 1 1 1 1 1 1 1 1 1 1 1 1 1 1 1 1 1 1 1 1 1 1 1 1 1 1 1 1 1 1 1 1 1 1 1 1 1 1 1 1 1 1 1 1 1 1 1 1 1 1 1 16 15 10 12 16 15 11 12 16 1 15 10 12 16 16 15 10 12 16 15 16 1 15 10 12 16 15 10 7 12 1 1 1 1 1 100 1 1 1 1 1 1 1 1 100 1 1 100 1 100 1 1 100 1 100 1 1
staticfield java/lang/Class EMPTY_CLASS_ARRAY [Ljava/lang/Class; 0 [Ljava/lang/Class;
staticfield java/lang/Class serialPersistentFields [Ljava/io/ObjectStreamField; 0 [Ljava/io/ObjectStreamField;
ciInstanceKlass java/lang/reflect/AnnotatedElement 1 1 165 11 7 12 1 1 1 11 12 1 1 100 1 10 100 12 1 1 1 10 12 1 1 10 12 1 1 10 12 1 10 100 12 1 1 1 11 12 1 1 11 100 12 1 1 10 100 12 1 1 1 10 12 1 10 100 12 1 1 1 18 12 1 1 11 100 12 1 1 18 12 1 18 12 1 1 10 100 12 1 1 1 11 100 12 1 1 1 100 1 10 100 12 1 1 1 1 1 1 1 1 1 1 1 1 1 1 1 1 1 1 1 1 1 1 1 1 1 1 100 1 1 1 1 1 1 1 1 1 1 1 16 15 16 1 16 1 15 11 12 16 16 1 15 10 100 12 1 1 1 16 1 15 10 100 12 1 1 1 1 100 1 100 1 1
ciInstanceKlass java/lang/reflect/Type 1 1 17 11 100 12 1 1 1 100 1 1 1 1 1 1 1 1 1
ciInstanceKlass java/lang/invoke/TypeDescriptor 1 0 17 100 1 100 1 1 1 1 1 1 100 1 100 1 1 1 1
ciInstanceKlass java/lang/invoke/TypeDescriptor$OfField 1 0 21 100 1 100 1 100 1 1 1 1 1 1 1 1 1 1 1 1 1 1 1
ciInstanceKlass java/lang/reflect/GenericDeclaration 1 0 30 100 1 100 1 100 1 1 1 1 1 1 1 1 100 1 8 1 1 12 10 1 1 1 8 1 1 1 8 1
ciInstanceKlass java/lang/Module 1 1 1098 10 7 12 1 1 1 9 7 12 1 1 1 10 7 12 1 1 1 9 12 1 9 12 1 1 9 12 1 1 10 12 1 1 10 12 1 10 12 1 1 10 7 12 1 1 1 7 1 10 7 12 1 1 1 10 12 1 1 11 7 12 1 1 1 10 12 1 1 10 12 1 8 1 10 7 12 1 1 1 10 7 12 1 1 1 10 7 12 1 1 1 10 12 1 1 10 12 1 9 12 1 1 10 7 12 1 1 1 9 7 12 1 1 1 7 1 10 8 1 10 12 1 1 10 12 1 10 12 8 1 10 7 12 1 1 1 10 100 12 1 1 1 10 100 12 1 1 1 8 1 10 12 1 8 1 9 12 1 100 1 8 1 10 12 1 10 8 1 8 1 8 1 10 7 12 1 1 1 8 1 10 100 12 1 1 1 8 1 10 100 12 1 1 10 12 1 10 12 1 9 12 1 1 11 12 1 9 7 12 1 1 10 7 12 1 1 1 10 7 12 1 1 1 10 12 1 1 8 1 10 12 1 1 10 12 1 10 12 1 1 9 7 12 1 1 1 10 12 1 1 10 12 1 1 9 12 1 10 12 1 10 12 1 10 12 1 9 12 1 1 11 7 12 1 1 10 12 1 1 9 12 1 9 12 1 10 12 1 10 12 1 100 1 8 1 10 10 12 1 1 10 12 1 8 1 10 12 1 10 12 1 1 10 12 1 10 12 1 1 8 1 8 1 10 12 1 1 10 12 1 10 12 1 1 18 12 1 1 10 12 1 1 11 12 1 9 12 1 11 12 7 1 10 12 1 18 12 1 11 12 1 1 11 12 1 1 11 12 1 10 12 1 1 10 12 1 1 9 12 1 10 12 10 7 12 1 1 10 7 1 18 12 1 1 11 100 12 1 1 1 18 12 1 11 12 1 1 10 100 12 1 1 1 11 12 1 1 10 7 12 1 1 11 12 1 1 10 12 1 1 7 1 11 12 1 7 1 7 1 10 12 1 10 7 12 1 1 1 10 7 12 1 1 1 10 11 7 12 1 8 1 10 12 1 10 12 1 1 10 7 12 1 1 10 12 1 10 12 1 7 1 10 12 1 10 11 12 1 10 12 11 12 1 1 11 7 12 1 1 11 12 1 1 10 12 1 1 9 12 1 1 100 1 10 10 12 1 1 11 100 1 10 12 1 1 11 12 1 10 11 10 12 1 11 10 12 1 1 10 12 1 1 10 12 1 1 10 7 12 1 1 10 12 1 10 12 1 1 10 10 12 1 1 10 12 1 18 12 1 11 12 1 18 12 1 10 12 1 10 12 1 10 12 7 1 10 12 1 10 12 1 10 12 1 9 12 1 7 1 10 10 10 10 12 1 10 12 1 10 12 1 10 12 1 1 10 12 1 1 10 12 1 9 12 1 10 12 1 100 1 8 1 10 12 1 1 10 12 1 10 100 12 1 1 100 1 10 12 1 1 100 1 8 1 100 1 9 100 12 1 1 1 11 100 12 1 1 10 12 1 1 11 12 1 1 18 12 1 1 11 12 1 1 100 1 10 12 1 10 12 1 1 100 1 100 1 10 12 8 1 10 12 1 1 10 12 1 1 10 7 12 1 1 10 12 1 1 10 12 1 10 12 10 12 1 1 7 1 10 10 12 1 1 10 100 12 1 1 1 100 1 10 7 12 1 1 1 10 7 12 1 1 8 1 18 12 1 1 100 1 100 1 9 12 1 1 9 12 1 9 12 1 11 100 12 1 1 1 100 1 11 12 1 1 100 1 10 12 1 8 1 10 12 1 10 12 10 12 1 8 1 10 10 100 12 1 1 10 12 1 1 7 1 10 10 12 1 10 7 12 1 1 9 12 1 9 12 1 9 12 1 9 12 1 9 12 1 10 12 10 12 1 100 1 1 1 1 1 1 1 1 1 1 1 1 1 1 1 1 1 1 1 1 1 1 1 1 1 1 1 1 1 1 1 1 1 1 1 1 1 1 1 1 1 1 1 1 1 1 1 1 1 1 1 1 1 1 1 1 1 1 1 1 1 1 1 1 1 1 1 1 1 1 1 1 1 1 1 1 1 1 1 1 1 1 1 1 1 1 1 1 1 1 1 1 1 1 1 1 1 1 1 1 1 1 1 1 1 1 1 1 1 1 1 100 100 1 1 1 1 1 1 1 1 1 1 1 1 1 1 1 1 1 1 1 1 1 1 1 1 1 1 100 1 7 1 1 1 1 1 1 1 1 1 1 1 1 1 1 1 1 1 1 100 1 1 1 1 1 1 1 1 1 1 1 1 1 1 1 1 1 1 1 1 1 1 1 1 1 1 1 16 15 10 12 16 15 10 12 16 1 16 15 10 12 16 16 15 10 16 1 15 10 12 16 1 15 10 12 16 1 16 1 15 10 12 16 15 10 7 12 1 1 1 15 10 100 12 1 1 1 1 1 1 1 1 1 1 1 1 1 1 100 1 100 1 1
staticfield java/lang/Module ALL_UNNAMED_MODULE Ljava/lang/Module; java/lang/Module
staticfield java/lang/Module ALL_UNNAMED_MODULE_SET Ljava/util/Set; java/util/ImmutableCollections$Set12
staticfield java/lang/Module EVERYONE_MODULE Ljava/lang/Module; java/lang/Module
staticfield java/lang/Module EVERYONE_SET Ljava/util/Set; java/util/ImmutableCollections$Set12
staticfield java/lang/Module $assertionsDisabled Z 1
ciInstanceKlass java/lang/StringLatin1 1 1 440 7 1 10 100 12 1 1 1 10 12 1 1 100 1 10 7 12 1 1 1 10 7 12 1 1 1 10 12 1 10 7 12 1 1 1 10 12 1 1 10 7 12 1 1 1 10 7 12 1 1 1 10 12 1 1 10 12 1 1 10 10 12 1 10 12 1 10 9 7 12 1 1 1 10 12 1 1 10 100 12 1 1 1 10 12 10 12 1 1 10 12 10 12 1 1 3 10 100 12 1 1 1 10 12 1 1 5 0 10 12 1 1 10 12 1 5 0 10 12 1 10 12 1 1 10 12 1 1 10 12 1 10 12 1 1 10 12 1 10 7 12 1 1 10 12 1 10 12 1 1 9 12 1 1 100 1 10 10 12 1 1 10 7 12 1 1 1 10 12 1 10 12 1 100 1 100 1 8 1 10 12 1 8 1 100 1 10 10 12 1 10 7 12 1 1 1 8 1 8 1 8 1 10 12 1 1 10 10 100 12 1 1 10 12 1 10 12 1 1 10 12 1 1 10 12 1 1 10 12 1 10 12 10 12 10 12 1 10 12 10 10 12 1 10 12 1 10 12 1 10 100 12 1 1 1 10 100 12 1 1 1 10 12 1 1 10 10 7 12 1 1 1 1 1 1 1 1 1 1 1 1 1 1 1 1 1 1 1 1 1 1 1 1 1 1 1 1 1 1 1 1 1 1 1 1 1 1 1 1 1 1 1 1 1 1 100 1 1 1 1 1 1 1 1 1 1 1 1 1 1 1 1 1 1 1 1 1 1 1 1 1 1 1 1 1 1 1 1 1 1 1 1 1 1 1 1 1 1 1 1 1 1 1 1 1 1 1 1 1 1 1 1 1 1 1 1 1 1 1 1 1 100 1 1 1 1 1 1 1 1 1 1 1 1 1 1 1 1 1 1 1 1 100 1 1 1 1 1 1 1 1 1 1 1 1 1 1 1 1 1 1 1 1 1 1 1 1 1 1 1 1 1 1 1 100 1 1 1 1
staticfield java/lang/StringLatin1 $assertionsDisabled Z 1
ciMethod java/lang/StringLatin1 equals ([B[B)Z 504 514 4106 0 -1
ciInstanceKlass jdk/internal/misc/Unsafe 1 1 1272 10 7 12 1 1 1 10 7 12 1 1 9 12 1 1 9 12 1 1 10 12 1 1 10 7 12 1 1 1 10 12 1 1 10 12 1 1 10 12 1 1 10 12 1 1 10 12 1 1 10 12 1 1 10 12 1 1 10 12 1 1 10 12 1 1 10 12 1 1 10 12 1 1 10 12 1 1 10 12 1 1 10 12 1 10 12 1 100 1 10 10 12 1 1 10 12 1 1 5 0 10 12 1 1 10 12 1 1 10 7 12 1 1 1 10 12 1 1 10 12 1 10 12 1 10 12 1 1 10 12 1 1 10 12 1 10 12 1 100 1 100 1 10 8 1 10 12 1 1 10 12 1 8 1 10 12 1 1 10 12 1 10 12 1 10 12 1 1 10 12 1 10 12 1 1 10 12 1 1 10 12 1 10 12 1 10 12 1 10 12 1 1 10 12 1 10 12 1 10 12 1 1 10 12 1 5 0 5 0 5 0 10 12 1 10 12 1 10 12 1 10 12 1 10 12 1 10 12 1 10 12 1 10 12 1 10 12 1 1 10 12 1 10 12 1 100 1 8 1 10 100 1 10 10 12 1 1 10 12 1 1 8 1 8 1 8 1 100 1 8 1 10 12 1 10 100 12 1 1 1 10 10 12 1 10 12 1 1 10 12 1 1 10 12 1 10 12 1 1 10 12 1 9 7 12 1 1 9 12 1 100 1 10 10 12 1 1 8 1 10 8 1 8 1 10 12 1 1 9 7 12 1 1 1 9 100 1 9 7 1 9 7 1 9 9 100 1 9 7 1 9 100 1 10 12 1 1 10 12 1 1 10 12 1 1 10 12 1 1 5 0 5 0 9 12 1 1 10 12 1 10 12 1 10 12 1 1 10 12 1 1 10 12 1 8 1 3 10 12 1 1 10 12 1 1 10 12 1 10 12 1 1 10 12 1 1 10 12 1 10 12 1 10 12 1 10 12 1 10 12 1 10 12 1 1 10 12 1 1 10 12 1 10 12 1 10 12 1 10 12 1 10 12 1 10 12 1 1 10 12 1 1 10 12 1 10 12 1 10 12 1 10 12 1 10 12 1 10 12 1 1 10 12 1 1 10 12 1 1 10 12 1 1 10 12 1 10 12 1 10 12 1 10 12 1 10 12 1 10 12 1 10 12 1 1 10 12 1 1 10 12 1 10 12 1 10 12 1 10 12 1 10 12 1 10 12 1 10 12 1 1 10 12 1 1 10 12 1 10 12 1 10 12 1 10 12 1 10 12 1 10 12 1 10 12 1 10 12 1 1 10 12 1 10 12 1 10 12 1 10 12 1 10 12 1 1 10 12 1 10 12 1 10 12 1 10 12 1 10 12 1 10 12 1 10 12 1 10 12 1 1 10 12 1 10 12 1 10 12 1 10 12 1 10 12 1 10 12 1 1 10 12 1 10 12 1 10 12 1 1 10 12 1 10 12 1 10 12 1 10 12 1 10 12 1 10 12 1 10 12 1 10 12 1 10 12 1 10 12 1 10 12 1 10 12 1 10 12 1 10 12 1 10 12 1 10 12 1 10 12 1 10 12 1 10 12 1 10 12 1 10 12 1 10 12 1 10 12 1 100 1 10 100 1 10 9 12 1 5 0 10 12 1 1 5 0 10 12 1 5 0 10 12 1 10 12 1 10 12 1 1 10 12 1 1 10 12 1 10 12 1 10 12 1 10 12 1 1 10 12 1 10 12 1 10 12 1 10 12 1 10 12 1 1 10 12 1 10 12 1 10 12 1 10 12 1 1 10 12 1 10 12 1 10 12 1 1 10 12 1 10 12 1 10 12 1 10 12 1 1 10 12 1 10 10 12 1 1 10 12 1 10 12 1 1 10 12 1 10 12 5 0 5 0 5 0 10 12 1 1 10 12 1 10 12 1 10 12 10 100 12 1 1 8 1 100 1 11 12 1 1 8 1 11 12 1 1 11 100 12 1 1 10 12 1 10 7 1 10 12 1 1 9 12 1 1 7 1 9 12 1 7 1 9 12 1 7 1 9 12 1 7 1 9 12 1 7 1 9 12 1 7 1 9 12 1 7 1 9 12 1 7 1 9 12 1 10 12 1 9 12 1 9 12 1 9 12 1 9 12 1 9 12 1 9 12 1 9 12 1 9 12 1 9 12 1 9 12 1 1 1 5 0 1 1 1 1 1 1 1 1 1 1 1 1 1 1 1 1 1 1 1 1 1 1 1 1 1 1 1 1 1 1 1 1 1 1 1 1 1 1 1 1 1 1 1 1 1 1 1 1 1 1 1 1 1 1 1 1 1 1 1 1 1 1 1 1 1 1 1 1 1 1 1 1 1 1 1 1 1 1 1 1 1 1 1 1 1 1 1 1 1 1 1 1 1 100 1 1 1 1 1 1 1 1 1 1 1 1 1 1 1 1 1 1 1 1 1 1 1 1 1 1 1 1 1 1 1 1 1 1 1 1 1 1 1 1 1 1 1 1 1 1 1 1 1 1 1 1 1 1 1 1 1 1 1 1 1 1 1 1 1 1 1 1 1 1 1 1 1 1 1 1 1 1 1 1 1 1 1 1 1 1 1 1 1 1 1 1 1 1 1 1 1 1 1 1 1 1 1 1 1 1 1 1 1 1 1 1 1 1 1 1 1 1 1 1 1 1 1 1 1 1 1 1 1 1 1 1 1 1 1 1 1 1 1 1 1 1 1 1 1 1 1 1 1 1 1 1 1 1 1 1 1 1 1 1 1 1 1 1 1 1 1 1 1 1 1 1 1 1 1 1 1 1 1 1 1 1 1 1 1 1 1 1 1 1 1 1 1 1 1 1 1 1 1 1 1 1 1 1 1 1 1 1 1 1 1 1 1 1
staticfield jdk/internal/misc/Unsafe theUnsafe Ljdk/internal/misc/Unsafe; jdk/internal/misc/Unsafe
staticfield jdk/internal/misc/Unsafe ARRAY_BOOLEAN_BASE_OFFSET J 16
staticfield jdk/internal/misc/Unsafe ARRAY_BYTE_BASE_OFFSET J 16
staticfield jdk/internal/misc/Unsafe ARRAY_SHORT_BASE_OFFSET J 16
staticfield jdk/internal/misc/Unsafe ARRAY_CHAR_BASE_OFFSET J 16
staticfield jdk/internal/misc/Unsafe ARRAY_INT_BASE_OFFSET J 16
staticfield jdk/internal/misc/Unsafe ARRAY_LONG_BASE_OFFSET J 16
staticfield jdk/internal/misc/Unsafe ARRAY_FLOAT_BASE_OFFSET J 16
staticfield jdk/internal/misc/Unsafe ARRAY_DOUBLE_BASE_OFFSET J 16
staticfield jdk/internal/misc/Unsafe ARRAY_OBJECT_BASE_OFFSET J 16
staticfield jdk/internal/misc/Unsafe ARRAY_BOOLEAN_INDEX_SCALE I 1
staticfield jdk/internal/misc/Unsafe ARRAY_BYTE_INDEX_SCALE I 1
staticfield jdk/internal/misc/Unsafe ARRAY_SHORT_INDEX_SCALE I 2
staticfield jdk/internal/misc/Unsafe ARRAY_CHAR_INDEX_SCALE I 2
staticfield jdk/internal/misc/Unsafe ARRAY_INT_INDEX_SCALE I 4
staticfield jdk/internal/misc/Unsafe ARRAY_LONG_INDEX_SCALE I 8
staticfield jdk/internal/misc/Unsafe ARRAY_FLOAT_INDEX_SCALE I 4
staticfield jdk/internal/misc/Unsafe ARRAY_DOUBLE_INDEX_SCALE I 8
staticfield jdk/internal/misc/Unsafe ARRAY_OBJECT_INDEX_SCALE I 4
staticfield jdk/internal/misc/Unsafe ADDRESS_SIZE I 8
ciInstanceKlass java/lang/Thread$FieldHolder 1 1 55 10 7 12 1 1 1 9 7 12 1 1 1 9 12 1 1 9 12 1 1 9 12 1 1 9 12 1 1 1 1 1 1 1 1 1 1 1 1 100 1 100 1 1 1 1 100 1 1 1 100 1 100 1 1
ciInstanceKlass java/lang/Thread$Constants 0 0 47 100 1 10 100 12 1 1 1 10 12 1 1 10 12 1 1 10 100 12 1 1 8 1 10 12 1 9 100 12 1 1 1 1 1 1 1 1 1 1 1 1 1 1 1 1 1
ciInstanceKlass java/lang/ThreadGroup 1 1 380 10 7 12 1 1 1 9 7 12 1 1 1 8 1 9 12 1 1 100 1 9 12 1 1 9 12 1 1 10 7 12 1 1 1 10 12 1 1 10 12 1 10 12 1 1 10 12 1 1 10 12 1 10 12 1 10 12 1 10 100 12 1 1 1 10 12 1 1 18 12 1 1 11 100 12 1 1 1 10 12 1 1 10 12 1 1 10 12 1 1 10 100 12 1 1 1 10 12 1 11 12 1 1 11 100 12 1 1 11 12 1 1 10 12 1 1 10 12 1 10 12 1 11 12 1 11 12 1 1 10 12 1 100 1 10 18 12 1 1 11 100 12 1 1 1 11 12 1 1 9 100 12 1 1 1 10 12 1 1 8 1 10 100 12 1 1 1 10 100 12 1 1 1 10 12 1 1 11 12 10 12 1 1 10 12 1 1 11 100 1 9 12 1 100 1 10 8 1 10 12 1 1 10 12 1 1 8 1 10 12 1 10 100 12 1 1 1 10 12 1 1 10 7 1 8 1 10 8 1 10 12 1 10 12 1 8 1 9 12 1 1 9 12 1 10 100 12 1 1 1 100 9 12 1 1 7 1 9 12 1 10 12 10 12 1 1 100 10 12 9 12 1 10 12 1 100 1 10 100 1 10 10 12 1 10 12 1 1 1 1 1 1 1 1 1 1 1 1 1 1 1 1 3 1 1 1 1 1 1 1 1 1 1 1 100 1 1 1 1 1 1 1 1 1 1 1 1 1 1 1 1 1 1 1 1 1 1 1 1 1 1 1 1 1 1 1 1 1 1 1 1 1 1 1 1 16 15 10 12 16 16 15 10 12 16 15 10 100 12 1 1 1 1 1 100 1 100 1 1
staticfield java/lang/ThreadGroup $assertionsDisabled Z 1
ciInstanceKlass java/lang/Thread$UncaughtExceptionHandler 1 0 16 100 1 100 1 1 1 1 1 1 1 1 100 1 1 1
instanceKlass java/lang/ThreadBuilders$BoundVirtualThread
instanceKlass java/lang/VirtualThread
ciInstanceKlass java/lang/BaseVirtualThread 0 0 36 10 100 12 1 1 1 100 1 1 1 1 1 1 1 1 1 1 1 1 1 1 1 1 1 1 1 1 100 1 100 1 1 100 1 1
ciInstanceKlass java/lang/VirtualThread 0 0 941 9 100 12 1 1 1 9 12 1 1 10 100 12 1 1 1 10 100 12 1 1 1 10 100 12 1 1 1 9 12 1 1 100 1 10 12 1 9 12 1 1 18 12 1 1 9 12 1 1 10 12 1 1 100 1 10 12 1 10 12 1 1 10 12 1 1 10 12 1 10 12 1 1 9 12 1 1 10 12 1 10 100 12 1 10 12 1 10 12 1 10 12 1 10 12 1 9 12 1 1 11 100 12 1 1 1 100 1 10 100 12 1 1 1 10 12 1 1 11 100 12 1 1 1 10 10 12 1 10 12 1 10 12 1 100 1 10 12 1 1 100 1 9 12 1 1 5 0 10 100 12 1 1 1 9 12 1 100 1 100 1 10 10 12 1 10 12 1 1 10 12 1 10 12 1 1 10 12 1 10 12 10 12 1 100 1 10 10 12 1 10 12 1 1 9 12 1 1 10 12 1 1 9 12 1 1 10 12 1 9 12 1 10 100 12 1 1 10 9 10 10 12 1 1 10 12 1 1 10 100 12 1 1 10 100 1 10 9 10 100 1 10 12 1 1 10 12 1 10 10 12 1 1 9 12 1 10 12 1 10 12 1 9 12 1 1 10 12 1 10 12 1 10 12 1 1 9 12 1 1 10 12 1 10 12 1 1 10 12 1 10 12 1 1 9 12 1 18 9 100 12 1 1 1 10 12 1 1 9 12 1 10 12 1 10 12 1 1 9 12 1 10 12 1 9 12 1 1 18 12 1 9 12 1 9 12 1 10 12 9 12 1 1 10 100 12 1 1 10 12 1 10 12 1 1 10 100 12 1 1 10 12 1 100 1 8 1 10 12 1 10 12 1 1 10 12 1 10 12 1 10 12 1 10 100 12 1 1 10 12 1 10 12 1 10 12 1 10 12 1 10 100 12 1 1 8 1 10 12 1 10 12 1 10 12 1 10 12 1 1 10 12 1 10 12 10 12 10 12 1 100 1 10 10 12 1 10 12 1 1 10 12 1 1 10 12 1 10 12 1 10 12 1 1 10 12 1 1 11 100 12 1 1 11 12 1 10 12 9 100 12 1 1 1 9 12 1 10 12 1 1 9 12 1 9 12 1 9 12 1 9 12 1 100 1 10 10 12 1 1 10 12 1 100 1 100 1 10 8 1 10 12 1 1 10 12 1 10 12 1 10 10 12 1 8 1 10 10 12 1 10 12 1 10 100 12 1 1 8 1 8 1 10 12 1 1 10 10 9 100 12 1 1 1 10 12 1 1 10 12 1 10 10 12 9 12 1 10 12 1 1 10 12 1 9 12 1 10 12 1 1 9 12 1 10 12 1 1 9 12 1 10 12 1 1 18 12 1 1 8 1 10 12 1 1 8 1 8 1 10 100 12 1 1 1 10 100 12 1 1 1 10 12 1 10 12 1 1 10 12 1 18 12 1 1 18 12 1 1 5 0 9 12 1 10 12 1 10 12 1 10 100 1 10 12 1 1 9 12 1 9 12 1 1 10 12 1 1 10 12 1 10 12 10 12 1 1 10 100 12 1 1 10 12 1 1 100 1 8 1 10 10 12 1 8 10 12 1 1 8 8 9 12 1 8 8 10 12 1 10 12 1 1 8 1 18 12 1 10 100 12 1 1 10 12 1 10 12 1 3 1 3 1 3 1 3 1 3 1 3 1 3 1 3 1 3 1 3 1 3 1 3 1 3 3 1 3 3 1 3 3 1 3 3 1 3 1 1 1 1 1 1 1 1 1 1 1 1 1 1 1 1 1 100 1 1 1 1 1 1 1 1 1 1 1 1 1 1 1 1 1 1 1 1 1 100 1 1 1 1 1 1 1 1 1 1 1 1 1 1 1 1 1 1 1 1 1 1 1 1 1 1 1 1 1 1 1 1 1 1 100 1 1 1 1 1 1 1 1 1 1 1 1 1 1 1 1 1 1 1 1 1 1 1 1 1 1 1 100 1 1 1 1 1 1 1 1 1 1 1 1 1 1 1 1 1 1 1 1 1 1 100 1 1 16 15 10 12 15 10 12 15 10 12 16 15 10 12 16 15 10 12 16 15 10 12 16 15 10 12 15 10 100 12 1 1 1 1 1 1 1 100 1 1 1 100 1 100 1 1
ciInstanceKlass java/lang/ThreadBuilders$BoundVirtualThread 0 0 132 10 100 12 1 1 1 9 100 12 1 1 1 10 100 12 1 1 1 9 12 1 1 10 12 1 1 10 12 1 1 9 12 1 1 10 100 12 1 1 1 10 12 1 1 100 1 8 1 10 12 1 10 12 1 1 10 12 1 1 10 12 1 1 10 100 12 1 1 1 8 1 10 12 1 8 1 10 12 1 1 10 100 12 1 1 9 100 12 1 1 1 10 12 1 1 10 10 12 1 1 1 1 1 1 1 1 1 1 1 1 1 1 1 1 1 1 1 1 1 1 1 1 1 1 1 1 100 1 1 1 1
instanceKlass lombok/javac/handlers/HandleDelegate$DelegateRecursion
instanceKlass org/apache/maven/artifact/repository/metadata/RepositoryMetadataDeploymentException
instanceKlass org/apache/maven/artifact/repository/metadata/RepositoryMetadataInstallationException
instanceKlass java/lang/Exception
instanceKlass java/lang/Error
ciInstanceKlass java/lang/Throwable 1 1 403 10 7 12 1 1 1 9 7 12 1 1 1 9 12 1 1 9 12 1 9 12 1 1 9 12 1 10 12 1 1 9 12 1 1 10 12 1 1 10 100 12 1 1 1 9 12 1 1 10 12 1 1 10 12 1 100 1 100 1 10 8 1 10 12 1 1 8 1 10 100 12 1 1 10 10 12 1 100 1 8 1 10 10 7 12 1 1 10 12 1 8 1 9 100 12 1 1 1 10 12 1 1 100 1 10 12 10 12 1 100 1 10 10 7 12 1 1 1 11 100 12 1 1 1 10 100 12 1 1 1 10 12 1 1 10 12 1 1 8 1 10 12 1 10 12 1 1 8 1 8 1 10 12 1 1 10 12 1 8 1 8 1 9 12 1 10 100 12 1 1 100 1 10 11 12 1 8 1 8 1 10 7 12 1 1 8 1 10 12 1 8 1 100 1 10 12 1 9 12 1 1 10 12 1 10 7 12 1 9 12 1 1 10 12 1 1 100 1 8 1 10 12 1 10 100 12 1 1 10 12 1 1 100 1 10 100 12 1 1 1 10 12 1 11 100 12 1 1 1 11 100 12 1 1 1 11 12 1 8 1 10 12 1 1 8 1 10 10 9 100 12 1 1 1 8 1 10 12 1 1 11 10 100 1 8 1 10 11 12 1 1 8 1 9 12 1 10 100 12 1 1 11 9 12 1 1 11 12 1 1 100 10 12 1 10 12 1 1 100 1 1 1 1 5 0 1 1 1 1 1 1 1 1 1 1 1 1 100 1 1 1 1 1 1 1 1 1 1 1 1 1 1 1 1 1 1 1 1 1 1 1 1 1 1 1 1 1 1 1 1 1 1 1 1 1 1 1 1 1 1 1 100 1 100 1 1 1 1 1 1 1 1 1 1 1 1 1 1 1 1 1 1
staticfield java/lang/Throwable UNASSIGNED_STACK [Ljava/lang/StackTraceElement; 0 [Ljava/lang/StackTraceElement;
staticfield java/lang/Throwable SUPPRESSED_SENTINEL Ljava/util/List; java/util/Collections$EmptyList
staticfield java/lang/Throwable EMPTY_THROWABLE_ARRAY [Ljava/lang/Throwable; 0 [Ljava/lang/Throwable;
staticfield java/lang/Throwable $assertionsDisabled Z 1
ciMethod java/lang/Throwable fillInStackTrace ()Ljava/lang/Throwable; 770 0 5522 0 -1
ciInstanceKlass jdk/internal/vm/ContinuationScope 0 0 50 10 100 12 1 1 1 10 100 12 1 1 1 100 1 9 100 12 1 1 1 10 12 1 1 10 100 12 1 1 1 10 12 1 1 10 12 1 1 1 1 1 1 1 1 1 1 1 1 1
ciInstanceKlass jdk/internal/vm/StackChunk 1 1 32 10 100 12 1 1 1 9 100 12 1 1 1 9 12 1 1 9 12 1 1 1 1 1 1 1 1 1 1 1 1 1
ciInstanceKlass java/lang/Boolean 1 1 146 10 7 12 1 1 1 9 7 12 1 1 1 10 12 1 1 10 12 1 8 1 10 7 12 1 1 9 12 1 1 9 12 1 10 12 1 1 10 12 1 1 10 12 1 1 10 12 1 10 7 12 1 1 1 10 12 1 1 9 100 12 1 1 9 12 10 100 12 1 1 1 10 12 1 1 8 1 10 7 12 1 1 1 9 12 1 1 100 1 100 1 100 1 1 1 1 1 1 5 0 1 1 1 1 1 1 1 1 1 1 1 1 1 1 1 1 1 1 1 1 1 1 1 1 1 1 1 1 1 1 1 1 1 1 1 100 1 1 1 1 1 1 1 1 1
staticfield java/lang/Boolean TRUE Ljava/lang/Boolean; java/lang/Boolean
staticfield java/lang/Boolean FALSE Ljava/lang/Boolean; java/lang/Boolean
staticfield java/lang/Boolean TYPE Ljava/lang/Class; java/lang/Class
ciInstanceKlass java/lang/Character 1 1 603 7 1 100 1 100 1 9 12 1 1 8 1 9 12 1 1 100 1 9 12 1 1 10 100 12 1 1 1 10 100 12 1 1 1 10 100 12 1 1 1 10 7 12 1 1 1 9 7 12 1 1 1 10 12 1 10 12 1 1 10 12 1 1 10 7 12 1 1 10 12 1 1 3 3 3 3 3 10 12 1 1 10 12 1 3 11 7 12 1 1 1 11 12 1 1 10 12 1 1 10 12 1 1 100 1 10 10 12 1 3 10 12 1 1 10 12 1 10 12 1 1 100 1 8 1 10 12 1 1 10 12 1 10 12 1 10 12 1 10 100 12 1 1 1 10 12 1 10 12 1 10 12 1 1 10 12 1 10 7 12 1 1 10 10 12 1 10 10 12 1 10 12 1 1 10 12 1 10 10 12 1 10 12 1 10 12 1 10 12 1 10 12 1 10 12 1 10 12 1 10 12 10 10 12 10 10 12 1 10 10 12 1 10 10 12 1 10 10 12 1 10 12 1 10 12 1 10 12 1 10 12 1 10 12 1 10 12 1 10 10 12 1 10 10 12 1 10 10 12 1 1 10 10 12 1 10 5 0 10 12 1 10 12 1 10 10 12 1 10 10 12 1 1 10 10 12 1 10 10 12 1 9 12 1 1 100 1 10 10 12 1 10 12 1 1 3 10 100 12 1 1 1 10 12 1 10 100 12 1 1 100 1 10 10 12 1 1 10 12 1 1 10 12 1 1 8 1 10 12 1 9 100 12 1 1 1 10 12 1 10 10 12 1 10 12 1 1 10 12 1 10 10 12 1 1 10 10 12 1 1 100 1 8 1 10 12 1 1 10 7 12 1 1 1 8 1 10 12 1 1 9 12 1 1 100 1 100 1 100 1 1 1 1 3 1 3 1 3 1 3 1 1 1 1 1 3 1 1 3 1 3 1 3 1 3 1 3 1 3 1 3 1 3 1 3 1 3 1 3 1 3 1 3 1 3 1 3 1 3 1 3 1 3 1 3 1 3 1 3 1 3 1 3 1 3 1 3 1 3 1 3 1 3 1 1 1 1 1 1 1 1 1 1 1 1 1 1 1 1 1 1 1 3 1 1 1 1 1 1 1 3 1 1 3 1 1 1 1 1 3 1 1 5 0 1 1 1 1 1 1 1 1 1 1 1 1 1 1 1 1 1 1 1 1 1 1 1 1 1 1 1 1 1 1 1 1 1 1 1 1 1 1 1 1 1 1 1 1 1 1 1 1 1 1 1 1 1 1 1 1 1 1 1 1 1 1 1 1 1 1 1 1 1 1 1 1 1 1 1 1 1 1 1 1 1 1 1 1 1 1 1 1 1 100 1 100 1 1 1 1 1 1
staticfield java/lang/Character TYPE Ljava/lang/Class; java/lang/Class
staticfield java/lang/Character $assertionsDisabled Z 1
ciInstanceKlass java/lang/Float 1 1 277 7 1 100 1 10 7 12 1 1 1 10 100 12 1 1 1 4 100 1 10 12 1 1 10 12 1 1 8 1 8 1 10 100 12 1 1 1 10 12 1 1 10 12 1 1 10 7 1 4 10 7 12 1 1 9 12 1 1 10 12 1 1 10 12 1 10 10 12 1 1 10 12 1 10 12 1 3 3 100 1 4 4 4 3 10 12 1 1 9 12 1 1 100 1 10 3 3 4 4 10 12 1 3 3 3 10 12 1 1 10 12 1 1 10 12 1 10 100 12 1 1 1 10 12 1 1 10 12 1 1 10 7 12 1 1 1 8 1 10 12 1 1 9 12 1 1 100 1 100 1 100 1 1 1 1 4 1 4 1 1 1 4 1 1 3 1 3 1 3 1 3 1 3 1 1 1 1 5 0 1 1 1 1 1 1 1 1 1 1 7 1 1 1 1 1 1 1 1 1 1 1 1 1 1 1 1 1 1 1 1 1 1 1 1 1 1 1 1 1 1 1 1 1 1 1 1 1 1 1 1 1 1 1 1 1 1 1 1 1 1 1 1 1 1 1 1 1 1 1 1 1 1 1 1 1 1 1 1 1 1 1 1 1 7 1 1 1 1 1 1 1 100 1 100 1 1
staticfield java/lang/Float TYPE Ljava/lang/Class; java/lang/Class
staticfield java/lang/Float $assertionsDisabled Z 1
instanceKlass java/math/BigInteger
instanceKlass java/util/concurrent/atomic/AtomicLong
instanceKlass java/util/concurrent/atomic/AtomicInteger
instanceKlass java/lang/Long
instanceKlass java/lang/Integer
instanceKlass java/lang/Short
instanceKlass java/lang/Byte
instanceKlass java/lang/Double
instanceKlass java/lang/Float
ciInstanceKlass java/lang/Number 1 1 37 10 7 12 1 1 1 10 100 12 1 1 1 100 1 1 1 1 5 0 1 1 1 1 1 1 1 1 1 1 1 1 1 1 1 1 1
ciMethod java/lang/Float isNaN (F)Z 516 0 6901 0 0
ciInstanceKlass java/lang/Double 1 1 268 7 1 100 1 10 100 12 1 1 1 10 12 1 1 10 10 12 1 1 8 1 8 1 10 100 12 1 1 1 6 0 100 1 5 0 5 0 10 100 12 1 1 1 10 12 1 1 10 100 12 1 1 1 9 100 12 1 1 1 10 12 1 1 10 100 12 1 1 1 10 12 1 1 10 12 1 1 10 7 1 6 0 10 7 12 1 1 9 12 1 1 10 12 1 10 12 1 10 12 1 10 12 10 12 1 5 0 10 12 1 1 10 12 1 1 10 12 1 10 100 12 1 1 1 10 12 1 1 10 12 1 1 8 1 10 7 12 1 1 1 9 12 1 1 100 1 100 1 100 1 1 1 6 0 1 6 0 1 6 0 1 1 1 6 0 1 1 3 1 3 1 3 1 3 1 3 1 1 1 1 5 0 1 1 1 1 1 1 1 1 1 1 1 1 1 1 1 1 1 100 1 1 1 1 1 7 1 1 1 1 1 1 1 1 1 1 1 1 1 1 1 1 1 1 1 1 1 1 1 1 1 1 1 1 1 1 1 1 1 1 1 1 1 1 1 1 1 1 1 1 1 1 1 1 7 1 1 1 1 1 1 1 100 1 100 1 1
staticfield java/lang/Double TYPE Ljava/lang/Class; java/lang/Class
ciInstanceKlass java/lang/Byte 1 1 212 7 1 100 1 10 100 12 1 1 1 9 12 1 1 8 1 9 12 1 1 100 1 10 12 1 1 10 12 1 1 10 100 12 1 1 1 10 100 12 1 1 1 9 100 12 1 1 1 10 12 1 1 7 1 100 1 10 12 1 1 8 1 10 12 1 1 8 1 10 12 1 10 12 1 10 12 1 10 12 1 1 10 12 1 10 12 1 10 12 1 1 10 8 1 8 1 10 7 1 9 12 1 1 10 12 1 1 10 12 1 1 10 12 1 1 10 12 1 5 0 10 12 1 1 8 1 10 7 12 1 1 1 9 12 1 1 100 1 100 1 1 1 3 1 3 1 1 1 1 3 1 3 1 1 5 0 1 1 1 1 1 1 1 1 1 1 1 1 1 1 1 1 1 1 1 1 1 1 1 1 1 1 1 1 1 1 1 1 1 1 1 1 1 1 1 1 1 1 1 1 1 1 1 1 1 1 1 1 1 1 1
staticfield java/lang/Byte TYPE Ljava/lang/Class; java/lang/Class
ciInstanceKlass java/lang/Short 1 1 220 7 1 100 1 100 1 10 100 12 1 1 1 10 12 1 1 7 1 100 1 10 12 1 1 8 1 10 12 1 1 8 1 10 12 1 10 12 1 10 12 1 10 12 1 1 10 12 1 1 10 12 1 9 12 1 1 8 1 9 12 1 1 100 1 10 12 1 1 10 12 1 10 100 12 1 1 1 10 100 12 1 1 1 9 100 12 1 1 1 10 12 1 10 12 1 1 10 8 1 8 1 10 7 1 9 12 1 1 10 12 1 1 10 12 1 1 10 12 1 1 10 12 1 3 3 5 0 10 12 1 1 8 1 10 7 12 1 1 1 9 12 1 1 100 1 100 1 1 1 3 1 3 1 1 1 1 3 1 3 1 1 5 0 1 1 1 1 1 1 1 1 1 1 1 1 1 1 1 1 1 1 1 1 1 1 1 1 1 1 1 1 1 1 1 1 1 1 1 1 1 1 1 1 1 1 1 1 1 1 1 1 1 1 1 1 1 1 1 1
staticfield java/lang/Short TYPE Ljava/lang/Class; java/lang/Class
ciInstanceKlass java/lang/Integer 1 1 431 7 1 100 1 7 1 10 12 1 1 9 7 12 1 1 1 9 12 1 1 10 7 12 1 1 1 10 12 1 1 10 100 12 1 1 1 10 10 12 1 1 10 100 12 1 1 1 10 12 1 10 12 1 1 10 7 12 1 1 1 10 12 1 1 10 12 1 1 10 7 12 1 1 10 12 1 1 10 12 1 7 1 8 1 10 12 1 1 8 1 100 1 10 12 1 1 10 12 1 1 8 1 10 12 1 1 8 1 10 12 1 1 10 12 1 1 10 12 1 1 3 3 10 7 12 1 1 1 11 7 1 10 12 1 1 11 10 12 1 1 10 12 1 1 8 1 10 12 1 10 12 1 8 1 100 1 10 12 1 8 1 10 12 1 1 10 12 1 8 1 10 12 1 10 12 1 7 1 9 12 1 1 9 12 1 1 10 12 1 10 7 1 9 12 1 10 12 1 10 12 1 10 12 1 1 10 12 1 1 10 7 12 1 1 1 10 12 1 1 8 1 8 1 10 12 1 1 8 1 8 1 8 1 8 1 8 1 8 1 10 12 1 10 12 1 10 12 1 5 0 3 3 3 3 10 12 1 10 12 1 3 10 12 1 10 100 12 1 1 1 10 12 1 1 10 12 1 1 8 1 10 7 12 1 1 1 9 12 1 1 100 1 100 1 100 1 1 1 1 3 1 1 1 1 1 3 1 3 1 1 5 0 1 1 1 1 1 1 1 1 1 100 1 1 1 1 1 1 1 1 1 1 1 1 1 1 1 1 1 1 1 1 1 1 1 1 1 1 1 1 1 1 1 1 1 1 1 1 1 1 1 1 1 1 1 1 1 1 1 1 1 1 1 1 1 1 1 1 1 1 1 1 1 1 1 1 1 1 1 1 1 1 1 1 1 1 1 1 1 1 1 1 1 1 1 1 1 1 1 1 1 1 1 1 1 7 1 1 1 1 1 1 1 1 1 100 1 100 1 1
staticfield java/lang/Integer TYPE Ljava/lang/Class; java/lang/Class
staticfield java/lang/Integer digits [B 36
ciMethod java/lang/Integer numberOfLeadingZeros (I)I 34 0 5197 0 -1
ciMethod java/lang/Integer toString (I)Ljava/lang/String; 104 0 1315 0 0
ciInstanceKlass java/lang/Long 1 1 493 7 1 100 1 7 1 10 12 1 1 9 7 12 1 1 1 9 7 12 1 1 1 10 100 12 1 1 1 10 12 1 1 10 100 12 1 1 1 10 10 12 10 12 1 10 12 1 10 12 1 5 0 5 0 100 1 10 12 1 1 10 12 1 1 10 12 1 10 12 1 10 12 1 10 12 1 1 10 100 12 1 1 10 12 1 10 12 1 1 10 12 1 1 10 12 1 1 10 12 1 1 10 100 12 1 1 1 10 12 1 1 10 12 1 1 10 100 12 1 1 10 12 1 1 10 12 1 7 1 8 1 10 12 1 8 1 100 1 10 12 1 10 12 1 1 8 1 10 12 1 1 8 1 10 12 1 1 10 12 1 1 10 12 1 1 5 0 5 0 10 100 12 1 1 1 11 100 1 10 12 1 1 11 10 12 1 1 10 12 1 1 8 1 5 0 10 12 1 1 10 12 1 1 8 1 8 1 10 12 1 8 1 10 12 1 10 12 1 5 0 5 0 9 7 12 1 1 1 10 12 1 10 12 1 1 8 1 8 1 10 12 1 1 8 1 8 1 8 1 8 1 8 1 8 1 10 12 1 10 12 1 10 7 1 9 12 1 1 10 12 1 10 12 1 1 10 12 1 1 10 100 12 1 1 1 10 12 1 1 10 12 1 10 12 1 10 12 1 5 0 5 0 5 0 10 12 1 1 10 12 1 5 0 5 0 10 12 10 12 1 10 100 12 1 1 1 10 12 1 1 10 12 1 1 8 1 10 7 12 1 1 1 9 12 1 1 100 1 100 1 100 1 1 1 1 5 0 1 1 1 1 3 1 3 1 5 0 1 1 1 1 1 1 1 1 1 100 1 1 1 1 1 1 1 1 1 1 1 1 1 1 1 1 1 1 1 1 1 1 1 1 1 1 1 1 1 1 1 1 1 1 1 1 1 1 1 1 1 1 1 1 1 1 1 1 1 1 1 1 1 1 1 1 1 1 1 1 1 1 1 1 1 1 1 1 1 1 1 1 1 1 1 1 1 1 1 1 1 1 1 1 1 1 1 1 1 1 1 1 1 1 1 1 1 1 1 1 7 1 1 1 1 1 1 1 1 1 100 1 100 1 1
staticfield java/lang/Long TYPE Ljava/lang/Class; java/lang/Class
ciInstanceKlass java/lang/Void 1 1 31 10 100 12 1 1 1 8 1 10 7 12 1 1 1 9 7 12 1 1 1 1 1 1 1 1 1 1 1 1 1
staticfield java/lang/Void TYPE Ljava/lang/Class; java/lang/Class
ciInstanceKlass jdk/internal/vm/vector/VectorSupport 0 0 601 100 1 10 100 12 1 1 1 9 12 1 1 10 100 12 1 1 1 100 1 10 12 1 11 100 12 1 1 1 11 100 12 1 1 1 11 100 12 1 1 1 11 100 12 1 1 11 100 12 1 1 11 100 12 1 1 11 100 12 1 1 11 100 12 1 1 11 100 12 1 1 11 100 12 1 1 11 100 12 1 1 1 11 100 12 1 1 11 100 12 1 1 1 11 100 12 1 1 1 11 100 12 1 1 11 100 12 1 1 1 11 100 12 1 1 100 1 10 12 1 1 11 100 12 1 1 11 100 12 1 1 11 100 12 1 1 11 100 1 11 100 12 1 1 11 100 12 1 1 11 100 12 1 1 9 12 1 1 10 100 12 1 1 11 100 12 1 1 10 100 12 1 1 1 10 100 12 1 1 10 12 1 1 10 12 1 1 1 1 1 3 1 3 1 3 1 3 1 3 1 3 1 3 1 3 1 3 1 3 1 3 1 3 1 3 1 3 1 3 1 3 1 3 1 3 1 3 1 3 1 3 1 3 1 3 1 3 1 3 1 3 1 3 1 3 1 3 1 3 1 3 1 3 1 3 1 3 1 3 1 3 1 3 1 3 1 3 1 3 1 3 1 3 1 3 1 3 1 3 1 3 1 3 1 3 1 3 1 3 1 3 1 3 1 3 1 1 1 3 1 3 1 3 1 3 1 3 1 3 1 1 1 1 1 1 1 1 1 1 1 1 1 1 1 1 1 1 1 1 1 1 1 1 1 1 1 1 1 1 1 1 1 1 1 1 1 1 1 1 1 1 1 1 1 1 1 1 1 1 1 1 1 1 1 1 1 1 1 1 1 1 1 1 1 1 1 1 1 1 1 1 1 1 1 1 1 1 1 1 1 1 1 1 1 1 1 1 1 1 1 1 1 1 1 1 1 1 1 1 1 1 1 1 1 1 1 1 1 1 1 1 1 1 1 1 1 1 1 1 1 1 1 1 1 1 1 1 1 1 1 1 1 1 1 1 1 1 1 1 1 1 1 1 1 1 1 1 1 1 1 1 1 1 1 1 1 1 1 1 1 1 1 1 1 1 1 1 1 1 1 1 1 1 1 1 1 1 1 1 1 1 1 1 1 1 1 1 1 1 1 1 1 1 1 1 1 1 1 1 1 1 1 1 1 1 1 1 1 1 1 1 1 1 1 1 1 1 1 1 1 1 1 1 1 1 1 1 1 1 1 1 1 1 1 1 1 1 1 1 1 1 1 1 1 1 1 1 1 1 1 100 1 100 1 100 1 100 1 100 1 1 1 1 1 1 1 1 1 1 1 1 1 1 1 1 1 1 1 1 1 1 1 1 1 1 1 1 1 1 1
instanceKlass jdk/internal/vm/vector/VectorSupport$VectorShuffle
instanceKlass jdk/internal/vm/vector/VectorSupport$VectorMask
instanceKlass jdk/internal/vm/vector/VectorSupport$Vector
ciInstanceKlass jdk/internal/vm/vector/VectorSupport$VectorPayload 0 0 32 10 100 12 1 1 1 9 100 12 1 1 1 10 100 12 1 1 1 1 1 1 1 1 1 1 1 1 1 1 1 1
ciInstanceKlass jdk/internal/vm/vector/VectorSupport$Vector 0 0 28 10 100 12 1 1 1 100 1 1 1 1 1 1 1 1 1 1 1 1 1 1 1 100 1 1 1 1
ciInstanceKlass jdk/internal/vm/vector/VectorSupport$VectorMask 0 0 28 10 100 12 1 1 1 100 1 1 1 1 1 1 1 1 1 1 1 1 1 1 1 100 1 1 1 1
ciInstanceKlass jdk/internal/vm/vector/VectorSupport$VectorShuffle 0 0 28 10 100 12 1 1 1 100 1 1 1 1 1 1 1 1 1 1 1 1 1 1 1 100 1 1 1 1
ciInstanceKlass jdk/internal/vm/FillerObject 0 0 16 10 100 12 1 1 1 100 1 1 1 1 1 1 1 1
instanceKlass java/lang/ref/PhantomReference
instanceKlass java/lang/ref/FinalReference
instanceKlass java/lang/ref/WeakReference
instanceKlass java/lang/ref/SoftReference
ciInstanceKlass java/lang/ref/Reference 1 1 194 9 7 12 1 1 1 9 7 12 1 1 10 12 1 1 10 12 1 1 9 12 1 1 10 12 1 1 9 12 1 1 9 12 1 1 10 12 1 10 7 12 1 1 10 12 1 1 10 12 1 7 1 8 1 10 12 1 1 7 1 10 12 1 1 10 12 1 1 10 12 1 10 12 1 1 10 12 1 1 10 12 1 10 12 1 10 12 1 9 12 1 100 1 100 1 10 12 9 12 1 9 12 1 9 12 1 100 1 10 10 12 1 10 10 7 12 1 1 7 1 10 10 7 12 1 1 1 1 1 1 1 1 1 1 1 1 1 1 1 1 1 1 1 100 1 1 1 100 1 1 1 1 1 1 1 1 1 1 1 1 1 1 1 1 1 1 1 1 1 1 1 1 1 1 1 1 1 1 1 1 1 1 1 1 1 100 1 100 1 100 1 1 1
staticfield java/lang/ref/Reference processPendingLock Ljava/lang/Object; java/lang/Object
staticfield java/lang/ref/Reference $assertionsDisabled Z 1
instanceKlass java/util/ResourceBundle$BundleReference
instanceKlass org/eclipse/sisu/inject/MildElements$Soft
instanceKlass com/google/common/cache/LocalCache$SoftValueReference
instanceKlass sun/util/locale/provider/LocaleResources$ResourceReference
instanceKlass sun/util/resources/Bundles$BundleReference
instanceKlass jdk/internal/util/SoftReferenceKey
instanceKlass org/eclipse/sisu/inject/MildKeys$Soft
instanceKlass java/lang/invoke/LambdaFormEditor$Transform
ciInstanceKlass java/lang/ref/SoftReference 1 1 50 10 7 12 1 1 1 9 7 12 1 1 1 9 12 1 10 12 1 10 12 1 1 1 1 1 1 1 1 1 1 1 1 1 1 1 1 1 1 1 1 1 1 100 1 1 1 1 1 1
instanceKlass com/sun/tools/javac/util/UnsharedNameTable$HashEntry
instanceKlass java/util/ResourceBundle$KeyElementReference
instanceKlass sun/nio/ch/FileLockTable$FileLockReference
instanceKlass org/eclipse/sisu/inject/MildElements$Weak
instanceKlass com/google/common/collect/MapMakerInternalMap$AbstractWeakKeyEntry
instanceKlass com/google/common/cache/LocalCache$WeakEntry
instanceKlass java/lang/WeakPairMap$WeakRefPeer
instanceKlass com/google/common/cache/LocalCache$WeakValueReference
instanceKlass java/util/logging/LogManager$LoggerWeakRef
instanceKlass java/util/logging/Level$KnownLevel
instanceKlass org/eclipse/sisu/inject/MildKeys$Weak
instanceKlass jdk/internal/util/WeakReferenceKey
instanceKlass java/lang/ThreadLocal$ThreadLocalMap$Entry
instanceKlass java/util/WeakHashMap$Entry
ciInstanceKlass java/lang/ref/WeakReference 1 1 34 10 7 12 1 1 1 10 12 1 100 1 1 1 1 1 1 1 1 1 1 1 1 1 1 1 1 1 1 1 1 1 1 1
instanceKlass java/lang/ref/Finalizer
ciInstanceKlass java/lang/ref/FinalReference 1 1 50 10 7 12 1 1 1 10 100 12 1 1 1 10 12 1 1 100 1 8 1 10 12 1 1 1 1 1 1 1 1 1 1 1 1 1 1 1 1 1 1 1 1 1 1 1 1 1 100 1
instanceKlass jdk/internal/ref/PhantomCleanable
ciInstanceKlass java/lang/ref/PhantomReference 1 1 47 10 7 12 1 1 1 10 12 1 1 10 7 12 1 1 1 1 1 1 1 1 1 1 1 1 1 1 1 1 1 1 1 1 1 1 1 1 1 1 1 1 1 1 1 1 1
ciInstanceKlass java/lang/ref/Finalizer 1 1 177 9 7 12 1 1 1 10 7 12 1 1 1 9 12 1 1 9 12 1 1 9 12 1 9 12 1 9 12 1 1 10 12 1 100 1 8 1 10 12 1 10 12 1 1 9 12 1 100 1 10 12 1 100 1 11 100 12 1 1 10 12 1 100 1 10 12 1 10 7 12 1 1 1 10 12 1 1 10 100 12 1 1 8 1 10 12 1 10 12 1 10 12 1 100 1 10 12 1 10 100 12 1 1 1 100 1 10 10 12 1 1 7 1 10 12 1 10 12 1 1 10 12 1 1 10 7 12 1 1 1 7 1 10 7 1 10 10 12 1 1 1 1 1 1 1 1 1 1 1 1 1 1 1 1 1 1 1 1 1 1 1 1 1 1 100 1 1 1 1 1 1 1 1 1 1 1
staticfield java/lang/ref/Finalizer lock Ljava/lang/Object; java/lang/Object
staticfield java/lang/ref/Finalizer ENABLED Z 1
staticfield java/lang/ref/Finalizer $assertionsDisabled Z 1
instanceKlass java/lang/reflect/Executable
instanceKlass java/lang/reflect/Field
ciInstanceKlass java/lang/reflect/AccessibleObject 1 1 374 10 7 12 1 1 1 10 7 12 1 1 1 10 7 12 1 1 1 10 12 1 1 9 12 1 1 7 1 10 7 12 1 1 1 11 12 1 100 1 10 12 1 7 1 100 1 10 12 1 1 10 12 1 1 10 12 1 1 10 12 1 1 10 12 1 1 7 1 10 100 12 1 1 1 10 12 1 1 11 10 7 12 1 1 1 10 12 1 1 10 12 1 10 12 1 10 12 1 1 10 12 1 8 1 100 1 100 1 10 10 12 1 1 8 1 10 12 1 10 12 1 8 1 8 1 8 1 8 1 8 1 8 1 8 1 8 1 8 1 100 1 10 12 1 10 12 1 9 100 12 1 1 1 10 12 1 1 10 12 1 10 100 1 100 1 8 1 10 8 1 10 12 1 8 1 10 12 1 10 12 1 1 10 100 1 8 1 10 11 7 12 1 1 1 10 12 1 1 10 12 1 1 10 12 1 1 9 12 1 1 100 1 10 12 1 7 1 10 12 1 10 12 1 1 10 100 1 10 12 1 10 12 10 12 1 10 12 1 10 12 1 1 10 12 1 9 12 1 10 100 12 1 1 8 1 10 12 1 1 8 1 10 100 12 1 1 1 9 12 1 100 1 10 7 1 10 10 7 12 1 1 1 10 7 12 1 1 1 9 12 1 1 1 1 1 1 1 1 1 1 1 1 1 1 1 1 1 1 1 1 1 1 1 1 1 1 1 1 1 1 1 1 1 1 1 1 1 1 1 1 1 1 1 1 1 1 1 1 1 1 1 1 1 1 1 1 1 1 1 1 1 1 1 1 1 1 1 1 1 1 1 1 1 1 1 1 1 1 1 1 1 1 1
staticfield java/lang/reflect/AccessibleObject reflectionFactory Ljdk/internal/reflect/ReflectionFactory; jdk/internal/reflect/ReflectionFactory
ciInstanceKlass java/lang/reflect/Method 1 1 468 9 7 12 1 1 1 10 7 12 1 1 1 10 7 12 1 1 9 12 1 1 9 12 1 1 10 12 1 1 10 12 1 1 10 12 1 1 10 7 12 1 1 10 7 12 1 1 1 9 12 1 1 9 12 1 9 12 1 1 9 12 1 9 12 1 9 12 1 1 9 12 1 9 12 1 1 9 12 1 9 12 1 100 1 8 1 10 12 1 10 12 1 9 12 1 1 10 7 12 1 1 1 10 12 1 1 10 12 1 1 10 12 1 10 12 1 1 9 7 12 1 1 1 10 12 1 1 10 12 10 7 12 1 1 10 12 1 1 10 12 1 10 12 1 10 12 1 10 7 12 1 1 1 10 12 1 1 9 12 1 10 7 1 10 100 12 1 1 1 10 7 12 1 1 10 12 1 1 10 12 1 1 10 12 1 10 7 12 1 1 1 10 12 1 10 8 1 10 12 1 10 12 1 7 1 8 1 8 1 8 1 10 12 1 10 12 1 1 10 12 1 1 10 10 12 1 1 10 12 1 11 100 1 10 12 1 9 12 1 1 10 12 1 1 10 12 1 10 12 1 1 10 12 1 1 11 7 12 1 1 1 11 12 1 9 12 1 1 10 12 1 10 12 1 10 12 1 10 12 1 10 12 1 10 12 1 9 12 1 1 10 7 12 1 1 1 10 7 12 1 1 10 12 1 1 10 7 12 1 1 1 10 7 12 1 1 1 10 7 12 1 1 1 11 7 12 1 1 1 10 7 12 1 1 1 7 1 100 1 100 1 10 12 1 10 12 1 1 10 12 1 100 1 8 1 10 12 1 10 10 12 1 1 10 12 1 1 10 12 1 1 10 12 1 1 8 1 10 12 1 1 1 1 1 1 1 1 1 1 1 1 1 1 1 1 1 1 1 1 1 1 1 1 1 1 1 1 1 1 1 1 1 1 1 1 1 1 1 1 1 1 1 1 1 1 1 1 1 1 1 1 1 100 1 100 1 100 1 1 1 1 1 1 1 1 1 1 1 1 1 1 1 1 1 1 1 1 1 1 1 1 1 1 1 1 1 1
ciInstanceKlass java/lang/reflect/Member 1 1 37 100 1 10 12 1 1 100 1 100 1 1 1 1 3 1 3 1 1 1 1 1 1 1 1 1 1 1 1 1 1 1 1 1 1 1 1
instanceKlass java/lang/reflect/Constructor
instanceKlass java/lang/reflect/Method
ciInstanceKlass java/lang/reflect/Executable 1 1 582 10 7 12 1 1 1 10 7 12 1 1 1 10 7 12 1 1 1 11 7 12 1 1 1 10 7 12 1 1 1 10 12 1 1 10 7 12 1 1 1 10 100 12 1 1 1 10 12 1 8 1 10 10 12 1 1 10 12 1 1 10 100 12 1 1 1 18 12 1 1 11 100 12 1 1 1 8 1 8 1 8 1 10 100 12 1 1 1 11 12 1 1 100 1 8 1 8 1 10 12 1 100 1 8 1 10 12 1 8 1 11 100 12 1 1 1 100 1 11 100 12 1 1 1 11 12 1 8 1 18 8 1 10 12 1 10 12 1 1 18 8 1 10 12 1 100 1 10 12 1 10 12 1 11 12 1 10 12 1 1 8 1 8 1 10 12 1 1 10 12 1 1 10 10 12 1 9 12 1 1 9 100 12 1 1 1 10 100 12 1 1 1 10 12 1 10 12 1 1 10 7 12 1 1 10 12 1 10 12 1 10 12 1 10 7 12 1 1 100 1 10 100 12 1 1 1 10 12 1 1 10 7 12 1 1 10 12 1 10 12 1 1 9 7 12 1 1 1 10 100 10 12 1 10 12 1 3 100 1 8 1 10 12 1 10 12 1 10 10 12 1 10 12 1 1 8 1 8 1 8 1 9 12 1 1 9 12 1 10 12 1 100 1 8 1 10 12 1 10 12 1 10 12 1 1 10 12 1 1 10 12 1 10 12 10 12 1 7 1 10 12 1 10 12 1 1 100 1 10 100 12 1 1 1 7 1 10 7 12 1 1 1 10 12 1 1 11 7 12 1 1 10 12 1 10 100 12 1 1 1 10 12 1 1 9 12 1 10 12 1 1 10 12 1 10 12 1 1 9 7 12 1 1 1 10 7 12 1 1 1 10 12 1 10 12 1 1 9 12 1 10 10 10 10 100 12 1 1 1 10 12 1 9 12 1 10 12 1 1 9 12 1 100 1 100 1 1 1 1 1 1 1 1 1 1 1 1 1 1 1 1 1 1 1 1 1 1 1 1 1 1 1 1 1 1 1 1 1 1 1 1 100 1 1 1 1 1 1 1 1 1 1 1 1 1 1 1 1 1 1 1 100 1 1 1 1 1 1 1 1 1 1 1 1 1 1 1 1 1 1 1 1 1 1 1 1 1 1 1 1 1 1 1 1 1 1 1 1 1 1 1 1 1 1 1 100 1 1 1 1 1 1 1 1 1 1 1 1 1 1 1 1 1 1 1 1 1 1 100 1 1 16 15 16 1 16 1 15 10 12 16 15 10 100 12 1 1 1 1 100 1 1 1 100 1 1 100 1 100 1 1
ciInstanceKlass java/lang/reflect/Constructor 1 1 437 10 7 12 1 1 1 10 7 12 1 1 9 7 12 1 1 1 9 12 1 1 10 12 1 1 10 12 1 1 10 12 1 1 10 7 12 1 1 10 7 12 1 1 1 9 12 1 1 9 12 1 1 9 12 1 9 12 1 1 9 12 1 9 12 1 1 9 12 1 1 9 12 1 100 1 8 1 10 12 1 10 12 1 9 12 1 1 10 7 12 1 1 1 10 12 1 1 10 12 1 1 10 12 1 7 1 100 1 8 1 10 10 12 1 10 12 1 10 12 1 1 9 100 12 1 1 1 10 7 12 1 1 10 12 1 1 10 12 1 10 12 1 1 10 7 12 1 1 1 10 100 12 1 1 10 12 1 1 10 12 1 10 100 12 1 1 1 8 1 10 10 12 1 100 1 8 1 10 12 1 10 12 1 1 10 12 1 1 10 12 1 10 12 1 10 12 1 1 10 12 1 1 9 12 1 1 10 12 1 1 10 12 1 1 10 12 1 1 11 7 12 1 1 1 10 12 1 1 10 12 1 10 12 1 10 12 1 8 1 9 12 1 1 10 7 12 1 1 1 10 7 12 1 1 10 12 1 1 10 12 1 1 10 12 1 1 10 12 1 1 10 12 1 9 100 12 1 1 10 12 1 10 12 1 10 12 1 100 1 8 1 10 10 12 1 1 10 12 1 10 10 12 1 1 10 12 1 1 10 100 12 1 1 1 11 100 12 1 1 1 10 12 1 1 9 100 12 1 1 1 10 100 12 1 1 1 10 12 1 1 1 1 1 1 1 1 1 1 1 1 1 1 1 1 1 1 1 1 1 1 1 1 1 1 1 1 1 1 1 1 1 1 1 1 1 1 1 1 1 1 1 1 1 1 1 1 1 1 1 1 1 1 1 1 100 1 100 1 100 1 100 1 1 1 1 1 1 1 1 1 1 1 1 1 1 1 1 1 1 1 1 1 1 1 1 1 1 1 1 1 1 1 1 100 1 1
ciInstanceKlass java/lang/reflect/Field 1 1 829 9 7 12 1 1 1 10 12 1 1 10 7 12 1 1 1 10 7 12 1 1 9 12 1 1 9 12 1 1 10 12 1 1 10 12 1 1 10 12 1 1 10 7 12 1 1 10 7 12 1 1 1 9 12 1 1 9 12 1 9 12 1 9 12 1 1 9 12 1 1 9 12 1 9 12 1 1 100 1 8 1 10 12 1 10 12 1 9 12 1 1 9 12 1 10 7 12 1 1 10 12 1 1 10 12 1 1 10 12 1 9 12 1 1 10 12 1 1 9 100 12 1 1 1 10 7 12 1 1 1 7 1 10 12 1 1 10 12 1 1 10 12 1 10 12 1 10 7 1 10 7 12 1 1 7 1 10 8 1 10 12 1 1 10 12 1 1 8 1 10 12 10 12 1 8 1 8 1 10 11 100 1 9 12 1 10 12 1 1 10 12 1 1 11 7 12 1 1 1 10 12 1 11 12 1 1 11 12 1 1 11 12 1 1 11 12 1 1 11 12 1 1 11 12 1 1 11 12 1 1 11 12 1 1 11 12 1 1 10 12 1 18 12 1 1 10 12 1 1 11 12 1 1 18 12 1 11 12 1 1 18 12 1 11 12 1 1 18 12 1 11 12 1 1 18 12 1 11 12 1 1 18 12 1 11 12 1 1 18 12 1 11 12 1 1 18 12 1 11 12 1 1 18 12 1 10 12 1 10 7 12 1 1 10 12 1 10 12 1 10 12 1 10 12 1 1 10 12 1 1 10 12 1 10 7 12 1 1 10 12 1 1 11 7 1 10 12 1 7 1 10 100 12 1 1 1 10 7 12 1 1 1 9 12 1 10 7 12 1 1 1 11 7 12 1 1 1 10 12 1 1 10 12 1 1 9 7 12 1 1 10 7 12 1 1 1 10 12 1 1 10 12 1 1 11 100 12 1 10 12 1 10 12 1 10 12 1 9 12 1 100 1 10 10 12 1 1 7 1 10 12 1 1 10 10 12 1 1 10 12 1 1 10 100 12 1 1 1 9 100 12 1 1 1 10 12 1 1 10 7 12 1 1 1 10 12 1 9 12 1 10 12 1 10 12 1 10 7 12 1 1 10 8 1 10 100 12 1 1 1 8 1 10 100 12 1 1 1 9 12 1 10 9 100 12 1 1 1 10 100 12 1 1 1 18 12 1 1 10 12 1 1 10 12 1 1 10 100 12 1 1 1 10 12 1 1 10 12 1 10 12 1 10 10 12 1 1 10 12 1 10 100 12 1 1 1 10 100 12 1 1 10 12 1 8 1 10 12 1 1 10 100 12 1 1 1 10 100 12 1 1 1 8 1 8 1 8 1 8 1 8 1 8 1 10 12 1 1 8 1 8 1 8 1 10 12 1 8 1 8 1 10 12 1 8 1 8 1 8 1 8 1 8 1 10 12 1 1 10 100 12 1 1 8 1 10 12 1 100 1 1 1 1 1 1 1 1 1 1 1 1 1 1 1 1 1 1 1 1 1 1 1 1 1 1 1 1 1 1 1 1 1 1 1 1 1 1 1 1 1 1 1 1 1 1 1 1 1 1 1 1 1 1 1 1 1 1 1 1 1 1 1 1 1 1 1 1 1 1 100 1 1 1 1 1 1 1 1 1 1 1 1 1 1 1 1 1 1 1 1 1 1 1 1 1 1 100 1 1 1 1 1 1 1 1 1 1 1 1 1 1 1 1 1 1 1 1 1 1 1 1 1 1 1 1 1 1 1 1 16 15 10 12 15 10 12 15 10 12 15 10 12 15 10 12 15 10 12 15 10 12 15 10 12 15 10 12 16 15 10 12 16 1 15 10 7 12 1 1 1 1 100 1 1 1 100 1 1 1 1 100 1 1 100 1 100 1 1
staticfield java/lang/reflect/Field $assertionsDisabled Z 1
ciInstanceKlass java/lang/reflect/Parameter 1 1 253 10 7 12 1 1 1 9 7 12 1 1 1 9 12 1 1 9 12 1 1 9 12 1 10 12 1 1 10 12 1 1 100 1 10 10 12 1 1 11 100 12 1 1 1 10 12 1 10 100 12 1 1 1 10 12 1 1 10 12 1 10 12 1 1 8 1 8 1 10 100 12 1 1 1 10 12 1 10 12 9 100 12 1 1 1 9 100 12 1 1 1 10 12 1 1 10 100 12 1 1 1 10 100 12 1 1 1 10 12 1 8 1 10 12 1 9 12 1 1 10 12 1 1 9 12 1 1 10 12 1 1 10 12 1 1 10 12 1 1 10 12 1 10 10 12 1 10 100 12 1 1 1 10 12 1 1 11 100 12 1 1 10 100 12 1 1 100 1 10 100 12 1 1 1 10 12 1 1 10 12 1 1 10 12 1 1 10 12 1 1 9 12 1 100 1 10 11 12 1 11 12 1 1 100 1 1 1 1 1 1 1 1 1 1 1 1 1 1 1 1 1 1 1 1 1 1 1 1 1 1 1 1 1 1 1 1 1 1 1 1 1 1 1 100 1 1 1 1 1 100 1 1
ciInstanceKlass java/lang/reflect/RecordComponent 0 0 196 10 100 12 1 1 1 9 100 12 1 1 1 9 12 1 1 9 12 1 10 12 1 1 10 12 1 1 10 100 12 1 1 1 10 12 1 1 9 12 1 1 10 12 1 1 10 12 1 1 10 12 1 10 100 12 1 1 10 100 12 1 1 9 12 1 1 10 100 12 1 1 1 11 100 12 1 1 1 10 9 100 12 1 1 1 10 100 12 1 1 1 9 12 1 1 10 100 12 1 1 1 10 12 1 1 11 100 12 1 1 10 100 12 1 1 100 1 9 12 1 9 12 1 1 9 12 1 10 100 12 1 1 1 10 12 1 1 10 12 1 1 100 1 10 10 12 1 10 12 1 1 8 1 10 12 1 10 12 1 9 12 1 100 1 1 1 1 1 1 1 1 1 1 1 1 1 1 1 1 1 1 1 1 1 1 100 1 1 1 1 1 1 100 1 1
ciInstanceKlass java/lang/StringBuffer 1 1 487 10 7 12 1 1 1 10 12 1 10 12 1 10 12 1 1 9 7 12 1 1 1 10 12 1 1 10 12 1 10 12 1 1 9 12 1 1 10 12 1 10 12 1 1 10 12 1 1 10 12 1 10 12 1 1 10 12 1 10 12 1 1 10 12 1 1 10 7 12 1 1 1 10 12 1 1 10 12 1 10 12 1 10 12 1 10 12 1 10 12 1 10 12 1 10 12 1 10 12 1 10 12 1 10 12 1 10 12 1 10 12 1 10 12 1 10 12 1 1 10 12 1 10 12 1 1 10 12 1 1 10 10 12 1 1 10 12 1 10 12 1 10 12 1 10 12 1 10 12 1 10 12 1 10 12 10 12 1 10 12 1 10 12 1 10 12 1 1 10 12 1 10 12 1 10 10 12 1 1 10 12 1 10 12 1 10 12 1 8 1 10 12 1 10 10 100 12 1 1 1 10 10 12 1 1 9 12 1 1 10 100 12 1 1 10 100 1 8 10 100 12 1 1 1 8 10 12 1 8 1 10 12 1 10 12 1 10 100 12 1 1 1 10 100 12 1 1 1 7 1 10 12 100 1 8 1 10 10 12 1 1 10 12 1 1 10 12 1 10 12 1 10 12 1 1 10 12 1 10 12 1 10 12 1 10 12 1 10 12 1 10 12 10 12 1 10 12 1 10 12 1 10 12 1 10 12 1 10 12 1 10 12 1 10 12 1 10 12 1 10 12 1 10 12 10 12 10 12 1 10 12 1 10 12 1 10 12 10 12 1 10 12 1 10 12 1 10 12 1 10 12 1 10 12 1 10 12 1 10 12 1 10 12 1 10 12 1 10 12 1 7 1 10 12 1 9 7 12 1 1 1 9 7 1 9 12 1 1 100 1 100 1 100 1 100 1 1 1 1 5 0 1 1 1 1 1 1 1 1 1 1 1 1 1 1 1 1 1 1 1 1 1 1 1 1 1 1 1 1 1 1 1 1 1 1 1 1 1 1 1 1 1 1 1 1 1 1 1 1 1 1 1 1 1 1 1 1 1 1 1 1 100 1 1 1 1 1 100 1 1 1 1 1 1 1 1 1 1 1 1 1 1 1 1 1 1
staticfield java/lang/StringBuffer serialPersistentFields [Ljava/io/ObjectStreamField; 3 [Ljava/io/ObjectStreamField;
instanceKlass java/lang/StringBuilder
instanceKlass java/lang/StringBuffer
ciInstanceKlass java/lang/AbstractStringBuilder 1 1 653 7 1 10 7 12 1 1 1 9 7 12 1 1 1 9 12 1 9 12 1 1 9 12 1 1 10 7 12 1 1 1 10 12 1 1 100 1 3 3 10 12 1 10 12 1 1 10 12 1 1 11 7 1 100 1 100 1 10 8 1 10 12 1 10 12 1 10 12 1 1 10 12 1 10 12 1 9 12 1 10 12 1 9 12 1 1 10 7 12 1 1 1 10 10 12 1 10 12 1 10 12 1 1 9 12 1 100 1 8 1 10 12 1 10 12 1 1 8 1 10 7 12 1 1 1 10 12 1 1 8 1 10 7 12 1 1 1 100 1 8 1 10 100 1 10 12 1 10 12 1 1 10 7 12 1 1 1 10 12 1 1 10 12 1 1 10 12 1 1 10 12 1 1 10 7 12 1 1 1 10 12 1 100 1 10 10 100 12 1 1 1 9 12 1 1 9 12 1 10 12 1 1 10 10 12 1 1 10 12 1 1 10 12 1 1 10 12 1 1 10 12 1 1 10 12 1 1 10 12 1 1 10 12 1 10 10 10 12 1 10 12 1 1 10 8 1 10 12 1 1 10 12 1 10 12 1 10 12 1 10 10 7 12 1 1 1 10 12 1 1 10 12 1 10 12 1 10 12 1 10 12 100 1 9 12 1 1 9 12 1 10 12 1 1 100 1 9 12 1 9 12 10 12 1 10 12 1 1 10 12 1 1 10 12 1 10 12 1 1 10 12 1 10 12 1 1 10 12 1 1 10 10 7 12 1 1 1 10 12 1 10 12 1 10 12 1 1 10 12 1 10 12 1 1 10 12 1 10 12 1 10 12 1 10 12 1 10 12 1 10 12 1 10 12 1 10 12 1 1 10 12 1 10 12 1 10 12 10 12 1 1 18 12 1 1 100 1 10 100 12 1 1 1 18 10 12 1 1 10 12 1 1 10 12 1 10 12 1 10 12 1 1 10 12 1 10 12 1 1 11 12 1 1 10 12 1 10 12 1 1 10 12 1 10 12 1 10 12 1 10 100 1 8 1 10 10 12 1 1 10 100 12 1 1 1 10 12 1 10 12 1 1 100 1 10 12 100 1 10 100 1 10 10 7 12 1 1 100 1 1 1 1 1 1 1 1 1 1 1 100 1 1 1 1 1 1 1 1 1 1 1 1 1 1 1 1 1 1 1 1 1 1 1 1 1 1 1 1 1 1 1 1 1 1 1 1 1 1 1 1 1 1 1 1 1 1 1 1 1 1 1 1 100 1 1 1 1 1 1 1 1 1 1 1 1 1 1 1 1 1 1 1 1 1 1 1 1 1 1 1 1 1 1 1 1 1 1 1 1 1 1 1 1 1 1 1 1 1 1 1 1 1 1 1 1 1 1 1 1 1 100 1 1 1 1 1 1 100 1 1 1 1 1 1 100 1 1 16 1 15 10 12 16 15 10 12 15 10 100 12 1 1 1 1 1 1 1 100 1 100 1 1
staticfield java/lang/AbstractStringBuilder EMPTYVALUE [B 0
staticfield java/lang/AbstractStringBuilder $assertionsDisabled Z 1
ciInstanceKlass java/lang/StringBuilder 1 1 425 10 7 12 1 1 1 10 12 1 10 12 1 10 12 1 1 10 7 12 1 1 1 10 7 12 1 1 1 10 12 1 10 12 1 10 12 1 10 12 1 10 12 1 10 12 1 10 12 1 10 12 1 10 12 1 10 12 1 10 12 1 10 12 1 10 12 1 10 12 1 1 10 12 1 10 12 1 1 10 12 1 1 10 12 1 10 12 1 10 12 1 10 12 1 10 12 1 10 12 1 10 12 1 10 12 10 12 1 10 12 1 10 12 1 10 12 1 1 10 12 1 10 12 1 10 12 10 12 1 1 10 12 1 10 12 1 10 12 1 1 8 1 10 12 1 10 100 12 1 1 1 9 12 1 1 10 12 1 10 12 1 10 12 1 1 9 12 1 1 10 100 12 1 1 1 10 100 1 10 12 1 1 10 100 12 1 1 10 12 1 10 12 1 1 100 1 100 1 8 1 10 10 12 1 1 10 12 1 10 12 1 10 12 1 1 10 12 1 10 12 1 10 12 1 10 12 1 10 12 1 10 12 10 12 1 10 12 1 10 12 1 10 12 1 10 12 1 10 12 1 10 12 1 10 12 1 10 12 1 1 10 12 1 1 10 12 1 10 12 1 10 12 1 10 12 10 12 10 12 1 10 12 1 10 12 1 10 12 10 12 1 10 12 1 10 12 1 10 12 1 10 12 1 10 12 1 10 12 1 10 12 1 10 12 1 1 10 12 1 10 12 1 1 10 12 1 10 12 1 1 10 12 1 10 12 1 1 10 12 1 10 12 1 10 12 1 10 10 10 12 1 100 1 100 1 100 1 100 1 1 1 1 5 0 1 1 1 1 1 1 1 1 1 1 1 1 1 1 1 1 1 1 1 1 1 1 1 1 1 1 1 1 1 1 1 1 1 1 1 1 1 1 1 1 1 1 1 1 100 1 1 1 100 1 1 1 1 1 1 1 1 1 1 1
ciMethod java/lang/StringBuilder toString ()Ljava/lang/String; 108 0 101059 0 -1
ciMethod java/lang/StringBuilder <init> ()V 104 0 74380 0 -1
ciMethod java/lang/StringBuilder append (Ljava/lang/Object;)Ljava/lang/StringBuilder; 158 0 941 0 -1
ciMethod java/lang/StringBuilder append (Ljava/lang/String;)Ljava/lang/StringBuilder; 304 0 229619 0 -1
ciInstanceKlass java/security/CodeSource 1 1 396 10 7 12 1 1 1 9 7 12 1 1 1 9 12 1 1 9 12 1 1 9 12 1 1 10 7 12 1 1 1 9 12 1 1 10 100 12 1 1 10 100 10 100 12 1 1 1 10 12 1 1 10 12 1 1 100 1 10 10 100 12 1 1 1 10 100 12 1 1 1 10 12 1 1 100 1 10 12 1 1 10 12 1 1 10 12 1 1 10 12 1 10 10 100 1 10 12 1 1 10 100 12 1 1 1 10 12 1 1 10 12 1 10 12 1 8 1 10 12 1 10 12 1 10 12 1 1 10 12 1 8 1 10 12 1 1 10 100 1 10 10 12 1 1 8 1 10 12 1 10 12 1 10 12 1 8 1 8 1 9 12 1 1 100 1 8 1 10 12 1 10 12 1 1 8 1 10 12 1 8 1 8 1 8 1 10 100 12 1 1 10 12 1 1 10 12 1 10 12 1 1 10 12 1 1 10 12 1 1 100 1 100 1 10 12 1 10 12 10 12 1 1 10 100 12 1 1 10 12 1 100 1 10 12 10 100 12 1 1 1 10 8 1 10 12 1 10 12 1 1 100 1 10 12 1 1 100 1 100 1 8 1 8 1 10 10 12 1 1 10 100 12 1 1 1 100 1 10 12 10 12 1 1 11 100 12 1 1 10 10 12 1 11 10 12 1 8 1 100 1 10 12 1 10 12 1 1 10 12 1 11 12 1 1 100 1 1 1 1 5 0 1 1 1 1 1 1 1 1 1 1 1 1 1 1 1 1 1 1 1 1 1 1 1 1 1 1 1 1 1 1 1 1 1 1 1 1 1 1 1 1 1 1 1 1 1 1 1 1 1 1 1 1 1 1 1 1 1 1 1 1 1 1 1 1 1 1 100 1 1 1 1 1 1 1
ciInstanceKlass java/security/ProtectionDomain 1 1 141 10 7 12 1 1 1 9 7 12 1 1 1 9 12 1 1 9 12 1 1 10 7 12 1 1 7 1 9 12 1 9 12 1 1 7 1 9 12 1 1 9 12 1 10 100 12 1 1 10 100 12 1 1 1 10 12 1 1 10 12 1 8 1 100 1 8 1 10 12 1 10 11 12 1 1 10 100 12 1 1 1 10 12 1 1 8 1 11 8 1 10 12 1 8 1 8 1 8 1 10 12 1 8 1 8 1 1 1 1 1 1 1 1 100 1 1 100 1 1 1 1 1 1 1 1 1 1 1 1 1 1 1 1 1 1 1 100 1 1 1
instanceKlass jdk/internal/loader/Loader
instanceKlass java/net/URLClassLoader
instanceKlass jdk/internal/loader/BuiltinClassLoader
ciInstanceKlass java/security/SecureClassLoader 1 1 171 10 7 12 1 1 1 7 1 10 12 1 9 7 12 1 1 1 10 12 1 10 12 1 10 12 1 1 10 12 1 1 10 12 1 7 1 10 7 1 10 12 1 7 1 10 12 1 11 7 12 1 1 1 7 1 10 100 12 1 1 1 11 12 1 1 11 100 12 1 1 1 11 100 12 1 1 11 12 1 1 9 12 1 1 10 100 12 1 1 1 11 12 1 1 8 1 10 100 12 1 1 1 9 12 1 1 100 1 10 8 1 10 12 1 1 10 12 1 8 1 10 12 1 1 10 100 12 1 1 1 11 12 1 10 12 1 1 1 1 1 1 1 1 1 1 1 1 1 1 1 1 1 1 1 1 1 1 1 1 1 1 1 1 1 1 1 1 1 1 1
ciInstanceKlass java/net/URL 1 1 772 10 7 12 1 1 1 10 12 1 10 7 12 1 1 9 12 1 1 9 12 1 10 12 1 1 9 12 1 1 10 7 12 1 1 1 8 1 10 12 1 1 100 1 10 10 12 1 1 8 1 10 12 1 1 9 12 1 100 1 8 1 10 12 1 10 12 1 8 1 9 12 1 10 12 1 1 9 12 1 10 12 1 10 12 1 9 12 1 9 12 1 8 1 9 12 1 10 12 1 1 8 1 9 12 1 1 10 12 1 1 10 7 12 1 1 1 8 1 10 12 1 7 1 10 12 1 10 12 1 10 12 1 10 12 1 1 10 12 1 1 8 1 10 12 1 1 10 12 1 8 1 9 12 1 8 1 10 12 1 10 7 12 1 1 1 100 1 10 12 1 10 12 1 1 10 7 12 1 1 1 100 1 8 1 10 10 12 1 8 1 10 12 1 1 10 12 1 10 12 1 10 12 1 10 12 1 10 12 1 10 12 1 8 1 10 12 1 8 1 10 10 100 1 10 10 12 1 8 1 10 7 12 1 1 1 10 12 1 9 12 1 1 10 12 1 10 100 12 1 1 1 100 1 10 12 1 10 12 1 10 12 1 10 12 1 10 12 1 10 12 10 10 12 1 8 1 100 1 10 100 12 1 1 1 10 12 1 1 10 12 1 10 12 1 1 8 1 9 100 12 1 1 1 10 100 12 1 1 1 10 12 1 10 12 1 10 7 12 1 1 1 10 12 1 1 10 12 1 9 12 1 1 9 12 1 1 100 1 8 1 10 9 12 1 1 10 7 12 1 1 8 1 10 7 12 1 1 8 1 10 12 1 1 10 12 1 8 1 8 1 10 7 12 1 1 1 100 1 10 7 12 1 1 1 10 12 1 10 12 1 9 12 1 1 10 7 12 1 1 8 1 10 7 12 1 1 1 10 12 1 1 18 12 1 1 10 7 12 1 1 8 9 100 12 1 1 1 10 12 1 1 10 12 1 10 12 1 1 10 7 12 1 1 11 7 12 1 1 10 12 1 10 12 1 9 12 1 10 12 1 1 10 100 12 1 1 10 100 12 1 1 1 8 10 100 12 1 1 100 1 10 8 8 10 12 1 8 8 8 100 1 10 12 1 9 12 1 1 10 12 1 10 12 1 1 10 12 1 10 12 10 12 1 1 10 12 1 1 10 10 10 12 1 10 12 1 10 12 1 10 12 1 10 12 1 10 10 12 1 100 1 8 1 10 10 10 12 1 1 10 12 1 10 12 1 1 8 1 7 1 10 7 12 1 1 1 10 12 1 1 11 7 12 1 1 11 12 1 10 7 1 10 10 12 1 10 7 1 10 12 1 9 7 12 1 1 1 9 12 1 1 7 1 10 10 7 12 1 1 1 100 1 1 1 1 1 5 0 1 1 1 1 1 1 1 1 1 1 1 1 1 1 1 1 1 1 1 1 1 1 1 1 1 1 1 1 1 1 1 1 1 1 1 1 1 1 1 1 1 1 1 1 1 1 1 100 1 1 1 1 1 1 1 1 1 1 1 1 1 1 1 1 1 1 1 1 1 1 1 1 1 1 1 1 1 1 1 1 1 1 1 1 100 1 1 1 1 1 1 1 1 1 1 1 1 1 100 1 1 1 1 1 1 1 1 1 1 1 1 1 1 1 1 1 1 1 1 100 1 1 1 1 1 1 1 16 15 10 12 16 1 15 10 7 12 1 1 1 1 1 1 100 1 1 1 1 100 1 100 1 1
staticfield java/net/URL defaultFactory Ljava/net/URLStreamHandlerFactory; java/net/URL$DefaultFactory
staticfield java/net/URL IN_LOOKUP Ljava/lang/ScopedValue; java/lang/ScopedValue
staticfield java/net/URL handlers Ljava/util/Hashtable; java/util/Hashtable
staticfield java/net/URL streamHandlerLock Ljava/lang/Object; java/lang/Object
staticfield java/net/URL serialPersistentFields [Ljava/io/ObjectStreamField; 7 [Ljava/io/ObjectStreamField;
ciInstanceKlass java/util/jar/Manifest 1 1 320 10 7 12 1 1 1 7 1 10 9 7 12 1 1 1 7 1 10 9 12 1 1 9 12 1 1 10 12 1 10 12 1 1 10 12 1 1 10 12 1 1 10 12 1 1 11 7 1 11 12 1 1 10 12 1 1 10 100 12 1 1 1 100 1 100 1 10 8 1 10 12 1 1 10 12 1 1 10 12 1 10 12 1 11 100 1 10 12 1 10 12 1 1 11 12 1 1 10 12 1 11 12 1 1 11 100 12 1 1 1 11 100 12 1 1 11 12 1 1 100 1 10 12 1 8 1 11 12 1 7 1 10 12 1 1 11 12 1 10 12 1 10 12 1 10 9 7 12 1 1 1 10 12 1 1 10 100 12 1 10 12 1 10 12 1 9 100 12 1 1 1 8 1 10 12 1 8 1 8 1 7 1 10 12 1 10 12 1 10 12 1 1 100 1 8 1 10 12 1 1 8 1 10 10 12 1 1 8 1 10 12 1 1 10 100 12 1 1 1 10 12 1 10 11 12 1 1 10 12 1 1 10 7 12 1 1 1 10 12 1 1 10 12 1 10 12 1 1 11 10 12 1 11 10 12 1 100 1 1 1 1 1 1 1 1 1 1 1 1 1 1 1 1 1 1 1 1 1 1 1 1 1 1 1 1 1 1 1 1 1 1 1 100 1 1 1 1 1 1 1 1 1 1 1 1 1 1 100 1 1 1 1 1 1 1 1 1 1 1
ciInstanceKlass java/io/ByteArrayInputStream 1 1 135 10 7 12 1 1 1 9 7 12 1 1 1 9 12 1 1 9 12 1 9 12 1 10 7 12 1 1 1 10 7 12 1 1 1 10 7 12 1 1 1 10 100 12 1 1 1 10 12 1 1 10 100 12 1 1 1 100 1 100 1 100 1 3 10 100 1 10 100 12 1 1 1 9 12 1 1 100 1 10 10 7 12 1 1 1 1 1 1 1 1 1 1 1 1 1 1 1 1 1 1 1 1 1 1 1 1 1 1 1 1 1 1 1 1 1 1 1 100 1 100 1 1 1 1 1 1 1 1 1 1 1 1 1 1
staticfield java/io/ByteArrayInputStream $assertionsDisabled Z 1
instanceKlass java/nio/IntBuffer
instanceKlass java/nio/CharBuffer
instanceKlass java/nio/LongBuffer
instanceKlass java/nio/ByteBuffer
ciInstanceKlass java/nio/Buffer 1 1 259 100 1 10 7 12 1 1 1 9 7 12 1 1 1 9 12 1 9 12 1 1 9 12 1 9 12 1 1 10 12 1 1 10 12 1 1 10 12 100 1 100 1 10 8 1 10 12 1 1 10 12 1 8 1 8 1 10 12 1 1 10 12 1 8 1 9 12 1 1 100 1 8 1 10 12 1 8 1 8 1 9 12 10 12 1 8 1 8 1 8 1 10 12 1 8 1 8 1 8 1 100 1 10 100 1 10 100 1 10 9 12 1 1 10 7 12 1 1 1 100 1 10 12 1 1 10 12 1 10 100 12 1 1 10 7 12 1 1 1 10 7 12 1 1 1 9 12 1 1 10 7 12 1 1 1 9 12 1 1 7 1 10 10 12 1 1 7 1 10 10 7 12 1 1 1 1 1 3 1 1 1 1 1 1 1 1 1 1 1 1 1 1 100 1 1 1 1 1 1 1 100 1 1 1 1 1 1 1 1 1 1 1 1 1 1 1 1 1 1 1 1 1 1 1 1 1 1 1 1 1 1 1 1 1 1 1 1 1 1 1 1 1 1 100 1 100 1 100 1 100 1 100 1 100 1 100 1 1
staticfield java/nio/Buffer UNSAFE Ljdk/internal/misc/Unsafe; jdk/internal/misc/Unsafe
staticfield java/nio/Buffer SCOPED_MEMORY_ACCESS Ljdk/internal/misc/ScopedMemoryAccess; jdk/internal/misc/ScopedMemoryAccess
staticfield java/nio/Buffer IOOBE_FORMATTER Ljava/util/function/BiFunction; jdk/internal/util/Preconditions$4
staticfield java/nio/Buffer $assertionsDisabled Z 1
ciInstanceKlass java/util/function/Function 1 1 77 10 7 12 1 1 1 18 12 1 1 18 18 12 1 11 7 12 1 100 1 1 1 1 1 1 1 1 1 1 1 1 1 1 1 1 1 1 1 1 1 1 1 1 1 1 1 1 1 1 1 1 1 1 16 15 11 12 15 11 12 15 11 12 15 10 7 12 1 1 1 1 100 1 100 1 1
ciInstanceKlass java/lang/AssertionStatusDirectives 0 0 24 10 100 12 1 1 1 100 1 1 1 1 1 1 1 1 1 1 1 1 1 1 1 1
instanceKlass com/sun/tools/javac/jvm/PoolConstant$Dynamic$PoolKey
instanceKlass com/sun/tools/javac/comp/Infer$IncorporationBinaryOpKey
instanceKlass com/sun/tools/javac/tree/JCTree$JCBlock$PatternMatchingCatch
instanceKlass com/sun/tools/javac/code/TypeMetadata$ConstantValue
instanceKlass com/sun/tools/javac/code/TypeMetadata$Annotations
instanceKlass com/sun/tools/javac/code/Symbol$ClassSymbol$PermittedClassWithPos
instanceKlass com/sun/tools/javac/code/LintMapper$Span
instanceKlass com/sun/tools/javac/code/LintMapper$LintRange
instanceKlass jdk/internal/classfile/impl/ClassFileImpl$ClassHierarchyResolverOptionImpl
instanceKlass com/sun/tools/javac/comp/Lower$TypePairs
instanceKlass com/sun/tools/javac/jvm/Gen$PatternMatchingCatchConfiguration
instanceKlass java/util/Formatter$FixedString
instanceKlass java/lang/reflect/Executable$ParameterData
instanceKlass jdk/internal/classfile/impl/AbstractInstruction$SwitchCaseImpl
instanceKlass jdk/internal/classfile/impl/StackCounter$Target
instanceKlass jdk/internal/classfile/impl/StackMapDecoder$StackMapFrameImpl
instanceKlass jdk/internal/classfile/impl/StackMapDecoder$ObjectVerificationTypeInfoImpl
instanceKlass java/lang/reflect/Proxy$ProxyBuilder$ProxyClassContext
instanceKlass java/lang/ClassValue$Version
instanceKlass sun/util/locale/LanguageTag
instanceKlass java/util/stream/Collectors$CollectorImpl
instanceKlass java/lang/invoke/MethodHandles$Lookup$ClassDefiner
instanceKlass jdk/internal/classfile/impl/ClassHierarchyImpl$ClassHierarchyInfoImpl
instanceKlass java/lang/classfile/ClassHierarchyResolver$1Factory
instanceKlass jdk/internal/classfile/impl/RawBytecodeHelper$CodeRange
instanceKlass jdk/internal/classfile/impl/StackMapGenerator$Type
instanceKlass jdk/internal/classfile/impl/Util$1WithCodeMethodHandler
instanceKlass jdk/internal/classfile/impl/DirectCodeBuilder$DeferredLabel
instanceKlass java/lang/invoke/InvokerBytecodeGenerator$ClassData
instanceKlass jdk/internal/classfile/impl/AnnotationImpl
instanceKlass java/security/SecureClassLoader$CodeSourceKey
instanceKlass java/util/zip/ZipFile$EntryPos
instanceKlass sun/nio/fs/WindowsPathParser$Result
instanceKlass jdk/internal/reflect/ReflectionFactory$Config
instanceKlass jdk/internal/foreign/abi/UpcallLinker$CallRegs
instanceKlass jdk/internal/foreign/abi/VMStorage
ciInstanceKlass java/lang/Record 1 1 22 10 7 12 1 1 1 100 1 1 1 1 1 1 1 1 1 1 1 1 1 1
ciInstanceKlass java/util/concurrent/ConcurrentHashMap 1 1 1225 100 1 7 1 10 7 12 1 1 1 10 12 1 1 9 12 1 1 3 10 7 12 1 1 1 3 100 1 10 7 12 1 1 1 100 1 10 100 12 1 1 1 100 1 11 12 1 1 11 12 1 11 12 1 1 9 12 1 1 9 12 1 9 12 1 1 10 7 12 1 1 1 7 1 10 12 1 1 10 12 1 1 10 7 12 1 1 1 4 10 12 1 11 7 12 1 1 10 12 1 10 12 1 1 100 1 10 5 0 10 12 1 9 12 1 10 12 1 1 5 0 10 12 1 10 12 1 9 12 1 1 10 12 1 1 9 12 1 9 12 1 1 10 12 1 1 9 12 1 10 12 1 1 9 12 1 1 10 12 1 1 100 1 10 100 1 10 12 1 10 12 1 1 10 12 1 1 10 12 1 1 10 12 1 10 12 1 1 10 12 1 1 100 1 10 12 1 1 7 1 100 1 8 1 10 12 1 10 12 1 1 10 12 1 1 10 10 12 1 11 12 1 1 11 7 12 1 1 1 11 7 12 1 1 1 11 12 1 7 1 11 12 1 11 12 1 10 12 1 1 10 12 1 1 9 12 1 1 10 100 12 1 1 1 9 10 12 1 1 9 12 1 10 12 1 1 5 0 9 12 1 1 7 1 10 12 1 9 12 1 1 7 1 10 12 1 9 12 1 7 1 10 100 1 10 10 12 1 1 8 1 10 12 1 10 12 1 1 11 100 1 100 1 10 12 1 10 100 12 1 1 1 8 1 10 100 12 1 1 1 8 1 10 12 1 8 1 10 12 1 10 12 1 1 10 100 12 1 1 10 12 1 10 12 1 10 12 1 9 12 1 9 10 12 1 9 12 1 11 100 12 1 1 1 11 7 12 1 1 1 100 1 10 12 11 100 12 1 1 10 11 7 12 1 10 12 1 100 1 10 12 1 100 1 10 10 9 7 12 1 1 1 3 10 100 12 1 1 9 12 1 10 12 1 1 9 12 1 1 9 12 1 10 12 1 1 10 100 12 1 1 9 12 1 9 7 12 1 1 10 12 1 1 10 12 1 3 9 12 1 9 12 1 10 12 1 1 7 1 9 3 100 1 10 12 1 9 12 1 10 12 1 9 12 1 10 12 1 9 12 1 10 100 12 1 1 1 100 10 12 1 100 1 5 0 10 100 12 1 1 100 1 10 12 1 1 10 12 1 10 12 1 100 1 10 12 1 10 100 1 100 1 10 10 12 1 10 100 1 10 12 1 10 100 1 10 12 1 10 100 1 10 12 1 1 100 1 10 12 1 10 10 12 1 100 1 10 12 1 10 10 12 1 100 1 10 12 1 10 100 1 10 12 1 10 100 1 10 12 1 10 100 1 10 12 1 10 100 1 10 12 1 10 100 1 10 12 1 10 100 1 10 12 1 10 100 1 10 12 1 10 100 1 10 10 100 1 10 10 100 1 10 10 100 1 10 12 1 10 100 1 10 12 1 10 100 1 10 12 1 10 100 1 10 12 1 10 100 1 10 12 1 10 100 1 10 10 100 1 10 10 100 1 10 10 100 1 10 12 1 10 100 1 10 12 1 10 100 1 10 12 1 10 100 1 10 12 1 10 100 1 10 12 1 10 10 12 1 10 12 1 7 1 7 1 10 12 1 9 12 1 1 9 12 1 1 10 12 1 1 8 10 12 1 1 8 8 8 8 7 10 12 1 1 10 12 1 1 100 1 8 1 10 7 1 100 1 100 1 1 1 5 0 1 1 3 1 3 1 1 1 1 3 1 3 1 3 1 1 1 1 1 3 1 3 1 3 1 1 1 1 1 1 1 1 1 1 1 1 1 1 1 1 1 1 1 1 1 1 1 1 1 1 1 1 100 1 1 1 1 1 1 1 1 1 1 1 1 1 1 1 1 1 1 1 1 1 1 1 1 1 1 1 1 1 1 1 1 1 1 1 1 1 1 1 1 1 1 1 1 1 1 1 1 1 1 1 1 1 1 1 1 1 1 1 1 1 1 1 1 1 1 1 1 1 1 1 1 1 1 1 100 1 1 1 1 1 1 1 1 1 1 100 1 1 1 1 1 1 1 1 1 1 1 100 1 1 1 1 1 1 1 1 1 1 1 1 1 1 1 1 1 1 1 1 1 1 1 1 1 1 1 1 1 1 1 1 1 1 1 1 1 1 1 1 1 1 1 1 1 1 1 1 1 1 1 1 1 1 1 1 1 1 1 1 1 1 1 1 1 1 1 1 1 1 1 1 1 1 1 1 1 1 1 1 1 1 1 1 1 1 1 1 1 1 1 1 1 1 1 1 1 1 1 1 1 1 1 1 1 1 1 1 1 1 1 1 1 1 1 1 1 1 1 1 1 1 1 1 1 1 1 1 1 1 1 1 1 1 1 1 1 1 1 1 1 1 1 1 1 1 1 1 1 1 1 1 1 1 1 1 1 1 1 1 1 1 1 1 1 1 1 1 1 1 1 1 1 1 1 1 1 1 1 1 1 1 1 1 1 1 1 1 1 1 1 1 1 1 1 1 1 1 1 1 1 1 1 1 1 1 1 1 1 1 1 1 1 1 1 1 1 1 1 1 1 1 1 1 100 1 100 1 100 1 100 1 100 1 100 1 100 1 100 1 100 1 1 1 1 1 1 1 1 1 1 1 1 1 1 1 1 1 1 1 1 1 1 1 1 1 1 1 1 1 1 1 1 1 1 1 1 1 1 1 1 1 1 1 1 1 1 1 1 1 1 1 1 1 1 1 1 1 1
staticfield java/util/concurrent/ConcurrentHashMap serialPersistentFields [Ljava/io/ObjectStreamField; 3 [Ljava/io/ObjectStreamField;
staticfield java/util/concurrent/ConcurrentHashMap U Ljdk/internal/misc/Unsafe; jdk/internal/misc/Unsafe
staticfield java/util/concurrent/ConcurrentHashMap SIZECTL J 44
staticfield java/util/concurrent/ConcurrentHashMap TRANSFERINDEX J 56
staticfield java/util/concurrent/ConcurrentHashMap BASECOUNT J 48
staticfield java/util/concurrent/ConcurrentHashMap CELLSBUSY J 60
staticfield java/util/concurrent/ConcurrentHashMap CELLVALUE J 144
staticfield java/util/concurrent/ConcurrentHashMap ABASE J 16
staticfield java/util/concurrent/ConcurrentHashMap ASHIFT I 2
instanceKlass org/apache/maven/project/DefaultProjectBuilder$1
instanceKlass java/util/Collections$SingletonMap
instanceKlass org/eclipse/sisu/wire/EntryMapAdapter
instanceKlass com/google/common/collect/Maps$ViewCachingAbstractMap
instanceKlass com/google/common/collect/MapMakerInternalMap
instanceKlass org/eclipse/sisu/wire/MergedProperties
instanceKlass com/google/common/cache/LocalCache
instanceKlass java/util/EnumMap
instanceKlass java/util/TreeMap
instanceKlass java/util/IdentityHashMap
instanceKlass java/util/WeakHashMap
instanceKlass java/util/Collections$EmptyMap
instanceKlass sun/util/PreHashedMap
instanceKlass java/util/HashMap
instanceKlass java/util/ImmutableCollections$AbstractImmutableMap
instanceKlass java/util/concurrent/ConcurrentHashMap
ciInstanceKlass java/util/AbstractMap 1 1 200 10 7 12 1 1 1 10 7 12 1 1 1 11 7 12 1 1 1 10 11 12 1 1 11 7 12 1 1 1 11 12 1 1 7 1 11 12 1 10 12 1 1 11 12 1 100 1 10 11 12 1 11 7 1 10 12 1 1 11 12 1 9 12 1 1 7 1 10 12 1 9 12 1 1 7 1 10 11 11 12 1 1 11 12 1 100 1 100 1 11 12 1 8 1 100 1 10 10 12 1 1 8 1 10 12 1 10 12 1 1 10 12 1 1 1 1 1 1 1 1 1 1 1 1 1 1 1 1 1 1 1 1 1 1 1 1 1 1 1 1 1 1 1 1 1 1 1 1 1 1 1 1 100 1 1 1 1 1 1 1 100 1 1 1 1 1 1 1 1 1 7 1 1 1 1 1 1 1 1 1 1 1 100 1 100 1 100 1 100 1 100 1 1 1 1 1 1 1 1
ciInstanceKlass java/util/concurrent/ConcurrentMap 1 1 201 11 100 12 1 1 1 10 100 12 1 1 11 12 1 1 11 100 12 1 1 1 11 100 12 1 1 1 11 12 1 1 100 1 11 12 1 11 12 1 100 1 11 100 12 1 1 1 18 12 1 11 12 1 1 11 100 12 1 1 11 12 1 1 11 100 12 1 11 12 1 1 11 12 1 1 100 1 100 1 1 1 1 1 1 1 1 1 1 1 1 1 1 1 1 1 1 1 1 1 1 1 1 1 1 1 1 1 1 1 1 1 1 1 1 1 1 1 1 1 1 1 1 1 1 1 1 1 1 1 1 1 1 1 1 1 1 1 1 16 15 11 12 15 10 100 12 1 1 1 1 1 100 1 100 1 1 1 100 1 8 1 1 12 10 1 8 1 1 1 8 1 1 8 1 1 1 8 1 1 1 8 1 1 8 1 8 1 8 1 1 1 8 1 1 8 1 1 1 8 1
ciInstanceKlass java/util/Collection 1 1 115 11 100 12 1 1 1 100 1 11 7 12 1 1 1 10 7 12 1 1 1 11 12 1 1 11 7 12 1 1 1 11 12 1 1 11 100 12 1 1 1 11 12 1 1 10 7 12 1 1 1 11 12 1 10 7 12 1 1 1 100 1 100 1 1 1 1 1 1 1 1 1 1 1 1 1 1 1 1 1 1 1 1 1 1 1 1 1 1 1 1 1 1 1 1 1 1 1 1 1 1 1 1 1 1 1 1 1 1 1 1 1 1 1 1
instanceKlass jdk/internal/loader/ClassLoaders$BootClassLoader
instanceKlass jdk/internal/loader/ClassLoaders$PlatformClassLoader
instanceKlass jdk/internal/loader/ClassLoaders$AppClassLoader
ciInstanceKlass jdk/internal/loader/BuiltinClassLoader 1 1 652 9 7 12 1 1 1 10 7 12 1 1 1 10 7 12 1 1 1 9 12 1 1 9 12 1 1 7 1 10 12 1 9 12 1 10 12 1 9 12 1 10 7 12 1 1 1 10 7 12 1 1 1 10 7 12 1 1 1 11 7 12 1 1 1 100 1 100 1 10 10 12 1 1 8 1 10 12 1 10 12 7 1 10 12 1 10 12 1 1 11 7 12 1 1 1 11 7 12 1 1 1 11 12 1 1 7 1 8 1 8 1 10 9 12 1 1 10 7 12 1 1 11 12 1 1 10 12 1 1 10 12 1 1 10 12 1 1 11 7 12 1 1 1 10 7 12 1 1 100 1 10 7 12 1 1 1 10 7 12 1 1 1 10 12 1 10 12 1 100 1 8 1 10 12 1 1 10 8 1 10 12 1 1 10 12 1 1 10 12 1 1 11 7 12 1 1 11 12 1 7 1 10 11 12 1 1 11 10 12 1 1 7 1 10 12 1 10 7 12 1 10 12 1 11 12 1 1 11 7 1 11 12 1 7 1 10 12 1 1 100 1 100 1 11 12 1 1 10 12 1 10 12 10 12 1 10 7 12 1 1 1 7 1 10 10 12 1 1 10 12 1 1 10 12 1 1 10 12 1 9 12 1 1 100 1 10 10 12 1 1 10 12 1 1 10 12 1 10 12 10 12 1 1 10 12 1 1 10 12 1 1 10 12 1 10 12 1 1 10 12 1 1 10 12 1 10 12 1 1 10 12 1 7 1 10 12 10 7 12 1 1 1 10 12 1 11 12 1 7 1 10 12 1 7 1 100 1 10 12 1 10 12 1 11 12 1 1 10 12 1 1 10 12 1 1 10 12 1 1 10 12 1 1 10 12 1 10 12 1 10 12 1 10 12 1 8 1 10 12 1 1 10 7 12 1 1 10 12 1 100 1 8 1 8 1 10 10 12 1 8 1 8 1 10 7 12 1 1 1 11 7 12 1 1 1 9 7 12 1 1 1 10 7 12 1 1 1 9 12 1 9 12 1 9 12 1 9 12 1 9 12 1 9 12 1 10 7 12 1 1 1 8 1 10 12 1 7 1 10 11 12 1 1 10 12 10 12 1 10 12 1 100 1 10 12 1 10 12 1 11 11 12 1 10 7 12 1 1 10 7 12 1 1 8 1 10 7 12 1 1 10 12 1 1 1 1 1 1 1 1 1 1 1 1 1 1 1 1 1 1 1 1 1 1 1 1 1 1 1 1 1 1 1 1 1 1 1 1 1 1 1 1 1 1 1 1 1 1 1 1 1 1 1 1 1 1 1 100 1 1 1 1 1 1 1 1 1 1 1 1 1 100 1 100 1 1 1 1 1 1 1 1 1 1 1 1 1 1 1 1 1 1 1 1 1 1 1 1 1 1 1 1 1 1 1 1 1 1 1 1 1 1 1 1 1 1 1 1 1 1 1 100 1 1 1 100 1 1 1 1 1
staticfield jdk/internal/loader/BuiltinClassLoader packageToModule Ljava/util/Map; java/util/concurrent/ConcurrentHashMap
staticfield jdk/internal/loader/BuiltinClassLoader $assertionsDisabled Z 1
ciInstanceKlass jdk/internal/loader/ClassLoaders$AppClassLoader 1 1 57 8 1 10 7 12 1 1 1 10 7 12 1 1 1 10 12 1 1 10 7 12 1 1 1 100 1 10 12 1 1 1 1 1 1 1 1 1 1 1 1 1 1 1 1 1 1 1 1 1 1 1 1 7 1 1 1
ciInstanceKlass jdk/internal/loader/ClassLoaders$PlatformClassLoader 1 1 42 8 1 10 7 12 1 1 1 10 7 12 1 1 1 100 1 10 12 1 100 1 1 1 1 1 1 1 1 1 1 1 1 1 1 100 1 1 1 100 1 1
ciInstanceKlass java/lang/ArithmeticException 1 1 26 10 100 12 1 1 1 10 12 1 100 1 1 1 1 5 0 1 1 1 1 1 1 1 1 1
instanceKlass lombok/javac/handlers/HandleDelegate$CantMakeDelegates
instanceKlass lombok/javac/JavacResolution$TypeNotConvertibleException
instanceKlass com/sun/tools/javac/parser/ReferenceParser$ParseException
instanceKlass com/sun/tools/javac/jvm/JNIWriter$TypeSignature$SignatureException
instanceKlass com/sun/tools/javac/jvm/ModuleNameReader$BadClassFile
instanceKlass com/sun/tools/javac/util/ByteBuffer$UnderflowException
instanceKlass com/sun/tools/javac/util/InvalidUtfException
instanceKlass com/sun/tools/javac/platform/PlatformProvider$PlatformNotSupported
instanceKlass jdk/javadoc/internal/doclint/DocLint$BadArgs
instanceKlass com/sun/tools/javac/main/Option$InvalidValueException
instanceKlass org/codehaus/plexus/util/cli/CommandLineException
instanceKlass org/codehaus/plexus/compiler/util/scan/InclusionScanException
instanceKlass org/codehaus/plexus/compiler/CompilerException
instanceKlass org/codehaus/plexus/compiler/manager/NoSuchCompilerException
instanceKlass org/codehaus/plexus/interpolation/InterpolationException
instanceKlass org/apache/maven/shared/filtering/MavenFilteringException
instanceKlass sun/nio/fs/WindowsException
instanceKlass org/apache/maven/artifact/DependencyResolutionRequiredException
instanceKlass org/codehaus/plexus/util/introspection/MethodMap$AmbiguousException
instanceKlass java/net/URISyntaxException
instanceKlass org/xml/sax/SAXException
instanceKlass javax/xml/parsers/ParserConfigurationException
instanceKlass org/codehaus/plexus/interpolation/reflection/MethodMap$AmbiguousException
instanceKlass org/sonatype/plexus/components/cipher/PlexusCipherException
instanceKlass org/sonatype/plexus/components/sec/dispatcher/SecDispatcherException
instanceKlass org/apache/maven/model/resolution/UnresolvableModelException
instanceKlass org/apache/maven/model/resolution/InvalidRepositoryException
instanceKlass org/apache/maven/cli/internal/ExtensionResolutionException
instanceKlass org/apache/maven/toolchain/building/ToolchainsBuildingException
instanceKlass org/apache/maven/execution/MavenExecutionRequestPopulationException
instanceKlass org/apache/maven/repository/metadata/MetadataGraphTransformationException
instanceKlass org/apache/maven/settings/building/SettingsBuildingException
instanceKlass org/apache/maven/repository/ArtifactDoesNotExistException
instanceKlass org/apache/maven/repository/ArtifactTransferFailedException
instanceKlass org/apache/maven/configuration/BeanConfigurationException
instanceKlass org/codehaus/plexus/component/composition/CycleDetectedInComponentGraphException
instanceKlass org/codehaus/plexus/component/configurator/expression/ExpressionEvaluationException
instanceKlass org/codehaus/plexus/configuration/PlexusConfigurationException
instanceKlass org/codehaus/plexus/component/configurator/ComponentConfigurationException
instanceKlass org/apache/http/HttpException
instanceKlass org/apache/maven/repository/legacy/resolver/conflict/ConflictResolverNotFoundException
instanceKlass org/apache/maven/lifecycle/internal/builder/BuilderNotFoundException
instanceKlass org/apache/maven/lifecycle/NoGoalSpecifiedException
instanceKlass org/apache/maven/artifact/repository/metadata/RepositoryMetadataReadException
instanceKlass org/apache/maven/artifact/repository/metadata/RepositoryMetadataStoreException
instanceKlass org/codehaus/plexus/component/repository/exception/ComponentLifecycleException
instanceKlass java/security/GeneralSecurityException
instanceKlass org/apache/maven/wagon/WagonException
instanceKlass org/apache/maven/plugin/version/PluginVersionNotFoundException
instanceKlass org/apache/maven/plugin/InvalidPluginException
instanceKlass org/apache/maven/BuildFailureException
instanceKlass org/codehaus/plexus/util/dag/CycleDetectedException
instanceKlass org/apache/maven/MavenExecutionException
instanceKlass org/apache/maven/project/DuplicateProjectException
instanceKlass org/apache/maven/artifact/deployer/ArtifactDeploymentException
instanceKlass org/apache/maven/toolchain/MisconfiguredToolchainException
instanceKlass org/apache/maven/repository/metadata/GraphConflictResolutionException
instanceKlass org/apache/maven/repository/metadata/MetadataResolutionException
instanceKlass org/codehaus/plexus/personality/plexus/lifecycle/phase/InitializationException
instanceKlass org/apache/maven/project/interpolation/ModelInterpolationException
instanceKlass org/apache/maven/project/DependencyResolutionException
instanceKlass org/apache/maven/model/building/ModelBuildingException
instanceKlass org/apache/maven/project/ProjectBuildingException
instanceKlass org/apache/maven/artifact/versioning/InvalidVersionSpecificationException
instanceKlass org/apache/maven/plugin/InvalidPluginDescriptorException
instanceKlass org/apache/maven/plugin/MojoNotFoundException
instanceKlass org/apache/maven/lifecycle/LifecycleNotFoundException
instanceKlass org/apache/maven/plugin/PluginDescriptorParsingException
instanceKlass org/apache/maven/lifecycle/LifecyclePhaseNotFoundException
instanceKlass org/apache/maven/artifact/installer/ArtifactInstallationException
instanceKlass org/apache/maven/repository/legacy/metadata/ArtifactMetadataRetrievalException
instanceKlass org/apache/maven/plugin/PluginConfigurationException
instanceKlass org/apache/maven/lifecycle/MissingProjectException
instanceKlass org/apache/maven/lifecycle/LifecycleExecutionException
instanceKlass org/eclipse/aether/RepositoryException
instanceKlass org/apache/maven/plugin/prefix/NoPluginFoundForPrefixException
instanceKlass org/apache/maven/plugin/PluginManagerException
instanceKlass org/apache/maven/plugin/version/PluginVersionResolutionException
instanceKlass org/apache/maven/plugin/PluginResolutionException
instanceKlass org/apache/maven/artifact/InvalidRepositoryException
instanceKlass org/apache/maven/artifact/repository/metadata/RepositoryMetadataResolutionException
instanceKlass org/apache/maven/artifact/resolver/AbstractArtifactResolutionException
instanceKlass org/apache/maven/plugin/AbstractMojoExecutionException
instanceKlass java/util/concurrent/TimeoutException
instanceKlass com/google/common/collect/RegularImmutableMap$BucketOverflowException
instanceKlass java/util/concurrent/ExecutionException
instanceKlass java/lang/InterruptedException
instanceKlass com/google/inject/internal/ErrorsException
instanceKlass com/google/inject/internal/InternalProvisionException
instanceKlass org/codehaus/plexus/context/ContextException
instanceKlass java/text/ParseException
instanceKlass org/codehaus/plexus/PlexusContainerException
instanceKlass org/codehaus/plexus/component/repository/exception/ComponentLookupException
instanceKlass org/codehaus/plexus/util/xml/pull/XmlPullParserException
instanceKlass java/lang/CloneNotSupportedException
instanceKlass org/apache/commons/cli/ParseException
instanceKlass org/codehaus/plexus/interpolation/InterpolationException
instanceKlass org/apache/maven/cli/MavenCli$ExitException
instanceKlass org/codehaus/plexus/classworlds/launcher/ConfigurationException
instanceKlass java/io/IOException
instanceKlass org/codehaus/plexus/classworlds/ClassWorldException
instanceKlass java/lang/ReflectiveOperationException
instanceKlass java/lang/RuntimeException
ciInstanceKlass java/lang/Exception 1 1 40 10 7 12 1 1 1 10 12 1 10 12 1 10 12 1 10 12 1 100 1 1 1 1 5 0 1 1 1 1 1 1 1 1 1 1 1 1 1 1
ciMethod java/lang/Exception <init> ()V 512 0 843 0 -1
instanceKlass java/lang/MatchException
instanceKlass lombok/core/AnnotationValues$AnnotationValueDecodeFail
instanceKlass java/lang/LayerInstantiationException
instanceKlass javax/lang/model/UnknownEntityException
instanceKlass com/sun/tools/javac/jvm/Gen$CodeSizeOverflow
instanceKlass com/sun/tools/javac/code/Types$AdaptFailure
instanceKlass com/sun/tools/javac/comp/Attr$BreakAttr
instanceKlass com/sun/tools/javac/util/CompilerInternalException
instanceKlass com/sun/tools/javac/jvm/ClassWriter$StringOverflow
instanceKlass com/sun/tools/javac/jvm/ClassWriter$PoolOverflow
instanceKlass com/sun/tools/javac/code/Symbol$CompletionFailure
instanceKlass java/nio/file/FileSystemAlreadyExistsException
instanceKlass java/util/MissingResourceException
instanceKlass java/nio/file/FileSystemNotFoundException
instanceKlass java/nio/file/ProviderNotFoundException
instanceKlass com/sun/tools/javac/util/ClientCodeException
instanceKlass com/sun/tools/javac/util/PropagatedException
instanceKlass org/apache/maven/project/DuplicateArtifactAttachmentException
instanceKlass java/time/DateTimeException
instanceKlass org/eclipse/aether/named/support/LockUpgradeNotSupportedException
instanceKlass java/util/concurrent/StructureViolationException
instanceKlass java/util/ConcurrentModificationException
instanceKlass com/google/inject/internal/aop/GlueException
instanceKlass java/io/UncheckedIOException
instanceKlass org/apache/maven/artifact/InvalidArtifactRTException
instanceKlass com/google/inject/OutOfScopeException
instanceKlass java/lang/annotation/IncompleteAnnotationException
instanceKlass java/lang/reflect/UndeclaredThrowableException
instanceKlass com/google/common/util/concurrent/UncheckedExecutionException
instanceKlass com/google/common/cache/CacheLoader$InvalidCacheLoadException
instanceKlass java/util/NoSuchElementException
instanceKlass com/google/inject/CreationException
instanceKlass com/google/inject/ConfigurationException
instanceKlass com/google/inject/ProvisionException
instanceKlass java/lang/TypeNotPresentException
instanceKlass java/lang/UnsupportedOperationException
instanceKlass java/lang/SecurityException
instanceKlass java/lang/IllegalStateException
instanceKlass java/lang/IllegalArgumentException
instanceKlass java/lang/IndexOutOfBoundsException
instanceKlass java/lang/ArithmeticException
instanceKlass java/lang/NullPointerException
instanceKlass jdk/internal/vm/PreemptedException
instanceKlass java/lang/IllegalCallerException
instanceKlass java/lang/IllegalMonitorStateException
instanceKlass java/lang/ArrayStoreException
instanceKlass java/lang/ClassCastException
ciInstanceKlass java/lang/RuntimeException 1 1 40 10 7 12 1 1 1 10 12 1 10 12 1 10 12 1 10 12 1 100 1 1 1 1 5 0 1 1 1 1 1 1 1 1 1 1 1 1 1 1
ciMethod java/lang/RuntimeException <init> ()V 512 0 464 0 -1
ciInstanceKlass java/lang/ArrayIndexOutOfBoundsException 1 1 45 10 100 12 1 1 1 10 12 1 100 1 10 8 1 10 12 1 1 10 12 1 10 12 1 1 100 1 1 1 1 5 0 1 1 1 1 1 1 1 1 1 1 1 1
ciInstanceKlass java/lang/ArrayStoreException 1 1 26 10 100 12 1 1 1 10 12 1 100 1 1 1 1 5 0 1 1 1 1 1 1 1 1 1
ciInstanceKlass java/lang/ClassCastException 1 1 26 10 100 12 1 1 1 10 12 1 100 1 1 1 1 5 0 1 1 1 1 1 1 1 1 1
ciInstanceKlass java/lang/ClassNotFoundException 1 1 96 7 1 10 7 12 1 1 1 10 12 1 10 12 1 1 10 100 12 1 1 1 8 1 10 100 12 1 1 1 10 7 12 1 1 10 100 12 1 1 1 10 100 12 1 1 1 10 12 1 1 7 1 10 12 1 9 12 1 1 1 1 1 5 0 1 1 1 1 1 1 1 1 1 1 1 1 1 1 1 1 1 1 100 1 1 1 1 1 1 1 1 1 1 1 1
staticfield java/lang/ClassNotFoundException serialPersistentFields [Ljava/io/ObjectStreamField; 1 [Ljava/io/ObjectStreamField;
instanceKlass java/lang/InstantiationException
instanceKlass java/lang/NoSuchFieldException
instanceKlass java/lang/IllegalAccessException
instanceKlass java/lang/NoSuchMethodException
instanceKlass java/lang/reflect/InvocationTargetException
instanceKlass java/lang/ClassNotFoundException
ciInstanceKlass java/lang/ReflectiveOperationException 1 1 34 10 7 12 1 1 1 10 12 1 10 12 1 10 12 1 100 1 1 1 1 5 0 1 1 1 1 1 1 1 1 1 1 1
instanceKlass java/util/regex/PatternSyntaxException
instanceKlass java/nio/file/ProviderMismatchException
instanceKlass java/nio/file/InvalidPathException
instanceKlass java/nio/charset/IllegalCharsetNameException
instanceKlass java/nio/charset/UnsupportedCharsetException
instanceKlass java/lang/NumberFormatException
instanceKlass org/apache/maven/cli/MavenCli$IllegalUseOfUndefinedProperty
ciInstanceKlass java/lang/IllegalArgumentException 1 1 35 10 7 12 1 1 1 10 12 1 10 12 1 10 12 1 100 1 1 1 1 5 0 1 1 1 1 1 1 1 1 1 1 1 1
ciInstanceKlass java/lang/IllegalCallerException 0 0 35 10 100 12 1 1 1 10 12 1 10 12 1 10 12 1 100 1 1 1 1 5 0 1 1 1 1 1 1 1 1 1 1 1 1
ciInstanceKlass java/lang/IllegalMonitorStateException 1 1 26 10 100 12 1 1 1 10 12 1 100 1 1 1 1 5 0 1 1 1 1 1 1 1 1 1
ciInstanceKlass java/lang/BootstrapMethodError 0 0 45 10 100 12 1 1 1 10 12 1 10 12 1 10 100 12 1 1 1 10 100 12 1 1 1 1 1 1 5 0 1 1 1 1 1 1 1 1 1 1 1 100 1 1 1
instanceKlass com/sun/tools/javac/file/PathFileObject$CannotCreateUriError
instanceKlass com/sun/tools/javac/util/Abort
instanceKlass com/sun/tools/javac/processing/AnnotationProcessingError
instanceKlass com/sun/tools/javac/util/FatalError
instanceKlass java/util/ServiceConfigurationError
instanceKlass com/google/common/util/concurrent/ExecutionError
instanceKlass java/lang/AssertionError
instanceKlass java/io/IOError
instanceKlass org/apache/maven/BuildAbort
instanceKlass java/lang/VirtualMachineError
instanceKlass java/lang/LinkageError
ciInstanceKlass java/lang/Error 1 1 58 10 7 12 1 1 1 9 12 1 1 10 100 12 1 1 1 10 100 12 1 1 1 10 12 1 10 12 1 10 12 1 10 12 1 100 1 1 1 1 5 0 1 1 1 1 1 1 1 1 100 1 1 1 1 1 1 1
instanceKlass java/lang/ClassFormatError
instanceKlass java/lang/UnsatisfiedLinkError
instanceKlass java/lang/IncompatibleClassChangeError
instanceKlass java/lang/BootstrapMethodError
instanceKlass java/lang/NoClassDefFoundError
ciInstanceKlass java/lang/LinkageError 1 1 31 10 7 12 1 1 1 10 12 1 10 12 1 100 1 1 1 1 5 0 1 1 1 1 1 1 1 1 1 1 1
ciInstanceKlass java/lang/NullPointerException 1 1 52 10 7 12 1 1 1 10 12 1 9 7 12 1 1 1 10 12 1 1 9 12 1 1 10 12 1 1 10 12 1 1 1 1 5 0 1 1 1 1 1 1 1 1 100 1 100 1 100 1 1 1
ciInstanceKlass jdk/internal/vm/PreemptedException 1 1 21 10 100 12 1 1 1 100 1 1 1 1 5 0 1 1 1 1 1 1 1
ciInstanceKlass java/lang/InternalError 1 1 34 10 100 12 1 1 1 10 12 1 10 12 1 10 12 1 100 1 1 1 1 5 0 1 1 1 1 1 1 1 1 1 1 1
instanceKlass java/lang/StackOverflowError
instanceKlass java/lang/OutOfMemoryError
instanceKlass java/lang/InternalError
ciInstanceKlass java/lang/VirtualMachineError 1 1 34 10 100 12 1 1 1 10 12 1 10 12 1 10 12 1 100 1 1 1 1 5 0 1 1 1 1 1 1 1 1 1 1 1
ciInstanceKlass java/lang/NoClassDefFoundError 1 1 26 10 7 12 1 1 1 10 12 1 100 1 1 1 1 5 0 1 1 1 1 1 1 1 1 1
ciInstanceKlass java/lang/OutOfMemoryError 1 1 26 10 100 12 1 1 1 10 12 1 100 1 1 1 1 5 0 1 1 1 1 1 1 1 1 1
ciInstanceKlass java/lang/StackOverflowError 1 1 26 10 100 12 1 1 1 10 12 1 100 1 1 1 1 5 0 1 1 1 1 1 1 1 1 1
ciInstanceKlass java/lang/StackTraceElement 1 1 235 10 7 12 1 1 1 10 7 12 1 1 9 12 1 1 9 12 1 1 9 12 1 9 12 1 8 1 10 100 12 1 1 1 7 1 9 12 1 8 1 9 12 1 9 12 1 9 12 1 1 10 12 1 1 10 12 1 8 1 10 7 12 1 1 1 7 1 10 12 1 10 12 1 1 10 12 1 10 12 1 1 10 12 1 10 12 1 10 10 12 1 8 1 10 12 1 10 12 1 1 10 12 1 1 10 12 1 10 12 1 10 12 1 9 12 1 1 10 7 12 1 1 1 10 12 1 1 7 1 10 12 1 1 10 7 12 1 1 10 7 12 1 1 1 10 7 12 1 1 10 7 12 1 1 10 10 12 1 1 10 12 1 1 10 12 1 1 10 12 1 100 1 1 1 1 1 1 1 3 1 3 1 1 5 0 1 1 1 1 1 1 1 1 1 1 1 1 1 1 1 1 1 1 1 1 1 1 1 1 1 1 1 1 1 100 1 100 1 1 1 1 1 1 1 100 1 1 1 1 1 1 1 1 1
instanceKlass java/util/concurrent/locks/AbstractQueuedLongSynchronizer
instanceKlass java/util/concurrent/locks/AbstractQueuedSynchronizer
ciInstanceKlass java/util/concurrent/locks/AbstractOwnableSynchronizer 1 1 32 10 7 12 1 1 1 9 7 12 1 1 1 100 1 1 1 1 5 0 1 1 1 1 1 1 1 1 1 1 1 1
ciInstanceKlass jdk/internal/vm/Continuation 1 1 548 9 7 12 1 1 1 9 12 1 9 12 1 100 1 100 1 10 12 1 1 8 1 10 12 1 1 10 12 1 10 12 1 1 10 12 1 9 7 12 1 1 1 11 100 12 1 1 1 10 100 1 9 12 1 1 9 12 1 1 10 8 1 10 12 1 9 12 1 1 10 11 12 1 1 100 1 10 100 12 1 1 1 10 12 1 1 10 12 1 10 12 1 1 11 12 1 1 9 12 1 1 10 12 1 1 18 12 1 1 10 100 12 1 1 1 100 1 10 12 1 11 100 12 1 1 1 10 12 1 9 12 1 10 12 1 1 100 1 8 1 10 12 1 10 12 1 1 9 12 1 1 11 12 1 1 9 12 1 1 8 1 10 11 12 1 1 11 12 1 1 10 12 1 1 10 12 1 1 9 12 1 10 12 1 10 10 12 1 8 1 10 12 1 8 1 8 1 10 7 12 1 1 1 10 100 12 1 1 1 10 12 1 9 12 1 11 12 1 100 1 10 12 1 10 12 1 1 9 12 1 1 100 1 10 12 1 1 9 12 1 1 10 12 1 10 12 1 11 100 12 1 1 10 7 1 10 12 1 8 1 10 12 1 1 9 12 1 1 10 7 12 1 1 8 1 8 1 8 1 8 1 10 12 1 1 10 12 1 10 12 1 10 12 1 10 12 1 1 10 12 1 1 8 1 9 12 1 10 12 1 1 9 12 1 1 10 12 1 1 9 12 1 8 1 10 100 12 1 1 1 10 12 1 8 1 100 1 8 1 10 9 12 1 1 8 1 10 100 12 1 1 10 100 12 1 1 8 1 8 1 10 12 10 12 1 1 10 100 1 10 100 12 1 1 1 18 11 100 12 1 1 1 18 12 1 11 12 1 1 100 1 10 7 12 1 1 10 12 1 1 8 10 12 1 1 10 7 12 1 1 1 10 7 12 1 1 10 12 1 8 1 10 12 1 100 1 100 1 10 12 1 1 1 1 1 1 1 1 1 1 1 1 1 1 1 1 1 1 1 1 1 1 1 1 1 1 1 1 1 1 1 1 1 1 1 1 1 1 1 1 1 1 1 1 1 1 1 1 1 1 1 1 1 1 1 1 1 1 1 1 1 1 1 1 1 1 1 1 1 1 1 1 1 1 1 1 100 1 1 16 1 15 10 12 16 15 11 100 12 1 1 1 16 1 16 1 15 10 12 16 15 10 100 12 1 1 1 1 1 1 1 1 100 1 100 1 1
staticfield jdk/internal/vm/Continuation U Ljdk/internal/misc/Unsafe; jdk/internal/misc/Unsafe
staticfield jdk/internal/vm/Continuation MOUNTED_OFFSET J 13
staticfield jdk/internal/vm/Continuation PRESERVE_SCOPED_VALUE_CACHE Z 1
staticfield jdk/internal/vm/Continuation JLA Ljdk/internal/access/JavaLangAccess; java/lang/System$1
staticfield jdk/internal/vm/Continuation $assertionsDisabled Z 1
ciInstanceKlass jdk/internal/misc/UnsafeConstants 1 1 34 10 100 12 1 1 1 9 7 12 1 1 1 9 12 1 9 12 1 1 9 12 1 9 12 1 1 1 1 1 1 1 1 1
staticfield jdk/internal/misc/UnsafeConstants ADDRESS_SIZE0 I 8
staticfield jdk/internal/misc/UnsafeConstants PAGE_SIZE I 4096
staticfield jdk/internal/misc/UnsafeConstants BIG_ENDIAN Z 0
staticfield jdk/internal/misc/UnsafeConstants UNALIGNED_ACCESS Z 1
staticfield jdk/internal/misc/UnsafeConstants DATA_CACHE_LINE_FLUSH_SIZE I 0
ciInstanceKlass java/lang/invoke/MethodHandleImpl 1 1 1422 10 7 12 1 1 1 7 1 10 7 12 1 1 1 10 7 12 1 1 1 100 1 10 8 1 10 12 1 1 10 12 1 10 12 1 1 10 7 12 1 1 1 9 100 12 1 1 1 10 100 12 1 1 1 100 1 10 12 1 1 10 12 1 1 10 12 1 1 10 7 12 1 1 1 9 7 12 1 1 1 10 7 12 1 1 1 100 1 10 9 12 1 1 9 12 1 10 12 1 1 10 12 1 10 12 1 1 10 12 1 1 10 12 1 1 8 1 8 1 10 12 1 1 10 12 1 1 10 12 1 1 10 12 1 1 10 12 1 10 12 1 1 10 7 12 1 1 1 10 12 1 7 1 10 7 12 1 1 1 10 12 1 1 10 12 1 1 11 7 12 1 1 1 11 7 12 1 1 11 12 1 1 7 1 11 12 1 10 12 1 1 10 12 1 1 11 12 1 10 7 12 1 1 10 12 1 1 10 7 12 1 1 10 12 1 10 12 1 1 10 7 12 1 1 1 10 7 12 1 1 1 10 12 1 1 10 12 1 1 9 7 12 1 1 1 10 10 12 1 1 10 12 1 1 10 10 12 1 1 10 12 1 1 10 7 12 1 1 1 10 12 1 1 10 12 1 10 12 1 10 7 12 1 1 1 10 7 12 1 1 1 10 12 1 1 10 12 1 10 12 1 10 12 1 10 12 1 1 10 12 1 10 12 1 1 10 12 1 10 12 1 8 1 100 1 10 12 1 10 12 1 1 10 12 1 10 12 1 1 10 12 1 1 7 1 10 12 1 100 1 8 1 10 12 1 10 100 12 1 1 1 8 1 10 12 1 10 7 12 1 1 1 100 1 9 7 1 10 12 1 1 10 12 1 1 9 12 1 10 12 1 1 10 7 12 1 1 10 12 1 1 10 12 1 1 10 12 1 10 12 1 7 1 10 12 1 1 9 12 1 1 10 12 1 9 7 12 1 1 1 11 7 12 1 1 7 1 9 12 1 7 1 10 12 1 10 12 1 1 7 1 10 12 1 1 10 12 1 1 10 7 12 1 1 1 10 12 1 1 10 12 1 10 12 1 1 10 12 1 10 12 1 1 10 12 1 7 1 9 7 12 1 1 1 10 12 1 10 12 1 9 7 12 1 1 1 10 12 1 1 10 12 1 1 10 12 1 10 100 12 1 1 10 100 12 1 1 1 9 12 1 10 12 1 9 12 10 12 1 10 12 1 10 12 1 10 12 1 1 10 12 1 10 12 1 1 10 12 1 10 12 1 1 10 12 1 1 10 12 1 1 10 12 1 10 12 1 10 12 1 1 10 12 1 10 100 12 1 1 10 12 1 10 100 12 1 1 8 1 10 8 1 100 1 10 9 12 1 100 1 10 12 1 8 1 10 10 12 1 10 10 12 1 1 10 12 1 1 10 12 1 10 12 1 100 1 8 1 10 12 1 10 100 12 1 1 1 10 12 1 1 10 12 1 10 12 1 100 1 10 12 1 10 12 1 10 12 1 1 7 1 10 12 1 10 7 12 1 1 10 12 1 9 12 1 10 12 1 1 10 12 1 1 100 1 10 10 12 1 8 1 8 1 9 12 1 8 1 8 1 8 1 9 12 1 10 12 1 1 9 12 1 1 10 12 1 8 1 9 7 1 10 12 1 1 10 12 1 8 1 8 1 8 1 100 1 100 1 8 8 1 8 1 100 1 8 1 100 1 10 12 1 10 12 1 10 12 10 12 1 10 12 1 11 100 12 1 1 1 18 12 1 11 100 12 1 1 1 18 18 12 1 11 12 1 1 10 12 1 1 10 12 1 10 12 1 11 12 1 9 12 1 9 12 10 10 12 1 1 9 12 1 1 11 12 1 1 18 12 1 1 11 12 1 1 11 12 1 1 10 12 1 11 100 1 10 12 1 10 12 1 10 12 1 9 12 1 9 12 10 12 1 10 100 12 1 1 1 10 12 1 10 12 1 1 10 12 1 10 12 9 12 1 1 10 12 1 10 12 1 1 9 12 1 9 12 1 10 12 1 10 12 1 1 10 12 1 100 1 10 12 1 9 12 1 1 11 100 1 9 12 1 9 12 11 12 1 9 12 1 10 12 10 12 1 1 10 12 1 1 9 7 12 1 1 10 12 1 10 12 1 10 12 1 1 100 1 10 12 1 10 12 1 1 100 1 10 12 1 1 10 12 1 1 100 1 10 12 1 1 10 12 1 1 10 12 1 10 12 1 10 12 1 9 12 1 10 12 1 10 12 1 1 9 7 12 1 1 1 8 10 12 1 1 8 1 10 12 1 8 1 8 1 8 1 8 1 8 1 8 1 100 1 8 1 8 1 10 12 1 9 12 1 7 1 10 10 7 12 1 1 1 1 1 1 1 3 1 1 3 1 3 1 3 1 3 1 3 1 3 1 3 1 3 1 1 1 1 1 1 1 1 1 3 1 3 1 1 1 1 1 1 1 1 1 1 1 1 1 1 1 1 1 1 1 1 1 1 1 1 1 1 1 1 1 1 1 1 1 1 1 1 1 1 1 1 1 1 1 1 1 1 1 1 1 1 1 1 1 1 1 1 1 1 1 1 1 1 1 1 1 1 1 1 1 1 1 1 1 1 1 1 1 1 1 1 1 1 1 1 1 1 1 1 1 1 1 1 1 1 1 1 1 1 1 1 1 1 1 100 1 1 1 1 1 1 1 1 1 1 1 1 1 1 1 1 1 1 1 1 1 1 1 1 1 1 1 1 1 1 1 1 1 1 1 1 1 1 1 1 1 1 1 1 1 1 1 1 1 1 1 1 1 1 1 1 1 1 1 1 1 1 1 1 1 1 1 1 1 1 1 1 1 1 1 1 1 1 1 1 1 1 1 1 1 1 1 1 1 1 1 1 1 1 1 1 1 1 1 1 1 1 1 1 1 1 1 1 1 1 1 1 1 1 1 1 1 1 1 1 1 1 1 1 1 1 1 1 1 1 1 1 1 1 1 1 1 1 1 1 1 1 1 1 1 1 1 1 1 1 1 1 1 1 1 1 1 1 1 1 1 1 1 1 1 1 1 1 1 1 100 1 100 1 100 1 100 1 100 1 100 1 100 1 1 16 15 10 12 16 15 16 16 1 15 10 12 16 16 15 10 12 16 15 10 100 12 1 1 1 1 1 1 1 1 1 1 1 1 1 1 1 1 1 1 1 1 1 1 1 1
staticfield java/lang/invoke/MethodHandleImpl ARRAYS [Ljava/lang/invoke/MethodHandle; 256 [Ljava/lang/invoke/MethodHandle;
staticfield java/lang/invoke/MethodHandleImpl NFS [Ljava/lang/invoke/LambdaForm$NamedFunction; 7 [Ljava/lang/invoke/LambdaForm$NamedFunction;
staticfield java/lang/invoke/MethodHandleImpl HANDLES [Ljava/lang/invoke/MethodHandle; 9 [Ljava/lang/invoke/MethodHandle;
staticfield java/lang/invoke/MethodHandleImpl $assertionsDisabled Z 1
ciInstanceKlass java/lang/invoke/MethodHandleStatics 1 1 328 10 100 12 1 1 1 9 7 12 1 1 1 9 12 1 1 10 7 12 1 1 1 9 12 1 9 12 1 9 12 1 9 12 1 9 7 12 1 1 1 100 1 10 8 1 10 12 1 1 10 100 12 1 1 1 8 1 10 100 12 1 1 1 10 12 1 1 8 1 8 1 10 12 1 10 100 12 1 1 1 10 7 12 1 1 8 1 10 12 1 1 8 1 8 1 8 1 8 1 10 12 1 1 100 1 10 12 10 12 1 10 12 1 100 1 10 10 12 1 1 100 1 10 10 12 1 100 1 100 1 8 1 8 1 10 12 1 8 1 10 7 12 1 1 1 9 12 1 1 10 7 12 1 1 1 10 12 1 1 9 12 1 1 10 12 1 1 8 1 10 7 12 1 1 10 7 12 1 1 1 8 1 8 1 8 1 8 1 8 1 10 12 1 10 7 12 1 1 1 9 12 1 8 1 8 1 8 1 8 1 9 12 1 8 1 9 12 1 8 1 8 1 9 12 1 8 1 8 1 9 12 1 8 1 9 12 1 8 1 9 12 1 8 1 9 12 1 8 1 8 1 9 12 1 8 1 8 1 10 12 1 1 8 1 10 12 1 1 1 1 1 1 1 1 1 1 1 1 1 1 1 1 1 1 1 1 1 1 1 100 1 100 1 100 1 1 1 1 1 1 1 1 1 1 1 1 1 1 1 1 1 1 1 1 1 1 1 1 1 1 1 1 1 1 1 1 1
staticfield java/lang/invoke/MethodHandleStatics UNSAFE Ljdk/internal/misc/Unsafe; jdk/internal/misc/Unsafe
staticfield java/lang/invoke/MethodHandleStatics CLASSFILE_VERSION I 70
staticfield java/lang/invoke/MethodHandleStatics DEBUG_METHOD_HANDLE_NAMES Z 0
staticfield java/lang/invoke/MethodHandleStatics TRACE_INTERPRETER Z 0
staticfield java/lang/invoke/MethodHandleStatics TRACE_METHOD_LINKAGE Z 0
staticfield java/lang/invoke/MethodHandleStatics TRACE_RESOLVE Z 0
staticfield java/lang/invoke/MethodHandleStatics COMPILE_THRESHOLD I 0
staticfield java/lang/invoke/MethodHandleStatics LOG_LF_COMPILATION_FAILURE Z 0
staticfield java/lang/invoke/MethodHandleStatics DONT_INLINE_THRESHOLD I 30
staticfield java/lang/invoke/MethodHandleStatics PROFILE_LEVEL I 0
staticfield java/lang/invoke/MethodHandleStatics PROFILE_GWT Z 1
staticfield java/lang/invoke/MethodHandleStatics CUSTOMIZE_THRESHOLD I 127
staticfield java/lang/invoke/MethodHandleStatics VAR_HANDLE_GUARDS Z 1
staticfield java/lang/invoke/MethodHandleStatics MAX_ARITY I 255
staticfield java/lang/invoke/MethodHandleStatics VAR_HANDLE_IDENTITY_ADAPT Z 0
staticfield java/lang/invoke/MethodHandleStatics VAR_HANDLE_SEGMENT_FORCE_EXACT Z 0
staticfield java/lang/invoke/MethodHandleStatics DUMP_CLASS_FILES Ljdk/internal/util/ClassFileDumper; jdk/internal/util/ClassFileDumper
instanceKlass java/lang/invoke/DelegatingMethodHandle
instanceKlass java/lang/invoke/BoundMethodHandle
instanceKlass java/lang/invoke/DirectMethodHandle
ciInstanceKlass java/lang/invoke/MethodHandle 1 1 735 100 1 9 7 12 1 1 1 10 7 12 1 1 1 10 7 12 1 1 1 7 1 7 1 10 12 1 1 9 12 1 1 10 12 1 10 12 1 1 10 12 1 1 10 100 12 1 1 1 10 12 1 1 10 12 1 1 11 100 12 1 1 1 10 12 1 1 10 12 1 10 12 1 9 12 1 1 9 12 1 1 10 100 12 1 1 1 10 12 1 10 12 1 1 10 12 1 10 12 1 100 1 100 1 10 8 1 10 12 1 1 10 12 1 8 1 10 12 1 1 10 12 1 10 7 12 1 1 1 10 12 1 1 10 12 1 1 10 12 1 1 10 7 12 1 1 1 10 12 1 1 10 12 1 1 10 12 1 10 12 1 1 10 100 12 1 1 10 7 12 1 1 10 12 1 10 12 1 10 12 1 1 10 12 1 1 10 12 1 1 10 12 1 1 10 7 12 1 1 1 10 7 12 1 1 1 10 12 1 1 10 12 1 1 10 12 1 1 8 1 10 7 12 1 1 1 8 1 10 12 1 10 12 1 1 10 12 1 1 10 12 1 8 1 10 12 1 1 8 1 10 12 1 8 1 10 100 12 1 1 1 9 12 1 1 100 1 10 9 100 12 1 1 1 9 100 1 8 1 10 12 1 1 10 12 1 10 12 1 1 10 12 1 10 12 1 1 10 12 1 10 12 1 1 10 12 1 10 12 1 1 10 12 1 1 8 1 10 12 1 1 8 1 10 12 1 10 12 1 1 10 12 1 10 12 1 10 12 1 1 9 100 12 1 1 1 10 12 1 1 11 12 1 10 12 1 10 12 1 1 10 100 12 1 1 100 1 11 12 1 10 100 1 11 12 1 100 1 10 12 1 11 12 1 9 100 12 1 1 1 11 12 1 1 11 100 12 1 1 1 10 12 1 1 9 12 1 11 12 1 9 12 1 9 12 1 9 12 1 11 12 1 1 9 12 1 9 12 1 9 12 1 9 12 1 9 12 1 9 12 1 9 12 1 8 1 10 12 1 10 12 1 8 1 10 12 1 10 12 1 10 12 1 1 10 10 10 7 12 1 1 10 12 1 1 100 1 100 1 8 1 8 1 10 10 12 1 1 10 12 1 10 12 1 100 1 10 100 12 1 1 1 10 9 7 12 1 1 1 10 12 1 1 10 12 1 1 8 1 8 1 10 100 12 1 1 9 12 1 9 12 1 1 9 12 1 1 10 12 1 7 1 10 12 1 10 12 1 1 9 12 1 1 9 12 1 1 10 7 12 1 1 1 11 7 12 1 1 9 12 1 10 12 1 1 9 12 1 10 12 1 8 10 12 1 1 8 1 1 1 1 1 1 1 1 100 1 1 1 1 1 1 1 1 1 1 1 1 1 1 1 1 1 1 1 1 1 1 1 1 1 1 1 1 1 1 1 1 100 1 1 1 1 1 1 1 1 1 1 1 1 1 1 1 1 1 1 1 1 1 1 1 1 1 1 1 1 1 1 1 1 1 1 1 1 1 1 1 1 1 1 1 1 1 1 1 1 1 1 1 1 1 1 1 1 1 1 1 1 1 1 1 1 1 1 1 1 1 1 1 1 1 1 1 1 1 1 1 1 1 1 1 1 1 1 1 100 1 1 100 1 100 1 100 1 1 100 1 1 100 1 1 1 1
staticfield java/lang/invoke/MethodHandle FORM_OFFSET J 20
staticfield java/lang/invoke/MethodHandle UPDATE_OFFSET J 13
staticfield java/lang/invoke/MethodHandle $assertionsDisabled Z 1
ciInstanceKlass java/lang/invoke/MethodType 1 1 714 7 1 10 7 12 1 1 1 9 12 1 1 9 12 1 1 9 12 1 1 10 7 12 1 1 1 9 7 12 1 1 8 1 10 100 12 1 1 1 9 7 1 9 7 1 10 12 1 1 100 1 10 8 1 10 12 1 1 10 12 1 10 12 1 1 100 1 8 1 10 12 1 100 1 10 10 12 1 10 12 1 1 10 12 1 1 11 7 12 1 1 1 9 12 1 11 12 1 1 7 10 12 1 1 10 12 1 1 7 1 7 1 10 7 12 1 1 1 10 12 1 10 12 1 9 12 1 1 10 7 12 1 1 10 12 1 1 10 7 12 1 1 1 10 7 12 1 1 1 10 12 1 9 12 1 1 10 12 1 1 10 12 1 1 10 12 1 1 10 12 1 1 10 12 1 1 10 12 1 10 12 1 10 12 1 1 10 12 1 8 1 8 1 10 12 1 1 9 12 1 1 100 1 10 10 12 1 1 10 12 1 10 12 1 1 10 12 1 1 10 12 1 10 12 1 10 12 1 8 1 10 12 1 1 10 100 12 1 1 1 10 12 1 10 12 1 1 10 12 1 10 12 1 10 12 1 1 10 12 1 10 12 1 9 12 1 10 12 1 10 10 12 1 1 10 12 1 9 12 1 1 10 12 1 1 11 12 1 1 10 12 1 1 10 12 1 10 12 1 100 1 8 1 8 1 8 1 10 12 1 10 12 1 10 12 1 1 10 10 12 1 11 12 1 1 11 12 1 10 100 12 1 1 1 9 12 1 10 12 1 10 12 1 1 10 12 1 1 10 12 1 10 12 1 10 100 12 1 1 1 10 12 1 1 10 12 1 10 12 1 10 12 1 10 9 12 1 1 7 1 10 12 1 10 100 12 1 1 1 10 12 1 1 10 7 12 1 1 1 11 12 1 1 9 12 1 1 10 12 1 1 10 12 1 10 12 1 1 10 12 1 1 10 100 12 1 1 10 12 1 10 12 100 1 11 100 12 1 1 10 12 1 11 12 1 10 100 12 1 1 10 12 1 1 10 12 1 1 9 12 1 1 9 100 12 1 1 1 10 100 12 1 1 1 9 12 1 10 100 12 1 1 10 12 1 100 10 12 1 10 12 1 1 10 12 1 7 1 10 10 12 1 1 7 1 7 1 9 12 1 1 100 1 100 1 100 1 1 1 5 0 1 1 1 1 1 1 1 3 1 3 1 3 1 1 1 1 1 1 1 1 1 1 1 1 1 1 1 1 1 1 1 1 1 1 1 1 1 1 1 1 1 1 1 1 1 1 1 1 1 1 1 1 1 1 1 1 1 1 1 1 1 1 1 1 1 1 1 1 1 1 1 1 1 1 1 1 1 1 1 1 1 1 1 1 1 1 1 1 1 1 1 1 1 1 1 1 1 1 1 1 1 1 1 1 1 1 1 1 1 1 1 1 1 1 1 1 1 1 1 1 1 1 1 1 1 1 1 1 1 1 1 1 1 1 1 1 1 1 1 100 1 1 100 1 100 1 1 1 1 1 1 1 1 1 1 1 1 1 100 1 1 1 1 100 1 1 1 100 1 1 1 1 1 1 1 1 1 1 1 1 1 1 1 1 1 1 100 1 1 100 1 1
staticfield java/lang/invoke/MethodType internTable Ljdk/internal/util/ReferencedKeySet; jdk/internal/util/ReferencedKeySet
staticfield java/lang/invoke/MethodType NO_PTYPES [Ljava/lang/Class; 0 [Ljava/lang/Class;
staticfield java/lang/invoke/MethodType objectOnlyTypes [Ljava/lang/invoke/MethodType; 20 [Ljava/lang/invoke/MethodType;
staticfield java/lang/invoke/MethodType METHOD_HANDLE_ARRAY [Ljava/lang/Class; 1 [Ljava/lang/Class;
staticfield java/lang/invoke/MethodType serialPersistentFields [Ljava/io/ObjectStreamField; 0 [Ljava/io/ObjectStreamField;
staticfield java/lang/invoke/MethodType $assertionsDisabled Z 1
ciInstanceKlass java/lang/invoke/TypeDescriptor$OfMethod 1 0 43 100 1 100 1 100 1 1 1 1 1 1 1 1 1 1 1 1 1 1 1 1 1 1 1 1 1 1 1 1 1 1 1 1 1 1 1 1 1 1 100 1 1
instanceKlass com/sun/tools/javac/comp/Flow$BaseAnalyzer$JumpKind
instanceKlass com/sun/tools/javac/comp/Operators$ComparisonKind
instanceKlass com/sun/tools/javac/comp/LambdaToMethod$LambdaTranslationContext$LambdaSymbolKind
instanceKlass com/sun/tools/javac/tree/JCTree$JCOperatorExpression$OperandPos
instanceKlass com/sun/tools/javac/comp/Infer$InferenceStep
instanceKlass com/sun/tools/javac/comp/Infer$GraphInferenceSteps
instanceKlass com/sun/tools/javac/comp/Infer$IncorporationBinaryOpKind
instanceKlass com/sun/tools/javac/code/Type$UndetVar$InferenceBound
instanceKlass com/sun/tools/javac/code/Type$UndetVar$Kind
instanceKlass com/sun/tools/javac/code/Symbol$OperatorSymbol$AccessCode
instanceKlass com/sun/tools/javac/util/Bits$BitsState
instanceKlass com/sun/tools/javac/comp/Flow$FlowKind
instanceKlass com/sun/tools/javac/comp/Flow$Liveness
instanceKlass com/sun/tools/javac/comp/Resolve$MethodCheckDiag
instanceKlass lombok/core/configuration/LogDeclaration$LogFactoryParameter
instanceKlass lombok/EqualsAndHashCode$CacheStrategy
instanceKlass lombok/core/handlers/HandlerUtil$JavadocTag
instanceKlass lombok/javac/handlers/JavacHandlerUtil$CopyJavadoc
instanceKlass lombok/core/handlers/HandlerUtil$FieldAccess
instanceKlass lombok/javac/handlers/JavacHandlerUtil$MemberExistsResult
instanceKlass lombok/delombok/LombokOptionsFactory$LombokOptionCompilerVersion
instanceKlass java/lang/invoke/MethodHandleImpl$ArrayAccess
instanceKlass lombok/javac/handlers/HandleConstructor$SkipIfConstructorExists
instanceKlass lombok/AccessLevel
instanceKlass com/sun/source/tree/ModuleTree$ModuleKind
instanceKlass com/sun/source/tree/CaseTree$CaseKind
instanceKlass com/sun/tools/javac/tree/JCTree$JCMemberReference$OverloadKind
instanceKlass com/sun/tools/javac/tree/JCTree$JCMemberReference$ReferenceKind
instanceKlass com/sun/source/tree/LambdaExpressionTree$BodyKind
instanceKlass lombok/core/AST$Kind
instanceKlass com/sun/tools/javac/util/Log$PrefixKind
instanceKlass javax/lang/model/element/ModuleElement$DirectiveKind
instanceKlass lombok/core/configuration/JacksonVersion
instanceKlass lombok/core/configuration/CapitalizationStrategy
instanceKlass lombok/core/configuration/NullCheckExceptionType
instanceKlass lombok/core/configuration/CallSuperType
instanceKlass lombok/core/configuration/FlagUsageType
instanceKlass javax/lang/model/util/Elements$DocCommentKind
instanceKlass java/lang/StackStreamFactory$WalkerState
instanceKlass java/lang/StackWalker$ExtendedOption
instanceKlass java/lang/StackWalker$Option
instanceKlass sun/misc/Unsafe$MemoryAccessOption
instanceKlass com/sun/source/tree/Tree$Kind
instanceKlass com/sun/tools/javac/code/TypeAnnotations$AnnotationType
instanceKlass com/sun/tools/javac/comp/Resolve$InterfaceLookupPhase
instanceKlass com/sun/tools/javac/code/TypeAnnotationPosition$TypePathEntryKind
instanceKlass com/sun/tools/javac/code/TargetType
instanceKlass com/sun/tools/javac/code/Attribute$RetentionPolicy
instanceKlass javax/lang/model/element/NestingKind
instanceKlass javax/lang/model/element/ElementKind
instanceKlass com/sun/tools/javac/comp/DeferredAttr$AttributionMode
instanceKlass com/sun/tools/javac/code/Scope$LookupKind
instanceKlass java/nio/file/FileVisitResult
instanceKlass com/sun/tools/javac/code/Directive$ExportsFlag
instanceKlass com/sun/tools/javac/code/BoundKind
instanceKlass com/sun/source/tree/MemberReferenceTree$ReferenceMode
instanceKlass com/sun/tools/javac/parser/JavacParser$ParensResult
instanceKlass com/sun/tools/javac/parser/UnicodeReader$UnicodeEscapeResult
instanceKlass com/sun/tools/javac/parser/TextBlockSupport$WhitespaceChecks
instanceKlass com/sun/tools/javac/parser/Tokens$Comment$CommentStyle
instanceKlass com/sun/tools/javac/parser/JavacParser$EnumeratorEstimate
instanceKlass com/sun/tools/javac/tree/JCTree$JCLambda$ParameterKind
instanceKlass com/sun/tools/javac/tree/JCTree$JCPolyExpression$PolyKind
instanceKlass com/sun/tools/javac/tree/JCTree$JCVariableDecl$DeclKind
instanceKlass javax/lang/model/type/TypeKind
instanceKlass com/sun/tools/javac/util/RichDiagnosticFormatter$RichConfiguration$RichFormatterFeature
instanceKlass com/sun/tools/javac/comp/CompileStates$CompileState
instanceKlass com/sun/tools/javac/main/JavaCompiler$ImplicitSourcePolicy
instanceKlass com/sun/tools/javac/comp/ThisEscapeAnalyzer$Indirection
instanceKlass com/sun/tools/javac/parser/Tokens$Token$Tag
instanceKlass com/sun/tools/javac/parser/Tokens$TokenKind
instanceKlass com/sun/tools/javac/jvm/ClassFile$Version
instanceKlass com/sun/tools/javac/comp/Attr$CheckMode
instanceKlass com/sun/tools/javac/comp/Analyzer$AnalyzerMode
instanceKlass com/sun/tools/javac/jvm/Code$StackMapFormat
instanceKlass com/sun/tools/javac/comp/Operators$OperatorType
instanceKlass com/sun/tools/javac/tree/JCTree$Tag
instanceKlass com/sun/tools/javac/jvm/Profile
instanceKlass com/sun/tools/javac/comp/Resolve$VerboseResolutionMode
instanceKlass com/sun/tools/javac/comp/DeferredAttr$AttrMode
instanceKlass com/sun/tools/javac/main/Option$PkgInfo
instanceKlass com/sun/tools/javac/util/Dependencies$CompletionCause
instanceKlass com/sun/tools/javac/comp/Resolve$ReferenceLookupResult$StaticKind
instanceKlass com/sun/tools/javac/comp/Resolve$MethodResolutionPhase
instanceKlass com/sun/tools/javac/code/Directive$RequiresFlag
instanceKlass com/sun/tools/javac/util/Convert$Validation
instanceKlass com/sun/tools/javac/code/Symbol$ModuleResolutionFlags
instanceKlass com/sun/tools/javac/code/Symbol$ModuleFlags
instanceKlass com/sun/tools/javac/code/Kinds$KindName
instanceKlass com/sun/tools/javac/code/Kinds$Kind$Category
instanceKlass com/sun/tools/javac/code/Kinds$Kind
instanceKlass com/sun/tools/javac/code/TypeTag
instanceKlass com/sun/tools/javac/jvm/ClassReader$AttributeKind
instanceKlass com/sun/tools/javac/main/JavaCompiler$CompilePolicy
instanceKlass com/sun/tools/javac/main/Main$Result
instanceKlass com/sun/tools/javac/util/BasicDiagnosticFormatter$BasicConfiguration$SourcePosition
instanceKlass com/sun/tools/javac/code/Source$Feature$DiagKind
instanceKlass com/sun/tools/javac/util/JCDiagnostic$DiagnosticType
instanceKlass com/sun/tools/javac/code/Source$Feature
instanceKlass jdk/nio/zipfs/ZipFileSystem$ZipAccessMode
instanceKlass jdk/javadoc/internal/tool/AccessLevel
instanceKlass jdk/javadoc/internal/doclint/Messages$Group
instanceKlass com/sun/tools/javac/main/Arguments$ErrorMode
instanceKlass com/sun/tools/javac/jvm/Target
instanceKlass com/sun/tools/javac/util/BasicDiagnosticFormatter$BasicConfiguration$BasicFormatKind
instanceKlass com/sun/tools/javac/api/DiagnosticFormatter$Configuration$MultilineLimit
instanceKlass com/sun/tools/javac/api/DiagnosticFormatter$Configuration$DiagnosticPart
instanceKlass com/sun/tools/javac/util/JCDiagnostic$DiagnosticFlag
instanceKlass com/sun/tools/javac/util/Log$WriterKind
instanceKlass javax/tools/StandardLocation
instanceKlass javax/tools/JavaFileObject$Kind
instanceKlass com/sun/tools/javac/code/Source
instanceKlass com/sun/tools/javac/code/Lint$LintCategory
instanceKlass com/sun/tools/javac/main/Option$ChoiceKind
instanceKlass com/sun/tools/javac/main/Option$ArgKind
instanceKlass com/sun/tools/javac/main/Option$OptionGroup
instanceKlass com/sun/tools/javac/main/Option$OptionKind
instanceKlass com/sun/tools/javac/main/Option
instanceKlass javax/tools/Diagnostic$Kind
instanceKlass org/codehaus/plexus/compiler/javac/JavacCompiler$JavaVersion
instanceKlass org/apache/maven/shared/utils/io/ScanConductor$ScanAction
instanceKlass java/nio/file/FileTreeWalker$EventType
instanceKlass java/nio/file/FileVisitOption
instanceKlass org/apache/maven/shared/utils/logging/Style
instanceKlass org/codehaus/plexus/compiler/CompilerConfiguration$CompilerReuseStrategy
instanceKlass javax/lang/model/SourceVersion
instanceKlass org/codehaus/plexus/compiler/CompilerMessage$Kind
instanceKlass java/nio/file/attribute/PosixFilePermission
instanceKlass org/apache/maven/shared/filtering/ChangeDetection
instanceKlass java/time/format/TextStyle
instanceKlass java/time/temporal/IsoFields$Unit
instanceKlass java/time/temporal/IsoFields$Field
instanceKlass java/time/format/DateTimeFormatterBuilder$SettingsParser
instanceKlass java/time/format/ResolverStyle
instanceKlass java/time/format/SignStyle
instanceKlass java/time/temporal/ChronoField
instanceKlass com/google/inject/internal/ErrorId
instanceKlass org/eclipse/sisu/space/GlobberStrategy
instanceKlass org/eclipse/aether/util/graph/transformer/ConflictResolver$Verbosity
instanceKlass org/apache/maven/plugin/MojoExecution$Source
instanceKlass java/nio/file/AccessMode
instanceKlass org/eclipse/aether/RepositoryEvent$EventType
instanceKlass org/eclipse/aether/named/support/ReadWriteLockNamedLock$Step
instanceKlass java/time/temporal/ChronoUnit
instanceKlass org/apache/maven/project/ProjectBuildingRequest$RepositoryMerging
instanceKlass org/fusesource/jansi/Ansi$Attribute
instanceKlass org/fusesource/jansi/Ansi$Color
instanceKlass org/apache/maven/shared/utils/logging/Style
instanceKlass java/security/DrbgParameters$Capability
instanceKlass sun/security/util/KnownOIDs
instanceKlass java/security/Security$SecPropLoader$LoadingMode
instanceKlass org/eclipse/sisu/inject/QualifyingStrategy
instanceKlass com/google/inject/internal/InjectorImpl$JitLimitation
instanceKlass org/eclipse/sisu/bean/DeclaredMembers$View
instanceKlass com/google/inject/internal/Initializer$InjectableReferenceState
instanceKlass com/google/common/collect/MapMakerInternalMap$Strength
instanceKlass org/apache/maven/settings/building/SettingsProblem$Severity
instanceKlass org/eclipse/aether/metadata/Metadata$Nature
instanceKlass org/apache/maven/model/building/ModelProblem$Version
instanceKlass org/apache/maven/building/Problem$Severity
instanceKlass org/apache/maven/plugin/internal/DefaultPluginValidationManager$ValidationReportLevel
instanceKlass org/apache/maven/plugin/PluginValidationManager$IssueLocality
instanceKlass org/apache/maven/classrealm/ClassRealmRequest$RealmType
instanceKlass org/apache/maven/model/building/ModelProblem$Severity
instanceKlass org/apache/maven/execution/ExecutionEvent$Type
instanceKlass org/apache/maven/artifact/ArtifactScopeEnum
instanceKlass java/lang/invoke/MethodHandles$Lookup$ClassOption
instanceKlass com/google/inject/spi/InjectionPoint$Position
instanceKlass com/google/common/util/concurrent/AbstractFutureState$VarHandleAtomicHelperMaker
instanceKlass java/lang/annotation/ElementType
instanceKlass com/google/inject/internal/InternalFlags$ColorizeOption
instanceKlass com/google/inject/internal/InternalFlags$BytecodeGenOption
instanceKlass com/google/inject/internal/InternalFlags$NullableProvidesOption
instanceKlass com/google/inject/internal/InternalFlags$CustomClassLoadingOption
instanceKlass com/google/inject/internal/InternalFlags$IncludeStackTraceOption
instanceKlass com/google/inject/Key$NullAnnotationStrategy
instanceKlass java/util/Comparators$NaturalOrderComparator
instanceKlass sun/reflect/annotation/TypeAnnotation$TypeAnnotationTarget
instanceKlass java/lang/classfile/attribute/StackMapFrameInfo$SimpleVerificationTypeInfo
instanceKlass java/lang/reflect/ProxyGenerator$PrimitiveTypeInfo
instanceKlass java/lang/classfile/ClassFile$StackMapsOption
instanceKlass java/lang/reflect/AccessFlag$Location
instanceKlass java/lang/reflect/AccessFlag
instanceKlass java/lang/module/ModuleDescriptor$Modifier
instanceKlass java/lang/annotation/RetentionPolicy
instanceKlass com/google/common/cache/LocalCache$EntryFactory
instanceKlass com/google/common/cache/CacheBuilder$NullListener
instanceKlass com/google/common/cache/CacheBuilder$OneWeigher
instanceKlass com/google/common/cache/LocalCache$Strength
instanceKlass jdk/internal/logger/BootstrapLogger$LoggingBackend
instanceKlass java/util/stream/MatchOps$MatchKind
instanceKlass com/google/inject/Stage
instanceKlass org/eclipse/sisu/space/BeanScanning
instanceKlass java/math/RoundingMode
instanceKlass sun/util/locale/provider/LocaleProviderAdapter$Type
instanceKlass java/util/stream/Collector$Characteristics
instanceKlass java/util/Locale$Category
instanceKlass org/slf4j/impl/OutputChoice$OutputChoiceType
instanceKlass java/util/stream/StreamShape
instanceKlass java/util/stream/StreamOpFlag$Type
instanceKlass java/util/stream/StreamOpFlag
instanceKlass org/fusesource/jansi/AnsiColors
instanceKlass jdk/internal/util/OperatingSystem
instanceKlass org/fusesource/jansi/AnsiMode
instanceKlass org/fusesource/jansi/AnsiType
instanceKlass java/util/regex/Pattern$Qtype
instanceKlass java/lang/invoke/VarHandle$AccessType
instanceKlass java/lang/invoke/VarHandle$AccessMode
instanceKlass java/lang/classfile/Opcode$Kind
instanceKlass java/lang/classfile/Opcode
instanceKlass java/lang/invoke/MethodHandleImpl$Intrinsic
instanceKlass java/lang/classfile/AttributeMapper$AttributeStability
instanceKlass jdk/internal/classfile/impl/AbstractPoolEntry$Utf8EntryImpl$State
instanceKlass java/lang/classfile/TypeKind
instanceKlass java/lang/invoke/LambdaForm$BasicType
instanceKlass java/lang/invoke/LambdaForm$Kind
instanceKlass java/lang/constant/DirectMethodHandleDesc$Kind
instanceKlass sun/invoke/util/Wrapper
instanceKlass java/util/concurrent/TimeUnit
instanceKlass java/nio/file/LinkOption
instanceKlass sun/nio/fs/WindowsPathType
instanceKlass java/nio/file/StandardOpenOption
instanceKlass jdk/internal/vm/Continuation$Pinned
instanceKlass java/io/File$PathStatus
instanceKlass jdk/internal/module/ModuleBootstrap$IllegalFinalFieldMutation
instanceKlass jdk/internal/module/ModuleBootstrap$IllegalNativeAccess
instanceKlass java/lang/reflect/ClassFileFormatVersion
instanceKlass java/lang/Thread$State
instanceKlass java/nio/ByteOrder
instanceKlass java/lang/module/ModuleDescriptor$Requires$Modifier
ciInstanceKlass java/lang/Enum 1 1 204 9 7 12 1 1 1 9 12 1 1 10 7 12 1 1 1 9 12 1 10 7 12 1 1 1 100 1 10 10 12 1 1 10 12 1 100 1 10 10 7 12 1 1 10 12 1 1 18 12 1 1 10 100 12 1 1 1 10 12 1 1 11 7 12 1 1 1 100 1 8 1 10 12 1 7 1 7 1 10 8 1 10 12 1 1 10 12 1 1 8 1 10 12 1 10 100 1 8 1 10 10 12 1 1 10 100 12 1 1 1 100 1 100 1 100 1 1 1 1 1 1 1 1 1 1 1 1 1 1 1 1 1 1 1 1 1 1 1 1 1 1 1 1 1 1 1 1 1 1 1 1 1 1 1 1 1 1 1 1 1 1 1 3 1 1 1 1 100 1 100 1 1 100 1 1 1 1 1 1 1 1 1 1 1 16 15 10 12 16 15 10 100 12 1 1 1 1 1 100 1 100 1 1
ciInstanceKlass java/lang/invoke/LambdaForm 1 1 1031 7 1 100 1 10 7 12 1 1 1 9 12 1 1 9 12 1 9 12 1 9 12 1 1 9 12 1 1 9 12 1 1 9 12 1 1 9 12 1 1 9 12 1 10 7 12 1 1 9 12 1 10 12 1 1 100 1 10 10 12 1 1 10 12 1 10 12 1 10 12 1 1 10 12 1 9 12 1 9 12 1 10 12 1 1 9 7 12 1 1 1 9 7 12 1 1 9 12 1 1 10 12 1 9 12 1 10 100 12 1 1 1 10 12 1 1 100 1 10 12 1 1 9 7 12 1 1 1 10 100 12 1 1 1 10 12 1 10 12 1 1 7 1 10 12 1 10 12 1 10 12 1 1 10 12 1 1 10 12 1 10 12 1 10 12 1 10 12 1 10 12 1 1 8 1 10 12 1 10 12 1 10 10 12 1 8 1 8 1 9 12 1 9 12 1 1 10 12 1 1 9 12 1 1 10 7 12 1 1 1 10 12 1 1 10 12 1 10 12 1 1 10 12 1 7 1 10 12 1 10 100 12 1 1 1 9 12 1 10 12 1 8 1 8 1 8 1 8 1 8 1 8 1 8 1 8 1 10 12 1 9 12 1 7 1 10 12 1 1 9 12 1 1 10 12 1 1 10 12 1 1 10 12 10 12 1 10 12 1 1 10 12 1 1 10 12 1 1 10 10 12 1 1 10 12 1 1 7 1 8 1 10 12 1 1 10 12 1 10 12 1 1 10 8 1 10 12 1 1 8 1 8 1 8 1 10 12 1 10 12 1 10 12 1 1 10 100 12 1 1 1 10 7 12 1 1 1 10 12 1 1 9 12 1 1 8 1 10 100 12 1 1 1 10 7 12 1 1 10 12 1 10 12 1 1 10 12 1 1 9 12 1 8 10 12 1 1 100 1 10 12 1 1 10 12 1 9 7 12 1 1 9 100 12 1 1 1 8 1 10 100 12 1 1 10 12 1 1 100 1 100 1 10 10 12 1 1 10 12 1 1 8 1 8 1 100 1 8 1 10 12 10 12 1 10 12 1 10 12 1 10 12 1 1 9 100 12 1 1 10 12 1 8 1 8 1 10 12 1 10 12 1 1 8 1 8 1 8 1 100 1 8 1 100 1 8 1 100 1 8 1 10 12 1 8 1 9 10 100 12 1 1 1 10 12 1 9 12 1 1 10 12 1 10 10 12 1 10 12 1 10 12 1 10 12 1 1 10 12 1 10 12 1 1 10 12 1 1 10 12 1 1 10 12 1 1 8 1 100 10 12 1 10 12 1 9 12 1 1 10 7 12 1 1 8 1 8 1 100 1 8 1 8 1 8 1 8 1 8 1 8 1 8 1 8 1 10 12 1 1 10 12 1 1 10 12 1 10 12 1 10 12 1 10 12 1 8 1 8 1 8 1 10 12 1 8 1 10 12 1 8 1 8 1 8 1 8 1 8 1 10 12 1 10 12 1 10 12 1 1 10 7 12 1 1 1 10 12 1 10 12 1 10 12 1 10 12 1 10 12 1 9 12 1 1 8 1 10 12 1 1 9 12 1 9 12 1 1 10 12 1 1 9 12 1 1 9 12 1 10 12 1 1 9 12 1 1 7 1 10 7 12 1 1 1 9 7 12 1 1 1 10 7 12 1 1 1 10 12 1 1 10 12 1 1 10 12 1 9 12 1 10 12 1 9 12 1 10 12 1 10 12 1 8 1 10 12 1 9 12 1 1 7 1 10 7 12 1 1 1 100 1 10 12 1 9 12 1 10 12 1 10 12 1 10 12 1 1 10 12 1 9 7 12 1 1 10 12 1 1 10 12 1 10 12 1 9 12 1 9 9 12 1 7 9 12 1 1 10 12 1 1 9 12 1 10 12 1 10 7 1 9 1 1 1 1 3 1 3 1 1 3 1 3 1 1 1 1 1 1 1 1 1 1 1 1 1 1 1 1 1 1 1 1 1 1 1 1 1 1 1 1 1 1 1 1 1 1 1 1 1 1 1 1 1 1 1 1 1 100 1 1 1 1 1 1 1 1 1 1 1 1 1 1 1 1 1 1 1 1 1 1 1 1 1 1 1 1 1 1 1 1 1 1 1 1 1 1 1 1 1 1 1 1 1 1 1 1 1 1 1 1 1 1 1 1 1 1 1 1 1 1 1 1 1 1 1 100 1 1 1 1 1 1 1 1 1 1 1 1 1 1 1 1 1 1 1 1 1 1 1 1 1 1 1 1 1 1 1 1 1 1 1 1 100 1 1 1 1 1 1 1 1 1 1 1 1 1 1 100 1 1 1 1 100 1 1 100 1 1 1 1 1 1 1 1 1 1 1 1
staticfield java/lang/invoke/LambdaForm DEFAULT_CUSTOMIZED Ljava/lang/invoke/MethodHandle; 
staticfield java/lang/invoke/LambdaForm DEFAULT_KIND Ljava/lang/invoke/LambdaForm$Kind; java/lang/invoke/LambdaForm$Kind
staticfield java/lang/invoke/LambdaForm COMPILE_THRESHOLD I 0
staticfield java/lang/invoke/LambdaForm INTERNED_ARGUMENTS [[Ljava/lang/invoke/LambdaForm$Name; 5 [[Ljava/lang/invoke/LambdaForm$Name;
staticfield java/lang/invoke/LambdaForm IMPL_NAMES Ljava/lang/invoke/MemberName$Factory; java/lang/invoke/MemberName$Factory
staticfield java/lang/invoke/LambdaForm LF_identity [Ljava/lang/invoke/LambdaForm; 6 [Ljava/lang/invoke/LambdaForm;
staticfield java/lang/invoke/LambdaForm NF_identity [Ljava/lang/invoke/LambdaForm$NamedFunction; 6 [Ljava/lang/invoke/LambdaForm$NamedFunction;
staticfield java/lang/invoke/LambdaForm LF_constant [Ljava/lang/invoke/LambdaForm; 5 [Ljava/lang/invoke/LambdaForm;
staticfield java/lang/invoke/LambdaForm createIdentityFormLock Ljava/lang/Object; java/lang/Object
staticfield java/lang/invoke/LambdaForm DEBUG_NAME_COUNTERS Ljava/util/HashMap; 
staticfield java/lang/invoke/LambdaForm DEBUG_NAMES Ljava/util/HashMap; 
staticfield java/lang/invoke/LambdaForm TRACE_INTERPRETER Z 0
staticfield java/lang/invoke/LambdaForm $assertionsDisabled Z 1
instanceKlass jdk/internal/reflect/DirectMethodHandleAccessor
ciInstanceKlass jdk/internal/reflect/MethodAccessorImpl 1 1 38 10 7 12 1 1 1 10 100 12 1 1 1 100 1 1 1 1 1 1 1 100 1 100 1 1 1 1 1 1 1 1 1 1 1 1 1 1
ciInstanceKlass jdk/internal/reflect/MethodAccessor 1 0 17 100 1 100 1 1 1 1 100 1 100 1 1 1 1 1 1
ciInstanceKlass java/util/Objects 1 1 184 10 7 12 1 1 1 100 1 8 1 10 12 1 10 12 1 1 10 7 12 1 1 1 10 12 1 1 10 12 1 10 100 12 1 1 1 10 12 1 1 10 7 12 1 1 1 100 1 10 10 12 1 1 10 100 12 1 1 10 12 1 1 8 1 10 100 12 1 1 1 10 100 12 1 1 1 10 11 100 12 1 1 1 100 1 10 10 12 1 8 1 10 12 1 8 1 100 1 11 12 1 1 8 1 10 7 12 1 1 1 10 12 1 1 10 12 1 10 12 1 10 12 1 10 12 1 1 1 1 1 1 1 1 1 1 1 1 1 1 1 1 1 1 1 1 1 1 1 1 1 1 1 1 1 1 1 1 1 1 1 1 1 1 1 1 1 1 1 1 1 1 1 1 1 1 1 1 1 1 1 1 1 1
instanceKlass com/sun/tools/javac/comp/CompileStates
instanceKlass org/apache/maven/artifact/versioning/ManagedVersionMap
instanceKlass java/lang/ProcessEnvironment
instanceKlass java/util/LinkedHashMap
ciInstanceKlass java/util/HashMap 1 1 629 10 7 12 1 1 1 7 1 10 12 1 1 100 1 10 7 12 1 1 1 100 1 11 12 1 1 11 12 1 11 12 1 1 10 7 12 1 1 1 7 1 3 10 7 12 1 1 1 100 1 100 1 10 8 1 10 12 1 1 10 12 1 10 12 1 1 10 12 1 10 7 12 1 1 1 8 1 10 12 1 9 12 1 1 10 12 1 9 12 1 1 4 10 12 1 10 12 1 1 11 7 12 1 1 9 12 1 1 10 7 12 1 1 1 6 0 10 12 1 1 11 12 1 1 11 7 12 1 1 1 11 7 12 1 1 1 11 12 1 1 7 1 11 12 1 11 12 1 10 12 1 10 12 1 1 9 12 10 12 1 1 9 7 12 1 1 1 9 12 9 12 1 10 12 1 1 9 12 1 7 1 10 12 1 1 10 12 1 1 10 12 1 1 10 12 1 1 10 12 1 1 9 12 1 10 12 1 1 3 4 10 12 1 1 10 12 1 1 9 12 1 1 9 10 12 1 1 10 12 1 1 10 12 1 1 10 12 1 9 12 1 1 7 1 10 12 1 10 12 1 10 7 12 1 1 1 7 1 9 12 1 1 7 1 10 9 12 7 1 10 100 1 10 11 7 12 1 1 1 100 1 10 11 100 12 1 1 11 100 12 1 1 1 10 12 1 100 1 100 1 10 12 1 10 12 1 10 12 1 10 100 12 1 1 10 12 1 1 10 12 1 1 10 100 12 1 1 1 8 10 100 12 1 1 1 100 1 10 4 4 10 12 1 1 10 100 12 1 1 1 10 12 1 8 1 6 0 10 100 12 1 1 1 100 1 11 100 12 1 1 1 10 12 1 10 12 1 10 10 12 1 1 6 0 8 1 10 12 1 10 12 100 1 100 1 1 1 1 5 0 1 3 1 1 1 3 1 3 1 3 1 1 1 1 1 1 1 1 1 1 1 1 1 1 1 1 1 1 1 1 1 1 100 1 1 1 1 1 1 1 1 1 1 1 1 1 1 1 1 1 1 1 1 1 1 1 1 1 1 1 1 1 1 1 1 1 100 1 1 1 1 1 1 1 1 1 1 1 1 1 1 1 1 1 1 1 1 1 1 1 1 1 1 1 1 1 1 1 1 1 1 1 1 1 1 1 1 1 1 1 1 1 1 1 1 1 1 1 100 1 1 1 1 1 1 1 1 1 1 1 1 1 1 1 1 1 1 1 1 1 1 1 1 1 1 1 1 1 1 1 1 1 1 1 1 1 1 1 1 1 1 1 1 1 1 1 1 100 1 1 1 1 1 1 1 1 100 1 1 1 1 1 1 1 1 1 1 1 1 1 1 1 1 1 1 100 1 100 1 100 1 100 1 100 1 100 1 100 1 100 1 1 1 1 1 1 1 1 1 1 1 1 1 1 1 1 1 1
ciInstanceKlass jdk/internal/reflect/CallerSensitive 0 0 17 100 1 100 1 100 1 1 1 1 1 1 1 1 1 1 1
ciInstanceKlass jdk/internal/reflect/DirectConstructorHandleAccessor$NativeAccessor 1 1 44 10 7 12 1 1 1 9 7 12 1 1 1 10 12 1 1 1 1 1 1 1 1 1 1 1 1 1 1 1 1 1 100 1 100 1 1 1 1 1 100 1 1 1
ciInstanceKlass jdk/internal/reflect/ConstructorAccessor 1 0 16 100 1 100 1 1 1 1 100 1 100 1 100 1 1 1
instanceKlass jdk/internal/reflect/DirectConstructorHandleAccessor
instanceKlass jdk/internal/reflect/DirectConstructorHandleAccessor$NativeAccessor
ciInstanceKlass jdk/internal/reflect/ConstructorAccessorImpl 1 1 27 10 7 12 1 1 1 100 1 100 1 1 1 1 1 1 1 1 1 100 1 100 1 100 1 1 1
ciInstanceKlass jdk/internal/reflect/ConstantPool 1 1 113 10 100 12 1 1 1 10 7 12 1 1 1 10 12 1 1 10 12 1 10 12 1 1 10 12 1 1 10 12 1 10 12 1 1 10 12 1 10 12 1 1 10 12 1 10 12 1 10 12 1 10 12 1 1 10 12 1 1 10 12 1 1 10 12 1 1 10 12 1 10 12 1 1 10 100 12 1 1 1 1 1 1 1 1 1 1 1 1 1 1 1 1 1 1 1 1 1 1 1 1 1 1 1 1 1 1 1 1 1 1 1 1
instanceKlass java/lang/invoke/VolatileCallSite
instanceKlass java/lang/invoke/MutableCallSite
instanceKlass java/lang/invoke/ConstantCallSite
ciInstanceKlass java/lang/invoke/CallSite 1 1 297 10 7 12 1 1 1 10 7 12 1 1 1 9 12 1 1 10 7 12 1 1 1 10 12 1 100 1 10 12 1 1 10 12 1 1 9 100 12 1 1 1 10 100 12 1 1 10 12 1 1 100 1 100 1 10 10 100 12 1 1 1 10 12 1 1 8 1 10 12 1 10 12 1 1 10 12 1 10 12 1 1 10 12 1 1 10 10 100 12 1 1 10 12 1 1 9 12 1 9 100 12 1 1 1 8 1 10 7 12 1 1 1 10 12 1 1 100 1 10 12 1 1 9 12 1 8 1 100 1 10 12 1 10 12 1 100 1 8 1 10 10 12 1 10 12 1 1 100 1 10 12 1 1 10 12 1 10 12 1 10 12 1 1 10 12 1 1 9 12 1 1 8 10 12 1 1 9 12 1 1 100 1 10 10 12 1 10 100 12 1 1 1 10 12 1 1 10 12 1 1 10 12 1 10 7 12 1 1 1 100 1 8 1 10 10 12 10 12 1 1 100 1 100 1 100 1 8 1 10 12 1 10 7 12 1 1 1 1 1 1 1 1 1 1 1 1 1 1 1 1 1 1 1 1 1 1 1 1 1 1 1 1 1 1 1 1 1 1 1 1 1 1 1 1 1 1 1 1 1 1 1 1 1 1 1 1 1 1 1 1 100 1 100 1 1 1
staticfield java/lang/invoke/CallSite $assertionsDisabled Z 1
ciInstanceKlass java/lang/invoke/ConstantCallSite 1 1 65 10 7 12 1 1 1 9 7 12 1 1 1 9 12 1 1 10 7 12 1 1 1 10 12 1 100 1 10 12 9 12 1 1 100 1 10 10 12 1 1 10 12 1 1 1 1 1 1 1 1 1 1 1 1 1 100 1 1 1 1 1 1 1 1
staticfield java/lang/invoke/ConstantCallSite UNSAFE Ljdk/internal/misc/Unsafe; jdk/internal/misc/Unsafe
instanceKlass java/lang/invoke/DirectMethodHandle$StaticAccessor
instanceKlass java/lang/invoke/DirectMethodHandle$Special
instanceKlass java/lang/invoke/DirectMethodHandle$Interface
instanceKlass java/lang/invoke/DirectMethodHandle$Accessor
instanceKlass java/lang/invoke/DirectMethodHandle$Constructor
ciInstanceKlass java/lang/invoke/DirectMethodHandle 1 1 930 7 1 100 1 7 1 7 1 10 7 12 1 1 1 10 7 12 1 1 1 100 1 10 12 1 10 12 1 1 10 7 12 1 1 10 12 1 1 10 12 1 10 12 1 7 1 10 12 1 1 10 12 1 1 10 12 1 10 12 1 1 10 7 12 1 1 1 10 12 1 9 7 12 1 1 1 100 1 10 9 12 1 1 9 12 1 10 12 1 10 12 1 10 12 1 1 10 12 1 10 12 1 10 12 1 10 7 12 1 1 1 10 12 1 10 12 1 1 8 1 10 12 1 1 7 1 10 12 1 7 1 10 10 12 1 10 12 1 10 12 1 10 7 12 1 1 1 10 12 1 1 7 1 10 12 1 10 12 1 7 1 10 12 1 10 12 1 1 10 12 1 1 10 12 8 10 7 12 1 1 1 10 12 1 10 12 1 10 12 1 1 10 12 1 9 7 12 1 1 1 7 1 10 12 1 10 7 12 1 1 1 10 12 1 10 12 1 1 9 12 1 1 7 1 10 8 1 10 12 1 1 10 12 1 1 8 1 10 12 1 10 12 1 10 10 12 1 10 12 1 10 12 1 10 12 1 10 12 1 1 10 12 1 10 12 1 10 12 1 1 10 10 7 12 1 1 1 10 12 1 10 12 1 1 10 12 1 10 12 1 1 8 1 9 7 12 1 1 1 8 1 9 12 1 9 12 1 8 1 9 12 1 9 12 1 8 1 9 12 1 9 12 1 8 1 10 12 1 10 12 1 1 10 7 12 1 1 1 10 12 1 10 12 1 1 9 12 1 1 7 1 10 12 1 1 100 1 10 7 12 1 1 1 10 12 1 1 10 12 1 1 7 1 10 12 1 1 10 12 1 10 12 1 1 7 1 10 12 1 1 10 12 1 10 12 1 10 12 1 1 10 12 1 9 12 1 1 10 7 1 9 12 1 10 12 1 7 1 7 1 7 1 10 7 12 1 1 1 9 12 1 1 10 7 12 1 1 1 10 7 12 1 1 10 12 10 12 1 7 1 10 12 1 10 12 1 1 8 1 9 12 1 9 12 1 10 12 1 1 9 12 1 1 10 7 12 1 1 1 9 12 1 1 9 12 1 1 10 12 1 10 12 1 10 12 1 10 12 1 1 10 12 1 9 12 1 9 12 1 10 12 1 10 12 1 10 12 1 10 12 1 1 10 12 1 1 9 12 1 1 10 12 1 1 9 7 12 1 1 1 9 12 1 9 12 1 9 12 1 9 12 1 9 12 1 9 12 1 9 12 1 9 12 1 9 12 1 9 12 1 9 12 1 9 12 1 9 12 1 9 12 1 9 12 1 9 12 1 9 12 1 9 12 1 9 12 1 9 12 1 9 12 1 9 12 1 9 12 1 9 12 1 100 1 10 12 1 8 1 8 1 8 1 8 1 8 1 8 1 8 1 8 1 8 1 10 12 1 10 12 1 8 1 8 1 8 1 9 12 1 1 9 12 1 1 10 12 1 10 12 1 1 10 12 1 1 9 7 1 10 12 1 10 12 10 12 1 10 12 1 10 12 1 10 8 1 8 1 8 1 8 1 10 12 1 1 9 12 1 1 10 12 1 10 100 12 1 1 1 8 9 12 1 1 10 12 1 1 8 1 8 8 9 12 1 8 1 8 8 8 8 8 1 8 10 12 1 7 1 10 12 1 8 1 8 1 10 12 1 10 12 1 10 12 1 9 12 1 10 12 1 1 7 1 1 1 1 3 1 3 1 3 1 3 1 3 1 3 1 3 1 3 1 1 1 1 1 1 1 1 1 1 3 1 3 1 3 1 1 3 1 3 1 1 1 1 1 1 1 1 1 1 1 1 1 1 1 1 1 1 1 1 1 1 1 1 1 1 1 1 1 1 1 1 1 1 1 1 1 1 1 1 1 1 1 1 1 1 1 1 1 1 1 1 1 1 1 1 1 1 1 1 1 1 100 1 1 1 1 1 1 1 1 1 100 1 1 1 1 1 1 1 1 1 1 1 1 1 1 1 1 1 1 1 1 1 1 1 1 1 1 1 1 1 1 1 1 1 1 1 1 1 1 1 1 1 1 1 1 1 1 1 1 1 1 1 1 1 1
staticfield java/lang/invoke/DirectMethodHandle IMPL_NAMES Ljava/lang/invoke/MemberName$Factory; java/lang/invoke/MemberName$Factory
staticfield java/lang/invoke/DirectMethodHandle FT_UNCHECKED_REF I 8
staticfield java/lang/invoke/DirectMethodHandle FT_CHECKED_REF I 9
staticfield java/lang/invoke/DirectMethodHandle ACCESSOR_FORMS [Ljava/lang/invoke/LambdaForm; 120 [Ljava/lang/invoke/LambdaForm;
staticfield java/lang/invoke/DirectMethodHandle ALL_WRAPPERS [Lsun/invoke/util/Wrapper; 10 [Lsun/invoke/util/Wrapper;
staticfield java/lang/invoke/DirectMethodHandle NFS [Ljava/lang/invoke/LambdaForm$NamedFunction; 12 [Ljava/lang/invoke/LambdaForm$NamedFunction;
staticfield java/lang/invoke/DirectMethodHandle OBJ_OBJ_TYPE Ljava/lang/invoke/MethodType; java/lang/invoke/MethodType
staticfield java/lang/invoke/DirectMethodHandle LONG_OBJ_TYPE Ljava/lang/invoke/MethodType; java/lang/invoke/MethodType
staticfield java/lang/invoke/DirectMethodHandle $assertionsDisabled Z 1
ciMethod java/lang/invoke/DirectMethodHandle allocateInstance (Ljava/lang/Object;)Ljava/lang/Object; 530 0 373716 0 432
ciMethod java/lang/invoke/DirectMethodHandle constructorMethod (Ljava/lang/Object;)Ljava/lang/Object; 530 0 373714 0 128
ciInstanceKlass java/lang/invoke/MutableCallSite 0 0 61 10 100 12 1 1 1 10 12 1 9 100 12 1 1 1 10 12 1 10 12 1 1 9 100 12 1 1 1 10 100 12 1 1 1 10 100 12 1 1 1 1 1 1 1 1 1 1 1 1 1 1 1 1 1 1 1 1 100 1 1
ciInstanceKlass java/lang/invoke/VolatileCallSite 0 0 37 10 100 12 1 1 1 10 12 1 10 100 12 1 1 1 10 12 1 10 12 1 1 1 1 1 1 1 1 1 1 1 1 1 1 1 1
instanceKlass java/lang/invoke/VarHandleBooleans$FieldInstanceReadOnly
instanceKlass java/lang/invoke/VarHandleInts$FieldInstanceReadOnly
instanceKlass java/lang/invoke/VarHandleReferences$Array
instanceKlass java/lang/invoke/VarHandleReferences$FieldInstanceReadOnly
instanceKlass java/lang/invoke/VarHandleByteArrayAsDoubles$ByteArrayViewVarHandle
instanceKlass java/lang/invoke/VarHandleByteArrayAsLongs$ByteArrayViewVarHandle
instanceKlass java/lang/invoke/VarHandleByteArrayAsFloats$ByteArrayViewVarHandle
instanceKlass java/lang/invoke/VarHandleByteArrayAsInts$ByteArrayViewVarHandle
instanceKlass java/lang/invoke/VarHandleByteArrayAsChars$ByteArrayViewVarHandle
instanceKlass java/lang/invoke/VarHandleByteArrayAsShorts$ByteArrayViewVarHandle
ciInstanceKlass java/lang/invoke/VarHandle 1 1 474 10 7 12 1 1 1 10 7 12 1 1 9 12 1 1 9 12 1 1 10 12 1 1 8 1 10 12 1 1 10 7 12 1 1 1 10 12 1 1 10 100 12 1 1 1 9 100 12 1 1 1 10 12 1 1 10 100 12 1 1 1 10 12 1 1 9 12 1 10 12 1 9 12 1 1 10 100 12 1 1 10 12 1 9 100 12 1 1 1 9 12 1 1 10 12 1 1 100 1 100 1 10 8 1 10 12 1 1 10 12 1 8 1 10 12 1 10 12 1 9 12 1 1 9 12 1 10 12 1 10 12 1 1 10 12 1 10 10 100 12 1 1 1 10 12 1 1 10 12 1 1 10 100 12 1 1 1 10 100 12 1 1 1 10 100 12 1 1 1 9 12 1 1 9 10 12 1 10 12 1 1 10 12 1 1 10 12 1 10 100 12 1 1 1 9 12 1 1 10 12 1 1 9 12 1 10 12 1 10 12 1 10 100 12 1 1 100 1 10 9 7 12 1 1 1 9 12 1 1 10 7 12 1 1 1 10 12 1 10 12 1 10 12 1 10 12 1 10 12 1 10 12 1 1 8 10 12 1 1 7 1 10 12 1 1 100 1 1 1 1 1 1 1 1 1 1 1 1 1 1 1 1 1 1 1 1 1 1 1 1 1 1 1 1 1 1 1 1 1 1 1 1 1 1 1 1 1 1 1 1 1 1 1 1 1 1 1 1 1 1 1 1 1 1 1 1 1 1 1 1 1 100 1 1 1 1 1 1 1 1 100 1 1 1 1 1 1 1 1 1 1 1 1 100 1 100 1 1 100 1 100 1 100 1 100 1 100 1 100 1 100 1 100 1 100 1 100 1 100 1 100 1 100 1 100 1 100 1 100 1 100 1 100 1 100 1 100 1 100 1 100 1 100 1 100 1 100 1 100 1 100 1 100 1 100 1 100 1 100 1 100 1 100 1 100 1 100 1 100 1 1 1 1 1 1 100 1 1 1 100 1 1 100 1 100 1 100 1 100 1 100 1 100 1 1 1 1 100 1 100 1 100 1 100 1 100 1 100 1 100 1 100 1
staticfield java/lang/invoke/VarHandle VFORM_OFFSET J 16
staticfield java/lang/invoke/VarHandle $assertionsDisabled Z 1
ciInstanceKlass java/lang/invoke/MemberName 1 1 730 7 1 7 1 100 1 9 12 1 1 10 7 12 1 1 1 9 12 1 1 10 12 1 1 10 12 1 1 10 12 1 1 10 12 1 10 12 1 1 10 7 12 1 1 1 10 12 1 9 7 12 1 1 10 12 1 100 1 100 1 10 12 1 8 1 10 12 1 1 10 12 1 10 12 1 1 10 12 1 9 12 1 1 8 1 10 100 12 1 1 1 7 1 10 10 12 1 1 7 1 7 1 10 12 1 9 12 1 1 100 1 8 1 10 12 1 10 12 1 10 12 1 10 12 1 10 12 1 1 10 12 1 10 12 1 10 12 1 1 8 1 8 1 10 12 1 8 1 9 12 1 1 3 10 12 1 10 12 1 10 12 1 10 10 7 12 1 1 1 10 12 1 10 12 1 10 12 1 10 12 1 7 1 8 10 12 1 1 10 12 1 1 8 1 9 100 1 8 9 100 1 10 12 1 1 10 12 1 10 12 1 8 1 10 12 1 1 10 12 1 10 12 1 10 12 1 10 12 1 1 100 1 10 12 1 1 10 12 1 8 1 10 12 1 10 12 1 8 1 10 12 1 1 10 12 1 1 100 1 10 12 1 1 10 12 8 1 8 1 100 1 10 12 1 10 100 12 1 1 1 100 1 10 12 10 12 1 10 12 1 10 12 1 10 12 1 10 10 12 1 10 12 1 10 12 1 3 10 12 1 3 10 12 1 3 3 3 3 3 3 10 12 1 3 9 12 1 10 12 1 1 3 10 12 1 10 10 7 12 1 1 1 10 12 1 1 10 7 12 1 1 10 10 12 1 10 12 1 1 10 12 1 10 10 12 1 1 10 12 1 10 12 1 10 12 1 100 1 10 10 10 12 100 1 10 10 10 12 1 1 10 12 1 1 10 10 12 1 8 10 7 1 10 12 1 10 7 1 10 12 1 10 12 1 10 12 1 10 10 12 1 10 12 1 1 10 12 1 1 10 12 1 10 12 1 10 12 1 100 1 10 12 1 1 100 1 8 1 10 7 1 10 12 1 10 12 10 12 1 1 10 12 1 10 12 1 8 1 8 1 8 1 8 1 10 12 1 10 12 1 10 7 12 1 1 1 8 1 8 1 10 12 1 8 1 10 10 10 12 1 10 12 1 8 1 8 1 10 10 12 1 8 1 10 100 12 1 1 1 8 1 100 1 10 12 1 10 12 1 1 10 12 1 8 1 8 1 8 1 8 1 100 1 10 8 1 8 1 8 1 8 1 10 12 1 100 1 100 1 100 1 10 100 1 10 100 1 10 100 12 1 1 1 9 7 12 1 1 1 100 1 100 1 1 1 1 1 1 1 3 1 3 1 3 1 3 1 3 1 3 1 1 1 1 1 1 1 1 3 1 3 1 1 1 1 1 1 1 1 1 1 1 1 1 1 1 1 1 1 1 1 1 1 1 1 100 1 1 1 1 1 1 1 1 1 1 1 1 1 1 1 1 1 1 1 1 1 1 1 1 1 1 1 1 1 1 1 1 1 1 1 1 1 1 1 1 1 1 1 1 1 1 1 1 1 1 1 1 1 1 1 1 1 1 1 1 1 1 1 1 1 1 1 1 1 1 1 1 1 1 1 1 100 1 1 1 1 1 1 1 1 1 1 1 1 1 1 1 1
staticfield java/lang/invoke/MemberName $assertionsDisabled Z 1
ciInstanceKlass java/lang/invoke/ResolvedMethodName 1 1 25 10 100 12 1 1 1 9 7 12 1 1 1 1 1 1 1 1 1 1 1 1 1 1 1
ciInstanceKlass java/lang/invoke/MethodHandleNatives 1 1 689 100 1 10 7 12 1 1 1 9 7 12 1 1 1 10 12 1 1 100 1 10 10 12 1 1 10 12 1 10 12 1 8 1 8 1 8 1 8 1 8 1 8 1 8 1 8 1 8 1 8 1 10 12 1 1 7 1 10 7 12 1 1 1 10 100 12 1 1 1 7 1 10 10 12 1 1 8 1 10 12 1 8 1 10 12 1 1 8 1 10 12 1 1 9 100 12 1 1 1 8 1 10 100 12 1 1 1 100 1 10 12 100 1 100 1 8 1 7 1 10 10 12 1 7 1 9 7 12 1 1 10 12 1 1 10 12 1 10 7 12 1 1 1 10 12 1 1 9 12 1 8 1 10 12 1 1 10 12 1 8 1 10 12 1 1 7 1 10 12 1 10 7 12 1 1 1 10 12 1 10 12 1 1 10 12 1 1 8 1 10 12 1 1 8 1 10 12 1 8 1 8 1 8 1 100 1 10 12 1 8 1 10 100 12 1 1 1 10 12 1 1 10 100 12 1 1 10 10 12 1 1 10 12 1 10 100 12 1 1 1 100 1 8 1 10 100 12 1 1 1 7 1 8 1 10 12 1 8 1 8 1 8 1 8 1 8 1 10 12 1 1 10 12 1 1 10 12 1 10 12 1 1 10 12 1 1 7 1 10 12 1 100 1 100 1 10 12 1 10 12 1 8 1 8 1 10 10 12 1 1 10 12 1 1 8 1 10 100 12 1 1 8 1 8 1 10 12 1 1 10 7 12 1 1 1 100 1 10 12 1 1 7 1 9 12 1 1 10 7 12 1 1 1 10 10 12 1 9 12 1 10 12 1 9 12 1 9 12 1 10 12 1 1 10 12 1 10 12 1 1 7 1 7 1 10 12 1 1 10 12 1 10 12 1 1 10 7 12 1 1 1 10 12 1 8 1 10 12 1 10 12 1 10 12 1 1 10 12 1 10 7 12 1 1 1 10 12 1 1 100 1 8 1 10 9 7 12 1 1 1 10 12 1 1 10 12 1 1 100 1 10 12 1 1 10 12 1 1 100 1 100 1 10 10 100 1 100 1 10 100 1 10 10 12 1 1 10 100 1 10 12 1 10 12 1 1 10 12 1 1 10 12 1 1 10 12 1 10 12 1 1 10 8 1 10 12 1 10 12 1 10 12 1 10 12 1 10 12 1 1 10 12 1 10 12 1 10 12 1 10 10 7 12 1 1 10 12 1 1 1 1 1 1 1 1 1 1 1 1 1 100 1 1 1 1 1 1 1 1 1 1 1 1 1 1 1 1 1 1 1 1 1 1 1 1 1 1 1 1 1 1 1 1 1 1 1 1 1 1 1 1 1 1 1 1 1 1 1 1 1 1 1 1 1 1 1 1 1 1 1 1 1 1 1 100 1 1 1 1 1 1 1 1 1 1 1 1 1 1 1 1 1 1 1 1 1 1 1 1 1 1 1 1 1 1 1 1 1 1 1 100 1 1 1 1 1 1 1 1 1 1 1 1 1 1 1 1 1 1 1 1 1 1 1 1 1 1 1 1 1 1 1 1 1 1 100 1 1
staticfield java/lang/invoke/MethodHandleNatives $assertionsDisabled Z 1
ciInstanceKlass jdk/internal/foreign/abi/NativeEntryPoint 0 0 223 10 100 12 1 1 1 9 100 12 1 1 1 9 12 1 1 100 1 8 1 10 12 1 10 12 1 1 100 1 10 100 12 1 1 1 10 12 1 9 12 1 1 18 12 1 1 10 100 12 1 1 1 9 100 12 1 1 1 8 1 10 12 1 1 8 1 8 1 8 1 8 1 10 100 12 1 1 1 100 1 10 10 12 1 1 8 1 10 12 1 8 1 10 12 1 10 12 1 1 10 12 1 1 100 1 8 1 10 12 1 10 12 1 1 100 1 8 1 10 10 12 1 9 12 1 1 18 12 1 1 10 100 12 1 1 1 10 12 1 1 10 12 1 10 100 12 1 1 1 10 1 1 1 1 1 1 1 1 1 1 1 1 1 1 1 1 1 1 1 1 1 1 1 1 1 1 1 1 1 1 1 1 1 1 1 1 1 1 1 1 1 1 1 1 16 1 15 10 12 16 1 16 15 10 12 15 10 100 12 1 1 1 1 1 100 1 1 100 1 100 1 1
ciInstanceKlass jdk/internal/foreign/abi/ABIDescriptor 0 0 55 10 100 12 1 1 1 9 100 12 1 1 1 9 12 1 1 9 12 1 9 12 1 9 12 1 1 9 12 1 9 12 1 1 9 12 1 9 12 1 9 12 1 9 12 1 1 1 1 1 1 1 1 1 1
ciInstanceKlass jdk/internal/foreign/abi/VMStorage 0 0 111 10 100 12 1 1 1 9 100 12 1 1 1 9 12 1 1 9 12 1 1 9 12 1 1 100 1 10 8 1 10 12 1 1 10 12 1 10 12 1 1 10 12 1 100 1 10 100 12 1 1 1 10 100 12 1 1 10 100 12 1 1 10 100 12 1 1 1 18 12 1 1 1 1 1 1 1 1 1 1 1 1 1 1 1 1 1 1 1 1 1 1 8 1 15 15 15 15 15 10 100 12 1 1 1 1 100 1 100 1 1
ciInstanceKlass jdk/internal/foreign/abi/UpcallLinker$CallRegs 0 0 66 10 100 12 1 1 1 9 100 12 1 1 1 9 12 1 18 12 1 1 18 12 1 1 18 12 1 1 1 1 1 1 1 1 1 1 1 1 1 1 1 1 1 1 100 1 1 1 8 1 15 15 15 10 100 12 1 1 1 1 1 100 1 100 1 1
instanceKlass java/lang/StackFrameInfo
ciInstanceKlass java/lang/ClassFrameInfo 1 1 126 10 7 12 1 1 1 9 7 12 1 1 1 7 1 3 9 12 1 1 9 12 1 1 100 1 9 12 1 1 3 11 100 12 1 1 1 11 12 1 10 12 1 1 10 12 1 1 10 12 1 100 1 10 10 12 1 1 8 1 8 1 10 12 100 1 10 10 12 1 1 8 1 10 12 1 8 1 10 12 8 1 10 12 1 10 7 12 1 1 1 100 1 1 1 1 1 1 1 1 1 1 1 1 1 1 1 1 1 1 1 1 1 1 1 1 1 1 1 100 1 1 1 1 1 1
staticfield java/lang/ClassFrameInfo JLIA Ljdk/internal/access/JavaLangInvokeAccess; java/lang/invoke/MethodHandleImpl$1
ciInstanceKlass java/lang/StackWalker$StackFrame 1 1 41 100 1 10 12 1 1 100 1 100 1 1 1 1 1 1 1 1 1 1 1 1 1 1 1 1 1 1 1 1 1 1 1 1 1 1 1 100 1 1 1
ciInstanceKlass java/lang/StackWalker 1 1 236 9 7 12 1 1 1 10 7 12 1 1 1 7 1 10 7 12 1 1 1 10 12 1 1 11 7 12 1 1 1 10 12 1 1 10 12 1 1 100 1 8 1 10 12 1 10 12 1 10 12 1 10 7 12 1 1 9 12 1 1 9 12 1 1 9 12 1 1 9 12 1 1 10 12 1 1 9 12 1 1 9 12 1 1 9 12 1 1 9 12 1 1 10 12 1 1 10 7 12 1 1 1 10 7 12 1 1 1 18 12 1 1 100 1 8 1 10 8 1 10 12 1 1 10 100 12 1 1 1 10 12 1 1 10 12 1 11 12 1 1 9 7 12 1 1 11 100 12 1 1 1 10 12 1 1 1 1 1 1 1 1 1 1 1 1 1 1 1 1 1 1 1 1 1 1 1 1 1 1 1 1 1 1 1 1 1 1 1 1 1 1 1 1 1 1 1 1 1 1 1 1 1 1 1 1 1 1 1 100 1 1 16 15 10 12 16 1 15 10 100 12 1 1 1 1 1 1 1 1 1 100 1 100 1 1
staticfield java/lang/StackWalker DEFAULT_EMPTY_OPTION Ljava/util/EnumSet; java/util/RegularEnumSet
staticfield java/lang/StackWalker DEFAULT_WALKER Ljava/lang/StackWalker; java/lang/StackWalker
instanceKlass java/lang/LiveStackFrameInfo
ciInstanceKlass java/lang/StackFrameInfo 1 1 150 10 7 12 1 1 1 9 7 12 1 1 1 9 12 1 1 11 7 12 1 1 1 10 12 1 1 10 7 12 1 1 1 9 12 1 1 10 12 1 1 9 12 1 1 100 1 10 12 10 12 1 9 12 1 100 1 100 1 10 12 1 1 11 12 1 1 10 12 1 10 12 1 10 12 1 1 9 12 1 1 10 12 1 1 10 100 12 1 1 10 12 1 1 9 12 1 10 100 12 1 1 1 9 12 1 1 10 100 1 10 12 1 9 12 1 1 10 12 1 1 10 12 1 1 1 1 1 1 1 1 1 1 1 1 1 1 1 1 100 1 100 1 1 1 1 1 1 1 1
staticfield java/lang/StackFrameInfo $assertionsDisabled Z 1
ciInstanceKlass java/lang/LiveStackFrameInfo 0 0 97 10 100 12 1 1 1 9 100 12 1 1 1 9 12 1 9 12 1 9 12 1 9 12 1 1 100 1 10 12 1 1 10 12 1 8 1 10 12 1 1 8 1 8 1 8 1 10 100 1 10 12 1 100 1 10 12 1 100 1 100 1 1 1 3 1 3 1 1 1 1 1 1 1 1 1 1 1 1 1 1 1 1 1 1 1 1 1 1 1 1 1 1 1 100 1 1
ciInstanceKlass java/lang/LiveStackFrame 0 0 112 100 1 10 100 12 1 1 1 11 100 12 1 1 1 11 12 1 9 100 12 1 1 1 10 100 12 1 1 1 10 100 12 1 1 1 11 12 1 10 12 1 100 1 100 1 1 1 1 1 1 1 1 1 1 1 1 1 1 1 1 1 1 1 1 1 1 1 1 1 100 1 1 1 1 1 1 1 100 1 8 1 1 12 10 1 1 1 8 1 1 1 8 1 1 1 8 1 1 1 8 1 1 8 1 1 1 8 1 1 8 1
instanceKlass java/lang/StackStreamFactory$StackFrameTraverser
ciInstanceKlass java/lang/StackStreamFactory$AbstractStackWalker 1 1 364 7 1 100 1 3 10 7 12 1 1 1 10 7 12 1 1 10 7 12 1 1 1 9 12 1 1 9 12 1 1 9 12 1 1 9 12 1 9 12 1 10 7 12 1 1 1 10 12 1 1 10 100 12 1 1 9 12 1 1 9 12 1 1 10 12 1 1 9 12 1 1 10 7 12 1 1 1 10 12 1 1 9 12 1 1 9 100 12 1 1 1 100 1 10 8 1 10 12 1 1 10 12 1 8 1 10 12 1 1 10 100 12 1 1 1 100 1 8 1 10 12 1 8 1 10 12 10 7 12 1 1 9 12 1 1 8 1 5 0 8 1 8 1 9 12 1 1 10 12 1 1 18 12 1 1 10 100 12 1 1 1 10 12 1 1 10 12 1 10 12 1 9 7 12 1 1 1 10 12 1 1 9 12 1 10 12 1 10 12 1 10 12 1 10 12 1 10 12 1 10 12 1 1 8 1 10 12 1 10 12 1 10 12 1 10 12 1 1 8 1 10 12 1 1 10 12 1 1 10 12 1 1 10 12 1 10 12 1 10 12 1 9 12 1 8 1 10 12 1 8 1 10 12 1 10 12 1 1 10 12 1 10 12 1 10 12 1 1 10 12 1 10 12 1 10 12 1 10 12 1 10 12 1 10 12 1 1 10 12 1 10 12 1 10 12 1 10 12 1 8 1 1 1 1 1 1 1 1 1 1 1 1 1 100 1 1 1 1 1 1 100 1 1 1 1 100 1 1 1 1 1 1 1 1 1 1 1 1 1 1 1 1 1 1 16 15 15 10 100 12 1 1 1 1 1 1 1 1 100 1 100 1 1
ciInstanceKlass jdk/internal/module/Modules 1 1 498 10 100 12 1 1 1 9 7 12 1 1 1 11 7 12 1 1 1 11 12 1 1 11 12 1 1 11 12 1 1 11 12 1 11 12 1 11 12 1 11 12 1 11 12 1 11 12 1 11 12 1 1 11 12 1 11 12 1 1 11 12 1 11 12 1 1 10 100 12 1 1 1 10 12 1 1 10 100 12 1 1 10 100 12 1 1 1 10 100 12 1 1 10 12 1 1 11 12 1 9 12 1 1 11 100 12 1 1 1 10 12 1 1 10 10 12 1 10 100 1 9 12 1 1 10 100 12 1 1 10 12 1 1 10 100 12 1 1 1 100 1 11 100 12 1 1 1 10 100 12 1 1 1 11 100 12 1 1 10 12 1 1 10 100 12 1 1 10 100 12 1 1 1 10 12 1 1 10 12 1 1 11 12 1 1 18 12 1 1 11 100 12 1 1 10 100 12 1 1 1 11 100 12 1 1 1 100 1 11 12 1 1 11 100 12 1 1 1 11 12 1 1 10 12 1 1 10 100 12 1 1 18 12 1 1 11 12 1 1 18 12 1 1 11 12 1 1 10 12 1 18 18 10 12 1 1 9 12 1 1 11 100 12 1 1 1 100 1 10 11 12 1 11 12 1 1 10 100 1 10 12 1 1 10 100 12 1 1 10 12 1 1 11 12 10 12 1 1 100 1 10 18 12 1 10 12 1 1 100 1 8 1 10 12 1 10 100 12 1 1 18 12 1 11 11 12 10 12 1 10 10 100 1 18 12 1 10 10 10 7 12 1 1 10 7 12 1 1 1 10 12 1 1 1 1 1 1 1 1 1 1 1 1 1 1 1 1 1 1 1 1 1 1 1 1 1 1 1 1 1 1 1 1 1 1 1 1 1 1 1 1 1 1 1 1 1 1 1 1 1 1 1 1 1 1 1 1 1 1 1 1 1 1 1 1 1 100 1 1 1 1 1 1 1 1 1 1 1 1 1 1 1 1 1 1 1 1 1 1 16 15 10 12 1 16 1 16 1 15 10 12 1 16 1 16 1 15 10 12 16 1 15 10 16 1 15 10 12 16 1 16 15 10 12 16 15 10 12 16 15 10 12 15 10 100 12 1 1 1 1 1 1 100 1 100 1 1
staticfield jdk/internal/module/Modules JLA Ljdk/internal/access/JavaLangAccess; java/lang/System$1
staticfield jdk/internal/module/Modules JLMA Ljdk/internal/access/JavaLangModuleAccess; java/lang/module/ModuleDescriptor$1
staticfield jdk/internal/module/Modules $assertionsDisabled Z 1
ciInstanceKlass java/lang/invoke/Invokers$Holder 1 1 140 1 100 1 100 1 1 1 7 1 7 1 7 1 1 12 10 1 1 12 10 1 1 12 10 1 1 1 12 10 1 1 12 10 1 12 10 1 1 1 12 10 1 1 100 1 1 12 10 1 12 10 1 1 12 10 1 12 10 1 1 12 10 1 1 12 10 1 1 12 10 1 12 10 1 1 12 10 1 1 12 10 1 1 12 10 1 12 10 1 1 12 10 12 10 1 12 10 1 12 10 1 12 10 1 12 10 12 10 1 1 12 10 1 1 12 10 1 1 12 10 1 1 12 10 1 1 12 10 1 12 10 1 1 1 1 1 1 1 1
ciMethod java/lang/invoke/Invokers$Holder linkToTargetMethod (Ljava/lang/Object;Ljava/lang/Object;Ljava/lang/Object;Ljava/lang/Object;Ljava/lang/Object;Ljava/lang/Object;)Ljava/lang/Object; 796 0 1358 0 -1
ciMethod java/lang/invoke/Invokers$Holder linkToTargetMethod (Ljava/lang/Object;Ljava/lang/Object;)Ljava/lang/Object; 514 0 103656 0 -1
ciMethod java/lang/invoke/Invokers$Holder linkToTargetMethod (Ljava/lang/Object;)Ljava/lang/Object; 522 0 101393 0 -1
ciInstanceKlass java/lang/invoke/DirectMethodHandle$Holder 1 1 535 1 100 1 100 1 1 1 7 1 1 12 10 1 12 10 1 7 1 7 1 1 12 10 1 1 1 1 12 10 1 1 12 10 1 1 12 10 1 1 12 10 1 1 12 10 1 1 12 10 1 1 12 10 1 1 12 10 1 1 12 10 1 1 12 10 1 1 12 10 1 1 12 10 1 1 12 10 1 1 12 10 1 1 12 10 12 10 1 1 12 10 1 1 12 10 1 1 12 10 1 1 12 10 1 1 12 10 1 1 12 10 1 1 12 10 1 1 12 10 1 1 12 10 1 1 12 10 1 1 12 10 1 1 12 10 1 1 12 10 1 1 12 10 1 1 12 10 1 1 12 10 1 1 12 10 1 1 12 10 1 1 12 10 1 1 12 10 1 1 12 10 1 1 12 10 1 1 12 10 1 1 12 10 1 1 12 10 1 1 12 10 1 1 12 10 1 1 12 10 1 1 12 10 12 10 12 10 12 10 12 10 12 10 12 10 12 10 12 10 1 1 12 10 12 10 12 10 12 10 1 1 12 10 1 1 12 10 1 1 12 10 1 1 12 10 1 1 12 10 1 1 12 10 1 1 12 10 1 1 12 10 1 1 12 10 1 1 12 10 1 1 12 10 1 1 12 10 1 1 12 10 1 1 12 10 12 10 12 10 12 10 1 12 10 1 1 12 10 1 1 12 10 1 1 1 1 12 10 12 10 1 1 12 10 1 12 10 12 10 1 1 12 10 1 1 12 10 1 12 10 1 1 12 10 12 10 1 1 1 12 10 1 12 10 1 7 1 1 12 9 1 7 1 1 12 10 1 1 12 10 1 1 1 12 10 1 12 10 1 1 12 10 1 12 10 1 1 1 12 10 1 1 1 1 12 10 1 1 12 10 1 1 12 10 1 12 10 1 1 1 1 1 12 10 1 1 12 10 1 1 12 10 1 12 10 1 1 1 1 1 12 10 1 1 12 10 1 1 12 10 1 12 10 1 1 1 1 12 10 1 1 12 10 1 1 12 10 1 12 10 1 1 1 1 1 12 10 1 12 10 1 1 1 12 10 1 12 10 1 1 1 1 12 10 1 12 10 1 1 1 12 10 1 12 10 1 1 1 1 1 12 10 1 12 10 1 1 1 12 10 1 12 10 1 1 1 1 12 10 1 12 10 1 1 12 10 1 12 10 1 1 12 10 1 1 1 1 1 1 1 1 1 1 1
ciMethod java/lang/invoke/DirectMethodHandle$Holder newInvokeSpecial (Ljava/lang/Object;Ljava/lang/Object;)Ljava/lang/Object; 512 0 104097 0 -1
ciInstanceKlass jdk/internal/loader/ClassLoaders 1 1 185 10 100 12 1 1 1 10 7 12 1 1 1 10 12 1 1 10 100 12 1 1 1 9 7 12 1 1 1 9 12 1 1 9 12 1 1 7 1 11 100 12 1 1 1 100 1 11 12 1 1 11 12 1 1 10 100 12 1 1 1 10 100 12 1 1 1 100 1 100 1 10 7 12 1 1 1 9 12 1 1 8 1 10 7 12 1 1 1 10 12 1 1 7 1 10 12 1 10 12 1 1 7 1 10 12 1 1 10 12 1 1 10 12 1 7 1 10 12 10 12 1 8 1 10 7 12 1 1 8 1 8 1 10 12 1 7 1 10 10 12 1 10 12 1 1 1 1 1 1 1 1 1 1 1 1 1 1 1 1 1 1 1 1 100 1 1 1 1 1 1 1 1 1 1 1 1 1 1 1 1 1 1 1 1
staticfield jdk/internal/loader/ClassLoaders JLA Ljdk/internal/access/JavaLangAccess; java/lang/System$1
staticfield jdk/internal/loader/ClassLoaders BOOT_LOADER Ljdk/internal/loader/ClassLoaders$BootClassLoader; jdk/internal/loader/ClassLoaders$BootClassLoader
staticfield jdk/internal/loader/ClassLoaders PLATFORM_LOADER Ljdk/internal/loader/ClassLoaders$PlatformClassLoader; jdk/internal/loader/ClassLoaders$PlatformClassLoader
staticfield jdk/internal/loader/ClassLoaders APP_LOADER Ljdk/internal/loader/ClassLoaders$AppClassLoader; jdk/internal/loader/ClassLoaders$AppClassLoader
instanceKlass org/apache/maven/artifact/versioning/ComparableVersion$ListItem
instanceKlass org/eclipse/sisu/bean/BeanScheduler$Pending
ciInstanceKlass java/util/ArrayList 1 1 516 10 7 12 1 1 1 7 1 9 7 12 1 1 1 9 12 1 100 1 100 1 10 8 1 10 12 1 1 10 12 1 10 12 1 1 10 12 1 9 12 1 11 7 12 1 1 1 9 12 1 1 11 12 1 1 7 10 7 12 1 1 1 9 12 1 10 12 1 10 12 1 1 10 7 12 1 1 1 10 7 12 1 1 1 10 12 1 1 10 12 1 1 10 12 1 1 10 12 1 10 12 1 1 100 1 100 1 10 12 1 10 10 7 12 1 1 1 10 7 12 1 1 10 12 1 100 1 10 10 12 10 12 1 1 10 12 1 1 10 12 1 10 12 10 12 1 1 7 1 10 12 1 1 10 12 1 1 10 12 1 100 1 10 11 12 1 1 11 100 12 1 1 1 11 12 1 10 12 1 10 12 1 10 12 1 1 11 100 1 10 12 1 1 10 10 12 1 1 10 12 1 8 1 8 1 8 1 8 1 10 12 1 1 10 12 1 1 11 12 1 100 1 10 100 12 1 1 10 12 1 10 12 1 1 10 100 12 1 1 10 12 1 10 100 12 1 1 1 11 100 12 1 1 1 10 12 1 100 1 8 1 10 7 1 10 12 1 7 1 10 12 1 10 12 1 1 7 1 10 12 1 10 12 1 1 11 7 12 1 1 7 1 10 12 1 10 12 1 1 11 7 12 1 1 10 12 1 1 10 12 1 1 10 12 1 1 10 12 1 1 11 100 12 1 1 10 12 1 1 10 12 1 1 100 1 100 1 100 1 1 1 1 5 0 1 3 1 1 1 1 1 1 1 1 1 1 1 1 1 1 1 1 1 1 1 1 1 1 1 1 1 1 1 1 1 1 1 1 1 1 1 1 1 1 1 1 1 1 1 1 1 1 1 1 1 1 1 1 1 1 1 1 1 1 1 1 1 1 1 1 1 1 1 1 1 1 1 1 1 1 1 1 1 1 1 1 1 1 1 1 1 1 1 1 1 1 1 1 1 1 1 1 1 1 1 1 1 1 1 1 1 100 1 1 1 1 100 1 1 1 1 1 1 1 1 1 1 1 1 1 1 1 1 1 1 1 1 1 1 1 1 1 1 1 1 1 100 1 1 1 1 1 1 1 1 1 1 1 1 1 1 1 1 1 1 1 100 1 100 1 1 1 1 1 1
staticfield java/util/ArrayList EMPTY_ELEMENTDATA [Ljava/lang/Object; 0 [Ljava/lang/Object;
staticfield java/util/ArrayList DEFAULTCAPACITY_EMPTY_ELEMENTDATA [Ljava/lang/Object; 0 [Ljava/lang/Object;
ciInstanceKlass java/util/List 1 1 280 10 100 12 1 1 1 11 100 12 1 1 1 11 100 12 1 1 1 11 12 1 1 11 100 12 1 1 11 12 1 1 11 12 1 1 10 100 12 1 1 1 7 1 7 1 10 12 1 1 100 1 10 7 12 1 1 1 11 12 1 1 11 12 1 11 12 1 100 1 10 12 1 11 12 1 1 11 12 1 1 11 12 1 10 100 12 1 1 1 9 7 12 1 1 1 7 1 10 12 10 12 1 7 1 10 12 1 1 10 12 1 10 12 1 1 8 10 100 12 1 1 1 10 100 12 1 1 1 11 12 1 1 100 1 1 1 1 1 1 1 1 1 1 1 1 1 1 1 1 1 1 1 1 1 1 1 1 1 1 1 1 1 1 1 1 1 1 1 1 1 1 1 1 1 1 1 1 100 1 100 1 1 1 1 1 1 1 1 1 1 1 1 1 1 1 1 1 1 1 1 1 1 1 1 1 1 1 1 1 1 1 1 1 1 1 1 1 1 1 1 1 1 1 1 1 1 1 1 1 1 1 1 1 1 1 1 1 1 1 1 1 1 1 1 1 1 1 1 1 1 1 1 1 1 1 1 1 1 1 1 1 1 1 1 1 1 1 100 1 1 100 1 1 1 100 1 100 1 1
ciInstanceKlass java/util/SequencedCollection 1 1 104 100 1 10 12 1 1 11 100 12 1 1 1 11 100 12 1 1 1 11 12 1 1 11 12 1 100 1 100 1 1 1 1 1 1 1 1 1 1 1 1 1 1 1 1 1 1 1 1 1 1 1 1 1 1 1 1 1 100 1 8 1 12 10 1 1 8 1 1 1 8 1 1 8 1 1 1 8 1 1 8 1 1 1 8 1 1 8 1 8 1 1 8 1 1 1 8 1 1 8 1 1 8 1
ciInstanceKlass java/lang/Iterable 1 1 62 10 7 12 1 1 1 11 7 12 1 1 1 11 7 12 1 1 1 11 12 1 1 11 7 12 1 1 1 10 7 12 1 1 1 100 1 1 1 1 1 1 1 1 1 1 1 1 1 1 1 1 1 1 1 1 1 1 1 1 1 1
ciInstanceKlass java/util/RandomAccess 1 0 7 100 1 100 1 1 1
instanceKlass com/sun/tools/javac/util/List
instanceKlass java/util/concurrent/ConcurrentLinkedDeque
instanceKlass java/util/AbstractMap$2
instanceKlass org/eclipse/sisu/inject/MildElements
instanceKlass org/eclipse/sisu/inject/MildValues$1
instanceKlass com/google/common/collect/Maps$Values
instanceKlass com/google/common/collect/AbstractMultimap$Values
instanceKlass java/util/TreeMap$Values
instanceKlass com/google/common/collect/AbstractMapBasedMultimap$WrappedCollection
instanceKlass com/google/common/collect/ImmutableCollection
instanceKlass java/util/IdentityHashMap$Values
instanceKlass java/util/HashMap$Values
instanceKlass java/util/AbstractQueue
instanceKlass java/util/LinkedHashMap$LinkedValues
instanceKlass java/util/ArrayDeque
instanceKlass java/util/AbstractSet
instanceKlass java/util/ImmutableCollections$AbstractImmutableCollection
instanceKlass java/util/AbstractList
ciInstanceKlass java/util/AbstractCollection 1 1 160 10 7 12 1 1 1 10 7 12 1 1 1 10 12 1 1 11 7 12 1 1 1 11 12 1 1 10 12 1 1 10 100 12 1 1 1 10 12 1 1 10 12 1 1 10 7 12 1 1 10 7 12 1 1 1 7 1 10 100 12 1 1 1 10 100 12 1 1 1 100 1 10 11 12 1 11 7 1 10 12 1 10 12 1 10 7 12 1 1 1 11 8 1 100 1 10 10 12 1 1 8 1 10 12 1 10 12 1 1 1 1 1 1 1 1 1 1 1 1 1 1 1 1 1 1 1 1 1 1 1 1 1 1 1 1 1 1 1 1 1 1 1 1 1 1 1 1 1 1 1 1 1 1 1 1 1 1 1 1
ciMethod java/util/AbstractCollection add (Ljava/lang/Object;)Z 0 0 1 0 -1
ciMethod java/util/AbstractCollection contains (Ljava/lang/Object;)Z 82 24 41 0 -1
ciMethod java/util/AbstractCollection <init> ()V 514 0 751100 0 80
instanceKlass com/sun/tools/javac/model/FilteredMemberList
instanceKlass org/apache/maven/project/MavenProject$LoggingList
instanceKlass org/eclipse/aether/util/graph/visitor/Stack
instanceKlass org/apache/maven/model/merge/ModelMerger$MergingList
instanceKlass sun/security/jca/ProviderList$2
instanceKlass java/util/Collections$SingletonList
instanceKlass com/google/common/collect/Lists$TransformingRandomAccessList
instanceKlass com/google/common/collect/Lists$Partition
instanceKlass java/util/ArrayList$SubList
instanceKlass java/util/Vector
instanceKlass java/util/Arrays$ArrayList
instanceKlass java/util/AbstractSequentialList
instanceKlass java/util/Collections$EmptyList
instanceKlass java/util/ArrayList
ciInstanceKlass java/util/AbstractList 1 1 218 10 7 12 1 1 1 9 7 12 1 1 1 10 12 1 1 10 12 1 1 100 1 10 10 12 1 1 11 100 12 1 1 1 11 12 1 1 11 12 1 10 7 12 1 1 1 10 12 1 11 12 1 11 12 1 11 12 1 10 12 1 1 10 12 1 1 11 100 12 1 1 1 11 7 1 11 7 1 10 12 1 7 1 10 12 1 10 12 1 1 100 1 100 1 10 12 1 100 1 10 100 1 100 1 10 8 1 10 12 1 1 10 12 1 10 12 1 1 10 12 1 8 1 100 1 8 1 8 1 8 1 10 100 1 11 10 10 12 1 11 12 1 10 12 1 1 8 1 8 1 1 1 1 1 1 1 1 1 1 1 1 1 1 1 1 1 1 1 1 1 1 1 1 1 1 1 1 1 1 1 1 1 1 1 1 1 1 1 1 1 1 1 1 1 1 1 1 1 1 1 1 1 1 1 1 1 1 100 1 100 1 1 1 1 1 1 1
ciMethod java/util/AbstractList <init> ()V 474 0 229748 0 80
ciMethod java/util/ArrayList remove (Ljava/lang/Object;)Z 0 0 105 0 0
ciMethod java/util/ArrayList isEmpty ()Z 768 0 11122 0 88
ciMethod java/util/ArrayList iterator ()Ljava/util/Iterator; 512 0 7787 0 200
ciMethod java/util/ArrayList get (I)Ljava/lang/Object; 506 0 31585 0 -1
ciMethod java/util/ArrayList <init> ()V 322 0 209261 0 99
ciMethod java/util/ArrayList fastRemove ([Ljava/lang/Object;I)V 778 0 5660 0 -1
instanceKlass java/util/LinkedHashSet
ciInstanceKlass java/util/HashSet 1 1 303 10 7 12 1 1 1 7 1 10 9 7 12 1 1 1 11 7 12 1 1 1 10 7 12 1 1 1 10 12 1 1 10 12 1 1 10 12 1 10 12 1 7 1 10 10 12 1 1 11 7 12 1 1 1 10 10 12 1 1 10 12 1 1 9 12 1 1 10 12 1 1 10 12 1 1 10 12 1 10 7 12 1 1 1 10 100 1 100 1 10 12 1 10 100 12 1 1 10 12 1 10 12 1 10 12 1 1 10 12 1 1 11 100 12 1 1 11 12 1 10 12 1 1 10 100 12 1 1 1 10 12 1 100 1 100 1 10 8 1 10 12 1 1 10 12 1 10 12 1 1 10 12 1 10 12 1 10 100 12 1 1 1 8 1 10 12 1 4 4 10 12 1 1 8 1 10 12 1 1 4 10 100 12 1 1 1 100 1 10 12 1 1 11 100 12 1 1 1 100 1 10 12 1 7 1 10 12 1 10 12 1 1 10 12 1 100 1 8 1 10 10 12 1 10 10 100 1 100 1 1 1 1 5 0 1 1 1 1 1 1 1 1 1 1 1 1 1 1 1 1 1 1 1 1 1 1 1 1 1 1 1 1 1 1 1 1 1 1 100 1 1 1 1 100 1 1 1 1 1 1 1 1 1 1 1 1 1 1 1 1 1 1 1 100 1 1 100 1 100 1 1 1
staticfield java/util/HashSet PRESENT Ljava/lang/Object; java/lang/Object
instanceKlass java/util/EnumMap$EntrySet
instanceKlass java/util/IdentityHashMap$EntrySet
instanceKlass java/util/WeakHashMap$EntrySet
instanceKlass org/eclipse/aether/graph/Dependency$Exclusions
instanceKlass java/util/Collections$SingletonSet
instanceKlass java/lang/ProcessEnvironment$CheckedKeySet
instanceKlass java/util/AbstractMap$1
instanceKlass org/eclipse/sisu/wire/EntrySetAdapter
instanceKlass java/util/TreeMap$EntrySet
instanceKlass org/eclipse/sisu/wire/EntryMapAdapter$EntrySet
instanceKlass com/google/common/collect/Sets$ImprovedAbstractSet
instanceKlass java/util/LinkedHashMap$LinkedEntrySet
instanceKlass com/google/common/collect/Sets$SetView
instanceKlass java/util/EnumSet
instanceKlass java/util/LinkedHashMap$LinkedKeySet
instanceKlass java/lang/ProcessEnvironment$CheckedEntrySet
instanceKlass java/util/TreeMap$KeySet
instanceKlass jdk/internal/util/ReferencedKeySet
instanceKlass java/util/TreeSet
instanceKlass java/util/IdentityHashMap$KeySet
instanceKlass java/util/HashMap$KeySet
instanceKlass java/util/WeakHashMap$KeySet
instanceKlass java/util/Collections$SetFromMap
instanceKlass java/util/HashSet
instanceKlass java/util/ImmutableCollections$MapN$1
instanceKlass java/util/Collections$EmptySet
instanceKlass java/util/HashMap$EntrySet
ciInstanceKlass java/util/AbstractSet 1 1 96 10 7 12 1 1 1 7 1 7 1 11 12 1 1 10 7 1 10 12 1 1 100 1 100 1 10 12 1 1 11 7 12 1 1 1 11 12 1 1 10 7 12 1 1 10 7 12 1 1 1 11 10 12 1 1 11 12 1 11 12 1 1 1 1 1 1 1 1 1 1 1 1 1 1 1 1 100 1 1 1 1 1 1 1 1 1 1 1 1 1 1 1 1 1 1
ciInstanceKlass java/util/stream/ReferencePipeline$Head 1 1 80 10 7 12 1 1 1 10 12 1 100 1 10 12 1 10 7 12 1 1 1 10 12 1 1 11 7 12 1 1 1 10 12 1 10 12 1 10 12 1 1 1 1 1 1 1 1 1 1 1 1 1 1 1 1 1 1 1 1 1 1 1 1 1 1 1 1 1 1 1 1 1 1 1 1 1 1 1 1 1
instanceKlass com/sun/tools/javac/file/Locations$SearchPath
ciInstanceKlass java/util/LinkedHashSet 1 1 163 10 7 12 1 1 1 4 11 7 12 1 1 1 10 7 12 1 1 1 10 7 12 1 1 1 10 7 12 1 1 1 100 1 10 7 12 1 1 1 100 1 100 1 10 12 1 8 1 10 12 1 1 10 12 1 10 12 1 1 10 12 1 10 12 1 9 12 1 1 100 1 10 12 1 9 12 1 1 10 12 1 1 10 12 1 10 12 1 1 11 100 12 1 1 1 11 12 1 11 12 1 11 12 1 100 1 10 12 1 10 12 1 100 1 100 1 1 1 1 5 0 1 1 1 1 1 1 1 1 1 1 1 1 1 1 1 1 1 1 1 1 1 1 1 1 1 1 1 1 1 1 1 1 1 1 1 1 1 1 1 1 1
ciInstanceKlass java/util/SequencedSet 1 1 78 11 100 12 1 1 1 100 1 100 1 100 1 1 1 1 1 1 1 1 1 1 1 1 1 1 1 100 1 8 1 1 12 10 1 1 1 8 1 1 1 8 1 1 1 8 1 1 1 8 1 1 1 8 1 1 8 1 1 1 8 1 1 8 1 1 8 1 1 1 8 1 1 8 1 1 8 1
ciMethod java/util/LinkedHashSet <init> ()V 40 0 46639 0 245
ciInstanceKlass java/lang/annotation/Annotation 1 0 17 100 1 100 1 1 1 1 1 1 1 1 1 1 1 1 1
ciInstanceKlass java/util/LinkedHashMap 1 1 386 9 7 12 1 1 1 9 12 1 1 9 12 1 9 7 12 1 1 9 12 1 10 7 12 1 1 1 10 12 1 1 10 12 1 1 9 12 1 9 12 1 1 9 12 1 10 12 1 1 7 1 10 10 12 1 1 10 12 1 10 12 1 1 9 12 1 1 9 12 1 10 12 1 1 10 100 12 1 1 1 10 12 1 10 12 1 10 12 10 12 1 1 10 100 12 1 1 1 10 12 1 1 10 12 1 1 9 7 1 10 12 1 10 12 1 1 9 12 1 1 7 1 10 12 1 7 1 100 1 10 10 12 1 1 10 12 1 1 9 12 1 1 7 1 10 7 1 10 12 1 9 12 1 7 1 10 100 1 10 11 100 12 1 1 1 100 1 10 11 100 12 1 1 100 1 100 1 10 8 1 10 12 1 1 10 12 1 10 12 1 1 10 12 1 10 12 1 1 10 100 1 10 12 1 100 1 1 1 1 5 0 1 1 1 3 1 3 1 3 1 1 1 1 1 1 1 1 1 1 1 1 1 1 1 1 1 1 1 1 1 1 1 1 1 1 1 1 1 1 1 1 1 1 1 1 1 1 1 1 1 1 1 1 1 1 1 100 1 1 1 1 1 1 1 1 100 1 1 1 1 1 1 1 1 1 1 1 1 1 1 1 1 1 1 1 1 1 1 1 1 1 1 1 1 100 1 1 1 1 1 1 1 1 1 1 1 1 1 1 100 1 1 1 1 1 1 1 1 1 100 1 1 1 1 1 1 1 1 1 1 1 1 1 1 1 1 1 1 1 1 1 1 1 1 1 1 1 1 1 1 1 100 1 100 1 100 1 100 1 1 1 1 1 100 1 100 1 1 1 1 1 1 1 1 1
ciInstanceKlass java/util/SequencedMap 1 1 150 11 100 12 1 1 1 11 100 12 1 1 1 11 100 12 1 1 1 100 1 11 12 1 1 100 1 10 12 1 1 11 12 1 1 11 12 1 1 100 1 10 12 100 1 10 12 1 100 1 10 100 1 10 100 1 100 1 1 1 1 1 1 1 1 1 1 1 1 1 1 1 1 1 1 1 1 1 1 1 1 1 1 1 1 1 1 1 1 1 1 1 1 1 1 1 1 1 1 1 1 1 1 1 1 1 1 100 1 8 1 12 10 1 1 8 1 1 1 8 1 1 8 1 1 1 8 1 1 8 1 1 8 1 1 8 1 8 1 1 1 8 1 1 8 1 1 1 8 1
ciMethod java/util/LinkedHashMap get (Ljava/lang/Object;)Ljava/lang/Object; 776 0 49125 0 696
ciMethod java/util/LinkedHashMap entrySet ()Ljava/util/Set; 522 0 7800 0 -1
ciMethod java/util/LinkedHashMap afterNodeAccess (Ljava/util/HashMap$Node;)V 8 0 1727 0 -1
ciMethod java/util/LinkedHashMap <init> (Ljava/util/Map;)V 472 0 8529 0 -1
ciMethod java/util/LinkedHashMap <init> (IF)V 1024 0 19606 0 0
instanceKlass java/util/JumboEnumSet
instanceKlass java/util/RegularEnumSet
ciInstanceKlass java/util/EnumSet 1 1 243 10 7 12 1 1 1 9 7 12 1 1 1 9 12 1 1 10 12 1 1 100 1 100 1 10 10 12 1 1 8 1 10 12 1 10 12 1 1 10 12 1 7 1 10 12 1 7 1 10 10 12 1 1 10 12 1 10 12 1 1 11 7 12 1 1 1 100 1 8 1 10 11 12 1 1 11 7 12 1 1 1 7 1 10 12 1 1 11 12 1 10 12 1 1 10 12 1 1 10 12 1 10 12 1 1 10 12 1 1 8 1 10 12 1 1 10 7 12 1 100 1 100 1 10 12 1 10 12 1 10 7 12 1 1 8 1 10 7 12 1 1 1 11 7 12 1 1 100 1 10 12 1 100 1 8 1 10 100 1 100 1 1 1 1 5 0 1 1 1 1 1 1 1 1 1 1 1 1 100 1 1 1 1 1 1 1 1 1 1 1 1 1 1 1 1 1 1 1 1 1 1 1 1 1 1 1 1 1 1 1 1 1 1 1 1 1 1 1 1 1 1 1 1 1 1 1 1 1 1 1 1 1 1 1 1 1 1 1 1 1 1 1
ciMethod java/util/EnumSet of (Ljava/lang/Enum;Ljava/lang/Enum;Ljava/lang/Enum;Ljava/lang/Enum;Ljava/lang/Enum;)Ljava/util/EnumSet; 512 0 397 0 0
ciMethod java/util/EnumSet noneOf (Ljava/lang/Class;)Ljava/util/EnumSet; 512 0 18754 0 -1
ciInstanceKlass java/lang/invoke/DirectMethodHandle$Constructor 1 1 93 10 7 12 1 1 1 9 7 12 1 1 1 9 12 1 1 9 12 1 1 10 100 12 1 1 1 100 1 10 12 1 9 12 1 9 12 1 10 12 1 10 12 1 1 9 12 1 1 10 12 1 1 10 7 12 1 1 1 1 1 1 1 1 1 1 1 1 1 1 100 1 100 1 1 1 1 1 1 1 1 1 1 1 1 1 1 1 1 1 1 1 1
staticfield java/lang/invoke/DirectMethodHandle$Constructor $assertionsDisabled Z 1
ciInstanceKlass jdk/internal/util/DecimalDigits 1 1 146 10 100 12 1 1 1 5 0 5 0 10 7 12 1 1 1 10 12 1 100 1 5 0 5 0 10 12 1 10 12 1 10 12 1 1 9 12 1 1 9 12 1 1 100 1 10 9 12 1 1 9 7 12 1 1 1 10 12 1 1 10 12 1 1 9 12 1 1 11 7 12 1 1 1 10 7 12 1 1 1 10 7 12 1 1 1 10 7 12 1 1 1 10 12 1 1 1 1 1 1 1 1 1 1 1 1 1 1 1 1 1 1 1 1 1 1 1 1 1 1 1 1 1 1 1 1 1 1 1 1 1 1 1 1 1 1 1 1 1 1 1 1 100 1 1
staticfield jdk/internal/util/DecimalDigits JLA Ljdk/internal/access/JavaLangAccess; java/lang/System$1
staticfield jdk/internal/util/DecimalDigits UNSAFE Ljdk/internal/misc/Unsafe; jdk/internal/misc/Unsafe
staticfield jdk/internal/util/DecimalDigits DIGITS [S 128
staticfield jdk/internal/util/DecimalDigits $assertionsDisabled Z 1
ciMethod jdk/internal/util/DecimalDigits stringSize (I)I 568 2056 5458 0 -1
ciMethod jdk/internal/util/DecimalDigits uncheckedGetCharsLatin1 (II[B)I 768 1148 7658 0 -1
ciInstanceKlass java/util/function/Predicate 1 1 101 10 100 12 1 1 1 18 12 1 1 18 12 1 18 18 12 1 18 12 1 11 100 12 1 1 10 100 12 1 1 1 11 12 1 1 1 1 1 1 1 1 1 1 1 1 1 1 1 1 1 1 1 1 1 1 1 1 1 1 1 1 1 1 1 1 1 1 1 1 1 16 15 11 12 15 11 12 15 11 12 15 10 12 1 15 11 12 15 10 100 12 1 1 1 1 100 1 100 1 1
ciMethod java/util/function/Predicate test (Ljava/lang/Object;)Z 0 0 1 0 -1
instanceKlass java/util/ArrayList$ListItr
ciInstanceKlass java/util/ArrayList$Itr 1 1 104 10 7 12 1 1 1 9 7 12 1 1 1 10 7 12 1 1 1 9 12 1 1 9 7 12 1 1 9 12 1 9 12 1 9 12 1 10 12 1 100 1 10 9 12 1 1 100 1 10 100 1 10 10 12 1 1 100 1 10 12 1 1 11 100 12 1 1 1 100 1 1 1 1 1 1 1 1 1 1 1 1 1 1 1 1 100 1 1 1 1 1 1 1 1 1 1 1 1 1 1 1 1 1
ciMethod java/util/ArrayList$Itr <init> (Ljava/util/ArrayList;)V 512 0 14427 0 -1
instanceKlass java/util/LinkedHashMap$Entry
ciInstanceKlass java/util/HashMap$Node 1 1 95 10 7 12 1 1 1 9 7 12 1 1 1 9 12 1 1 9 12 1 9 12 1 1 100 1 10 10 12 1 1 8 1 10 12 1 10 12 1 1 10 7 12 1 1 1 100 1 11 12 1 1 10 12 1 1 11 12 1 1 1 1 1 1 1 1 1 1 1 1 1 1 1 1 1 1 1 1 1 1 1 1 1 1 1 1 1 1 100 1 1 1 100 1 1
ciInstanceKlass java/util/HashMap$TreeNode 0 0 250 7 1 10 7 12 1 1 1 9 7 12 1 1 1 9 12 1 1 9 12 1 9 12 1 1 9 12 1 1 10 12 1 1 100 1 10 12 1 9 12 1 9 12 1 9 12 1 1 10 7 12 1 1 1 10 12 1 1 10 12 1 1 10 12 1 1 10 12 1 1 10 12 1 1 10 7 12 1 1 1 10 7 12 1 1 1 10 7 12 1 1 1 9 12 1 10 12 1 1 10 12 1 1 10 12 1 1 10 12 1 1 9 7 1 10 12 1 1 10 12 1 1 10 12 1 10 12 1 1 10 12 1 10 12 1 10 12 1 1 1 1 1 1 1 1 1 1 1 1 1 1 1 1 1 1 1 1 1 1 1 1 1 1 100 1 1 1 1 1 1 1 1 1 1 1 1 1 1 1 1 1 1 1 1 1 1 1 1 1 1 1 1 1 1 1 1 1 1 1 1 1 1 1 1 1 1 1 1 1 1 1 1 1 1 1 1 1 1 1 1 1 1 1 1 1 1 1 1 1 1 1 1 1 1 1 1 1 1 1 1 1 1 1 1 100 1 1 1 1
instanceKlass java/util/HashMap$TreeNode
ciInstanceKlass java/util/LinkedHashMap$Entry 1 1 41 10 7 12 1 1 1 100 1 1 1 1 1 1 1 1 1 1 1 1 1 1 1 1 1 1 1 1 1 1 1 1 1 1 100 1 1 100 1 1 1
ciMethod java/util/HashMap$TreeNode getTreeNode (ILjava/lang/Object;)Ljava/util/HashMap$TreeNode; 16 0 1 0 -1
ciInstanceKlass java/util/Collections$EmptyIterator 1 1 57 10 7 12 1 1 1 100 1 10 100 1 10 10 7 12 1 1 1 7 1 10 9 12 1 1 100 1 1 1 1 1 1 1 1 1 1 1 1 1 1 1 1 1 1 1 1 1 1 1 1 1 1 100 1 1 1
staticfield java/util/Collections$EmptyIterator EMPTY_ITERATOR Ljava/util/Collections$EmptyIterator; java/util/Collections$EmptyIterator
ciInstanceKlass java/util/stream/ReferencePipeline$3 1 1 61 9 7 12 1 1 1 10 7 12 1 1 1 10 7 12 1 1 1 7 1 10 12 1 1 1 1 1 1 1 1 1 1 1 1 1 1 1 1 1 1 1 1 1 1 1 1 1 1 1 1 1 1 100 1 12 1 1 1 1 1
ciInstanceKlass java/lang/invoke/BoundMethodHandle$Species_LL 1 1 75 1 7 1 7 1 1 1 1 1 1 1 12 9 1 1 1 12 10 12 9 12 9 1 1 12 10 1 1 1 7 1 1 12 10 1 7 1 1 12 10 1 1 1 12 10 1 1 1 12 10 1 1 1 12 10 1 1 1 12 10 1 1 1 12 10 1 1 1 1 1 100 1 1 1
ciInstanceKlass java/util/RegularEnumSet 1 1 158 10 7 12 1 1 1 9 7 12 1 1 1 5 0 10 7 12 1 1 1 9 12 1 1 7 1 10 12 1 10 7 12 1 1 1 10 7 12 1 1 1 9 12 1 1 10 100 12 1 1 10 12 1 1 10 12 1 1 10 12 1 1 10 12 1 100 1 100 1 10 12 1 10 12 1 1 8 1 10 12 1 10 12 1 1 10 12 1 10 12 1 10 12 1 10 12 1 1 10 12 1 1 1 1 5 0 1 1 1 1 1 1 1 1 1 1 1 1 1 1 1 1 1 1 1 1 1 1 1 1 1 1 1 1 1 1 1 1 1 1 1 1 1 1 1 1 1 1 1 1 1 1 1 1 1 1 1
ciInstanceKlass java/util/LinkedHashMap$LinkedEntrySet 1 1 203 10 7 12 1 1 1 9 7 12 1 1 1 10 7 12 1 1 1 9 12 1 1 9 7 12 1 1 1 10 12 1 7 1 10 12 1 100 1 11 12 1 1 10 12 1 1 10 100 12 1 1 1 11 12 1 10 100 12 1 1 1 10 12 1 1 100 1 10 100 12 1 1 1 100 1 10 9 12 1 9 12 1 1 11 100 12 1 1 1 9 100 12 1 1 9 12 1 9 12 1 100 1 10 100 1 10 100 1 10 10 12 1 1 9 12 9 12 1 1 10 12 1 1 10 10 12 1 1 10 12 1 10 12 1 10 12 1 10 12 1 1 10 12 1 10 12 100 1 1 1 1 1 1 1 1 1 1 1 1 1 1 1 1 1 1 1 1 1 1 1 100 1 1 1 1 1 1 1 1 1 1 1 1 1 1 1 1 1 1 1 1 1 1 1 1 1 1 1 100 1 1 1
ciInstanceKlass java/util/LinkedHashMap$LinkedEntryIterator 1 1 56 10 7 12 1 1 1 10 7 12 1 1 1 10 7 12 1 1 1 10 12 1 1 100 1 1 1 1 1 1 1 1 1 1 1 1 1 1 1 1 1 1 1 1 100 1 1 1 1 100 1 1 100 1 100 1
ciInstanceKlass java/util/zip/ZipFile$Source$Key 1 1 82 10 7 12 1 1 1 9 7 12 1 1 1 9 12 1 1 9 12 1 1 10 7 12 1 1 1 11 7 12 1 1 1 10 7 12 1 1 1 11 12 1 1 10 7 12 1 1 10 10 7 1 10 12 1 1 10 10 10 1 1 1 1 1 1 1 1 1 1 1 1 1 1 1 1 7 1 1 100 1 1 1
ciMethod java/util/Objects requireNonNull (Ljava/lang/Object;)Ljava/lang/Object; 1024 0 1282742 0 -1
ciMethod java/util/Set add (Ljava/lang/Object;)Z 0 0 1 0 -1
ciMethod java/util/HashSet <init> (IFZ)V 814 0 19606 0 505
ciMethod java/util/AbstractSet <init> ()V 512 0 112410 0 80
ciMethod java/lang/Iterable iterator ()Ljava/util/Iterator; 0 0 1 0 -1
ciMethod java/util/HashMap getNode (Ljava/lang/Object;)Ljava/util/HashMap$Node; 1024 24 17422 0 656
ciMethod java/util/HashMap tableSizeFor (I)I 768 0 11609 0 0
ciMethod java/util/HashMap hash (Ljava/lang/Object;)I 1024 0 91078 0 0
ciMethod java/util/HashMap <init> (IF)V 114 0 5181 0 312
ciMethod java/lang/Enum getDeclaringClass ()Ljava/lang/Class; 120 0 1044 0 -1
ciMethod java/lang/Enum ordinal ()I 282 0 141 0 0
ciMethod java/util/AbstractMap <init> ()V 768 0 110439 0 0
ciMethod jdk/internal/misc/Unsafe allocateInstance (Ljava/lang/Class;)Ljava/lang/Object; 256 0 128 0 -1
ciMethod java/util/Map$Entry getKey ()Ljava/lang/Object; 0 0 1 0 -1
ciMethod java/util/Map$Entry getValue ()Ljava/lang/Object; 0 0 1 0 -1
ciMethod java/util/Iterator next ()Ljava/lang/Object; 0 0 1 0 -1
ciMethod java/util/Iterator hasNext ()Z 0 0 1 0 -1
ciMethod java/util/Set iterator ()Ljava/util/Iterator; 0 0 1 0 -1
ciMethod java/util/Set isEmpty ()Z 0 0 1 0 -1
ciMethod java/lang/String newStringWithLatin1Bytes ([B)Ljava/lang/String; 1024 0 2572 0 -1
ciMethod java/util/Map remove (Ljava/lang/Object;)Ljava/lang/Object; 0 0 1 0 -1
ciMethod java/util/Map put (Ljava/lang/Object;Ljava/lang/Object;)Ljava/lang/Object; 0 0 1 0 -1
ciMethod java/util/Map clear ()V 0 0 1 0 -1
ciMethod java/util/Map get (Ljava/lang/Object;)Ljava/lang/Object; 0 0 1 0 -1
ciMethod java/lang/Object <init> ()V 930 0 3193223 0 120
ciInstanceKlass java/lang/AssertionError 0 0 79 10 100 12 1 1 1 10 12 1 10 100 12 1 1 1 10 100 1 100 1 10 12 1 1 10 12 1 10 12 1 10 12 1 10 12 1 10 12 1 10 12 1 10 12 1 1 1 1 5 0 1 1 1 1 1 1 1 1 1 1 100 1 1 1 1 1 1 1 1 1 1 1 1 1 1 1 1 1
ciInstanceKlass java/util/LinkedHashMap$LinkedKeyIterator 1 1 52 10 7 12 1 1 1 10 7 12 1 1 1 10 7 12 1 1 1 10 7 12 1 1 1 100 1 1 1 1 1 1 1 1 1 1 1 1 1 1 1 1 1 1 1 1 100 1 1 1 1 1
ciInstanceKlass java/util/NoSuchElementException 0 0 34 10 100 12 1 1 1 10 12 1 10 12 1 10 12 1 100 1 1 1 1 5 0 1 1 1 1 1 1 1 1 1 1 1
ciInstanceKlass java/util/JumboEnumSet 1 1 197 10 7 12 1 1 1 9 7 12 1 1 1 9 12 1 1 10 7 12 1 1 1 5 0 9 12 1 1 7 1 10 12 1 10 7 12 1 1 1 9 12 1 1 10 100 12 1 1 10 12 1 1 10 12 1 1 10 12 1 1 10 12 1 100 1 100 1 10 12 1 10 12 1 1 8 1 10 12 1 10 12 1 1 10 12 1 10 12 1 10 12 1 10 12 1 10 12 1 10 100 12 1 1 1 10 12 1 1 10 12 1 10 100 12 1 1 1 10 12 1 1 10 100 12 1 10 12 1 1 10 1 1 1 5 0 1 1 1 1 1 1 1 1 1 1 1 1 1 1 1 1 1 1 1 1 1 1 1 1 1 1 1 1 1 1 1 1 1 1 1 1 1 1 1 1 1 1 1 1 1 1 1 1 1 1 1 1 1 100 1 1 1 1 1 1 1
ciInstanceKlass javax/tools/Diagnostic 1 0 34 100 1 100 1 1 1 1 5 0 1 1 1 1 1 1 1 1 1 1 1 1 1 1 1 1 1 1 1 1 100 1 1 1
instanceKlass com/sun/tools/javac/util/Log
ciInstanceKlass com/sun/tools/javac/util/AbstractLog 1 1 159 10 7 12 1 1 1 9 7 12 1 1 1 7 1 10 9 12 1 1 9 12 1 1 10 7 12 1 1 1 10 12 1 1 9 12 1 11 7 12 1 1 1 10 12 1 11 12 1 1 10 7 12 1 1 1 10 12 1 1 10 12 1 10 12 1 1 10 12 1 10 12 1 1 10 12 1 1 10 12 1 1 100 1 100 1 10 12 1 1 1 1 1 1 1 1 1 1 1 1 1 1 1 100 1 1 1 1 1 1 1 1 1 1 1 1 1 1 1 1 1 1 1 1 1 1 1 1 1 1 1 1 1 1 1 1 1 1 1 1 100 1 1 100 1 1 100 1 1 100 1 1 100 1 1 100 1 1 1
ciInstanceKlass com/sun/tools/javac/util/Log 1 1 1036 9 7 12 1 1 1 10 7 12 1 1 1 10 12 1 1 18 12 1 1 10 12 1 1 10 12 1 1 10 12 1 9 12 1 7 1 9 12 1 9 100 12 1 1 1 10 12 1 9 12 1 10 12 1 7 1 7 1 10 12 1 9 12 1 1 11 7 12 1 1 9 12 1 9 12 1 9 12 1 9 12 1 10 7 12 1 1 1 10 7 12 1 1 9 12 1 1 9 12 1 10 7 12 1 1 1 9 12 1 1 9 12 1 9 12 1 7 1 10 12 1 9 12 1 1 9 12 1 9 12 1 1 10 7 12 1 1 1 9 12 1 10 12 1 9 12 1 1 10 7 12 1 1 9 12 1 1 10 7 12 1 1 9 12 1 1 9 12 1 1 7 1 10 12 1 9 12 1 1 7 1 10 12 1 9 12 1 1 10 7 12 1 1 9 12 1 1 100 1 8 1 10 12 1 1 9 12 1 1 10 12 1 1 9 12 1 10 12 1 9 12 1 7 1 10 12 1 9 12 1 1 18 12 1 1 10 12 1 1 9 7 12 1 1 1 10 12 1 1 9 12 1 9 12 1 9 12 1 9 12 1 10 12 1 8 1 10 12 1 9 12 9 12 1 10 12 1 1 9 12 1 8 1 100 1 10 12 1 10 12 1 8 1 10 12 1 8 1 10 100 12 1 1 1 10 100 12 1 1 1 10 12 1 9 12 1 10 12 1 10 100 12 1 1 1 3 100 1 10 7 12 1 1 1 10 12 1 1 10 7 12 1 1 1 9 12 1 1 10 12 1 1 11 12 10 12 1 1 10 12 1 1 9 7 12 1 1 11 12 1 11 100 12 1 1 1 11 100 12 1 1 1 11 12 1 1 10 12 1 10 12 1 1 100 1 10 12 1 1 10 12 1 11 100 12 1 1 1 11 12 10 100 12 1 10 12 1 10 12 1 1 9 100 12 1 1 1 10 12 1 1 10 12 1 1 100 1 10 10 12 1 1 10 12 1 1 10 12 1 10 10 12 1 1 9 12 1 1 11 100 12 1 1 8 1 100 1 10 12 1 1 10 100 12 1 1 9 12 1 1 10 100 12 1 1 10 12 1 1 100 1 8 1 10 12 1 100 1 10 12 1 1 10 12 1 1 10 12 1 1 10 12 1 1 8 1 8 1 10 12 1 8 1 10 10 12 10 12 1 10 12 1 10 12 1 1 10 12 1 1 10 12 10 12 1 100 1 10 8 1 10 12 1 1 10 12 1 10 12 1 1 10 12 1 10 12 1 1 10 12 1 1 10 12 1 1 10 100 12 1 1 7 1 9 12 1 1 10 12 1 10 10 12 1 1 11 12 1 1 18 12 1 1 11 100 12 1 1 1 18 12 1 1 11 12 1 1 18 18 11 12 1 18 11 12 1 10 12 1 9 100 12 1 1 1 10 12 1 18 12 1 10 12 1 1 100 1 18 18 11 9 12 1 11 10 10 12 1 1 9 12 1 10 12 1 1 10 100 1 10 12 1 1 18 10 12 1 10 100 12 1 1 18 12 1 10 12 1 11 12 1 10 12 1 1 10 12 1 1 11 100 12 1 1 1 10 12 1 100 1 10 10 12 1 1 100 1 10 100 1 10 9 100 12 1 1 1 10 12 1 10 12 1 9 12 1 10 100 12 1 10 12 1 10 12 100 1 10 12 1 11 100 12 1 1 8 1 10 12 1 8 1 10 12 1 1 10 12 1 8 1 10 12 1 1 8 1 100 1 10 12 1 10 12 1 8 1 10 12 1 10 100 12 1 1 11 100 12 1 1 10 10 12 1 7 1 10 1 1 1 1 1 1 1 1 1 1 1 1 1 1 1 1 1 1 1 1 1 1 1 1 1 1 1 1 1 1 1 1 1 100 1 1 1 1 1 1 1 1 1 1 1 1 1 1 1 1 1 1 1 1 1 100 1 1 1 1 1 1 1 1 1 1 1 1 1 1 1 1 1 1 1 100 1 1 1 1 1 1 1 1 1 1 1 1 1 1 1 1 1 1 1 1 1 1 1 1 1 1 1 1 1 1 1 1 1 1 1 1 1 1 1 1 1 1 1 1 1 1 1 1 1 1 1 1 1 1 1 1 1 1 1 1 1 1 1 100 1 100 1 1 16 1 15 10 12 16 16 15 10 12 16 16 15 10 12 16 16 15 11 12 1 16 1 15 10 12 1 1 16 1 15 11 16 1 15 10 16 15 10 12 16 15 10 12 15 10 12 15 16 1 15 10 100 1 16 15 10 7 12 1 1 1 1 1 100 1 1 1 1 1 1 1 1 1 1 1 1 1 1 100 1 100 1 1
staticfield com/sun/tools/javac/util/Log logKey Lcom/sun/tools/javac/util/Context$Key; com/sun/tools/javac/util/Context$Key
staticfield com/sun/tools/javac/util/Log outKey Lcom/sun/tools/javac/util/Context$Key; com/sun/tools/javac/util/Context$Key
staticfield com/sun/tools/javac/util/Log errKey Lcom/sun/tools/javac/util/Context$Key; com/sun/tools/javac/util/Context$Key
ciInstanceKlass com/sun/tools/javac/util/JCDiagnostic$DiagnosticPosition 1 1 38 11 7 12 1 1 1 100 1 10 12 1 1 100 1 1 1 1 1 1 1 1 1 1 1 1 1 1 1 1 1 1 1 1 100 1 1 1
ciInstanceKlass com/sun/tools/javac/api/DiagnosticFormatter 1 0 39 100 1 100 1 1 1 1 1 1 1 1 1 1 1 1 1 1 1 1 1 1 1 1 1 1 100 1 100 1 100 1 100 1 1 1 1 1 1
instanceKlass com/sun/tools/javac/util/JCDiagnostic$Note
instanceKlass com/sun/tools/javac/util/JCDiagnostic$Fragment
instanceKlass com/sun/tools/javac/util/JCDiagnostic$Error
instanceKlass com/sun/tools/javac/util/JCDiagnostic$Warning
ciInstanceKlass com/sun/tools/javac/util/JCDiagnostic$DiagnosticInfo 1 1 145 10 7 12 1 1 1 9 7 12 1 1 1 100 1 10 7 12 1 1 1 9 12 1 1 9 12 1 1 9 12 1 9 12 1 1 7 1 10 10 12 1 1 8 1 9 7 12 1 1 10 12 1 1 10 12 1 1 10 12 1 1 100 1 10 12 1 100 1 10 7 1 10 12 1 100 1 10 7 1 10 8 1 10 12 1 10 100 12 1 1 1 11 100 12 1 1 1 1 1 1 1 1 1 1 1 1 1 100 1 100 1 1 1 1 1 1 1 1 1 1 1 1 1 1 1 1 1 1 7 1 1 1 1 1 100 1 100 1 1 1 1 1 1 1
instanceKlass com/sun/tools/javac/util/JCDiagnostic$LintWarning
ciInstanceKlass com/sun/tools/javac/util/JCDiagnostic$Warning 1 1 48 9 7 12 1 1 1 10 7 12 1 1 1 100 1 1 1 1 1 1 1 1 1 1 1 1 1 1 1 1 1 1 1 1 1 7 1 1 100 1 1 1 1 1 100 1 1 1
ciInstanceKlass com/sun/tools/javac/util/JCDiagnostic$LintWarning 1 1 48 10 7 12 1 1 1 9 7 12 1 1 1 1 1 1 1 1 1 1 1 1 1 1 1 1 1 1 1 1 1 1 1 1 1 100 1 1 1 1 100 1 100 1 1 100 1 1
instanceKlass com/sun/tools/javac/main/Option$38
instanceKlass com/sun/tools/javac/main/Option$37
instanceKlass com/sun/tools/javac/main/Option$36
instanceKlass com/sun/tools/javac/main/Option$35
instanceKlass com/sun/tools/javac/main/Option$34
instanceKlass com/sun/tools/javac/main/Option$33
instanceKlass com/sun/tools/javac/main/Option$32
instanceKlass com/sun/tools/javac/main/Option$31
instanceKlass com/sun/tools/javac/main/Option$30
instanceKlass com/sun/tools/javac/main/Option$29
instanceKlass com/sun/tools/javac/main/Option$28
instanceKlass com/sun/tools/javac/main/Option$27
instanceKlass com/sun/tools/javac/main/Option$26
instanceKlass com/sun/tools/javac/main/Option$25
instanceKlass com/sun/tools/javac/main/Option$24
instanceKlass com/sun/tools/javac/main/Option$23
instanceKlass com/sun/tools/javac/main/Option$22
instanceKlass com/sun/tools/javac/main/Option$21
instanceKlass com/sun/tools/javac/main/Option$20
instanceKlass com/sun/tools/javac/main/Option$19
instanceKlass com/sun/tools/javac/main/Option$18
instanceKlass com/sun/tools/javac/main/Option$17
instanceKlass com/sun/tools/javac/main/Option$16
instanceKlass com/sun/tools/javac/main/Option$15
instanceKlass com/sun/tools/javac/main/Option$14
instanceKlass com/sun/tools/javac/main/Option$13
instanceKlass com/sun/tools/javac/main/Option$12
instanceKlass com/sun/tools/javac/main/Option$11
instanceKlass com/sun/tools/javac/main/Option$10
instanceKlass com/sun/tools/javac/main/Option$9
instanceKlass com/sun/tools/javac/main/Option$8
instanceKlass com/sun/tools/javac/main/Option$7
instanceKlass com/sun/tools/javac/main/Option$6
instanceKlass com/sun/tools/javac/main/Option$5
instanceKlass com/sun/tools/javac/main/Option$4
instanceKlass com/sun/tools/javac/main/Option$3
instanceKlass com/sun/tools/javac/main/Option$2
instanceKlass com/sun/tools/javac/main/Option$1
ciInstanceKlass com/sun/tools/javac/main/Option 1 1 1527 7 1 9 12 1 1 9 12 1 9 12 1 9 12 1 9 12 1 9 12 1 9 12 1 9 12 1 9 12 1 9 12 1 9 12 1 9 12 1 9 12 1 9 12 1 9 12 1 9 12 1 9 12 1 9 12 1 9 12 1 9 12 1 9 12 1 9 12 1 9 12 1 9 12 1 9 12 1 9 12 1 9 12 1 9 12 1 9 12 1 9 12 1 9 12 1 9 12 1 9 12 1 9 12 1 9 12 1 9 12 1 9 12 1 9 12 1 9 12 1 9 12 1 9 12 1 9 12 1 9 12 1 9 12 1 9 12 1 9 12 1 9 12 1 9 12 1 9 12 1 9 12 1 9 12 1 9 12 1 9 12 1 9 12 1 9 12 1 9 12 1 9 12 1 9 12 1 9 12 1 9 12 1 9 12 1 9 12 1 9 12 1 9 12 1 9 12 1 9 12 1 9 12 1 9 12 1 9 12 1 9 12 1 9 12 1 9 12 1 9 12 1 9 12 1 9 12 1 9 12 1 9 12 1 9 12 1 9 12 1 9 12 1 9 12 1 9 12 1 9 12 1 9 12 1 9 12 1 9 12 1 1 10 7 12 1 1 10 7 12 1 1 1 10 7 12 1 1 1 10 12 1 1 11 7 12 1 1 1 11 7 12 1 1 1 11 12 1 10 12 1 1 100 1 10 12 1 1 10 12 1 1 11 12 1 1 18 12 1 1 11 7 12 1 1 1 11 12 1 1 18 12 1 1 11 12 1 1 9 7 12 1 1 1 10 12 1 9 12 1 7 1 10 7 12 1 1 1 10 12 1 10 12 1 10 7 12 1 1 1 8 1 10 12 1 1 9 12 1 1 10 7 12 1 1 1 9 12 1 1 9 12 1 9 12 1 9 12 1 1 9 12 1 1 9 12 1 1 9 12 1 1 9 12 1 7 1 10 10 12 1 10 12 1 1 8 1 10 12 1 10 12 1 10 12 1 1 100 1 10 9 7 12 1 1 10 12 1 1 8 1 10 12 1 8 1 10 12 1 8 1 10 12 1 10 12 1 1 10 12 1 9 12 1 10 12 1 1 10 12 1 1 9 7 12 1 1 11 12 1 8 1 10 7 12 1 1 10 12 1 1 10 12 1 10 100 12 1 1 1 10 12 1 1 10 12 1 1 10 12 1 1 10 12 1 10 12 1 1 10 12 1 1 9 12 1 10 12 1 1 100 1 10 10 12 1 1 9 100 12 1 1 1 100 1 10 100 12 1 1 1 10 12 1 1 10 12 1 18 12 1 1 11 12 1 1 8 1 10 7 12 1 1 1 11 12 1 1 8 1 10 12 1 8 1 9 100 12 1 1 1 8 1 10 12 1 1 10 12 1 1 10 12 1 1 8 1 8 1 10 12 1 1 100 1 100 1 10 11 12 1 8 1 10 12 1 1 100 1 10 12 1 11 12 1 100 1 10 12 1 1 8 1 10 8 1 8 1 8 1 8 1 8 1 10 10 8 1 11 12 10 7 12 1 1 18 12 1 11 12 1 10 7 12 1 1 1 18 12 1 8 1 10 12 1 1 10 12 1 1 18 12 1 18 12 1 10 12 1 1 10 12 1 8 1 11 12 1 10 12 1 8 8 1 8 1 9 7 12 1 1 10 12 1 7 1 8 8 1 8 1 10 8 8 1 8 1 9 12 1 8 1 8 1 8 1 10 12 1 8 8 1 8 1 9 12 1 8 8 1 8 1 8 1 10 12 1 10 12 1 8 8 1 8 1 7 1 8 8 1 8 1 8 1 10 12 1 7 1 8 8 1 8 1 8 1 10 8 8 1 8 1 8 8 1 8 1 7 1 8 8 1 8 1 10 8 8 1 8 1 8 1 10 8 8 1 8 1 7 1 8 8 1 8 1 8 1 10 8 8 1 8 1 8 8 1 8 1 8 8 1 8 1 8 1 7 1 8 8 1 8 1 8 1 10 7 1 8 8 1 8 1 10 8 8 1 8 1 8 8 1 8 1 7 1 8 8 1 10 8 8 1 8 1 8 1 7 1 8 8 1 10 8 8 1 8 1 7 1 8 8 1 10 8 8 1 8 1 8 1 8 1 8 8 1 8 1 8 1 8 8 1 8 1 8 8 1 8 1 8 8 1 8 1 8 8 1 8 1 8 1 8 8 1 8 1 8 8 1 8 1 8 8 1 8 1 8 1 8 8 1 8 1 8 1 7 1 8 8 1 8 1 8 1 10 7 1 8 8 1 8 1 10 7 1 8 8 1 8 1 10 8 8 1 8 1 8 8 1 8 1 7 1 8 8 1 8 1 8 1 10 7 1 8 8 1 8 1 9 12 1 10 7 1 8 8 1 9 12 1 10 7 1 8 8 1 8 1 10 7 1 8 8 1 8 1 8 1 10 12 1 7 1 8 8 1 8 1 8 1 10 7 1 8 8 1 8 1 10 7 1 8 8 1 8 1 10 7 1 8 8 1 8 1 8 1 10 7 1 8 8 1 10 8 8 1 8 1 8 8 1 8 1 8 1 8 8 1 8 8 1 8 8 1 7 1 8 8 1 10 8 8 1 8 1 8 1 8 8 1 8 1 7 1 8 8 1 8 1 8 1 10 8 8 1 8 1 8 8 1 8 1 8 8 1 8 1 8 8 1 8 1 8 1 8 8 1 8 1 8 8 1 8 1 8 1 8 1 8 1 8 8 1 8 8 1 7 1 8 8 1 8 1 8 1 10 8 8 1 8 1 8 1 8 1 7 1 8 8 1 10 12 1 7 1 8 8 1 10 7 1 8 8 1 10 7 1 8 8 1 10 7 1 8 8 1 8 1 8 1 10 8 8 1 7 1 8 8 1 8 1 8 1 10 8 8 1 8 1 8 1 7 1 8 8 1 8 1 8 1 10 7 1 8 8 1 8 1 8 1 10 7 1 8 8 1 8 1 8 1 10 7 1 8 8 1 8 1 10 7 1 8 8 1 10 8 8 1 8 1 8 1 7 1 8 8 1 8 1 10 10 12 1 1 1 1 1 1 1 1 1 1 3 1 3 1 1 1 1 1 1 1 1 1 1 1 1 1 1 1 1 1 1 1 1 1 1 1 1 1 1 1 1 1 1 1 1 1 1 100 1 1 1 1 1 1 1 1 1 1 1 1 1 7 1 1 1 1 1 1 1 1 1 1 1 1 1 1 1 1 1 1 1 1 1 1 1 1 1 1 1 1 1 1 1 1 1 1 1 1 1 1 1 1 1 1 1 1 1 1 1 1 100 1 100 1 100 1 1 1 16 15 10 12 16 1 16 1 15 10 12 16 1 16 15 10 12 16 1 15 10 12 16 15 16 15 10 12 16 15 10 12 16 15 10 7 12 1 1 1 1 1 1 1 1 100 1 1 100 1 100 1 1 1 1 1 100 1 1 1 1 100 1 100 1 1
staticfield com/sun/tools/javac/main/Option G Lcom/sun/tools/javac/main/Option; com/sun/tools/javac/main/Option
staticfield com/sun/tools/javac/main/Option G_NONE Lcom/sun/tools/javac/main/Option; com/sun/tools/javac/main/Option$1
staticfield com/sun/tools/javac/main/Option G_CUSTOM Lcom/sun/tools/javac/main/Option; com/sun/tools/javac/main/Option
staticfield com/sun/tools/javac/main/Option XLINT Lcom/sun/tools/javac/main/Option; com/sun/tools/javac/main/Option
staticfield com/sun/tools/javac/main/Option XLINT_CUSTOM Lcom/sun/tools/javac/main/Option; com/sun/tools/javac/main/Option
staticfield com/sun/tools/javac/main/Option XDOCLINT Lcom/sun/tools/javac/main/Option; com/sun/tools/javac/main/Option
staticfield com/sun/tools/javac/main/Option XDOCLINT_CUSTOM Lcom/sun/tools/javac/main/Option; com/sun/tools/javac/main/Option$2
staticfield com/sun/tools/javac/main/Option XDOCLINT_PACKAGE Lcom/sun/tools/javac/main/Option; com/sun/tools/javac/main/Option$3
staticfield com/sun/tools/javac/main/Option NOWARN Lcom/sun/tools/javac/main/Option; com/sun/tools/javac/main/Option
staticfield com/sun/tools/javac/main/Option VERBOSE Lcom/sun/tools/javac/main/Option; com/sun/tools/javac/main/Option
staticfield com/sun/tools/javac/main/Option DEPRECATION Lcom/sun/tools/javac/main/Option; com/sun/tools/javac/main/Option$4
staticfield com/sun/tools/javac/main/Option CLASS_PATH Lcom/sun/tools/javac/main/Option; com/sun/tools/javac/main/Option
staticfield com/sun/tools/javac/main/Option SOURCE_PATH Lcom/sun/tools/javac/main/Option; com/sun/tools/javac/main/Option
staticfield com/sun/tools/javac/main/Option MODULE_SOURCE_PATH Lcom/sun/tools/javac/main/Option; com/sun/tools/javac/main/Option$5
staticfield com/sun/tools/javac/main/Option MODULE_PATH Lcom/sun/tools/javac/main/Option; com/sun/tools/javac/main/Option
staticfield com/sun/tools/javac/main/Option UPGRADE_MODULE_PATH Lcom/sun/tools/javac/main/Option; com/sun/tools/javac/main/Option
staticfield com/sun/tools/javac/main/Option SYSTEM Lcom/sun/tools/javac/main/Option; com/sun/tools/javac/main/Option
staticfield com/sun/tools/javac/main/Option PATCH_MODULE Lcom/sun/tools/javac/main/Option; com/sun/tools/javac/main/Option$6
staticfield com/sun/tools/javac/main/Option BOOT_CLASS_PATH Lcom/sun/tools/javac/main/Option; com/sun/tools/javac/main/Option$7
staticfield com/sun/tools/javac/main/Option XBOOTCLASSPATH_PREPEND Lcom/sun/tools/javac/main/Option; com/sun/tools/javac/main/Option
staticfield com/sun/tools/javac/main/Option XBOOTCLASSPATH_APPEND Lcom/sun/tools/javac/main/Option; com/sun/tools/javac/main/Option
staticfield com/sun/tools/javac/main/Option XBOOTCLASSPATH Lcom/sun/tools/javac/main/Option; com/sun/tools/javac/main/Option$8
staticfield com/sun/tools/javac/main/Option EXTDIRS Lcom/sun/tools/javac/main/Option; com/sun/tools/javac/main/Option
staticfield com/sun/tools/javac/main/Option DJAVA_EXT_DIRS Lcom/sun/tools/javac/main/Option; com/sun/tools/javac/main/Option$9
staticfield com/sun/tools/javac/main/Option ENDORSEDDIRS Lcom/sun/tools/javac/main/Option; com/sun/tools/javac/main/Option
staticfield com/sun/tools/javac/main/Option DJAVA_ENDORSED_DIRS Lcom/sun/tools/javac/main/Option; com/sun/tools/javac/main/Option$10
staticfield com/sun/tools/javac/main/Option PROC Lcom/sun/tools/javac/main/Option; com/sun/tools/javac/main/Option
staticfield com/sun/tools/javac/main/Option PROCESSOR Lcom/sun/tools/javac/main/Option; com/sun/tools/javac/main/Option
staticfield com/sun/tools/javac/main/Option PROCESSOR_PATH Lcom/sun/tools/javac/main/Option; com/sun/tools/javac/main/Option
staticfield com/sun/tools/javac/main/Option PROCESSOR_MODULE_PATH Lcom/sun/tools/javac/main/Option; com/sun/tools/javac/main/Option
staticfield com/sun/tools/javac/main/Option PARAMETERS Lcom/sun/tools/javac/main/Option; com/sun/tools/javac/main/Option
staticfield com/sun/tools/javac/main/Option D Lcom/sun/tools/javac/main/Option; com/sun/tools/javac/main/Option
staticfield com/sun/tools/javac/main/Option S Lcom/sun/tools/javac/main/Option; com/sun/tools/javac/main/Option
staticfield com/sun/tools/javac/main/Option H Lcom/sun/tools/javac/main/Option; com/sun/tools/javac/main/Option
staticfield com/sun/tools/javac/main/Option IMPLICIT Lcom/sun/tools/javac/main/Option; com/sun/tools/javac/main/Option
staticfield com/sun/tools/javac/main/Option ENCODING Lcom/sun/tools/javac/main/Option; com/sun/tools/javac/main/Option
staticfield com/sun/tools/javac/main/Option SOURCE Lcom/sun/tools/javac/main/Option; com/sun/tools/javac/main/Option$11
staticfield com/sun/tools/javac/main/Option TARGET Lcom/sun/tools/javac/main/Option; com/sun/tools/javac/main/Option$12
staticfield com/sun/tools/javac/main/Option RELEASE Lcom/sun/tools/javac/main/Option; com/sun/tools/javac/main/Option$13
staticfield com/sun/tools/javac/main/Option PREVIEW Lcom/sun/tools/javac/main/Option; com/sun/tools/javac/main/Option
staticfield com/sun/tools/javac/main/Option DISABLE_LINE_DOC_COMMENTS Lcom/sun/tools/javac/main/Option; com/sun/tools/javac/main/Option
staticfield com/sun/tools/javac/main/Option PROFILE Lcom/sun/tools/javac/main/Option; com/sun/tools/javac/main/Option$14
staticfield com/sun/tools/javac/main/Option VERSION Lcom/sun/tools/javac/main/Option; com/sun/tools/javac/main/Option$15
staticfield com/sun/tools/javac/main/Option FULLVERSION Lcom/sun/tools/javac/main/Option; com/sun/tools/javac/main/Option$16
staticfield com/sun/tools/javac/main/Option HELP Lcom/sun/tools/javac/main/Option; com/sun/tools/javac/main/Option$17
staticfield com/sun/tools/javac/main/Option A Lcom/sun/tools/javac/main/Option; com/sun/tools/javac/main/Option$18
staticfield com/sun/tools/javac/main/Option DEFAULT_MODULE_FOR_CREATED_FILES Lcom/sun/tools/javac/main/Option; com/sun/tools/javac/main/Option$19
staticfield com/sun/tools/javac/main/Option X Lcom/sun/tools/javac/main/Option; com/sun/tools/javac/main/Option$20
staticfield com/sun/tools/javac/main/Option HELP_LINT Lcom/sun/tools/javac/main/Option; com/sun/tools/javac/main/Option$21
staticfield com/sun/tools/javac/main/Option J Lcom/sun/tools/javac/main/Option; com/sun/tools/javac/main/Option$22
staticfield com/sun/tools/javac/main/Option MOREINFO Lcom/sun/tools/javac/main/Option; com/sun/tools/javac/main/Option$23
staticfield com/sun/tools/javac/main/Option WERROR Lcom/sun/tools/javac/main/Option; com/sun/tools/javac/main/Option
staticfield com/sun/tools/javac/main/Option WERROR_CUSTOM Lcom/sun/tools/javac/main/Option; com/sun/tools/javac/main/Option
staticfield com/sun/tools/javac/main/Option PROMPT Lcom/sun/tools/javac/main/Option; com/sun/tools/javac/main/Option
staticfield com/sun/tools/javac/main/Option DOE Lcom/sun/tools/javac/main/Option; com/sun/tools/javac/main/Option
staticfield com/sun/tools/javac/main/Option PRINTSOURCE Lcom/sun/tools/javac/main/Option; com/sun/tools/javac/main/Option
staticfield com/sun/tools/javac/main/Option WARNUNCHECKED Lcom/sun/tools/javac/main/Option; com/sun/tools/javac/main/Option$24
staticfield com/sun/tools/javac/main/Option XMAXERRS Lcom/sun/tools/javac/main/Option; com/sun/tools/javac/main/Option
staticfield com/sun/tools/javac/main/Option XMAXWARNS Lcom/sun/tools/javac/main/Option; com/sun/tools/javac/main/Option
staticfield com/sun/tools/javac/main/Option XSTDOUT Lcom/sun/tools/javac/main/Option; com/sun/tools/javac/main/Option$25
staticfield com/sun/tools/javac/main/Option XPRINT Lcom/sun/tools/javac/main/Option; com/sun/tools/javac/main/Option
staticfield com/sun/tools/javac/main/Option XPRINTROUNDS Lcom/sun/tools/javac/main/Option; com/sun/tools/javac/main/Option
staticfield com/sun/tools/javac/main/Option XPRINTPROCESSORINFO Lcom/sun/tools/javac/main/Option; com/sun/tools/javac/main/Option
staticfield com/sun/tools/javac/main/Option XPREFER Lcom/sun/tools/javac/main/Option; com/sun/tools/javac/main/Option
staticfield com/sun/tools/javac/main/Option XXUSERPATHSFIRST Lcom/sun/tools/javac/main/Option; com/sun/tools/javac/main/Option
staticfield com/sun/tools/javac/main/Option XPKGINFO Lcom/sun/tools/javac/main/Option; com/sun/tools/javac/main/Option
staticfield com/sun/tools/javac/main/Option O Lcom/sun/tools/javac/main/Option; com/sun/tools/javac/main/Option
staticfield com/sun/tools/javac/main/Option XJCOV Lcom/sun/tools/javac/main/Option; com/sun/tools/javac/main/Option
staticfield com/sun/tools/javac/main/Option PLUGIN Lcom/sun/tools/javac/main/Option; com/sun/tools/javac/main/Option$26
staticfield com/sun/tools/javac/main/Option XDIAGS Lcom/sun/tools/javac/main/Option; com/sun/tools/javac/main/Option
staticfield com/sun/tools/javac/main/Option DEBUG Lcom/sun/tools/javac/main/Option; com/sun/tools/javac/main/Option$27
staticfield com/sun/tools/javac/main/Option SHOULDSTOP Lcom/sun/tools/javac/main/Option; com/sun/tools/javac/main/Option$28
staticfield com/sun/tools/javac/main/Option DIAGS Lcom/sun/tools/javac/main/Option; com/sun/tools/javac/main/Option$29
staticfield com/sun/tools/javac/main/Option XD Lcom/sun/tools/javac/main/Option; com/sun/tools/javac/main/Option$30
staticfield com/sun/tools/javac/main/Option ADD_EXPORTS Lcom/sun/tools/javac/main/Option; com/sun/tools/javac/main/Option$31
staticfield com/sun/tools/javac/main/Option ADD_OPENS Lcom/sun/tools/javac/main/Option; com/sun/tools/javac/main/Option
staticfield com/sun/tools/javac/main/Option ADD_READS Lcom/sun/tools/javac/main/Option; com/sun/tools/javac/main/Option$32
staticfield com/sun/tools/javac/main/Option MODULE Lcom/sun/tools/javac/main/Option; com/sun/tools/javac/main/Option
staticfield com/sun/tools/javac/main/Option ADD_MODULES Lcom/sun/tools/javac/main/Option; com/sun/tools/javac/main/Option$33
staticfield com/sun/tools/javac/main/Option LIMIT_MODULES Lcom/sun/tools/javac/main/Option; com/sun/tools/javac/main/Option$34
staticfield com/sun/tools/javac/main/Option MODULE_VERSION Lcom/sun/tools/javac/main/Option; com/sun/tools/javac/main/Option$35
staticfield com/sun/tools/javac/main/Option AT Lcom/sun/tools/javac/main/Option; com/sun/tools/javac/main/Option$36
staticfield com/sun/tools/javac/main/Option SOURCEFILE Lcom/sun/tools/javac/main/Option; com/sun/tools/javac/main/Option$37
staticfield com/sun/tools/javac/main/Option MULTIRELEASE Lcom/sun/tools/javac/main/Option; com/sun/tools/javac/main/Option
staticfield com/sun/tools/javac/main/Option INHERIT_RUNTIME_ENVIRONMENT Lcom/sun/tools/javac/main/Option; com/sun/tools/javac/main/Option$38
staticfield com/sun/tools/javac/main/Option $VALUES [Lcom/sun/tools/javac/main/Option; 85 [Lcom/sun/tools/javac/main/Option;
ciInstanceKlass com/sun/tools/javac/main/Option$7 1 1 56 10 7 12 1 1 1 8 1 10 100 12 1 1 1 8 1 10 12 1 1 100 1 1 1 1 1 1 1 1 1 1 1 1 1 1 1 1 1 1 1 1 100 1 1 1 1 1 1 100 1 1 100 1 1 1
ciInstanceKlass com/sun/tools/javac/util/Assert 1 1 83 10 100 12 1 1 1 10 100 12 1 1 1 10 12 1 10 12 1 10 12 1 11 100 12 1 1 1 100 1 10 12 1 1 10 12 1 10 100 1 1 1 1 1 1 1 1 1 1 1 1 1 1 1 1 1 1 1 1 1 1 1 1 1 1 1 1 1 1 1 1 1 1 1 1 1 1 1 1 1 1 1 1
ciInstanceKlass com/sun/tools/javac/code/Lint$LintCategory 1 1 391 7 1 9 12 1 1 9 12 1 9 12 1 9 12 1 9 12 1 9 12 1 9 12 1 9 12 1 9 12 1 9 12 1 9 12 1 9 12 1 9 12 1 9 12 1 9 12 1 9 12 1 9 12 1 9 12 1 9 12 1 9 12 1 9 12 1 9 12 1 9 12 1 9 12 1 9 12 1 9 12 1 9 12 1 9 12 1 9 12 1 9 12 1 9 12 1 9 12 1 9 12 1 9 12 1 9 12 1 9 12 1 9 12 1 9 12 1 1 10 7 12 1 1 10 7 12 1 1 1 7 1 10 12 1 1 10 12 1 9 12 1 1 9 12 1 1 9 12 1 7 1 10 12 1 10 12 1 1 10 7 12 1 1 1 10 12 1 1 9 12 1 1 18 12 1 1 11 7 12 1 1 1 9 7 12 1 1 1 11 7 12 1 1 1 10 7 12 1 1 1 11 12 1 1 10 12 1 1 10 7 12 1 1 1 11 12 1 1 8 8 1 10 12 1 8 8 1 8 8 1 8 8 1 8 8 1 8 8 1 8 8 1 8 8 1 8 8 1 8 8 1 8 8 1 8 8 1 8 1 8 8 1 8 8 1 8 8 1 8 8 1 8 8 1 8 8 1 8 8 1 8 8 1 8 8 1 8 8 1 8 8 1 8 8 1 8 8 1 8 8 1 8 8 1 8 8 1 8 8 1 8 8 1 8 8 1 8 8 1 8 8 1 8 8 1 8 8 1 8 8 1 8 8 1 10 12 1 1 1 1 1 1 1 1 1 1 1 1 1 1 1 1 1 1 1 1 1 1 1 1 1 1 1 1 1 1 1 1 1 1 16 1 15 10 12 16 15 10 7 12 1 1 1 1 1 100 1 100 1 1
staticfield com/sun/tools/javac/code/Lint$LintCategory AUXILIARYCLASS Lcom/sun/tools/javac/code/Lint$LintCategory; com/sun/tools/javac/code/Lint$LintCategory
staticfield com/sun/tools/javac/code/Lint$LintCategory CAST Lcom/sun/tools/javac/code/Lint$LintCategory; com/sun/tools/javac/code/Lint$LintCategory
staticfield com/sun/tools/javac/code/Lint$LintCategory CLASSFILE Lcom/sun/tools/javac/code/Lint$LintCategory; com/sun/tools/javac/code/Lint$LintCategory
staticfield com/sun/tools/javac/code/Lint$LintCategory DANGLING_DOC_COMMENTS Lcom/sun/tools/javac/code/Lint$LintCategory; com/sun/tools/javac/code/Lint$LintCategory
staticfield com/sun/tools/javac/code/Lint$LintCategory DEPRECATION Lcom/sun/tools/javac/code/Lint$LintCategory; com/sun/tools/javac/code/Lint$LintCategory
staticfield com/sun/tools/javac/code/Lint$LintCategory DEP_ANN Lcom/sun/tools/javac/code/Lint$LintCategory; com/sun/tools/javac/code/Lint$LintCategory
staticfield com/sun/tools/javac/code/Lint$LintCategory DIVZERO Lcom/sun/tools/javac/code/Lint$LintCategory; com/sun/tools/javac/code/Lint$LintCategory
staticfield com/sun/tools/javac/code/Lint$LintCategory EMPTY Lcom/sun/tools/javac/code/Lint$LintCategory; com/sun/tools/javac/code/Lint$LintCategory
staticfield com/sun/tools/javac/code/Lint$LintCategory EXPORTS Lcom/sun/tools/javac/code/Lint$LintCategory; com/sun/tools/javac/code/Lint$LintCategory
staticfield com/sun/tools/javac/code/Lint$LintCategory FALLTHROUGH Lcom/sun/tools/javac/code/Lint$LintCategory; com/sun/tools/javac/code/Lint$LintCategory
staticfield com/sun/tools/javac/code/Lint$LintCategory FINALLY Lcom/sun/tools/javac/code/Lint$LintCategory; com/sun/tools/javac/code/Lint$LintCategory
staticfield com/sun/tools/javac/code/Lint$LintCategory IDENTITY Lcom/sun/tools/javac/code/Lint$LintCategory; com/sun/tools/javac/code/Lint$LintCategory
staticfield com/sun/tools/javac/code/Lint$LintCategory INCUBATING Lcom/sun/tools/javac/code/Lint$LintCategory; com/sun/tools/javac/code/Lint$LintCategory
staticfield com/sun/tools/javac/code/Lint$LintCategory LOSSY_CONVERSIONS Lcom/sun/tools/javac/code/Lint$LintCategory; com/sun/tools/javac/code/Lint$LintCategory
staticfield com/sun/tools/javac/code/Lint$LintCategory MISSING_EXPLICIT_CTOR Lcom/sun/tools/javac/code/Lint$LintCategory; com/sun/tools/javac/code/Lint$LintCategory
staticfield com/sun/tools/javac/code/Lint$LintCategory MODULE Lcom/sun/tools/javac/code/Lint$LintCategory; com/sun/tools/javac/code/Lint$LintCategory
staticfield com/sun/tools/javac/code/Lint$LintCategory OPENS Lcom/sun/tools/javac/code/Lint$LintCategory; com/sun/tools/javac/code/Lint$LintCategory
staticfield com/sun/tools/javac/code/Lint$LintCategory OPTIONS Lcom/sun/tools/javac/code/Lint$LintCategory; com/sun/tools/javac/code/Lint$LintCategory
staticfield com/sun/tools/javac/code/Lint$LintCategory OUTPUT_FILE_CLASH Lcom/sun/tools/javac/code/Lint$LintCategory; com/sun/tools/javac/code/Lint$LintCategory
staticfield com/sun/tools/javac/code/Lint$LintCategory OVERLOADS Lcom/sun/tools/javac/code/Lint$LintCategory; com/sun/tools/javac/code/Lint$LintCategory
staticfield com/sun/tools/javac/code/Lint$LintCategory OVERRIDES Lcom/sun/tools/javac/code/Lint$LintCategory; com/sun/tools/javac/code/Lint$LintCategory
staticfield com/sun/tools/javac/code/Lint$LintCategory PATH Lcom/sun/tools/javac/code/Lint$LintCategory; com/sun/tools/javac/code/Lint$LintCategory
staticfield com/sun/tools/javac/code/Lint$LintCategory PROCESSING Lcom/sun/tools/javac/code/Lint$LintCategory; com/sun/tools/javac/code/Lint$LintCategory
staticfield com/sun/tools/javac/code/Lint$LintCategory RAW Lcom/sun/tools/javac/code/Lint$LintCategory; com/sun/tools/javac/code/Lint$LintCategory
staticfield com/sun/tools/javac/code/Lint$LintCategory REMOVAL Lcom/sun/tools/javac/code/Lint$LintCategory; com/sun/tools/javac/code/Lint$LintCategory
staticfield com/sun/tools/javac/code/Lint$LintCategory REQUIRES_AUTOMATIC Lcom/sun/tools/javac/code/Lint$LintCategory; com/sun/tools/javac/code/Lint$LintCategory
staticfield com/sun/tools/javac/code/Lint$LintCategory REQUIRES_TRANSITIVE_AUTOMATIC Lcom/sun/tools/javac/code/Lint$LintCategory; com/sun/tools/javac/code/Lint$LintCategory
staticfield com/sun/tools/javac/code/Lint$LintCategory SERIAL Lcom/sun/tools/javac/code/Lint$LintCategory; com/sun/tools/javac/code/Lint$LintCategory
staticfield com/sun/tools/javac/code/Lint$LintCategory STATIC Lcom/sun/tools/javac/code/Lint$LintCategory; com/sun/tools/javac/code/Lint$LintCategory
staticfield com/sun/tools/javac/code/Lint$LintCategory STRICTFP Lcom/sun/tools/javac/code/Lint$LintCategory; com/sun/tools/javac/code/Lint$LintCategory
staticfield com/sun/tools/javac/code/Lint$LintCategory TEXT_BLOCKS Lcom/sun/tools/javac/code/Lint$LintCategory; com/sun/tools/javac/code/Lint$LintCategory
staticfield com/sun/tools/javac/code/Lint$LintCategory THIS_ESCAPE Lcom/sun/tools/javac/code/Lint$LintCategory; com/sun/tools/javac/code/Lint$LintCategory
staticfield com/sun/tools/javac/code/Lint$LintCategory TRY Lcom/sun/tools/javac/code/Lint$LintCategory; com/sun/tools/javac/code/Lint$LintCategory
staticfield com/sun/tools/javac/code/Lint$LintCategory UNCHECKED Lcom/sun/tools/javac/code/Lint$LintCategory; com/sun/tools/javac/code/Lint$LintCategory
staticfield com/sun/tools/javac/code/Lint$LintCategory VARARGS Lcom/sun/tools/javac/code/Lint$LintCategory; com/sun/tools/javac/code/Lint$LintCategory
staticfield com/sun/tools/javac/code/Lint$LintCategory PREVIEW Lcom/sun/tools/javac/code/Lint$LintCategory; com/sun/tools/javac/code/Lint$LintCategory
staticfield com/sun/tools/javac/code/Lint$LintCategory RESTRICTED Lcom/sun/tools/javac/code/Lint$LintCategory; com/sun/tools/javac/code/Lint$LintCategory
staticfield com/sun/tools/javac/code/Lint$LintCategory $VALUES [Lcom/sun/tools/javac/code/Lint$LintCategory; 37 [Lcom/sun/tools/javac/code/Lint$LintCategory;
ciInstanceKlass javax/lang/model/AnnotatedConstruct 1 0 17 100 1 100 1 1 1 1 1 1 1 1 1 1 1 1 1
ciInstanceKlass javax/lang/model/element/Element 1 0 39 100 1 100 1 100 1 1 1 1 1 1 1 1 1 1 1 1 1 1 1 1 1 1 1 1 1 1 1 1 1 1 1 1 1 1 1 1 1
ciInstanceKlass javax/lang/model/type/TypeMirror 1 0 30 100 1 100 1 100 1 1 1 1 1 1 1 1 1 1 1 1 1 1 1 1 1 1 1 1 1 1 1 1
ciInstanceKlass javax/lang/model/type/ExecutableType 1 0 19 100 1 100 1 100 1 1 1 1 1 1 1 1 1 1 1 1 1
ciInstanceKlass javax/lang/model/type/ReferenceType 1 0 9 100 1 100 1 100 1 1 1
ciInstanceKlass javax/lang/model/type/TypeVariable 1 0 14 100 1 100 1 100 1 1 1 1 1 1 1 1
ciInstanceKlass javax/lang/model/type/DeclaredType 1 0 17 100 1 100 1 100 1 1 1 1 1 1 1 1 1 1 1
ciInstanceKlass com/sun/tools/javac/code/Type$Visitor 1 0 83 100 1 100 1 1 1 1 1 1 1 1 1 1 1 1 1 1 1 1 1 1 1 1 1 1 1 1 1 1 1 1 1 1 1 1 1 1 1 1 1 1 1 1 1 1 100 1 1 1 100 1 1 100 1 1 100 1 1 100 1 1 100 1 1 100 1 1 100 1 1 100 1 1 100 1 1 100 1 1 100 1 1
ciInstanceKlass com/sun/source/tree/Tree 1 0 18 100 1 100 1 1 1 1 1 1 1 1 1 1 100 1 1 1
instanceKlass com/sun/tools/javac/tree/JCTree$JCTypeParameter
instanceKlass com/sun/tools/javac/tree/JCTree$JCCaseLabel
instanceKlass com/sun/tools/javac/tree/JCTree$JCModifiers
instanceKlass com/sun/tools/javac/tree/JCTree$JCDirective
instanceKlass com/sun/tools/javac/tree/JCTree$JCCatch
instanceKlass com/sun/tools/javac/tree/JCTree$JCImportBase
instanceKlass com/sun/tools/javac/tree/JCTree$JCCompilationUnit
instanceKlass com/sun/tools/javac/tree/JCTree$JCModuleDecl
instanceKlass com/sun/tools/javac/tree/JCTree$JCStatement
instanceKlass com/sun/tools/javac/tree/JCTree$JCPackageDecl
instanceKlass com/sun/tools/javac/tree/JCTree$JCMethodDecl
instanceKlass com/sun/tools/javac/tree/JCTree$JCPattern
instanceKlass com/sun/tools/javac/tree/JCTree$TypeBoundKind
instanceKlass com/sun/tools/javac/tree/JCTree$JCExpression
ciInstanceKlass com/sun/tools/javac/tree/JCTree 1 1 397 10 7 12 1 1 1 10 7 12 1 1 1 7 1 10 7 1 10 12 1 10 12 1 1 100 1 100 1 10 12 1 10 12 1 1 9 12 1 1 9 12 1 1 10 12 1 1 100 1 100 1 10 12 1 10 7 12 1 1 1 10 12 1 1 10 12 1 1 100 1 5 0 100 1 100 1 100 1 1 1 1 1 1 1 1 1 1 1 1 1 1 1 1 1 1 1 1 1 1 1 1 1 1 1 1 1 1 1 1 1 1 1 1 1 1 1 100 1 100 1 100 1 100 1 100 1 100 1 100 1 100 1 100 1 100 1 100 1 100 1 100 1 100 1 100 1 100 1 100 1 100 1 100 1 100 1 100 1 100 1 100 1 100 1 100 1 100 1 100 1 100 1 100 1 100 1 100 1 100 1 100 1 100 1 100 1 100 1 100 1 100 1 100 1 100 1 100 1 100 1 100 1 100 1 100 1 100 1 100 1 100 1 100 1 100 1 100 1 100 1 100 1 100 1 100 1 100 1 100 1 100 1 100 1 100 1 100 1 100 1 100 1 100 1 100 1 100 1 100 1 100 1 100 1 100 1 100 1 100 1 100 1 100 1 100 1 100 1 100 1 100 1 100 1 100 1 100 1 100 1 100 1 100 1 100 1 100 1 100 1 100 1 100 1 100 1 1 1 1 1 1 1 1 1 1 1 1 1 1 1 1 1 1 1 1 1 1 1 1 1 1 1 1 1 1 1 1 1 1 1 1 1 1 1 1 1 1 1 1 1 1 1 1 1 1 1 1 1 1 1 1 1 1 1 1 1 1 1 1 1 1 1 1 1 1 1 1 1 1 1 1 1 1 1 1 1 1 1 1 1 1 1 1 1 1 1 1 1 100 1 8 1 12 10 1 1
ciInstanceKlass com/sun/source/tree/ExpressionTree 1 0 9 100 1 100 1 100 1 1 1
instanceKlass com/sun/tools/javac/tree/JCTree$JCAnnotatedType
instanceKlass com/sun/tools/javac/tree/JCTree$JCErroneous
instanceKlass com/sun/tools/javac/tree/JCTree$JCLiteral
instanceKlass com/sun/tools/javac/tree/JCTree$JCTypeCast
instanceKlass com/sun/tools/javac/tree/JCTree$JCNewArray
instanceKlass com/sun/tools/javac/tree/JCTree$JCTypeUnion
instanceKlass com/sun/tools/javac/tree/JCTree$JCTypeApply
instanceKlass com/sun/tools/javac/tree/JCTree$JCArrayTypeTree
instanceKlass com/sun/tools/javac/tree/JCTree$JCInstanceOf
instanceKlass com/sun/tools/javac/tree/JCTree$JCParens
instanceKlass com/sun/tools/javac/tree/JCTree$JCArrayAccess
instanceKlass com/sun/tools/javac/tree/JCTree$LetExpr
instanceKlass com/sun/tools/javac/tree/JCTree$JCTypeIntersection
instanceKlass com/sun/tools/javac/tree/JCTree$JCPrimitiveTypeTree
instanceKlass com/sun/tools/javac/tree/JCTree$JCFieldAccess
instanceKlass com/sun/tools/javac/tree/JCTree$JCOperatorExpression
instanceKlass com/sun/tools/javac/tree/JCTree$JCAssign
instanceKlass com/sun/tools/javac/tree/JCTree$JCAnnotation
instanceKlass com/sun/tools/javac/tree/JCTree$JCPolyExpression
instanceKlass com/sun/tools/javac/tree/JCTree$JCIdent
instanceKlass com/sun/tools/javac/tree/JCTree$JCWildcard
ciInstanceKlass com/sun/tools/javac/tree/JCTree$JCExpression 1 1 52 10 7 12 1 1 1 10 12 1 1 10 12 1 1 10 100 12 1 1 10 12 1 100 1 1 1 1 1 1 1 1 1 1 1 1 1 1 1 1 1 1 1 1 100 1 8 1 12 10 1 1
ciInstanceKlass com/sun/tools/javac/util/JCDiagnostic$Factory 1 1 335 9 7 12 1 1 1 10 7 12 1 1 1 10 12 1 1 10 7 12 1 1 1 8 1 10 12 1 10 12 1 1 10 7 12 1 1 18 12 1 1 10 12 1 1 8 1 10 12 1 1 9 12 1 1 9 7 12 1 1 1 11 100 12 1 1 1 10 7 12 1 1 9 12 1 1 7 1 10 12 1 9 12 1 1 9 12 1 10 7 12 1 1 1 10 12 1 1 10 12 1 1 10 12 1 1 10 12 1 1 10 7 12 1 1 1 10 12 1 1 10 12 1 1 10 12 1 1 10 12 1 1 10 12 1 1 10 12 1 1 10 12 1 1 10 7 12 1 1 10 12 1 10 12 1 10 12 1 1 10 12 1 10 12 1 7 1 9 12 1 1 9 12 1 1 9 12 1 9 9 12 1 9 12 1 1 11 7 12 1 1 18 12 1 1 11 12 1 1 11 12 1 1 9 7 12 1 1 100 1 9 12 1 100 1 9 12 1 100 1 9 12 1 7 1 7 1 10 1 1 1 1 1 1 1 1 1 1 1 1 1 1 1 1 1 1 1 1 1 1 1 1 1 1 1 1 1 1 1 1 100 1 100 1 1 1 1 1 1 1 1 1 1 1 1 1 1 1 1 1 1 1 1 1 1 100 1 1 1 1 1 1 1 1 1 1 1 1 16 1 15 10 12 16 16 15 10 12 15 10 7 12 1 1 1 1 1 1 1 1 1 1 100 1 1 1 1 1 1 1 100 1 100 1 1
staticfield com/sun/tools/javac/util/JCDiagnostic$Factory diagnosticFactoryKey Lcom/sun/tools/javac/util/Context$Key; com/sun/tools/javac/util/Context$Key
ciInstanceKlass com/sun/tools/javac/util/JCDiagnostic$DiagnosticFlag 1 1 92 7 1 9 12 1 1 9 12 1 9 12 1 9 12 1 9 12 1 9 12 1 9 12 1 9 12 1 9 12 1 9 12 1 9 12 1 9 12 1 1 10 7 12 1 1 10 7 12 1 1 1 10 12 1 1 8 10 8 8 8 8 8 8 8 8 8 8 10 12 1 1 1 1 1 1 1 1 1 1 1 1 1 1 1 1 1 1 100 1 1 1
staticfield com/sun/tools/javac/util/JCDiagnostic$DiagnosticFlag MANDATORY Lcom/sun/tools/javac/util/JCDiagnostic$DiagnosticFlag; com/sun/tools/javac/util/JCDiagnostic$DiagnosticFlag
staticfield com/sun/tools/javac/util/JCDiagnostic$DiagnosticFlag RESOLVE_ERROR Lcom/sun/tools/javac/util/JCDiagnostic$DiagnosticFlag; com/sun/tools/javac/util/JCDiagnostic$DiagnosticFlag
staticfield com/sun/tools/javac/util/JCDiagnostic$DiagnosticFlag SYNTAX Lcom/sun/tools/javac/util/JCDiagnostic$DiagnosticFlag; com/sun/tools/javac/util/JCDiagnostic$DiagnosticFlag
staticfield com/sun/tools/javac/util/JCDiagnostic$DiagnosticFlag RECOVERABLE Lcom/sun/tools/javac/util/JCDiagnostic$DiagnosticFlag; com/sun/tools/javac/util/JCDiagnostic$DiagnosticFlag
staticfield com/sun/tools/javac/util/JCDiagnostic$DiagnosticFlag NON_DEFERRABLE Lcom/sun/tools/javac/util/JCDiagnostic$DiagnosticFlag; com/sun/tools/javac/util/JCDiagnostic$DiagnosticFlag
staticfield com/sun/tools/javac/util/JCDiagnostic$DiagnosticFlag COMPRESSED Lcom/sun/tools/javac/util/JCDiagnostic$DiagnosticFlag; com/sun/tools/javac/util/JCDiagnostic$DiagnosticFlag
staticfield com/sun/tools/javac/util/JCDiagnostic$DiagnosticFlag DEFAULT_ENABLED Lcom/sun/tools/javac/util/JCDiagnostic$DiagnosticFlag; com/sun/tools/javac/util/JCDiagnostic$DiagnosticFlag
staticfield com/sun/tools/javac/util/JCDiagnostic$DiagnosticFlag AGGREGATE Lcom/sun/tools/javac/util/JCDiagnostic$DiagnosticFlag; com/sun/tools/javac/util/JCDiagnostic$DiagnosticFlag
staticfield com/sun/tools/javac/util/JCDiagnostic$DiagnosticFlag API Lcom/sun/tools/javac/util/JCDiagnostic$DiagnosticFlag; com/sun/tools/javac/util/JCDiagnostic$DiagnosticFlag
staticfield com/sun/tools/javac/util/JCDiagnostic$DiagnosticFlag SOURCE_LEVEL Lcom/sun/tools/javac/util/JCDiagnostic$DiagnosticFlag; com/sun/tools/javac/util/JCDiagnostic$DiagnosticFlag
staticfield com/sun/tools/javac/util/JCDiagnostic$DiagnosticFlag STRICT Lcom/sun/tools/javac/util/JCDiagnostic$DiagnosticFlag; com/sun/tools/javac/util/JCDiagnostic$DiagnosticFlag
staticfield com/sun/tools/javac/util/JCDiagnostic$DiagnosticFlag $VALUES [Lcom/sun/tools/javac/util/JCDiagnostic$DiagnosticFlag; 11 [Lcom/sun/tools/javac/util/JCDiagnostic$DiagnosticFlag;
ciInstanceKlass com/sun/tools/javac/util/JCDiagnostic$Error 1 1 44 9 7 12 1 1 1 10 7 12 1 1 1 100 1 1 1 1 1 1 1 1 1 1 1 1 1 1 1 1 1 1 1 1 1 7 1 1 1 1 1 100 1 1
ciInstanceKlass com/sun/tools/javac/util/JCDiagnostic$Fragment 1 1 44 9 7 12 1 1 1 10 7 12 1 1 1 100 1 1 1 1 1 1 1 1 1 1 1 1 1 1 1 1 1 1 1 1 1 7 1 1 1 1 1 100 1 1
ciInstanceKlass com/sun/tools/javac/util/JCDiagnostic$Note 1 1 44 9 100 12 1 1 1 10 100 12 1 1 1 100 1 1 1 1 1 1 1 1 1 1 1 1 1 1 1 1 1 1 1 1 1 100 1 1 1 1 1 100 1 1
instanceKlass com/sun/tools/javac/util/List$1
ciInstanceKlass com/sun/tools/javac/util/List 1 1 443 10 7 12 1 1 1 9 7 12 1 1 1 9 12 1 1 9 12 1 10 100 12 1 1 1 10 12 1 1 10 12 1 1 11 7 12 1 1 1 11 12 1 1 10 7 12 1 1 1 10 12 1 1 10 12 1 7 1 10 10 12 1 10 12 1 1 10 12 1 10 12 1 10 12 1 10 12 1 10 12 1 1 11 7 1 10 12 1 1 10 12 1 10 12 1 1 10 12 1 10 12 1 1 10 12 1 10 12 1 10 12 1 1 10 100 12 1 1 10 12 1 10 7 12 1 1 1 100 1 10 12 1 1 8 1 100 1 10 10 12 1 10 12 1 10 12 1 1 8 1 10 12 1 10 12 1 10 12 1 100 1 11 11 7 12 1 1 10 12 1 10 7 12 1 1 7 1 10 12 1 100 1 10 100 12 1 1 1 10 12 1 8 1 10 12 1 8 1 11 100 1 100 1 10 100 1 10 12 1 10 100 12 1 1 1 11 12 1 1 11 12 1 100 1 10 10 12 1 10 12 1 18 12 1 1 18 12 1 1 18 12 1 18 12 1 7 1 11 7 12 1 1 10 12 1 1 7 1 10 1 1 1 1 1 1 1 1 1 1 1 1 1 1 1 1 1 1 1 1 1 1 1 1 1 1 1 1 1 1 1 1 1 1 1 1 1 1 1 1 1 1 1 1 1 1 1 1 1 1 1 1 1 1 1 1 1 1 1 1 1 1 1 1 1 1 1 1 1 1 1 1 1 1 1 1 1 1 1 1 1 1 1 1 1 1 1 1 1 1 1 1 1 1 1 1 1 1 1 1 1 1 1 1 1 1 1 1 1 1 1 1 1 1 1 1 1 1 1 1 1 1 1 1 1 1 1 1 1 1 1 1 1 1 1 1 1 1 1 1 1 1 1 1 1 1 1 1 1 1 16 15 16 1 16 1 15 10 16 1 16 1 15 10 12 16 16 15 16 15 10 7 12 1 1 1 1 1 100 1 100 1 1
staticfield com/sun/tools/javac/util/List EMPTY_LIST Lcom/sun/tools/javac/util/List; com/sun/tools/javac/util/List$1
ciInstanceKlass com/sun/tools/javac/util/List$1 1 1 36 10 7 12 1 1 1 100 1 10 12 1 100 1 1 1 1 1 1 1 1 1 1 1 1 1 1 1 1 1 1 1 1 1 1 1
ciInstanceKlass com/sun/tools/javac/util/List$2 1 1 67 10 7 12 1 1 1 9 7 12 1 1 1 10 7 12 1 1 1 9 12 1 9 7 12 1 1 100 1 10 9 12 1 1 100 1 10 100 1 1 1 1 1 1 1 1 1 1 1 1 1 1 1 1 1 1 1 1 1 1 1 1 12 1 1 1 1
ciInstanceKlass com/sun/tools/javac/jvm/PoolConstant 1 1 38 100 1 100 1 1 1 1 1 1 1 1 1 1 1 1 1 1 1 100 1 100 1 100 1 100 1 100 1 100 1 1 1 1 1 1 1 1
instanceKlass com/sun/tools/javac/code/Type
instanceKlass com/sun/tools/javac/code/Symbol
ciInstanceKlass com/sun/tools/javac/code/AnnoConstruct 1 1 251 10 7 12 1 1 1 10 100 12 1 1 1 10 100 12 1 1 1 10 100 12 1 1 1 11 100 12 1 1 1 11 12 1 1 100 1 9 12 1 1 9 100 12 1 1 1 10 100 12 1 1 1 10 100 12 1 1 10 100 12 1 1 1 10 100 12 1 1 1 100 1 10 12 1 100 1 100 1 10 8 1 10 12 1 1 10 12 1 10 10 12 1 10 12 1 1 10 12 1 1 10 12 1 1 100 1 10 12 1 1 10 12 1 1 10 12 1 1 10 100 12 1 1 1 10 12 1 1 100 1 10 10 12 1 10 12 1 1 10 12 1 1 100 1 10 12 1 1 100 1 10 11 12 1 1 9 12 1 1 9 12 1 1 9 100 12 1 1 1 9 100 12 1 10 12 1 1 100 1 9 12 1 1 100 1 1 1 1 1 1 1 1 1 1 1 1 1 1 1 1 1 1 1 1 1 1 1 1 1 1 1 1 1 1 1 1 1 1 1 1 1 1 1 100 1 1 1 1 1 1 1 1 100 1 1 1 1 1 1 1 1 1 100 1 1 100 1 1 1 1
instanceKlass com/sun/tools/javac/comp/Resolve$ResolveError
instanceKlass com/sun/tools/javac/main/JavaCompiler$1
instanceKlass com/sun/tools/javac/code/Symbol$MethodSymbol
instanceKlass com/sun/tools/javac/code/Symbol$VarSymbol
instanceKlass com/sun/tools/javac/code/Symbol$TypeSymbol
ciInstanceKlass com/sun/tools/javac/code/Symbol 1 1 689 100 1 9 7 12 1 1 1 9 12 1 1 10 7 12 1 1 1 10 7 12 1 1 10 12 1 10 12 1 10 12 1 1 11 7 12 1 1 1 11 12 1 1 7 1 9 12 1 1 9 7 12 1 1 1 10 12 1 10 12 1 10 12 1 1 10 12 1 1 10 12 1 10 12 1 10 12 1 10 12 1 10 12 1 10 12 1 1 10 12 1 10 12 1 10 12 1 9 12 1 1 11 7 12 1 1 10 12 1 10 12 1 10 12 1 1 10 12 1 10 12 1 1 10 12 1 10 7 12 1 1 9 12 1 1 9 9 12 1 1 9 12 1 9 12 1 9 12 1 1 100 1 8 1 10 12 1 10 11 100 12 1 1 1 10 7 12 1 1 1 10 10 12 1 1 5 0 9 7 12 1 1 9 12 1 10 12 1 1 9 7 12 1 1 1 10 12 1 1 10 7 12 1 1 1 10 12 1 1 10 12 1 9 12 1 1 9 7 12 1 1 1 9 7 12 1 1 10 12 1 10 12 1 1 10 7 1 7 1 10 12 1 10 12 1 10 12 1 1 10 12 1 10 12 1 5 0 5 0 5 0 5 0 9 7 12 1 1 1 10 12 1 1 10 7 12 1 1 1 5 0 5 0 9 12 1 9 12 1 5 0 5 0 5 0 5 0 5 0 5 0 5 0 5 0 9 7 12 1 1 1 10 12 1 1 10 12 1 10 12 1 1 10 12 1 5 0 5 0 10 7 1 10 12 1 10 10 7 12 1 1 1 9 10 9 12 7 1 100 1 10 8 1 10 12 1 10 12 1 10 10 12 1 1 10 12 1 10 12 1 1 10 12 1 1 8 1 10 12 1 10 12 1 1 10 7 12 1 1 1 11 7 1 10 12 1 1 10 12 1 1 10 12 1 10 12 1 1 9 12 1 10 12 1 10 12 1 5 0 10 12 1 11 12 1 10 12 100 1 9 12 1 1 10 100 12 1 1 1 9 12 1 1 10 12 1 10 12 1 1 7 1 10 10 12 1 10 9 12 1 7 1 10 12 1 10 12 1 10 12 1 10 12 1 10 12 1 10 12 1 100 1 100 1 1 1 1 1 1 1 1 1 1 1 1 1 1 1 1 1 1 1 1 1 1 1 1 1 1 1 1 1 1 1 1 1 1 1 1 1 1 1 1 1 1 1 1 1 1 1 1 1 1 1 1 1 1 1 1 1 1 1 1 1 1 1 1 1 1 1 1 1 1 1 1 1 1 1 1 1 1 1 1 1 1 1 1 1 1 1 1 1 1 1 1 1 1 1 1 1 1 1 1 1 1 1 1 1 1 1 1 1 1 1 1 1 1 1 1 1 1 1 1 100 1 100 1 100 1 100 1 100 1 100 1 100 1 100 1 100 1 100 1 100 1 100 1 100 1 100 1 100 1 100 1 100 1 100 1 100 1 1 100 1 1 1 1 100 1 1 1 1 1 1 1 1 100 1 1 1 1 1 1 1 1 1 1 1 1 1 1 1 1 1 1 100 1 1 1 1 1 100 1 8 1 12 10 1
instanceKlass com/sun/tools/javac/code/Symbol$TypeVariableSymbol
instanceKlass com/sun/tools/javac/code/Symtab$6
instanceKlass com/sun/tools/javac/code/Symbol$ModuleSymbol
instanceKlass com/sun/tools/javac/code/Symbol$PackageSymbol
instanceKlass com/sun/tools/javac/code/Symbol$ClassSymbol
ciInstanceKlass com/sun/tools/javac/code/Symbol$TypeSymbol 1 1 260 100 1 10 7 12 1 1 1 9 12 1 1 9 7 12 1 1 9 7 12 1 1 1 10 12 1 1 9 12 1 9 12 1 1 9 7 12 1 1 1 10 7 12 1 1 1 10 12 1 1 9 7 12 1 1 1 9 7 12 1 1 1 9 7 12 1 1 1 10 12 1 1 10 12 1 9 7 1 10 12 1 1 9 12 1 10 7 12 1 1 1 10 10 12 1 1 10 12 1 1 10 7 12 1 1 1 9 10 12 1 1 10 12 1 1 9 7 12 1 1 1 10 7 12 1 1 1 11 7 12 1 1 1 11 7 12 1 1 1 11 12 1 1 10 10 12 1 1 5 0 9 12 1 1 10 12 1 1 8 1 10 100 12 1 1 1 11 100 12 1 1 1 10 12 1 10 12 1 10 12 1 1 10 12 1 10 12 1 1 1 1 1 1 1 1 1 1 1 1 1 1 1 1 1 1 1 1 1 1 1 1 1 1 1 1 1 1 1 1 1 1 1 1 1 1 1 1 1 1 1 1 1 1 1 1 100 1 1 1 1 1 100 1 1 1 1 100 1 100 1 1 1 100 1 8 1 12 10 1
instanceKlass lombok/javac/Javac$JCNoType
instanceKlass com/sun/tools/javac/comp/DeferredAttr$DeferredType
instanceKlass com/sun/tools/javac/code/Type$BottomType
instanceKlass com/sun/tools/javac/code/Type$PackageType
instanceKlass com/sun/tools/javac/jvm/ClassReader$ProxyType
instanceKlass com/sun/tools/javac/code/Type$JCVoidType
instanceKlass com/sun/tools/javac/code/Type$JCPrimitiveType
instanceKlass com/sun/tools/javac/code/Type$MethodType
instanceKlass com/sun/tools/javac/code/Type$JCNoType
instanceKlass com/sun/tools/javac/code/Type$ModuleType
instanceKlass com/sun/tools/javac/code/Type$ArrayType
instanceKlass com/sun/tools/javac/code/Type$ClassType
instanceKlass com/sun/tools/javac/code/Type$TypeVar
instanceKlass com/sun/tools/javac/code/Type$WildcardType
instanceKlass com/sun/tools/javac/code/Type$DelegatedType
ciInstanceKlass com/sun/tools/javac/code/Type 1 1 625 100 1 100 1 8 1 10 12 1 1 7 1 10 12 1 10 7 12 1 1 1 7 1 18 12 1 1 10 12 1 1 7 1 10 12 1 10 7 12 1 1 1 11 7 12 1 1 1 11 12 1 1 10 12 1 1 10 12 1 1 10 12 1 1 11 7 12 1 1 1 10 7 1 10 7 12 1 1 1 9 12 1 1 9 12 1 1 10 7 12 1 1 10 10 12 1 10 12 1 100 1 10 8 1 10 12 1 10 12 1 10 12 1 1 11 7 12 1 1 7 1 11 12 1 1 11 12 11 10 12 1 10 12 1 1 10 12 1 1 10 12 1 1 10 12 1 11 10 12 1 9 12 1 10 12 1 1 7 1 10 10 12 1 1 10 12 1 18 10 12 1 9 12 1 1 10 12 1 9 12 1 10 12 1 1 10 12 1 8 1 10 12 1 10 12 1 10 12 1 1 10 12 1 9 7 12 1 1 1 8 1 10 100 1 9 12 1 1 9 100 12 1 1 1 10 12 1 1 10 12 1 1 10 12 1 8 1 10 8 1 10 12 1 10 7 1 10 12 1 10 12 1 1 10 10 12 1 10 10 12 1 9 12 1 100 1 9 12 1 1 8 1 10 12 1 10 12 1 1 5 0 5 0 9 12 1 1 5 0 10 12 1 1 10 12 1 10 12 1 1 11 7 12 1 1 9 100 12 1 1 1 7 1 10 9 12 1 1 7 1 10 9 12 1 7 1 10 9 12 1 7 1 10 100 1 100 1 1 1 1 1 1 1 1 1 1 1 1 1 1 1 1 1 1 1 1 1 1 1 1 1 1 1 1 1 1 1 1 1 1 1 1 1 1 1 1 1 1 1 1 1 1 1 1 1 1 1 1 1 1 1 1 1 1 1 1 1 1 1 1 1 1 1 1 1 1 1 1 1 1 1 1 1 1 1 1 1 1 1 1 1 1 1 1 1 1 1 1 1 1 1 1 1 1 1 1 1 1 1 1 1 1 1 1 1 1 1 1 1 1 1 1 1 1 1 1 1 1 1 1 1 1 1 1 1 1 1 1 1 1 1 1 1 1 1 1 1 1 1 1 1 100 1 100 1 100 1 100 1 100 1 100 1 100 1 100 1 100 1 100 1 100 1 100 1 100 1 100 1 100 1 100 1 100 1 100 1 100 1 100 1 100 1 100 1 100 1 100 1 100 1 100 1 100 1 100 1 100 1 100 1 100 1 100 1 100 1 100 1 100 1 100 1 100 1 100 1 100 1 1 16 15 10 12 1 16 1 15 10 12 1 16 1 15 10 7 12 1 1 1 1 100 1 1 1 1 100 1 1 1 1 1 1 1 1 1 1 1 1 1 1 1 1 1 1 1 1 1 1 1 1 100 1 100 1 1 1 1 1 100 1 100 1 1
staticfield com/sun/tools/javac/code/Type noType Lcom/sun/tools/javac/code/Type$JCNoType; com/sun/tools/javac/code/Type$1
staticfield com/sun/tools/javac/code/Type recoveryType Lcom/sun/tools/javac/code/Type$JCNoType; com/sun/tools/javac/code/Type$2
staticfield com/sun/tools/javac/code/Type stuckType Lcom/sun/tools/javac/code/Type$JCNoType; com/sun/tools/javac/code/Type$3
staticfield com/sun/tools/javac/code/Type stripMetadata Lcom/sun/tools/javac/code/Types$TypeMapping; com/sun/tools/javac/code/Type$4
instanceKlass com/sun/tools/javac/jvm/UninitializedType
instanceKlass com/sun/tools/javac/code/Type$UndetVar
instanceKlass com/sun/tools/javac/code/Type$ForAll
ciInstanceKlass com/sun/tools/javac/code/Type$DelegatedType 1 1 92 10 7 12 1 1 1 10 7 12 1 1 1 9 7 12 1 1 1 10 12 1 9 12 1 1 9 12 1 1 10 12 1 1 10 12 1 10 12 1 1 10 12 1 10 12 1 10 12 1 10 12 1 10 12 1 10 12 1 10 12 1 1 10 12 1 1 1 1 1 1 1 1 1 1 1 1 1 1 1 1 1 1 1 1 1 1 100 1 100 1 1
instanceKlass com/sun/tools/javac/code/Types$Subst$2
instanceKlass com/sun/tools/javac/code/Types$Subst$1
instanceKlass com/sun/tools/javac/code/Types$23$2
ciInstanceKlass com/sun/tools/javac/code/Type$ForAll 1 1 165 9 7 12 1 1 1 7 1 10 7 12 1 1 1 9 7 12 1 1 1 11 7 12 1 1 1 100 1 10 12 1 10 12 1 1 10 12 1 1 10 12 1 9 12 1 1 10 12 1 1 10 7 12 1 1 1 10 12 1 1 10 100 12 1 1 9 12 1 1 100 1 10 12 1 1 10 12 1 9 12 1 10 12 1 1 10 12 1 1 9 100 12 1 1 1 11 100 12 1 1 1 10 12 1 10 12 1 10 12 1 10 12 1 10 12 1 100 1 1 1 1 1 1 1 1 1 1 1 1 1 1 1 1 1 1 1 1 1 1 1 1 1 1 1 1 1 1 1 1 1 1 1 1 1 1 1 1 1 1 1 1 1 1 1
instanceKlass com/sun/tools/javac/code/Symbol$VarSymbol$1
instanceKlass com/sun/tools/javac/code/Symbol$DynamicVarSymbol
instanceKlass com/sun/tools/javac/comp/Lower$3
instanceKlass com/sun/tools/javac/code/Symbol$BindingSymbol
instanceKlass com/sun/tools/javac/code/Symbol$RecordComponent
instanceKlass com/sun/tools/javac/code/Symbol$ParamSymbol
ciInstanceKlass com/sun/tools/javac/code/Symbol$VarSymbol 1 1 295 100 1 9 7 12 1 1 1 10 7 12 1 1 1 100 1 9 7 12 1 1 1 9 12 1 100 1 100 1 10 12 1 7 1 9 12 1 1 9 12 1 1 9 12 1 1 10 12 1 9 12 1 1 10 7 12 1 1 1 10 100 12 1 1 1 9 12 1 1 10 12 1 10 12 1 1 5 0 10 12 1 1 9 7 12 1 1 1 9 12 1 5 0 9 12 1 9 12 1 9 12 1 9 12 1 9 12 1 10 12 1 9 12 1 5 0 9 12 1 9 12 1 11 7 12 1 1 1 10 12 1 1 10 100 12 1 1 1 18 12 1 1 10 12 1 1 7 1 11 12 100 1 100 1 10 12 7 1 10 7 12 1 1 1 11 7 12 1 1 1 10 12 1 10 12 1 1 10 12 1 1 10 12 1 1 10 12 1 1 10 12 1 1 10 7 12 1 1 1 100 1 1 1 1 1 1 1 1 1 1 1 1 1 1 1 1 1 1 1 1 1 1 1 1 1 1 1 1 1 1 1 1 1 1 1 1 1 1 1 1 1 1 1 1 1 1 1 1 1 1 1 1 1 1 1 1 1 1 1 1 1 1 1 1 1 1 16 15 10 12 15 10 7 12 1 1 1 1 100 1 1 1 1 100 1 100 1 1 1 100 1 100 1 1
instanceKlass com/sun/tools/javac/code/Type$WildcardType$1
instanceKlass com/sun/tools/javac/code/Type$StructuralTypeMapping$2
ciInstanceKlass com/sun/tools/javac/code/Type$WildcardType 1 1 228 11 7 12 1 1 1 10 7 12 1 1 1 10 7 12 1 1 1 10 7 12 1 1 9 12 1 1 10 7 12 1 1 1 9 12 1 1 9 12 1 1 9 12 1 1 100 1 9 12 1 1 10 12 1 9 7 12 1 1 1 9 7 12 1 1 10 12 1 1 9 12 1 9 12 1 9 10 7 12 1 1 1 9 12 1 1 9 7 12 1 1 1 9 7 12 1 1 1 9 7 12 1 1 7 1 100 1 10 12 1 10 12 1 1 10 12 1 1 10 12 1 1 10 12 1 9 12 1 8 1 10 12 1 1 8 1 10 9 100 12 1 1 11 100 12 1 1 1 10 12 1 1 10 12 1 10 12 1 10 12 1 100 1 1 1 1 1 1 1 1 1 1 1 1 1 1 1 1 1 1 1 1 1 1 1 1 1 1 1 1 1 1 1 1 1 1 1 1 1 1 1 1 100 1 1 1 1 1 1 1 1 1 1 1 1 1 1 1 1 1 1 1 100 1 1 1 1
instanceKlass com/sun/tools/javac/code/Type$TypeVar$1
instanceKlass com/sun/tools/javac/code/Type$CapturedType
ciInstanceKlass com/sun/tools/javac/code/Type$TypeVar 1 1 156 10 7 12 1 1 1 10 7 12 1 1 1 9 7 12 1 1 1 9 12 1 1 10 7 12 1 1 1 7 1 10 12 1 9 12 1 1 10 12 1 1 9 12 1 10 12 1 7 1 10 12 1 1 10 12 1 9 7 12 1 1 1 11 7 12 1 1 1 9 100 12 1 1 11 100 12 1 1 1 10 12 1 1 10 12 1 10 12 1 10 12 1 1 100 1 1 1 1 1 1 1 1 1 1 1 1 1 1 1 1 1 1 1 1 1 1 1 1 1 1 1 1 1 1 1 1 1 1 1 1 1 1 1 1 1 1 1 1 1 1 1 1 1 1 1 1 1 100 1 100 1 1 1 1 1
instanceKlass com/sun/tools/javac/code/Type$CapturedType$1
ciInstanceKlass com/sun/tools/javac/code/Type$CapturedType 1 1 144 10 7 12 1 1 1 10 7 12 1 1 1 7 1 9 7 12 1 1 1 10 12 1 1 9 12 1 1 10 12 1 100 1 9 12 1 1 10 12 1 1 10 12 1 11 7 12 1 1 1 100 1 10 12 1 10 12 1 1 8 1 10 12 1 1 10 12 1 1 5 0 100 1 5 0 10 12 1 8 1 10 12 1 10 12 1 1 10 12 1 1 1 1 1 1 1 1 1 1 1 1 1 1 1 1 1 1 1 1 1 1 1 1 1 1 1 1 1 1 1 1 1 1 1 1 1 1 1 1 1 1 1 1 1 100 1 1 100 1 100 1 1 1
ciInstanceKlass com/sun/tools/javac/jvm/PoolConstant$LoadableConstant 1 1 74 7 1 100 1 10 7 12 1 1 1 10 12 1 1 10 100 12 1 1 10 7 12 1 1 10 100 12 1 1 100 1 100 1 7 1 1 1 1 1 1 1 1 1 1 1 1 1 1 1 1 1 1 1 1 1 1 1 1 1 1 1 1 1 1 1 100 1 8 1 12 10 1 1
instanceKlass com/sun/tools/javac/api/JavacTrees$4
instanceKlass com/sun/tools/javac/code/Type$ErasedClassType
instanceKlass com/sun/tools/javac/code/Type$ClassType$1
instanceKlass com/sun/tools/javac/code/Type$StructuralTypeMapping$1
instanceKlass com/sun/tools/javac/code/Type$UnionClassType
instanceKlass com/sun/tools/javac/code/Type$IntersectionClassType
instanceKlass com/sun/tools/javac/jvm/ClassReader$1
instanceKlass com/sun/tools/javac/code/Type$ErrorType
ciInstanceKlass com/sun/tools/javac/code/Type$ClassType 1 1 389 100 1 10 7 12 1 1 1 10 7 12 1 1 1 10 7 12 1 1 9 12 1 1 9 12 1 1 9 12 1 1 9 12 1 9 12 1 9 12 1 100 1 7 1 9 12 1 1 10 12 1 9 7 12 1 1 1 11 7 12 1 1 1 7 1 10 12 1 10 12 1 1 100 1 10 12 1 10 12 1 1 10 12 1 1 9 7 12 1 1 1 9 100 12 1 1 1 9 7 12 1 1 10 12 1 1 10 12 1 1 8 1 10 12 1 1 10 12 1 1 10 12 1 1 10 12 1 1 10 100 12 1 1 10 12 1 100 1 10 9 12 1 1 10 12 1 1 9 10 12 1 1 11 100 12 1 1 11 12 1 1 100 1 10 12 1 9 10 12 1 10 12 1 10 12 1 10 8 1 10 10 12 1 10 12 1 1 5 0 10 12 1 8 1 9 12 1 1 9 12 1 9 12 1 8 1 100 1 10 100 12 1 1 1 9 12 1 1 10 12 1 1 10 100 12 1 1 1 10 12 1 10 12 1 1 10 10 12 1 10 12 1 10 12 1 10 12 1 1 10 12 1 10 12 1 10 10 10 12 1 1 10 12 1 10 12 1 10 12 1 10 12 1 10 10 9 9 7 12 1 1 1 9 12 1 11 100 12 1 1 1 10 12 1 1 10 12 1 10 12 1 1 100 1 100 1 100 1 1 1 1 1 1 1 1 1 1 1 1 1 1 1 1 1 1 1 1 1 1 1 1 1 1 1 1 1 1 1 1 1 1 1 1 1 1 1 1 1 1 1 1 1 1 1 1 1 1 1 1 1 1 1 1 1 1 1 1 1 1 1 1 1 1 1 1 1 1 1 100 1 1 100 1 1 1 100 1 1
instanceKlass com/sun/tools/javac/code/Type$ArrayType$1
instanceKlass com/sun/tools/javac/code/Type$ArrayType$2
instanceKlass com/sun/tools/javac/code/Type$StructuralTypeMapping$3
ciInstanceKlass com/sun/tools/javac/code/Type$ArrayType 1 1 205 10 7 12 1 1 1 10 7 12 1 1 1 10 7 12 1 1 9 12 1 1 9 12 1 1 10 12 1 100 1 7 1 10 12 1 9 7 12 1 1 1 11 7 12 1 1 1 100 1 10 12 1 10 12 1 1 9 100 12 1 1 10 12 1 1 10 12 1 1 10 12 1 1 8 1 10 12 1 10 12 1 1 10 12 1 1 10 12 1 1 10 12 1 10 12 1 10 12 1 1 10 12 1 10 12 1 100 1 9 12 1 1 10 10 12 1 1 10 12 1 10 12 1 11 100 12 1 1 1 10 12 1 1 10 12 1 100 1 100 1 1 1 1 1 1 1 1 1 1 1 1 1 1 1 1 1 1 1 1 1 1 1 1 1 1 1 1 1 1 1 1 1 1 1 1 1 1 1 1 1 1 1 1 1 1 1 1 1 1 1 1 1 1 1 1 100 1 100 1 1 1 100 1 1
instanceKlass com/sun/tools/javac/code/Symbol$MethodHandleSymbol
instanceKlass com/sun/tools/javac/comp/LambdaToMethod$LambdaTranslationContext$1
instanceKlass com/sun/tools/javac/code/Symbol$MethodSymbol$1
instanceKlass com/sun/tools/javac/code/Symbol$DynamicMethodSymbol
instanceKlass com/sun/tools/javac/comp/Resolve$13
instanceKlass com/sun/tools/javac/comp/Resolve$16
instanceKlass com/sun/tools/javac/comp/Resolve$5
instanceKlass com/sun/tools/javac/code/Symbol$OperatorSymbol
ciInstanceKlass com/sun/tools/javac/code/Symbol$MethodSymbol 1 1 587 100 1 9 7 12 1 1 1 10 7 12 1 1 1 9 7 12 1 1 1 10 7 12 1 1 1 9 12 1 1 9 12 1 9 12 1 9 12 1 1 9 12 1 1 9 7 12 1 1 1 10 7 12 1 1 1 100 1 10 12 1 10 12 1 1 8 1 10 12 1 10 12 1 1 10 7 12 1 1 1 7 1 9 12 1 1 9 12 1 1 9 10 12 1 10 12 1 1 5 0 5 0 5 0 10 12 1 1 5 0 9 12 1 1 9 10 7 1 9 12 1 1 9 7 12 1 1 1 9 7 12 1 1 9 12 1 8 1 100 1 10 12 1 8 1 8 1 5 0 10 12 1 1 8 1 10 12 1 1 100 1 7 1 10 12 1 9 7 1 10 7 12 1 1 1 10 12 1 9 12 1 1 9 12 1 1 10 12 1 1 10 12 1 9 12 1 10 12 1 1 10 7 12 1 1 1 11 7 12 1 1 1 11 7 12 1 1 11 12 1 1 10 12 1 1 10 12 1 1 10 12 1 1 10 12 1 1 10 12 1 9 12 1 10 12 1 1 10 12 1 10 12 1 1 5 0 10 12 1 1 10 12 1 1 10 12 1 1 10 12 1 10 12 1 10 12 1 9 12 1 1 10 12 1 1 5 0 5 0 10 5 0 10 12 1 1 10 10 12 1 1 5 0 9 12 1 1 10 12 1 1 10 12 1 10 12 1 1 10 10 12 1 10 12 1 100 1 10 10 12 1 10 8 1 10 12 1 10 12 1 1 100 1 5 0 10 12 1 10 12 1 10 12 1 10 12 1 1 10 9 7 12 1 1 1 9 12 1 9 12 1 10 12 1 9 12 1 9 12 1 10 12 1 1 10 12 11 7 12 1 1 1 11 7 12 1 1 1 10 12 1 10 12 1 10 12 1 1 9 7 1 10 12 1 10 12 1 10 12 1 1 10 12 1 10 12 1 1 10 12 1 1 10 10 12 1 1 10 10 10 12 1 10 10 12 1 10 5 0 18 12 1 1 100 1 1 1 1 1 1 1 1 1 1 1 1 1 1 1 1 1 100 1 1 1 1 1 1 1 1 1 1 1 1 1 1 1 1 1 1 1 1 1 1 1 1 1 1 1 1 1 1 1 1 1 1 1 1 1 1 1 1 1 1 1 1 1 1 1 1 1 1 1 1 1 1 1 1 1 1 1 1 1 1 1 1 1 1 1 1 1 1 1 1 1 1 1 1 1 1 16 1 15 10 12 16 15 10 7 12 1 1 1 1 100 1 1 1 1 1 1 1 100 1 1 100 1 1 1 1 1 100 1 100 1 1
staticfield com/sun/tools/javac/code/Symbol$MethodSymbol implementation_filter Ljava/util/function/Predicate; com/sun/tools/javac/code/Symbol$MethodSymbol$$Lambda+0x0000000016303398
ciInstanceKlass com/sun/tools/javac/code/Type$UndetVar 1 1 435 11 7 12 1 1 1 9 7 12 1 1 1 10 7 12 1 1 1 7 1 10 12 1 9 7 12 1 1 1 9 12 1 1 9 12 1 1 7 1 10 12 1 9 12 1 1 10 7 12 1 1 1 9 7 12 1 1 1 9 12 1 9 12 1 7 1 7 1 10 12 1 9 12 1 1 10 7 12 1 1 1 10 7 12 1 1 1 9 12 1 1 9 12 1 1 10 12 1 1 11 7 12 1 1 1 9 12 1 9 12 1 10 12 1 10 12 1 1 11 7 12 1 1 11 12 1 1 7 1 10 12 1 1 9 12 1 9 12 1 10 12 1 1 100 1 10 10 12 1 1 9 12 1 10 12 1 1 10 12 1 10 12 1 1 8 1 10 12 1 8 1 8 1 10 12 1 1 11 12 1 1 10 12 1 8 1 100 1 10 9 12 1 10 7 12 1 1 1 10 12 1 10 12 1 1 11 12 1 10 12 1 10 7 1 10 12 1 1 10 12 1 1 10 12 1 1 11 7 12 1 1 7 1 10 10 12 1 1 10 12 1 10 12 1 10 10 12 1 1 10 12 1 1 10 12 1 1 10 12 1 1 10 12 1 1 18 12 1 1 11 12 1 1 11 7 1 7 1 11 12 1 11 12 1 10 12 1 1 10 10 12 1 1 7 1 9 12 1 1 9 12 1 11 12 1 10 12 1 10 1 1 1 1 1 1 1 1 1 1 1 1 1 1 1 1 1 1 1 1 1 1 1 1 1 1 1 1 1 1 1 1 1 1 100 1 100 1 1 1 1 1 1 1 1 1 1 1 1 1 1 1 1 1 1 1 1 1 1 1 1 1 1 1 1 1 1 1 1 1 1 1 1 1 1 1 1 1 1 1 1 1 100 1 1 1 1 1 1 1 1 1 1 1 16 15 10 12 15 10 7 12 1 1 1 1 1 1 1 1 100 1 1 1 1 1 100 1 1 1 100 1 100 1 1
instanceKlass com/sun/tools/javac/util/JCDiagnostic$MultilineDiagnostic
ciInstanceKlass com/sun/tools/javac/util/JCDiagnostic 1 1 340 7 1 10 12 1 1 9 100 12 1 1 1 8 1 10 7 12 1 1 1 100 1 10 100 12 1 1 1 10 12 1 1 9 12 1 1 100 1 10 100 12 1 1 1 10 12 1 10 12 1 10 7 12 1 1 11 100 12 1 1 1 100 1 100 1 10 9 12 1 9 12 1 1 9 12 1 1 9 12 1 1 9 12 1 1 9 12 1 1 9 11 7 12 1 1 1 9 12 1 10 100 12 1 1 1 9 12 1 1 11 12 1 1 10 12 1 1 7 1 9 12 1 1 10 100 12 1 1 1 11 12 1 10 12 1 1 11 12 1 1 10 12 1 10 12 1 10 12 1 9 12 1 1 100 1 10 12 1 10 12 1 10 12 1 9 12 1 1 10 12 1 1 10 100 12 1 1 1 11 100 12 1 1 1 11 12 1 10 12 1 9 100 12 1 1 1 9 12 1 9 12 1 9 12 1 9 12 1 10 12 1 1 11 12 1 11 12 1 9 12 10 9 12 1 11 12 1 11 100 12 1 1 1 10 12 1 100 1 1 1 1 1 1 1 1 1 1 1 1 1 1 1 1 1 1 1 1 1 1 1 1 1 1 1 1 1 1 1 1 1 100 1 1 1 1 1 1 1 1 1 1 1 1 1 1 1 1 1 1 1 1 1 1 1 1 1 1 1 1 1 1 1 100 1 100 1 100 1 100 1 100 1 100 1 100 1 100 1 100 1 1 1 1 100 1 1 1 1 1 1 1 1 1 1 1 1 1 1 1
ciInstanceKlass javax/lang/model/type/ErrorType 1 0 9 100 1 100 1 100 1 1 1
ciInstanceKlass javax/lang/model/type/ArrayType 1 0 11 100 1 100 1 100 1 1 1 1 1
ciInstanceKlass javax/lang/model/type/NoType 1 0 9 100 1 100 1 100 1 1 1
ciInstanceKlass javax/lang/model/element/Parameterizable 1 0 13 100 1 100 1 100 1 1 1 1 1 1 1
ciInstanceKlass javax/lang/model/element/ExecutableElement 1 0 32 100 1 100 1 100 1 100 1 1 1 1 1 1 1 1 1 1 1 1 1 1 1 1 1 1 1 1 1 1 1 1
ciInstanceKlass com/sun/tools/javac/util/ListBuffer 1 1 181 7 1 10 12 1 1 10 12 1 1 10 7 1 10 12 1 10 7 12 1 1 1 9 12 1 1 9 12 1 9 12 1 1 9 12 1 1 10 12 1 1 9 12 1 1 10 12 1 1 9 12 1 10 12 1 10 7 12 1 1 1 10 12 1 10 12 1 1 10 12 1 10 12 1 1 10 12 1 10 12 1 1 10 12 1 1 100 1 10 10 12 1 7 1 10 12 1 100 1 10 11 7 12 1 1 1 11 7 12 1 1 11 12 1 1 10 10 10 12 1 1 1 1 1 1 1 1 1 1 1 1 1 1 1 1 1 1 1 1 1 1 1 1 1 1 1 1 1 100 1 1 1 1 1 1 1 1 1 1 1 1 1 1 1 1 1 1 1 1 1 1 1 1 1 1 1 1 1 1 1
ciInstanceKlass com/sun/tools/javac/util/ListBuffer$1 1 1 74 10 7 12 1 1 1 9 7 12 1 1 1 10 7 12 1 1 1 9 7 12 1 1 1 9 10 7 12 1 1 1 100 1 10 9 12 1 1 9 12 1 100 1 10 100 1 1 1 1 1 1 1 1 1 1 1 1 1 1 1 1 1 1 1 1 1 1 1 12 1 1 1 1
ciInstanceKlass com/sun/tools/javac/resources/CompilerProperties$Fragments 1 1 1458 10 7 12 1 1 1 7 1 7 1 10 7 12 1 1 1 8 1 8 1 10 12 1 8 1 8 1 8 1 10 100 12 1 1 1 8 1 8 1 8 1 8 1 8 1 8 1 8 1 8 1 8 1 8 1 8 1 8 1 8 1 8 1 8 1 8 1 8 1 8 1 8 1 8 1 8 1 8 1 8 1 8 1 8 1 8 1 8 1 8 1 8 1 8 1 8 1 8 1 8 1 8 1 8 1 8 1 8 1 8 1 8 1 8 1 8 1 8 1 8 1 8 1 8 1 8 1 8 1 8 1 8 1 8 1 8 1 8 1 8 1 8 1 8 1 8 1 8 1 8 1 8 1 8 1 8 1 8 1 8 1 8 1 8 1 8 1 8 1 8 1 8 1 8 1 8 1 8 1 8 1 8 1 8 1 8 1 8 1 8 1 8 1 8 1 8 1 8 1 8 1 8 1 8 1 8 1 8 1 8 1 8 1 8 1 8 1 8 1 8 1 8 1 8 1 8 1 8 1 8 1 8 1 8 1 8 1 8 1 8 1 8 1 8 1 8 1 8 1 8 1 8 1 8 1 8 1 8 1 8 1 8 1 8 1 8 1 8 1 8 1 8 1 8 1 8 1 8 1 8 1 8 1 8 1 8 1 8 1 8 1 8 1 8 1 8 1 8 1 8 1 8 1 8 1 8 1 8 1 8 1 8 1 8 1 8 1 8 1 8 1 8 1 8 1 8 1 8 1 8 1 8 1 8 1 8 1 8 1 8 1 8 1 8 1 8 1 8 1 8 1 8 1 8 1 8 1 8 1 8 1 8 1 8 1 8 1 8 1 8 1 8 1 8 1 10 100 12 1 1 8 1 8 1 9 7 12 1 1 1 8 1 9 12 1 8 1 9 12 1 8 1 9 12 1 8 1 9 12 1 8 1 9 12 1 8 1 9 12 1 8 1 9 12 1 8 1 9 12 1 8 1 9 12 1 8 1 9 12 1 8 1 9 12 1 8 1 9 12 1 8 1 9 12 1 8 1 9 12 1 8 1 9 12 1 8 1 9 12 1 8 1 9 12 1 8 1 9 12 1 8 1 9 12 1 8 1 9 12 1 8 1 9 12 1 8 1 9 12 1 8 1 9 12 1 8 1 9 12 1 8 1 9 12 1 8 1 9 12 1 8 1 9 12 1 8 1 9 12 1 8 1 9 12 1 8 1 9 12 1 8 1 9 12 1 8 1 9 12 1 8 1 9 12 1 8 1 9 12 1 8 1 9 12 1 8 1 9 12 1 8 1 9 12 1 8 1 9 12 1 8 1 9 12 1 8 1 9 12 1 8 1 9 12 1 8 1 9 12 1 8 1 9 12 1 8 1 9 12 1 8 1 9 12 1 8 1 9 12 1 8 1 9 12 1 8 1 9 12 1 8 1 9 12 1 8 1 9 12 1 8 1 9 12 1 8 1 9 12 1 8 1 9 12 1 8 1 9 12 1 8 1 9 12 1 8 1 9 12 1 8 1 9 12 1 8 1 9 12 1 8 1 9 12 1 8 1 9 12 1 8 1 9 12 1 8 1 9 12 1 8 1 9 12 1 8 1 9 12 1 8 1 9 12 1 8 1 9 12 1 8 1 9 12 1 8 1 9 12 1 8 1 9 12 1 8 1 9 12 1 8 1 9 12 1 8 1 9 12 1 8 1 9 12 1 8 1 9 12 1 8 1 9 12 1 8 1 9 12 1 8 1 9 12 1 8 1 9 12 1 8 1 9 12 1 8 1 9 12 1 8 1 9 12 1 8 1 9 12 1 8 1 9 12 1 8 1 9 12 1 8 1 9 12 1 8 1 9 12 1 8 1 9 12 1 8 1 9 12 1 8 1 9 12 1 8 1 9 12 1 8 1 9 12 1 8 1 9 12 1 8 1 9 12 1 8 1 9 12 1 8 1 9 12 1 8 1 9 12 1 8 1 9 12 1 8 1 9 12 1 8 1 9 12 1 8 1 9 12 1 8 1 9 12 1 8 1 9 12 1 8 1 9 12 1 8 1 9 12 1 8 1 9 12 1 8 1 9 12 1 8 1 9 12 1 8 1 9 12 1 8 1 9 12 1 8 1 9 12 1 8 1 9 12 1 8 1 9 12 1 8 1 9 12 1 8 1 9 12 1 8 1 9 12 1 8 1 9 12 1 8 1 9 12 1 8 1 9 12 1 8 1 9 12 1 8 1 9 12 1 8 1 9 12 1 8 1 9 12 1 8 1 9 12 1 8 1 9 12 1 8 1 9 12 1 8 1 9 12 1 8 1 9 12 1 8 1 9 12 1 8 1 9 12 1 8 1 9 12 1 8 1 9 12 1 8 1 9 12 1 8 1 9 12 1 1 1 1 1 1 1 1 1 1 1 1 1 1 1 1 1 1 1 1 1 1 1 1 1 1 1 1 1 1 1 1 1 1 1 1 1 1 1 1 1 1 1 1 1 1 1 1 1 1 1 1 1 1 1 1 1 1 1 1 1 1 1 1 1 1 1 1 1 1 1 1 1 1 1 1 1 1 1 1 1 1 1 1 1 1 1 1 1 1 1 1 1 1 1 1 1 1 1 1 1 1 1 1 1 1 1 1 1 1 1 1 1 1 1 1 1 1 1 1 1 1 1 1 1 1 1 1 1 1 1 1 1 1 1 1 1 1 1 1 1 1 1 1 1 1 1 1 1 1 1 1 1 1 1 1 1 1 1 1 1 1 1 1 1 1 1 1 1 1 1 1 1 1 1 1 1 1 1 1 1 1 1 1 1 1 1 1 1 1 1 1 1 1 1 1 1 1 1 1 1 1 1 1 1 1 1 1 1 1 1 1 1 1 1 1 1 1 1 1 1 1 1 1 1 1 1 1 1 1 1 1 1 1 1 1 1 1 1 1 1 1 1 1 1 1 1 1 1 1 1 1 1 1 1 1 1 1 1 1 1 1 1 1 1 1 1 1 1 1 1 1 1 1 1 1 1 1 1 1 1 1 1 1 1 1 1 1 1 1 1 1 1 1 1 1 1 1 1 1 1 1 1 1 1 1 1 1 1 1 1 1 1 1 1 1 1 1 1 1 1 1 1 1 1 1 1 1 1 1 1 1 1 1 1 1 1 1 1 1 1 1 1 1 1 1 1 1 1 1 1 1 1 1 1 1 1 1 1 1 1 1 1 1 1 1 1 1 1 1 1 1 1 1 1 1 1 1 1 1 1 1 100 1 1 100 1 1 1 1 100 1 100 1 1 100 1 1 100 1 100 1 1
staticfield com/sun/tools/javac/resources/CompilerProperties$Fragments AccessorMethodCantThrowException Lcom/sun/tools/javac/util/JCDiagnostic$Fragment; com/sun/tools/javac/util/JCDiagnostic$Fragment
staticfield com/sun/tools/javac/resources/CompilerProperties$Fragments AccessorMethodMustNotBeGeneric Lcom/sun/tools/javac/util/JCDiagnostic$Fragment; com/sun/tools/javac/util/JCDiagnostic$Fragment
staticfield com/sun/tools/javac/resources/CompilerProperties$Fragments AccessorMethodMustNotBeStatic Lcom/sun/tools/javac/util/JCDiagnostic$Fragment; com/sun/tools/javac/util/JCDiagnostic$Fragment
staticfield com/sun/tools/javac/resources/CompilerProperties$Fragments Anonymous Lcom/sun/tools/javac/util/JCDiagnostic$Fragment; com/sun/tools/javac/util/JCDiagnostic$Fragment
staticfield com/sun/tools/javac/resources/CompilerProperties$Fragments ArgLengthMismatch Lcom/sun/tools/javac/util/JCDiagnostic$Fragment; com/sun/tools/javac/util/JCDiagnostic$Fragment
staticfield com/sun/tools/javac/resources/CompilerProperties$Fragments BadClassSignature Lcom/sun/tools/javac/util/JCDiagnostic$Fragment; com/sun/tools/javac/util/JCDiagnostic$Fragment
staticfield com/sun/tools/javac/resources/CompilerProperties$Fragments BadConstPoolTag Lcom/sun/tools/javac/util/JCDiagnostic$Fragment; com/sun/tools/javac/util/JCDiagnostic$Fragment
staticfield com/sun/tools/javac/resources/CompilerProperties$Fragments BadConstPoolTagAt Lcom/sun/tools/javac/util/JCDiagnostic$Fragment; com/sun/tools/javac/util/JCDiagnostic$Fragment
staticfield com/sun/tools/javac/resources/CompilerProperties$Fragments BadEnclosingClass Lcom/sun/tools/javac/util/JCDiagnostic$Fragment; com/sun/tools/javac/util/JCDiagnostic$Fragment
staticfield com/sun/tools/javac/resources/CompilerProperties$Fragments BadModuleInfoName Lcom/sun/tools/javac/util/JCDiagnostic$Fragment; com/sun/tools/javac/util/JCDiagnostic$Fragment
staticfield com/sun/tools/javac/resources/CompilerProperties$Fragments BadRequiresFlag Lcom/sun/tools/javac/util/JCDiagnostic$Fragment; com/sun/tools/javac/util/JCDiagnostic$Fragment
staticfield com/sun/tools/javac/resources/CompilerProperties$Fragments BadSignature Lcom/sun/tools/javac/util/JCDiagnostic$Fragment; com/sun/tools/javac/util/JCDiagnostic$Fragment
staticfield com/sun/tools/javac/resources/CompilerProperties$Fragments BadTypeAnnotationValue Lcom/sun/tools/javac/util/JCDiagnostic$Fragment; com/sun/tools/javac/util/JCDiagnostic$Fragment
staticfield com/sun/tools/javac/resources/CompilerProperties$Fragments Bound Lcom/sun/tools/javac/util/JCDiagnostic$Fragment; com/sun/tools/javac/util/JCDiagnostic$Fragment
staticfield com/sun/tools/javac/resources/CompilerProperties$Fragments Canonical Lcom/sun/tools/javac/util/JCDiagnostic$Fragment; com/sun/tools/javac/util/JCDiagnostic$Fragment
staticfield com/sun/tools/javac/resources/CompilerProperties$Fragments CanonicalCantHaveReturnStatement Lcom/sun/tools/javac/util/JCDiagnostic$Fragment; com/sun/tools/javac/util/JCDiagnostic$Fragment
staticfield com/sun/tools/javac/resources/CompilerProperties$Fragments CanonicalMustNotContainExplicitConstructorInvocation Lcom/sun/tools/javac/util/JCDiagnostic$Fragment; com/sun/tools/javac/util/JCDiagnostic$Fragment
staticfield com/sun/tools/javac/resources/CompilerProperties$Fragments CanonicalMustNotDeclareTypeVariables Lcom/sun/tools/javac/util/JCDiagnostic$Fragment; com/sun/tools/javac/util/JCDiagnostic$Fragment
staticfield com/sun/tools/javac/resources/CompilerProperties$Fragments CanonicalWithNameMismatch Lcom/sun/tools/javac/util/JCDiagnostic$Fragment; com/sun/tools/javac/util/JCDiagnostic$Fragment
staticfield com/sun/tools/javac/resources/CompilerProperties$Fragments CantResolveModules Lcom/sun/tools/javac/util/JCDiagnostic$Fragment; com/sun/tools/javac/util/JCDiagnostic$Fragment
staticfield com/sun/tools/javac/resources/CompilerProperties$Fragments ClassFileWrongClass Lcom/sun/tools/javac/util/JCDiagnostic$Fragment; com/sun/tools/javac/util/JCDiagnostic$Fragment
staticfield com/sun/tools/javac/resources/CompilerProperties$Fragments Compact Lcom/sun/tools/javac/util/JCDiagnostic$Fragment; com/sun/tools/javac/util/JCDiagnostic$Fragment
staticfield com/sun/tools/javac/resources/CompilerProperties$Fragments ConditionalTargetCantBeVoid Lcom/sun/tools/javac/util/JCDiagnostic$Fragment; com/sun/tools/javac/util/JCDiagnostic$Fragment
staticfield com/sun/tools/javac/resources/CompilerProperties$Fragments DiamondAnonymousMethodsImplicitlyOverride Lcom/sun/tools/javac/util/JCDiagnostic$Fragment; com/sun/tools/javac/util/JCDiagnostic$Fragment
staticfield com/sun/tools/javac/resources/CompilerProperties$Fragments FatalErrCantClose Lcom/sun/tools/javac/util/JCDiagnostic$Fragment; com/sun/tools/javac/util/JCDiagnostic$Fragment
staticfield com/sun/tools/javac/resources/CompilerProperties$Fragments FeatureCaseNull Lcom/sun/tools/javac/util/JCDiagnostic$Fragment; com/sun/tools/javac/util/JCDiagnostic$Fragment
staticfield com/sun/tools/javac/resources/CompilerProperties$Fragments FeatureDeconstructionPatterns Lcom/sun/tools/javac/util/JCDiagnostic$Fragment; com/sun/tools/javac/util/JCDiagnostic$Fragment
staticfield com/sun/tools/javac/resources/CompilerProperties$Fragments FeatureDiamondAndAnonClass Lcom/sun/tools/javac/util/JCDiagnostic$Fragment; com/sun/tools/javac/util/JCDiagnostic$Fragment
staticfield com/sun/tools/javac/resources/CompilerProperties$Fragments FeatureFlexibleConstructors Lcom/sun/tools/javac/util/JCDiagnostic$Fragment; com/sun/tools/javac/util/JCDiagnostic$Fragment
staticfield com/sun/tools/javac/resources/CompilerProperties$Fragments FeatureImplicitClasses Lcom/sun/tools/javac/util/JCDiagnostic$Fragment; com/sun/tools/javac/util/JCDiagnostic$Fragment
staticfield com/sun/tools/javac/resources/CompilerProperties$Fragments FeatureJavaBaseTransitive Lcom/sun/tools/javac/util/JCDiagnostic$Fragment; com/sun/tools/javac/util/JCDiagnostic$Fragment
staticfield com/sun/tools/javac/resources/CompilerProperties$Fragments FeatureModuleImports Lcom/sun/tools/javac/util/JCDiagnostic$Fragment; com/sun/tools/javac/util/JCDiagnostic$Fragment
staticfield com/sun/tools/javac/resources/CompilerProperties$Fragments FeatureModules Lcom/sun/tools/javac/util/JCDiagnostic$Fragment; com/sun/tools/javac/util/JCDiagnostic$Fragment
staticfield com/sun/tools/javac/resources/CompilerProperties$Fragments FeatureMultipleCaseLabels Lcom/sun/tools/javac/util/JCDiagnostic$Fragment; com/sun/tools/javac/util/JCDiagnostic$Fragment
staticfield com/sun/tools/javac/resources/CompilerProperties$Fragments FeaturePatternMatchingInstanceof Lcom/sun/tools/javac/util/JCDiagnostic$Fragment; com/sun/tools/javac/util/JCDiagnostic$Fragment
staticfield com/sun/tools/javac/resources/CompilerProperties$Fragments FeaturePatternSwitch Lcom/sun/tools/javac/util/JCDiagnostic$Fragment; com/sun/tools/javac/util/JCDiagnostic$Fragment
staticfield com/sun/tools/javac/resources/CompilerProperties$Fragments FeaturePrimitivePatterns Lcom/sun/tools/javac/util/JCDiagnostic$Fragment; com/sun/tools/javac/util/JCDiagnostic$Fragment
staticfield com/sun/tools/javac/resources/CompilerProperties$Fragments FeaturePrivateIntfMethods Lcom/sun/tools/javac/util/JCDiagnostic$Fragment; com/sun/tools/javac/util/JCDiagnostic$Fragment
staticfield com/sun/tools/javac/resources/CompilerProperties$Fragments FeatureRecords Lcom/sun/tools/javac/util/JCDiagnostic$Fragment; com/sun/tools/javac/util/JCDiagnostic$Fragment
staticfield com/sun/tools/javac/resources/CompilerProperties$Fragments FeatureReifiableTypesInstanceof Lcom/sun/tools/javac/util/JCDiagnostic$Fragment; com/sun/tools/javac/util/JCDiagnostic$Fragment
staticfield com/sun/tools/javac/resources/CompilerProperties$Fragments FeatureSealedClasses Lcom/sun/tools/javac/util/JCDiagnostic$Fragment; com/sun/tools/javac/util/JCDiagnostic$Fragment
staticfield com/sun/tools/javac/resources/CompilerProperties$Fragments FeatureSwitchExpressions Lcom/sun/tools/javac/util/JCDiagnostic$Fragment; com/sun/tools/javac/util/JCDiagnostic$Fragment
staticfield com/sun/tools/javac/resources/CompilerProperties$Fragments FeatureSwitchRules Lcom/sun/tools/javac/util/JCDiagnostic$Fragment; com/sun/tools/javac/util/JCDiagnostic$Fragment
staticfield com/sun/tools/javac/resources/CompilerProperties$Fragments FeatureTextBlocks Lcom/sun/tools/javac/util/JCDiagnostic$Fragment; com/sun/tools/javac/util/JCDiagnostic$Fragment
staticfield com/sun/tools/javac/resources/CompilerProperties$Fragments FeatureUnconditionalPatternsInInstanceof Lcom/sun/tools/javac/util/JCDiagnostic$Fragment; com/sun/tools/javac/util/JCDiagnostic$Fragment
staticfield com/sun/tools/javac/resources/CompilerProperties$Fragments FeatureUnnamedVariables Lcom/sun/tools/javac/util/JCDiagnostic$Fragment; com/sun/tools/javac/util/JCDiagnostic$Fragment
staticfield com/sun/tools/javac/resources/CompilerProperties$Fragments FeatureVarInTryWithResources Lcom/sun/tools/javac/util/JCDiagnostic$Fragment; com/sun/tools/javac/util/JCDiagnostic$Fragment
staticfield com/sun/tools/javac/resources/CompilerProperties$Fragments FeatureVarSyntaxInImplicitLambda Lcom/sun/tools/javac/util/JCDiagnostic$Fragment; com/sun/tools/javac/util/JCDiagnostic$Fragment
staticfield com/sun/tools/javac/resources/CompilerProperties$Fragments FileDoesNotContainModule Lcom/sun/tools/javac/util/JCDiagnostic$Fragment; com/sun/tools/javac/util/JCDiagnostic$Fragment
staticfield com/sun/tools/javac/resources/CompilerProperties$Fragments Guard Lcom/sun/tools/javac/util/JCDiagnostic$Fragment; com/sun/tools/javac/util/JCDiagnostic$Fragment
staticfield com/sun/tools/javac/resources/CompilerProperties$Fragments IllegalFlagCombo Lcom/sun/tools/javac/util/JCDiagnostic$Fragment; com/sun/tools/javac/util/JCDiagnostic$Fragment
staticfield com/sun/tools/javac/resources/CompilerProperties$Fragments IllegalStartOfClassFile Lcom/sun/tools/javac/util/JCDiagnostic$Fragment; com/sun/tools/javac/util/JCDiagnostic$Fragment
staticfield com/sun/tools/javac/resources/CompilerProperties$Fragments ImplicitAndExplicitNotAllowed Lcom/sun/tools/javac/util/JCDiagnostic$Fragment; com/sun/tools/javac/util/JCDiagnostic$Fragment
staticfield com/sun/tools/javac/resources/CompilerProperties$Fragments IncompatibleArgTypesInLambda Lcom/sun/tools/javac/util/JCDiagnostic$Fragment; com/sun/tools/javac/util/JCDiagnostic$Fragment
staticfield com/sun/tools/javac/resources/CompilerProperties$Fragments IncompatibleArgTypesInMref Lcom/sun/tools/javac/util/JCDiagnostic$Fragment; com/sun/tools/javac/util/JCDiagnostic$Fragment
staticfield com/sun/tools/javac/resources/CompilerProperties$Fragments InnerCls Lcom/sun/tools/javac/util/JCDiagnostic$Fragment; com/sun/tools/javac/util/JCDiagnostic$Fragment
staticfield com/sun/tools/javac/resources/CompilerProperties$Fragments KindnameAnnotation Lcom/sun/tools/javac/util/JCDiagnostic$Fragment; com/sun/tools/javac/util/JCDiagnostic$Fragment
staticfield com/sun/tools/javac/resources/CompilerProperties$Fragments KindnameClass Lcom/sun/tools/javac/util/JCDiagnostic$Fragment; com/sun/tools/javac/util/JCDiagnostic$Fragment
staticfield com/sun/tools/javac/resources/CompilerProperties$Fragments KindnameConstructor Lcom/sun/tools/javac/util/JCDiagnostic$Fragment; com/sun/tools/javac/util/JCDiagnostic$Fragment
staticfield com/sun/tools/javac/resources/CompilerProperties$Fragments KindnameEnum Lcom/sun/tools/javac/util/JCDiagnostic$Fragment; com/sun/tools/javac/util/JCDiagnostic$Fragment
staticfield com/sun/tools/javac/resources/CompilerProperties$Fragments KindnameInstanceInit Lcom/sun/tools/javac/util/JCDiagnostic$Fragment; com/sun/tools/javac/util/JCDiagnostic$Fragment
staticfield com/sun/tools/javac/resources/CompilerProperties$Fragments KindnameInterface Lcom/sun/tools/javac/util/JCDiagnostic$Fragment; com/sun/tools/javac/util/JCDiagnostic$Fragment
staticfield com/sun/tools/javac/resources/CompilerProperties$Fragments KindnameMethod Lcom/sun/tools/javac/util/JCDiagnostic$Fragment; com/sun/tools/javac/util/JCDiagnostic$Fragment
staticfield com/sun/tools/javac/resources/CompilerProperties$Fragments KindnameModule Lcom/sun/tools/javac/util/JCDiagnostic$Fragment; com/sun/tools/javac/util/JCDiagnostic$Fragment
staticfield com/sun/tools/javac/resources/CompilerProperties$Fragments KindnamePackage Lcom/sun/tools/javac/util/JCDiagnostic$Fragment; com/sun/tools/javac/util/JCDiagnostic$Fragment
staticfield com/sun/tools/javac/resources/CompilerProperties$Fragments KindnameRecord Lcom/sun/tools/javac/util/JCDiagnostic$Fragment; com/sun/tools/javac/util/JCDiagnostic$Fragment
staticfield com/sun/tools/javac/resources/CompilerProperties$Fragments KindnameRecordComponent Lcom/sun/tools/javac/util/JCDiagnostic$Fragment; com/sun/tools/javac/util/JCDiagnostic$Fragment
staticfield com/sun/tools/javac/resources/CompilerProperties$Fragments KindnameStatic Lcom/sun/tools/javac/util/JCDiagnostic$Fragment; com/sun/tools/javac/util/JCDiagnostic$Fragment
staticfield com/sun/tools/javac/resources/CompilerProperties$Fragments KindnameStaticInit Lcom/sun/tools/javac/util/JCDiagnostic$Fragment; com/sun/tools/javac/util/JCDiagnostic$Fragment
staticfield com/sun/tools/javac/resources/CompilerProperties$Fragments KindnameTypeVariable Lcom/sun/tools/javac/util/JCDiagnostic$Fragment; com/sun/tools/javac/util/JCDiagnostic$Fragment
staticfield com/sun/tools/javac/resources/CompilerProperties$Fragments KindnameTypeVariableBound Lcom/sun/tools/javac/util/JCDiagnostic$Fragment; com/sun/tools/javac/util/JCDiagnostic$Fragment
staticfield com/sun/tools/javac/resources/CompilerProperties$Fragments KindnameValue Lcom/sun/tools/javac/util/JCDiagnostic$Fragment; com/sun/tools/javac/util/JCDiagnostic$Fragment
staticfield com/sun/tools/javac/resources/CompilerProperties$Fragments KindnameVariable Lcom/sun/tools/javac/util/JCDiagnostic$Fragment; com/sun/tools/javac/util/JCDiagnostic$Fragment
staticfield com/sun/tools/javac/resources/CompilerProperties$Fragments Lambda Lcom/sun/tools/javac/util/JCDiagnostic$Fragment; com/sun/tools/javac/util/JCDiagnostic$Fragment
staticfield com/sun/tools/javac/resources/CompilerProperties$Fragments Local Lcom/sun/tools/javac/util/JCDiagnostic$Fragment; com/sun/tools/javac/util/JCDiagnostic$Fragment
staticfield com/sun/tools/javac/resources/CompilerProperties$Fragments LocalArrayMissingTarget Lcom/sun/tools/javac/util/JCDiagnostic$Fragment; com/sun/tools/javac/util/JCDiagnostic$Fragment
staticfield com/sun/tools/javac/resources/CompilerProperties$Fragments LocalCantInferNull Lcom/sun/tools/javac/util/JCDiagnostic$Fragment; com/sun/tools/javac/util/JCDiagnostic$Fragment
staticfield com/sun/tools/javac/resources/CompilerProperties$Fragments LocalCantInferVoid Lcom/sun/tools/javac/util/JCDiagnostic$Fragment; com/sun/tools/javac/util/JCDiagnostic$Fragment
staticfield com/sun/tools/javac/resources/CompilerProperties$Fragments LocalLambdaMissingTarget Lcom/sun/tools/javac/util/JCDiagnostic$Fragment; com/sun/tools/javac/util/JCDiagnostic$Fragment
staticfield com/sun/tools/javac/resources/CompilerProperties$Fragments LocalMissingInit Lcom/sun/tools/javac/util/JCDiagnostic$Fragment; com/sun/tools/javac/util/JCDiagnostic$Fragment
staticfield com/sun/tools/javac/resources/CompilerProperties$Fragments LocalMrefMissingTarget Lcom/sun/tools/javac/util/JCDiagnostic$Fragment; com/sun/tools/javac/util/JCDiagnostic$Fragment
staticfield com/sun/tools/javac/resources/CompilerProperties$Fragments LocalSelfRef Lcom/sun/tools/javac/util/JCDiagnostic$Fragment; com/sun/tools/javac/util/JCDiagnostic$Fragment
staticfield com/sun/tools/javac/resources/CompilerProperties$Fragments LocnModule_path Lcom/sun/tools/javac/util/JCDiagnostic$Fragment; com/sun/tools/javac/util/JCDiagnostic$Fragment
staticfield com/sun/tools/javac/resources/CompilerProperties$Fragments LocnModule_source_path Lcom/sun/tools/javac/util/JCDiagnostic$Fragment; com/sun/tools/javac/util/JCDiagnostic$Fragment
staticfield com/sun/tools/javac/resources/CompilerProperties$Fragments LocnSystem_modules Lcom/sun/tools/javac/util/JCDiagnostic$Fragment; com/sun/tools/javac/util/JCDiagnostic$Fragment
staticfield com/sun/tools/javac/resources/CompilerProperties$Fragments LocnUpgrade_module_path Lcom/sun/tools/javac/util/JCDiagnostic$Fragment; com/sun/tools/javac/util/JCDiagnostic$Fragment
staticfield com/sun/tools/javac/resources/CompilerProperties$Fragments MalformedVarargMethod Lcom/sun/tools/javac/util/JCDiagnostic$Fragment; com/sun/tools/javac/util/JCDiagnostic$Fragment
staticfield com/sun/tools/javac/resources/CompilerProperties$Fragments MethodMustBePublic Lcom/sun/tools/javac/util/JCDiagnostic$Fragment; com/sun/tools/javac/util/JCDiagnostic$Fragment
staticfield com/sun/tools/javac/resources/CompilerProperties$Fragments ModuleInfoDefinitionExpected Lcom/sun/tools/javac/util/JCDiagnostic$Fragment; com/sun/tools/javac/util/JCDiagnostic$Fragment
staticfield com/sun/tools/javac/resources/CompilerProperties$Fragments ModuleInfoInvalidSuperClass Lcom/sun/tools/javac/util/JCDiagnostic$Fragment; com/sun/tools/javac/util/JCDiagnostic$Fragment
staticfield com/sun/tools/javac/resources/CompilerProperties$Fragments MrefInferAndExplicitParams Lcom/sun/tools/javac/util/JCDiagnostic$Fragment; com/sun/tools/javac/util/JCDiagnostic$Fragment
staticfield com/sun/tools/javac/resources/CompilerProperties$Fragments MustNotBeSameClass Lcom/sun/tools/javac/util/JCDiagnostic$Fragment; com/sun/tools/javac/util/JCDiagnostic$Fragment
staticfield com/sun/tools/javac/resources/CompilerProperties$Fragments NoArgs Lcom/sun/tools/javac/util/JCDiagnostic$Fragment; com/sun/tools/javac/util/JCDiagnostic$Fragment
staticfield com/sun/tools/javac/resources/CompilerProperties$Fragments NonStatic Lcom/sun/tools/javac/util/JCDiagnostic$Fragment; com/sun/tools/javac/util/JCDiagnostic$Fragment
staticfield com/sun/tools/javac/resources/CompilerProperties$Fragments ResumeAbort Lcom/sun/tools/javac/util/JCDiagnostic$Fragment; com/sun/tools/javac/util/JCDiagnostic$Fragment
staticfield com/sun/tools/javac/resources/CompilerProperties$Fragments SourceUnavailable Lcom/sun/tools/javac/util/JCDiagnostic$Fragment; com/sun/tools/javac/util/JCDiagnostic$Fragment
staticfield com/sun/tools/javac/resources/CompilerProperties$Fragments StatExprExpected Lcom/sun/tools/javac/util/JCDiagnostic$Fragment; com/sun/tools/javac/util/JCDiagnostic$Fragment
staticfield com/sun/tools/javac/resources/CompilerProperties$Fragments Static Lcom/sun/tools/javac/util/JCDiagnostic$Fragment; com/sun/tools/javac/util/JCDiagnostic$Fragment
staticfield com/sun/tools/javac/resources/CompilerProperties$Fragments StaticMrefWithTargs Lcom/sun/tools/javac/util/JCDiagnostic$Fragment; com/sun/tools/javac/util/JCDiagnostic$Fragment
staticfield com/sun/tools/javac/resources/CompilerProperties$Fragments SwitchExpressionTargetCantBeVoid Lcom/sun/tools/javac/util/JCDiagnostic$Fragment; com/sun/tools/javac/util/JCDiagnostic$Fragment
staticfield com/sun/tools/javac/resources/CompilerProperties$Fragments TokenBadSymbol Lcom/sun/tools/javac/util/JCDiagnostic$Fragment; com/sun/tools/javac/util/JCDiagnostic$Fragment
staticfield com/sun/tools/javac/resources/CompilerProperties$Fragments TokenCharacter Lcom/sun/tools/javac/util/JCDiagnostic$Fragment; com/sun/tools/javac/util/JCDiagnostic$Fragment
staticfield com/sun/tools/javac/resources/CompilerProperties$Fragments TokenDouble Lcom/sun/tools/javac/util/JCDiagnostic$Fragment; com/sun/tools/javac/util/JCDiagnostic$Fragment
staticfield com/sun/tools/javac/resources/CompilerProperties$Fragments TokenEndOfInput Lcom/sun/tools/javac/util/JCDiagnostic$Fragment; com/sun/tools/javac/util/JCDiagnostic$Fragment
staticfield com/sun/tools/javac/resources/CompilerProperties$Fragments TokenFloat Lcom/sun/tools/javac/util/JCDiagnostic$Fragment; com/sun/tools/javac/util/JCDiagnostic$Fragment
staticfield com/sun/tools/javac/resources/CompilerProperties$Fragments TokenIdentifier Lcom/sun/tools/javac/util/JCDiagnostic$Fragment; com/sun/tools/javac/util/JCDiagnostic$Fragment
staticfield com/sun/tools/javac/resources/CompilerProperties$Fragments TokenInteger Lcom/sun/tools/javac/util/JCDiagnostic$Fragment; com/sun/tools/javac/util/JCDiagnostic$Fragment
staticfield com/sun/tools/javac/resources/CompilerProperties$Fragments TokenLongInteger Lcom/sun/tools/javac/util/JCDiagnostic$Fragment; com/sun/tools/javac/util/JCDiagnostic$Fragment
staticfield com/sun/tools/javac/resources/CompilerProperties$Fragments TokenString Lcom/sun/tools/javac/util/JCDiagnostic$Fragment; com/sun/tools/javac/util/JCDiagnostic$Fragment
staticfield com/sun/tools/javac/resources/CompilerProperties$Fragments TypeCaptureof1 Lcom/sun/tools/javac/util/JCDiagnostic$Fragment; com/sun/tools/javac/util/JCDiagnostic$Fragment
staticfield com/sun/tools/javac/resources/CompilerProperties$Fragments TypeMustBeIdenticalToCorrespondingRecordComponentType Lcom/sun/tools/javac/util/JCDiagnostic$Fragment; com/sun/tools/javac/util/JCDiagnostic$Fragment
staticfield com/sun/tools/javac/resources/CompilerProperties$Fragments TypeNone Lcom/sun/tools/javac/util/JCDiagnostic$Fragment; com/sun/tools/javac/util/JCDiagnostic$Fragment
staticfield com/sun/tools/javac/resources/CompilerProperties$Fragments TypeNull Lcom/sun/tools/javac/util/JCDiagnostic$Fragment; com/sun/tools/javac/util/JCDiagnostic$Fragment
staticfield com/sun/tools/javac/resources/CompilerProperties$Fragments TypeReqArrayOrIterable Lcom/sun/tools/javac/util/JCDiagnostic$Fragment; com/sun/tools/javac/util/JCDiagnostic$Fragment
staticfield com/sun/tools/javac/resources/CompilerProperties$Fragments TypeReqClass Lcom/sun/tools/javac/util/JCDiagnostic$Fragment; com/sun/tools/javac/util/JCDiagnostic$Fragment
staticfield com/sun/tools/javac/resources/CompilerProperties$Fragments TypeReqClassArray Lcom/sun/tools/javac/util/JCDiagnostic$Fragment; com/sun/tools/javac/util/JCDiagnostic$Fragment
staticfield com/sun/tools/javac/resources/CompilerProperties$Fragments TypeReqExact Lcom/sun/tools/javac/util/JCDiagnostic$Fragment; com/sun/tools/javac/util/JCDiagnostic$Fragment
staticfield com/sun/tools/javac/resources/CompilerProperties$Fragments TypeReqRef Lcom/sun/tools/javac/util/JCDiagnostic$Fragment; com/sun/tools/javac/util/JCDiagnostic$Fragment
staticfield com/sun/tools/javac/resources/CompilerProperties$Fragments UnableToAccessFile Lcom/sun/tools/javac/util/JCDiagnostic$Fragment; com/sun/tools/javac/util/JCDiagnostic$Fragment
staticfield com/sun/tools/javac/resources/CompilerProperties$Fragments Unbound Lcom/sun/tools/javac/util/JCDiagnostic$Fragment; com/sun/tools/javac/util/JCDiagnostic$Fragment
staticfield com/sun/tools/javac/resources/CompilerProperties$Fragments UncheckedAssign Lcom/sun/tools/javac/util/JCDiagnostic$Fragment; com/sun/tools/javac/util/JCDiagnostic$Fragment
staticfield com/sun/tools/javac/resources/CompilerProperties$Fragments UncheckedCastToType Lcom/sun/tools/javac/util/JCDiagnostic$Fragment; com/sun/tools/javac/util/JCDiagnostic$Fragment
staticfield com/sun/tools/javac/resources/CompilerProperties$Fragments UndeclTypeVar Lcom/sun/tools/javac/util/JCDiagnostic$Fragment; com/sun/tools/javac/util/JCDiagnostic$Fragment
staticfield com/sun/tools/javac/resources/CompilerProperties$Fragments UnexpectedConstPoolTagAt Lcom/sun/tools/javac/util/JCDiagnostic$Fragment; com/sun/tools/javac/util/JCDiagnostic$Fragment
staticfield com/sun/tools/javac/resources/CompilerProperties$Fragments UnexpectedRetVal Lcom/sun/tools/javac/util/JCDiagnostic$Fragment; com/sun/tools/javac/util/JCDiagnostic$Fragment
staticfield com/sun/tools/javac/resources/CompilerProperties$Fragments UnicodeStrNotSupported Lcom/sun/tools/javac/util/JCDiagnostic$Fragment; com/sun/tools/javac/util/JCDiagnostic$Fragment
staticfield com/sun/tools/javac/resources/CompilerProperties$Fragments UnnamedModule Lcom/sun/tools/javac/util/JCDiagnostic$Fragment; com/sun/tools/javac/util/JCDiagnostic$Fragment
staticfield com/sun/tools/javac/resources/CompilerProperties$Fragments UnnamedPackage Lcom/sun/tools/javac/util/JCDiagnostic$Fragment; com/sun/tools/javac/util/JCDiagnostic$Fragment
staticfield com/sun/tools/javac/resources/CompilerProperties$Fragments UserSelectedCompletionFailure Lcom/sun/tools/javac/util/JCDiagnostic$Fragment; com/sun/tools/javac/util/JCDiagnostic$Fragment
staticfield com/sun/tools/javac/resources/CompilerProperties$Fragments VarAndExplicitNotAllowed Lcom/sun/tools/javac/util/JCDiagnostic$Fragment; com/sun/tools/javac/util/JCDiagnostic$Fragment
staticfield com/sun/tools/javac/resources/CompilerProperties$Fragments VarAndImplicitNotAllowed Lcom/sun/tools/javac/util/JCDiagnostic$Fragment; com/sun/tools/javac/util/JCDiagnostic$Fragment
staticfield com/sun/tools/javac/resources/CompilerProperties$Fragments VersionNotAvailable Lcom/sun/tools/javac/util/JCDiagnostic$Fragment; com/sun/tools/javac/util/JCDiagnostic$Fragment
staticfield com/sun/tools/javac/resources/CompilerProperties$Fragments WhereDescriptionCaptured Lcom/sun/tools/javac/util/JCDiagnostic$Fragment; com/sun/tools/javac/util/JCDiagnostic$Fragment
staticfield com/sun/tools/javac/resources/CompilerProperties$Fragments WrongVersion Lcom/sun/tools/javac/util/JCDiagnostic$Fragment; com/sun/tools/javac/util/JCDiagnostic$Fragment
ciInstanceKlass com/sun/tools/javac/util/JCDiagnostic$DiagnosticType 1 1 78 7 1 9 12 1 1 9 12 1 9 12 1 9 12 1 9 12 1 1 10 100 12 1 1 10 7 12 1 1 1 10 12 1 1 9 12 1 1 8 8 1 10 12 1 8 8 1 8 8 1 8 8 1 10 12 1 1 1 1 1 1 1 1 1 1 1 1 1 1 1 1 1 1 100 1 1 1
staticfield com/sun/tools/javac/util/JCDiagnostic$DiagnosticType FRAGMENT Lcom/sun/tools/javac/util/JCDiagnostic$DiagnosticType; com/sun/tools/javac/util/JCDiagnostic$DiagnosticType
staticfield com/sun/tools/javac/util/JCDiagnostic$DiagnosticType NOTE Lcom/sun/tools/javac/util/JCDiagnostic$DiagnosticType; com/sun/tools/javac/util/JCDiagnostic$DiagnosticType
staticfield com/sun/tools/javac/util/JCDiagnostic$DiagnosticType WARNING Lcom/sun/tools/javac/util/JCDiagnostic$DiagnosticType; com/sun/tools/javac/util/JCDiagnostic$DiagnosticType
staticfield com/sun/tools/javac/util/JCDiagnostic$DiagnosticType ERROR Lcom/sun/tools/javac/util/JCDiagnostic$DiagnosticType; com/sun/tools/javac/util/JCDiagnostic$DiagnosticType
staticfield com/sun/tools/javac/util/JCDiagnostic$DiagnosticType $VALUES [Lcom/sun/tools/javac/util/JCDiagnostic$DiagnosticType; 4 [Lcom/sun/tools/javac/util/JCDiagnostic$DiagnosticType;
ciInstanceKlass com/sun/source/tree/IdentifierTree 1 0 11 100 1 100 1 100 1 1 1 1 1
ciInstanceKlass com/sun/tools/javac/tree/JCTree$JCIdent 1 1 84 10 7 12 1 1 1 9 7 12 1 1 1 9 12 1 1 10 7 12 1 1 1 9 7 12 1 1 1 11 7 12 1 1 1 9 7 12 1 1 1 10 12 1 1 100 1 1 1 1 1 1 1 1 1 1 1 1 1 1 1 1 1 1 1 1 1 1 1 1 1 1 1 1 100 1 1 1 1 1 100 1 1 1
ciInstanceKlass com/sun/source/tree/MethodInvocationTree 1 0 17 100 1 100 1 100 1 1 1 1 1 1 1 1 1 1 1
instanceKlass com/sun/tools/javac/tree/JCTree$JCSwitchExpression
instanceKlass com/sun/tools/javac/tree/JCTree$JCNewClass
instanceKlass com/sun/tools/javac/tree/JCTree$JCFunctionalExpression
instanceKlass com/sun/tools/javac/tree/JCTree$JCConditional
instanceKlass com/sun/tools/javac/tree/JCTree$JCMethodInvocation
ciInstanceKlass com/sun/tools/javac/tree/JCTree$JCPolyExpression 1 1 48 10 7 12 1 1 1 9 7 12 1 1 1 9 7 12 1 1 9 12 1 1 1 1 1 1 1 1 1 1 1 1 1 100 1 1 1 1 1 1 100 1 8 1 12 10 1 1
ciInstanceKlass com/sun/tools/javac/tree/JCTree$JCMethodInvocation 1 1 119 10 7 12 1 1 1 10 7 12 1 1 1 9 7 12 1 1 1 9 12 1 1 9 12 1 10 7 12 1 1 1 9 100 12 1 1 1 11 7 12 1 1 1 10 12 1 1 9 7 12 1 1 1 10 12 1 10 12 1 10 12 1 1 10 12 1 100 1 1 1 1 1 1 1 1 1 1 1 1 1 100 1 1 1 1 1 1 1 1 1 1 1 1 1 1 1 1 1 1 1 1 1 1 1 1 1 1 100 1 1 1 1 1 1 100 1 1 1
instanceKlass com/sun/tools/javac/comp/Check$Validator
instanceKlass com/sun/tools/javac/tree/Pretty
instanceKlass com/sun/tools/javac/model/JavacElements$1Vis
instanceKlass com/sun/tools/javac/jvm/Gen$ClassReferenceVisitor
instanceKlass com/sun/tools/javac/jvm/Gen
instanceKlass com/sun/tools/javac/comp/MemberEnter
instanceKlass com/sun/tools/javac/comp/Enter
instanceKlass com/sun/tools/javac/comp/ArgumentAttr
instanceKlass com/sun/tools/javac/comp/DeferredAttr
instanceKlass com/sun/tools/javac/comp/Check$1SpecialTreeVisitor
instanceKlass com/sun/tools/javac/comp/Modules$UsesProvidesVisitor
instanceKlass com/sun/tools/javac/comp/Modules
instanceKlass com/sun/tools/javac/tree/TreeTranslator
instanceKlass com/sun/tools/javac/comp/Attr
instanceKlass com/sun/tools/javac/comp/MemberEnter$InitTreeVisitor
instanceKlass com/sun/tools/javac/tree/TreeScanner
ciInstanceKlass com/sun/tools/javac/tree/JCTree$Visitor 1 1 453 10 7 12 1 1 1 10 7 12 1 1 1 10 100 12 1 1 1 1 1 1 1 1 1 1 1 1 1 1 1 1 1 1 1 1 1 1 1 1 1 1 1 1 1 1 1 1 1 1 1 1 1 1 1 1 1 1 1 1 1 1 1 1 1 1 1 1 1 1 1 1 1 1 1 1 1 1 1 1 1 1 1 1 1 1 1 1 1 1 1 1 1 1 1 1 1 1 1 1 1 1 1 1 1 1 1 1 1 1 1 1 1 1 1 1 1 1 1 1 1 1 1 1 1 1 1 1 1 1 1 1 1 1 1 1 1 1 1 1 1 1 1 1 1 1 1 1 1 1 1 1 1 1 1 1 1 1 1 1 1 1 1 1 1 1 1 1 1 1 1 1 1 1 1 1 1 1 1 1 1 1 1 1 1 1 1 1 1 1 1 1 1 1 1 1 1 1 1 1 1 1 1 1 1 1 1 1 1 1 1 1 1 1 1 1 1 1 1 1 1 1 1 1 1 1 1 1 1 1 1 1 1 1 1 1 1 1 1 100 1 1 1 100 1 1 100 1 1 100 1 1 100 1 1 100 1 1 100 1 1 100 1 1 100 1 1 100 1 1 100 1 1 100 1 1 100 1 1 100 1 1 100 1 1 100 1 1 100 1 1 100 1 1 100 1 1 100 1 1 100 1 1 100 1 1 100 1 1 100 1 1 100 1 1 100 1 1 100 1 1 100 1 1 100 1 1 100 1 1 100 1 1 100 1 1 100 1 1 100 1 1 100 1 1 100 1 1 100 1 1 100 1 1 100 1 1 100 1 1 100 1 1 100 1 1 100 1 1 100 1 1 100 1 1 100 1 1 100 1 1 100 1 1 100 1 1 100 1 1 100 1 1 100 1 1 100 1 1 100 1 1 100 1 1 100 1 1 100 1 1 100 1 1 100 1 1 100 1 1 100 1 1 100 1 1 100 1 1 100 1 1 100 1 1 100 1 1 100 1 1 100 1 1 100 1 1 100 1 1 100 1 1
instanceKlass com/sun/tools/javac/comp/Lower$1Patcher
instanceKlass com/sun/tools/javac/comp/DeferredAttr$DeferredAttrNode$LambdaBodyStructChecker
instanceKlass com/sun/tools/javac/comp/DeferredAttr$DeferredAttrNode$StructuralStuckChecker
instanceKlass com/sun/tools/javac/comp/Attr$PostAttrAnalyzer
instanceKlass com/sun/tools/javac/comp/DeferredAttr$FilterScanner
instanceKlass com/sun/tools/javac/comp/Enter$UnenterScanner
instanceKlass com/sun/tools/javac/comp/DeferredAttr$TypeDeclVisitor
instanceKlass com/sun/tools/javac/comp/CaptureScanner
instanceKlass com/sun/tools/javac/main/JavaCompiler$1ScanNested
instanceKlass com/sun/tools/javac/comp/Flow$BaseAnalyzer
instanceKlass com/sun/tools/javac/code/LintMapper$LintRange$1
instanceKlass com/sun/tools/javac/comp/Check$SuperThisChecker
instanceKlass com/sun/tools/javac/tree/TreeInfo$ConstructorCallFinder
instanceKlass lombok/javac/handlers/JavacHandlerUtil$MarkingScanner
instanceKlass lombok/javac/handlers/JavacHandlerUtil$3
instanceKlass com/sun/tools/javac/code/TypeAnnotations$TypeAnnotationPositions
instanceKlass com/sun/tools/javac/comp/Check$CycleChecker
instanceKlass com/sun/tools/javac/tree/TreeInfo$DeclScanner
instanceKlass com/sun/tools/javac/comp/ThisEscapeAnalyzer
instanceKlass com/sun/tools/javac/model/JavacElements$1TS
instanceKlass com/sun/tools/javac/comp/Lower$ClassMap
instanceKlass com/sun/tools/javac/comp/Lower$1
instanceKlass com/sun/tools/javac/comp/Enter$1
instanceKlass com/sun/tools/javac/comp/Check$1AnnotationValidator
instanceKlass com/sun/tools/javac/comp/MatchBindingsComputer
instanceKlass com/sun/tools/javac/comp/Attr$TypeAnnotationsValidator
instanceKlass com/sun/tools/javac/comp/Annotate$TypeAnnotate
instanceKlass com/sun/tools/javac/processing/JavacProcessingEnvironment$1
ciInstanceKlass com/sun/tools/javac/tree/TreeScanner 1 1 785 10 7 12 1 1 1 10 7 12 1 1 1 10 7 12 1 1 1 9 12 1 1 10 7 12 1 1 1 9 12 1 1 9 7 12 1 1 10 12 1 9 7 12 1 1 9 12 1 1 9 100 12 1 1 1 9 12 1 9 12 1 9 100 12 1 1 9 12 1 9 100 12 1 1 9 100 1 9 9 100 12 1 1 9 12 1 9 100 12 1 1 9 100 1 9 7 12 1 1 9 7 1 9 12 1 9 12 1 9 12 1 9 12 1 9 9 7 1 9 12 1 9 9 12 1 1 9 12 1 9 12 1 9 12 1 9 12 1 1 9 7 1 9 12 1 9 12 1 9 12 1 9 7 12 1 1 9 100 12 1 1 9 12 1 9 100 1 9 9 7 12 1 9 9 12 1 9 9 7 12 1 1 9 12 1 9 9 100 1 9 100 12 1 1 9 12 1 9 100 12 1 1 9 12 1 9 9 100 1 9 9 100 12 1 1 9 9 7 12 1 1 9 9 12 1 9 12 1 9 7 12 1 1 9 9 7 1 9 12 1 9 12 1 9 7 1 9 12 1 9 12 1 9 7 1 9 100 12 1 1 9 7 1 9 7 1 9 100 1 9 12 1 9 7 12 1 1 9 12 1 9 12 1 9 7 12 1 1 9 9 12 1 9 9 12 1 1 9 7 1 9 12 1 9 12 1 9 12 1 10 12 1 1 11 7 12 1 1 11 12 1 1 9 12 1 9 7 1 9 12 1 9 7 1 9 7 12 1 1 9 12 1 9 7 1 9 9 7 12 1 1 9 7 1 9 9 7 12 1 9 9 7 1 9 12 1 9 100 1 9 100 1 9 100 12 1 1 1 9 100 12 1 1 9 12 1 9 7 12 1 1 9 12 1 9 7 12 1 1 9 7 1 9 9 7 1 9 7 1 9 12 1 9 100 12 1 1 9 100 12 1 1 9 7 1 9 9 7 12 1 1 1 9 12 1 9 7 1 9 7 12 1 1 9 9 100 1 9 12 1 9 100 1 9 10 100 12 1 1 1 1 1 1 1 1 1 1 1 1 1 1 1 1 1 1 1 1 1 1 1 1 1 1 1 1 1 1 1 1 1 1 1 1 1 1 1 1 1 1 1 1 1 1 1 1 1 1 1 1 1 1 1 1 1 1 1 1 1 1 1 1 1 1 1 1 1 1 1 1 1 1 1 1 1 1 1 1 1 1 1 1 1 1 1 1 1 1 1 1 1 1 1 1 1 1 1 1 1 1 1 1 1 1 1 1 1 1 1 1 1 1 1 1 1 1 1 1 1 1 1 1 1 1 1 1 1 1 1 1 1 1 1 1 1 1 1 1 1 1 1 1 1 1 1 1 1 1 1 1 1 1 1 1 1 1 1 1 1 1 1 1 1 1 1 1 1 1 1 1 1 1 1 1 1 1 1 1 1 1 1 1 1 1 1 1 1 1 1 1 1 1 1 1 1 1 1 1 1 1 1 1 1 1 1 1 1 1 1 1 1 1 1 1 1 1 1 1 1 1 1 1 1 1 1 1 1 1 100 1 1 1 1 1 1 1 1 1 1 1 1 1 1 1 1 1 100 1 1 1 1 1 1 1 1 1 1 1 1 1 1 1 1 1 1 1 1 1 1 1 1 1 1 1 1 1 1 1 1 1 100 1 1 1 1 1 1 1 1 1 1 1 100 1 1 1 1 1 100 1 1 100 1 1 100 1 1 100 1 1 100 1 1 100 1 1 100 1 1 100 1 1 100 1 1
ciInstanceKlass com/sun/tools/javac/tree/JCTree$JCMethodDecl 1 1 173 10 7 12 1 1 1 9 7 12 1 1 1 9 12 1 1 9 12 1 1 9 12 1 1 9 12 1 9 12 1 1 9 12 1 9 12 1 1 9 12 1 9 12 1 1 10 7 12 1 1 1 9 100 12 1 1 1 11 100 12 1 1 1 9 7 12 1 1 1 10 12 1 1 10 12 1 1 10 12 1 1 10 12 1 1 10 12 1 10 12 1 10 12 1 10 12 1 1 10 12 1 1 100 1 1 1 1 1 1 1 1 1 1 1 1 1 1 1 1 1 1 1 1 1 1 1 1 1 1 1 1 1 1 1 1 1 1 1 1 1 1 1 1 1 1 1 1 100 1 1 100 1 1 100 1 1 100 1 1 100 1 100 1 1 1 100 1 1 1 100 1 1
ciInstanceKlass com/sun/tools/javac/tree/JCTree$JCPackageDecl 1 1 102 10 7 12 1 1 1 9 7 12 1 1 1 9 12 1 1 10 7 12 1 1 1 9 7 12 1 1 1 11 7 12 1 1 1 9 7 12 1 1 1 10 12 1 1 10 12 1 1 100 1 1 1 1 1 1 1 1 1 1 1 1 1 1 1 1 1 1 1 1 1 1 1 1 1 1 1 1 1 1 1 1 1 1 1 1 100 1 1 1 100 1 1 1 100 1 1 100 1 100 1 1
ciInstanceKlass com/sun/tools/javac/tree/JCTree$JCFieldAccess 1 1 93 10 7 12 1 1 1 9 7 12 1 1 1 9 12 1 1 9 12 1 1 10 7 12 1 1 1 9 7 12 1 1 1 11 7 12 1 1 1 9 7 12 1 1 1 10 12 1 1 10 12 1 1 100 1 1 1 1 1 1 1 1 1 1 1 1 1 1 1 1 1 1 1 1 1 1 1 1 1 1 1 1 1 100 1 1 1 1 1 100 1 1 1
ciInstanceKlass com/sun/tools/javac/tree/JCTree$JCClassDecl 1 1 177 10 7 12 1 1 1 9 7 12 1 1 1 9 12 1 1 9 12 1 1 9 12 1 1 9 12 1 9 12 1 9 12 1 9 12 1 1 10 7 12 1 1 1 9 7 12 1 1 1 100 1 5 0 9 7 12 1 1 1 5 0 9 12 1 5 0 9 12 1 5 0 9 12 1 9 12 1 11 100 12 1 1 1 9 7 12 1 1 1 10 12 1 1 10 12 1 10 12 1 10 12 1 1 10 12 1 10 12 1 1 10 12 1 1 100 1 1 1 1 1 1 1 1 1 1 1 1 1 1 1 1 1 1 1 1 1 1 1 1 1 1 1 1 1 1 1 1 1 1 1 1 1 1 1 100 1 1 1 1 1 100 1 1 100 1 100 1 1 1 100 1 1 1 100 1 1
ciInstanceKlass com/sun/source/tree/NewClassTree 1 0 20 100 1 100 1 100 1 1 1 1 1 1 1 1 1 1 1 1 1 1
instanceKlass com/sun/tools/javac/tree/TreeMaker$1
ciInstanceKlass com/sun/tools/javac/tree/JCTree$JCNewClass 1 1 131 10 7 12 1 1 1 9 7 12 1 1 1 10 7 12 1 1 1 9 12 1 1 9 12 1 9 12 1 9 12 1 1 10 7 12 1 1 1 9 100 12 1 1 1 11 7 12 1 1 9 7 12 1 1 1 10 12 1 1 10 12 1 10 12 1 1 10 12 1 10 12 1 100 1 1 1 1 1 1 1 1 1 1 1 1 1 1 1 1 100 1 100 1 1 1 1 1 1 1 1 1 1 1 1 1 1 1 1 1 1 1 1 1 1 1 1 1 1 100 1 1 1 1 1 1 1 100 1 1 1
ciInstanceKlass com/sun/tools/javac/tree/JCTree$JCTypeCast 1 1 88 10 7 12 1 1 1 9 7 12 1 1 1 9 12 1 1 10 7 12 1 1 1 9 100 12 1 1 1 11 100 12 1 1 9 7 12 1 1 1 10 12 1 1 10 12 1 1 100 1 1 1 1 1 1 1 1 1 1 1 1 1 1 1 1 1 1 1 1 1 1 1 1 1 1 1 1 1 100 1 1 1 1 1 100 1 1 1
ciInstanceKlass com/sun/source/tree/LiteralTree 1 0 11 100 1 100 1 100 1 1 1 1 1
ciInstanceKlass com/sun/tools/javac/tree/JCTree$JCLiteral 1 1 130 10 7 12 1 1 1 9 7 12 1 1 1 9 12 1 1 10 7 12 1 1 1 10 7 12 1 1 1 9 7 12 1 1 1 10 12 1 1 100 1 10 12 1 10 100 12 1 1 1 100 1 8 1 10 12 1 10 100 12 1 1 11 7 12 1 1 10 12 1 1 9 7 12 1 1 1 10 12 1 100 1 1 1 1 1 1 1 1 1 1 1 1 1 1 1 1 1 1 1 1 1 1 1 1 1 1 1 1 1 1 1 1 1 1 1 1 1 100 1 1 1 1 1 100 1 100 1 1 1
ciInstanceKlass com/sun/tools/javac/code/Symbol$ClassSymbol 1 1 725 100 1 9 7 12 1 1 1 10 7 12 1 1 1 10 7 12 1 1 1 9 7 12 1 1 1 9 12 1 1 9 12 1 1 10 12 1 1 9 12 1 1 10 12 1 9 12 1 9 12 1 1 9 12 1 10 7 12 1 1 1 9 12 1 1 7 1 10 12 1 9 12 1 1 7 1 9 7 12 1 1 1 10 12 1 10 12 1 9 12 1 1 9 12 1 1 10 7 12 1 1 1 7 1 10 12 1 18 12 1 1 11 100 12 1 1 1 10 100 12 1 1 1 11 7 12 1 1 1 11 12 1 1 11 7 12 1 1 1 11 12 1 1 9 12 1 1 10 100 12 1 1 1 11 12 1 10 7 1 11 12 10 12 1 1 10 12 1 9 12 1 1 10 12 1 10 12 1 9 12 1 10 12 1 1 10 7 12 1 1 1 10 12 1 10 12 1 9 12 1 10 100 12 1 1 8 1 10 100 12 1 1 1 10 12 1 10 12 1 10 10 12 1 100 1 10 12 1 1 10 12 1 1 5 0 9 7 12 1 1 1 10 12 1 1 10 12 1 1 10 12 1 9 12 1 1 10 12 1 1 9 12 1 10 12 1 9 12 1 1 10 7 1 9 12 1 1 10 7 12 1 1 1 5 0 7 1 10 12 1 10 12 1 9 12 1 9 12 1 10 12 1 1 9 12 1 10 12 1 10 12 1 10 12 1 10 12 1 10 12 1 1 10 12 1 1 10 12 1 10 5 0 9 7 12 1 1 1 9 12 1 5 0 9 12 1 5 0 9 12 1 9 12 5 0 10 12 1 1 9 9 100 1 100 1 10 9 12 1 1 9 12 1 10 12 1 10 10 12 1 10 12 1 10 12 1 9 12 1 9 12 1 9 12 1 9 100 12 1 1 1 9 12 1 9 12 1 9 12 1 9 12 1 10 12 1 1 100 1 10 100 12 1 1 1 10 11 7 12 1 1 1 11 7 12 1 1 1 9 12 1 1 10 7 12 1 1 1 9 12 1 1 9 7 12 1 1 5 0 10 12 1 1 5 0 9 10 12 1 1 9 12 1 1 9 12 1 9 12 1 10 12 1 9 12 1 1 10 12 1 1 10 12 1 11 12 1 1 18 11 7 12 1 1 1 10 12 1 1 11 12 1 1 10 10 12 1 1 10 12 1 10 12 1 10 12 1 10 12 1 10 12 1 10 12 1 9 100 1 1 1 1 1 1 1 1 1 1 1 1 1 1 1 1 1 1 1 1 1 1 1 1 1 1 1 1 1 1 1 1 1 1 1 1 1 1 1 1 1 1 1 1 1 1 1 1 1 1 100 1 1 1 1 1 1 1 1 1 100 1 1 1 1 1 1 1 1 1 1 1 1 1 1 1 1 1 1 1 1 1 1 1 1 1 1 1 1 1 100 1 1 1 1 1 1 1 1 1 1 1 1 1 1 1 1 1 1 1 1 1 1 1 1 1 1 1 1 1 1 1 1 1 16 15 10 12 1 16 1 15 10 12 16 15 10 7 12 1 1 1 1 100 1 1 1 1 100 1 100 1 1 100 1 1 1 100 1 1 1 1 1 1 1 1 100 1 100 1 1 100 1 1 1 100 1 1 100 1 1 100 1 100 1 1
instanceKlass com/sun/tools/javac/code/Type$3
instanceKlass com/sun/tools/javac/code/Type$2
instanceKlass com/sun/tools/javac/code/Type$1
ciInstanceKlass com/sun/tools/javac/code/Type$JCNoType 1 1 71 10 7 12 1 1 1 10 7 12 1 1 1 9 7 12 1 1 1 9 7 12 1 1 11 100 12 1 1 1 10 12 1 100 1 100 1 1 1 1 1 1 1 1 1 1 1 1 1 1 1 1 1 1 1 1 1 1 1 1 1 1 1 1 1 100 1 100 1 1 1
instanceKlass com/sun/tools/javac/code/Symtab$5
instanceKlass com/sun/tools/javac/code/Symtab$4
instanceKlass com/sun/tools/javac/code/Symtab$3
ciInstanceKlass com/sun/tools/javac/code/Symbol$ModuleSymbol 1 1 376 7 1 10 12 1 1 7 1 100 1 5 0 10 12 1 10 12 1 1 9 12 1 1 9 12 1 10 7 12 1 1 1 9 12 1 1 9 12 1 1 9 7 12 1 1 1 10 7 12 1 1 10 7 12 1 1 1 9 12 1 1 9 7 12 1 1 1 9 12 1 7 1 10 7 12 1 1 1 9 12 1 1 7 1 9 12 1 10 7 12 1 1 1 7 1 10 12 1 9 12 1 1 100 1 9 12 1 10 100 12 1 1 1 9 12 1 1 11 100 12 1 1 1 10 100 12 1 1 1 9 12 1 1 10 12 1 9 100 12 1 1 1 10 12 1 1 10 12 1 9 12 1 10 100 12 1 1 1 11 12 1 1 8 1 8 1 10 100 12 1 1 1 11 100 12 1 1 1 10 12 1 1 11 100 12 1 1 11 12 1 1 100 1 10 12 1 1 18 12 1 1 10 12 1 1 10 12 1 1 9 12 1 9 12 1 9 12 1 9 12 1 9 12 1 1 10 12 1 10 12 1 1 10 12 1 9 12 1 9 12 1 100 1 1 1 1 1 1 1 1 1 1 1 1 1 1 1 1 1 1 1 1 1 1 1 1 1 1 1 1 1 1 1 1 1 1 1 1 1 1 1 1 1 1 1 1 1 1 1 1 1 1 1 1 1 1 1 1 1 1 1 1 1 1 1 1 1 1 1 1 1 1 1 1 16 15 10 12 16 15 10 100 12 1 1 1 1 1 1 100 1 1 100 1 1 1 1 1 1 100 1 1 100 1 100 1 1 100 1 100 1 1 100 1 1 100 1 1 100 1 1 100 1 1 100 1 1 100 1 1 100 1 100 1 1
instanceKlass com/sun/tools/javac/comp/Infer$PartiallyInferredMethodType
instanceKlass com/sun/tools/javac/code/Types$23$1
instanceKlass com/sun/tools/javac/code/Type$StructuralTypeMapping$4
ciInstanceKlass com/sun/tools/javac/code/Type$MethodType 1 1 197 10 7 12 1 1 1 10 7 12 1 1 1 9 7 12 1 1 1 9 12 1 1 9 12 1 9 7 12 1 1 1 11 7 12 1 1 1 100 1 10 12 1 10 12 1 1 10 12 1 1 10 12 1 10 12 1 1 9 12 1 9 12 1 1 10 12 1 1 10 12 1 100 1 10 12 1 1 10 12 1 1 10 12 10 12 1 9 12 1 1 10 12 1 9 12 1 9 100 12 1 1 1 11 100 12 1 1 1 10 12 1 10 12 1 10 12 1 1 10 12 1 10 12 1 10 12 1 100 1 100 1 1 1 1 1 1 1 1 1 1 1 1 1 1 1 1 1 1 1 1 1 1 1 1 1 1 1 1 1 1 1 1 1 1 1 1 1 1 1 1 1 1 1 1 1 1 1 1 1 1 100 1 100 1 1 1 1 100 1 1 100 1 1 100 1 1
instanceKlass com/sun/tools/javac/code/Type$JCPrimitiveType$1
ciInstanceKlass com/sun/tools/javac/code/Type$JCPrimitiveType 1 1 196 10 7 12 1 1 1 10 7 12 1 1 1 10 7 12 1 1 9 12 1 1 9 7 12 1 1 1 10 7 12 1 1 1 7 1 9 12 1 1 10 12 1 9 12 1 9 7 12 1 1 1 10 12 1 1 7 1 10 12 1 10 12 1 1 10 12 1 1 10 12 1 1 100 1 10 12 1 8 1 8 1 9 12 1 10 100 12 1 1 1 10 100 12 1 1 1 11 100 12 1 1 1 9 100 12 1 1 1 9 12 9 12 1 9 12 1 9 12 1 9 12 1 9 12 1 9 12 100 1 10 12 1 10 12 1 1 10 12 1 100 1 1 1 1 1 1 1 1 1 1 1 1 1 1 1 1 1 1 1 1 1 1 1 1 1 1 1 1 1 1 1 1 1 1 1 1 1 1 1 1 1 1 1 1 1 1 1 100 1 100 1 1 100 1 1
ciInstanceKlass com/sun/tools/javac/jvm/ClassReader$1 1 1 159 9 7 12 1 1 1 9 12 1 1 10 7 12 1 1 1 9 12 1 1 10 7 12 1 1 1 9 12 1 1 9 12 1 9 12 1 1 10 7 12 1 1 1 9 12 1 1 10 7 12 1 1 1 9 12 1 1 10 10 12 1 1 10 7 12 1 1 1 9 100 12 1 1 1 10 100 12 1 1 1 10 12 1 1 10 12 1 1 100 1 10 12 9 7 1 9 9 12 1 10 12 1 1 10 12 1 9 12 1 1 10 12 1 9 12 1 10 12 1 10 10 1 1 1 1 1 1 1 1 1 1 1 1 1 1 1 1 1 1 1 1 1 1 1 1 1 12 1 1 1 100 1 1 1 1 100 1 1
ciInstanceKlass com/sun/tools/javac/comp/Check$CheckContext 1 0 32 100 1 100 1 1 1 1 1 1 1 1 1 1 1 1 1 1 100 1 1 1 100 1 100 1 1 100 1 100 1 1
ciInstanceKlass com/sun/tools/javac/comp/Attr 1 1 5710 7 1 9 7 12 1 1 1 10 7 12 1 1 1 10 12 1 1 10 7 12 1 1 7 1 10 12 1 9 12 1 1 9 12 1 1 9 7 12 1 1 1 9 12 1 7 1 10 9 12 1 1 7 1 10 9 12 1 1 10 12 1 1 10 7 12 1 1 1 9 12 1 1 10 7 12 1 1 9 12 1 1 10 7 12 1 1 9 12 1 1 10 7 12 1 1 9 12 1 1 10 7 12 1 1 9 12 1 1 10 7 12 1 1 9 12 1 1 10 7 12 1 1 9 12 1 1 10 7 12 1 1 9 12 1 1 10 7 12 1 1 9 12 1 1 10 7 12 1 1 9 12 1 1 10 7 12 1 1 9 12 1 1 10 7 12 1 1 9 12 1 1 10 7 12 1 1 9 12 1 1 10 7 12 1 1 9 12 1 1 10 7 12 1 1 9 12 1 1 10 7 12 1 1 9 12 1 1 10 7 12 1 1 9 12 1 1 10 7 12 1 1 9 12 1 1 10 7 12 1 1 9 12 1 1 10 7 12 1 1 9 12 1 1 10 7 12 1 1 9 12 1 1 10 7 12 1 1 9 12 1 1 10 7 12 1 1 9 12 1 1 10 7 12 1 1 9 12 1 1 10 7 12 1 1 9 12 1 1 10 12 1 9 12 1 1 10 7 12 1 1 9 12 1 1 10 7 12 1 1 10 7 12 1 1 9 7 12 1 1 1 10 12 1 1 9 12 1 1 9 12 1 9 12 1 10 12 1 1 9 12 1 10 12 1 1 9 12 1 9 12 1 9 12 1 9 12 1 1 9 12 1 8 1 10 12 1 1 9 12 9 12 1 9 12 1 7 1 9 7 12 1 1 1 9 7 12 1 1 1 10 12 1 9 12 1 1 9 12 1 9 12 1 9 12 1 9 12 1 7 1 10 9 12 1 9 12 1 9 12 1 9 12 1 9 12 1 7 1 9 12 1 1 10 12 1 9 12 1 7 1 10 7 12 1 1 1 9 12 1 1 9 12 1 1 10 12 1 9 12 1 1 9 12 1 1 11 7 12 1 1 1 9 7 12 1 1 1 10 12 1 1 9 12 1 1 9 12 1 9 12 1 9 12 1 10 12 1 1 10 7 12 1 1 1 10 12 1 1 10 100 12 1 1 1 10 12 1 1 10 12 1 1 10 7 12 1 1 1 9 12 1 1 10 7 12 1 1 10 12 1 1 18 12 1 1 10 12 1 1 10 12 1 1 10 12 1 9 12 1 9 7 12 1 1 1 7 1 9 12 1 1 9 7 12 1 1 1 9 7 1 9 7 12 1 1 9 12 1 9 12 1 1 9 7 12 1 1 10 12 1 1 5 0 9 10 5 0 10 12 1 1 9 12 1 1 10 7 12 1 1 1 9 9 12 1 9 12 1 1 5 0 5 0 10 12 1 10 12 1 1 10 12 1 10 12 1 1 5 0 10 12 1 1 10 12 1 1 10 12 1 1 9 12 1 1 9 7 12 1 1 10 12 1 10 12 1 9 7 12 1 1 1 10 12 1 7 1 9 12 1 1 10 12 1 1 9 12 10 12 1 1 10 12 1 1 9 12 1 9 7 1 10 12 1 1 10 12 1 1 10 12 1 1 10 12 1 1 10 12 1 10 12 1 1 10 12 1 10 12 1 1 9 7 12 1 1 1 9 12 1 9 12 1 10 12 1 1 9 12 1 1 9 7 12 1 1 1 10 12 1 1 9 7 12 1 1 1 10 12 1 1 10 12 1 1 10 12 1 100 1 9 12 1 1 100 1 10 12 1 1 9 12 1 9 10 12 1 10 12 1 1 9 12 1 10 12 1 10 12 1 1 11 12 1 1 9 7 12 1 1 1 9 7 12 1 1 10 12 1 1 10 12 1 1 100 1 9 12 1 10 12 1 1 10 12 9 12 1 10 12 1 1 10 12 1 9 12 1 10 12 1 1 10 12 1 1 11 7 12 1 1 1 11 7 12 1 1 11 12 1 1 10 12 1 10 10 12 1 10 12 1 1 10 12 1 1 10 12 1 1 7 1 10 10 12 1 9 12 1 10 12 1 10 12 1 1 9 12 1 1 10 12 1 10 12 1 7 1 10 12 1 9 12 1 9 12 1 10 12 1 10 12 10 12 1 1 10 12 1 1 7 1 9 7 1 9 12 1 1 9 7 12 1 1 1 5 0 10 12 1 1 9 12 1 10 12 1 10 12 1 10 12 1 1 9 12 1 5 0 10 10 12 1 1 7 1 9 12 1 10 12 1 1 9 7 12 1 10 12 1 9 12 1 9 10 12 1 1 9 9 10 12 1 10 10 12 1 1 9 12 1 7 1 9 12 1 10 9 10 12 1 9 12 1 10 12 1 9 12 1 10 12 1 1 9 12 1 10 12 1 1 10 5 0 9 12 1 9 12 1 10 12 1 10 12 1 10 5 0 10 7 12 1 1 10 12 1 9 9 7 1 9 12 9 12 1 9 12 1 10 7 12 1 1 1 9 12 1 9 12 1 10 12 1 10 12 1 9 12 1 10 12 1 1 10 12 1 9 5 0 10 10 12 1 1 9 18 12 1 10 12 1 1 9 7 12 1 1 10 7 1 5 0 9 12 1 1 10 7 12 1 1 1 10 12 1 1 10 12 1 1 10 10 12 1 1 10 12 1 1 9 12 1 10 12 1 1 10 12 10 12 1 1 10 12 1 10 12 1 1 10 10 12 1 1 9 10 12 1 1 10 100 12 1 1 1 10 12 1 1 10 12 1 5 0 9 12 1 9 12 1 1 10 9 12 1 10 12 1 1 10 12 1 9 12 1 9 9 12 1 10 12 10 12 1 1 10 12 1 10 12 1 9 10 12 1 10 12 1 1 18 12 1 1 11 7 12 1 1 1 11 12 1 1 10 12 1 10 12 1 9 100 12 1 1 1 10 12 1 1 9 10 12 1 10 12 100 1 9 10 12 1 1 10 12 1 1 10 12 1 1 9 12 1 9 12 1 9 12 1 9 12 1 9 5 0 10 12 1 1 10 12 1 5 0 10 12 1 1 5 0 9 12 1 8 1 10 12 1 1 10 12 1 1 10 12 1 1 10 12 1 10 12 1 1 9 12 1 9 12 1 10 12 1 1 18 12 1 1 10 12 1 1 9 5 0 10 12 1 9 12 1 9 9 12 1 9 12 1 10 12 1 1 10 12 1 1 9 12 1 10 12 1 1 9 12 1 1 9 12 1 9 12 1 5 0 10 12 1 1 5 0 5 0 10 7 1 9 12 1 9 12 1 9 12 1 1 9 7 12 1 5 0 9 12 1 9 12 1 10 12 1 1 9 12 1 10 12 1 1 10 12 1 1 10 12 1 1 10 12 1 1 9 12 1 100 1 10 10 12 1 18 9 18 10 12 1 1 9 12 1 9 12 1 10 12 1 1 10 12 1 1 10 12 1 10 12 1 1 9 9 12 1 10 12 1 1 5 0 9 12 1 10 12 1 1 10 12 1 10 12 1 1 9 12 1 10 12 1 1 10 12 1 10 12 10 12 1 9 12 1 7 1 9 12 1 1 9 7 12 1 1 10 12 1 10 12 1 10 12 1 10 12 1 1 9 12 1 10 12 1 1 10 10 12 1 1 10 12 1 9 5 0 10 12 1 18 12 1 10 12 1 1 9 10 12 1 100 1 10 10 12 1 9 12 1 9 12 1 9 5 0 9 12 1 10 12 1 10 12 1 9 12 1 10 12 1 10 12 1 1 10 12 1 10 12 9 100 12 1 1 10 12 1 9 12 1 9 12 1 1 10 12 1 1 9 100 1 9 7 12 1 1 10 12 1 1 9 9 7 12 1 9 9 12 1 9 9 12 1 10 12 1 1 10 12 1 1 10 12 1 10 12 1 1 100 1 9 9 12 10 7 12 1 1 1 18 12 1 10 12 1 18 9 7 12 1 1 10 12 10 12 1 10 10 12 1 9 12 1 10 12 1 1 9 12 1 10 12 1 1 10 12 1 10 12 1 10 12 1 1 9 12 10 12 1 1 9 12 1 9 12 1 9 9 12 1 9 12 1 9 12 1 10 10 12 1 1 9 100 12 1 1 9 12 1 18 12 1 10 12 1 1 10 12 9 12 1 9 12 1 9 12 1 9 7 12 1 1 1 9 12 9 100 12 1 1 9 12 1 10 12 1 1 11 12 1 1 10 12 1 1 10 12 1 9 9 18 12 1 10 9 12 1 10 9 12 1 10 12 1 1 10 12 1 9 100 1 10 12 1 10 12 1 9 12 1 10 12 1 1 9 12 1 10 12 1 10 12 1 9 12 1 10 12 1 1 18 11 12 1 1 18 11 12 1 1 7 1 10 100 1 9 12 1 1 10 9 12 1 9 12 1 100 1 100 1 9 10 12 1 9 12 1 10 9 12 1 10 12 1 10 12 1 1 10 12 1 1 10 12 1 9 12 1 11 100 12 1 1 9 12 1 9 12 1 1 9 12 1 9 12 1 9 12 1 9 12 1 9 12 1 10 12 1 1 9 12 1 10 12 1 9 12 1 10 10 12 1 1 100 1 9 12 1 9 12 1 10 100 12 1 1 1 11 12 1 11 12 1 1 9 12 1 100 1 9 12 1 1 10 12 1 1 10 100 1 10 12 1 10 12 1 1 10 12 1 9 12 1 10 12 1 1 9 12 1 10 12 1 1 9 12 1 10 10 12 1 9 12 1 9 12 1 10 12 1 10 12 1 1 10 12 1 1 10 12 1 11 100 12 1 1 9 10 12 1 1 10 12 1 1 9 12 1 10 12 1 10 12 1 1 9 12 1 9 12 1 9 12 1 9 12 1 9 9 10 12 1 10 12 1 10 12 1 9 12 1 9 12 1 9 10 12 1 9 10 100 1 9 12 1 10 12 1 10 12 1 9 100 12 1 1 1 10 12 1 1 9 9 7 12 1 1 7 1 10 9 12 9 12 1 10 12 1 10 12 1 1 9 7 12 1 1 1 10 12 1 1 9 9 12 1 7 1 9 12 1 10 12 1 1 5 0 9 9 12 1 10 12 9 9 12 1 9 12 1 7 1 10 12 1 9 12 1 10 12 1 1 10 12 1 1 9 12 1 10 12 1 1 9 12 1 10 12 1 10 12 1 10 12 1 1 10 12 1 1 10 12 1 1 10 12 1 9 7 1 10 12 1 1 9 9 12 1 9 10 12 1 9 12 1 9 12 1 10 12 1 10 12 1 10 12 1 1 9 7 12 1 1 1 10 10 12 1 1 7 1 9 12 1 9 12 1 10 12 1 9 12 1 7 1 9 10 12 1 7 1 9 12 1 10 10 12 1 7 1 9 10 100 12 1 1 1 7 1 10 18 12 1 11 12 1 10 12 1 18 12 1 11 12 10 12 1 1 11 12 1 1 18 9 12 1 10 12 1 18 12 1 18 9 12 1 1 9 12 1 1 10 18 18 18 18 18 12 1 18 18 10 12 1 1 9 7 1 9 12 1 9 12 1 10 12 1 1 7 1 10 10 9 7 1 10 7 1 10 9 10 12 1 1 9 12 9 12 1 9 100 12 1 1 10 10 9 9 12 1 9 12 1 9 12 1 10 100 1 10 9 9 10 12 1 1 9 7 12 1 1 100 1 9 12 1 9 12 1 9 12 1 10 9 12 1 9 12 1 9 12 1 10 12 1 10 12 1 1 10 12 1 9 12 1 9 12 1 9 12 1 9 12 1 10 12 1 9 12 1 9 12 1 9 12 1 10 7 1 9 12 1 9 12 1 9 9 12 1 9 12 1 9 12 1 10 12 1 1 9 7 1 9 100 1 9 12 1 10 12 1 9 12 9 12 1 10 12 1 1 9 12 1 10 12 1 10 12 1 1 10 12 1 9 12 1 10 12 1 10 12 1 10 12 1 1 9 12 1 9 12 1 9 12 1 1 10 12 1 1 10 12 1 1 10 12 1 1 10 12 1 1 9 9 12 1 10 12 10 12 1 1 10 12 1 1 10 12 1 9 12 1 7 1 7 1 9 7 12 1 1 1 9 12 1 10 12 1 10 12 1 10 12 1 9 12 1 9 12 1 10 12 1 7 1 10 12 1 9 9 12 1 9 12 1 100 1 9 12 1 9 12 1 9 10 12 1 1 10 12 1 1 9 12 1 1 10 12 1 1 11 100 12 1 1 1 9 12 1 9 9 12 1 10 12 1 1 10 12 1 1 10 12 1 10 12 1 1 10 12 1 1 9 10 9 12 1 10 10 12 1 10 9 9 9 12 1 10 12 1 9 12 1 10 12 1 5 0 10 12 1 9 12 1 9 12 1 9 10 12 1 10 12 1 10 12 1 9 12 1 10 12 1 1 9 12 1 10 12 1 9 12 1 10 12 1 10 12 1 10 12 1 9 12 1 10 12 1 1 18 12 1 10 12 1 10 12 1 18 12 1 10 12 1 1 10 12 1 1 10 12 1 10 12 1 1 10 12 1 10 12 1 1 10 12 1 1 10 12 1 9 12 1 9 12 1 10 12 1 9 12 10 12 1 9 12 1 1 10 12 1 9 12 1 10 12 1 7 1 10 12 1 9 5 0 10 12 1 10 10 12 1 1 10 12 1 1 10 12 1 10 12 1 1 10 12 1 9 12 1 10 12 1 1 10 12 1 1 9 7 12 1 1 1 9 9 100 1 9 12 9 12 1 7 1 10 12 1 9 12 1 10 10 12 1 9 12 1 10 12 1 1 10 12 1 9 12 1 10 9 12 1 10 12 1 1 9 12 1 9 12 1 9 10 12 10 12 1 1 9 7 12 1 9 12 1 9 10 12 1 1 10 12 1 1 9 12 1 10 12 1 1 10 12 1 1 9 7 12 1 1 1 10 12 1 1 9 12 10 12 1 10 12 1 1 10 12 1 1 10 12 1 10 12 1 1 10 12 1 1 10 12 1 1 10 12 1 1 100 1 10 12 1 1 7 1 10 7 12 1 1 1 10 12 1 10 12 1 1 10 12 1 10 12 1 100 1 10 12 1 10 8 1 100 1 10 12 1 1 10 10 12 1 1 10 12 1 1 10 7 1 10 12 1 10 12 1 10 12 1 1 7 1 10 10 10 12 8 1 10 12 1 1 10 12 1 18 12 1 7 1 10 12 1 7 1 10 10 12 1 9 12 1 9 12 1 10 12 1 10 12 1 10 12 1 1 10 9 12 1 3 10 7 1 9 12 1 9 9 10 12 1 1 10 12 1 1 9 7 12 1 1 1 10 12 1 10 12 1 9 10 12 1 9 12 1 10 12 1 1 10 12 1 1 9 12 1 1 100 1 10 12 1 10 12 1 9 9 12 1 1 10 12 1 1 10 12 1 7 1 9 12 1 10 100 1 10 8 1 10 12 1 10 12 1 10 12 1 100 1 9 100 12 1 1 1 10 12 1 10 12 1 1 10 12 1 10 12 1 10 12 1 10 12 1 10 12 9 10 12 1 1 9 12 1 10 12 1 1 9 12 1 9 12 1 10 7 12 1 1 9 12 1 10 12 1 9 12 1 9 12 1 10 12 1 10 12 1 1 10 12 1 10 12 1 8 1 10 12 1 1 9 12 1 10 10 12 1 11 12 1 1 10 12 1 1 10 12 1 1 10 12 1 18 12 1 9 12 1 18 12 1 10 12 1 18 12 1 18 12 1 10 18 18 11 18 12 1 9 7 1 9 10 12 1 1 10 12 1 1 10 12 1 10 12 1 10 9 12 1 9 7 12 1 1 10 9 12 1 9 7 1 9 10 10 12 1 10 12 1 1 9 9 12 1 10 12 1 1 10 12 1 10 12 1 1 10 12 1 10 10 12 1 9 12 1 9 7 1 9 12 1 10 12 1 1 10 12 1 9 7 1 10 9 10 12 1 9 9 10 12 1 1 100 1 7 1 10 10 12 1 10 12 1 10 12 1 9 7 12 1 9 10 12 1 1 9 12 1 100 1 10 10 12 1 1 9 7 1 10 12 1 9 12 1 9 12 1 10 10 12 1 10 12 1 10 9 12 1 9 7 12 1 1 1 10 12 1 1 10 12 1 9 100 1 9 100 1 9 100 1 10 9 9 10 12 1 1 10 12 1 1 9 10 12 1 1 10 12 1 10 12 1 9 100 12 1 1 10 9 12 1 9 12 1 9 10 12 1 10 12 1 1 9 12 1 9 18 12 1 18 10 12 1 18 12 1 11 12 1 1 9 12 1 11 12 1 1 9 10 12 1 18 10 12 1 1 9 7 1 9 12 1 9 12 1 10 10 12 1 10 10 12 1 1 10 12 1 1 9 9 12 1 10 12 1 1 10 12 1 1 10 12 1 1 10 12 1 9 9 12 1 9 12 9 12 10 9 12 1 10 12 1 9 9 10 12 1 1 9 12 1 10 12 1 10 12 1 1 10 7 1 10 12 1 1 9 12 1 10 12 1 100 1 10 12 1 10 10 12 1 10 12 1 1 10 12 1 1 9 12 1 10 12 1 1 10 12 1 10 12 1 10 12 1 1 10 12 1 1 10 12 1 1 10 12 1 100 1 10 12 1 100 1 9 12 1 10 12 1 10 12 1 10 12 1 10 12 1 1 10 12 1 10 12 1 1 10 12 1 10 12 1 1 9 12 1 10 12 1 10 12 1 10 12 1 10 12 1 1 10 12 1 1 10 12 1 10 12 1 1 10 12 1 10 12 1 1 10 12 1 8 1 8 1 10 12 1 1 10 12 1 10 12 1 10 12 1 1 10 12 1 9 9 9 12 1 10 12 1 1 9 12 1 10 100 12 1 1 1 10 12 1 10 12 1 1 10 12 1 10 12 1 9 12 1 10 12 10 12 10 12 1 10 10 12 1 10 12 1 1 10 12 1 1 10 12 1 1 10 10 12 1 1 10 12 1 9 12 1 10 12 1 10 12 1 7 1 10 12 1 10 12 1 10 12 1 1 10 10 12 1 1 10 12 1 10 12 9 12 1 10 12 1 10 12 1 1 10 12 1 100 1 10 100 1 10 100 1 10 12 1 100 1 10 12 1 9 12 10 100 1 10 12 1 1 9 12 9 7 1 9 7 1 9 10 12 1 10 12 1 10 12 1 8 1 10 10 12 1 10 12 1 10 12 1 100 1 10 12 1 9 12 1 9 100 12 1 1 10 12 1 10 10 12 1 10 12 1 1 100 1 10 12 1 9 9 100 1 10 12 1 1 9 9 10 12 1 1 10 9 12 1 10 12 1 1 5 0 5 0 9 10 12 1 1 10 12 1 10 12 1 9 7 12 1 1 9 7 12 1 9 12 1 9 12 1 10 8 1 9 12 10 12 1 10 12 1 10 12 1 1 9 100 12 1 1 9 10 100 1 9 12 1 10 12 1 1 100 1 9 12 1 1 10 12 1 1 10 12 1 1 10 12 1 18 12 1 10 12 1 1 10 12 1 18 12 1 11 100 12 1 5 0 10 12 1 10 9 12 1 10 12 1 9 12 1 10 12 1 9 100 12 1 1 9 12 1 9 12 1 10 12 1 10 12 1 1 9 12 1 10 12 1 11 12 9 12 1 18 5 0 10 12 1 100 1 10 12 1 10 10 12 1 10 12 1 10 12 1 10 12 1 9 12 1 10 12 1 10 12 1 18 12 1 10 10 12 1 1 10 12 1 18 18 5 0 18 10 12 1 9 12 1 9 12 1 10 12 1 10 12 1 9 12 1 10 10 12 1 10 12 1 10 12 1 10 12 1 9 12 1 9 12 1 5 0 9 12 1 9 12 1 10 12 1 1 10 12 1 10 12 1 1 10 12 1 1 10 12 1 10 12 1 10 100 12 1 1 10 12 1 1 9 10 12 1 1 10 12 1 9 12 1 10 12 1 10 12 1 1 10 100 12 1 1 1 9 100 1 10 12 1 1 10 12 1 1 10 12 1 10 12 1 10 12 1 1 10 12 1 9 10 12 1 9 12 1 10 12 1 9 12 1 10 12 1 5 0 10 12 1 10 12 1 10 12 1 10 12 1 9 12 1 10 12 10 12 1 10 12 1 10 12 1 9 10 10 12 1 9 12 1 100 1 7 1 10 12 1 100 1 10 10 100 1 10 12 1 10 10 10 12 1 9 12 1 10 12 1 10 12 1 1 10 12 1 100 1 10 12 1 9 12 1 18 12 1 10 12 1 10 12 1 10 12 1 1 10 12 1 9 12 1 10 10 12 1 1 100 1 10 12 1 10 12 9 12 1 10 12 7 1 10 9 12 1 9 12 1 9 12 1 9 12 1 1 1 1 1 1 1 1 1 1 1 1 1 1 1 1 1 1 1 1 1 1 1 1 1 1 1 1 1 1 1 1 1 1 1 1 1 1 1 1 1 1 1 1 1 1 1 1 1 1 1 1 1 1 1 1 1 100 1 1 1 1 1 1 1 1 1 1 1 1 1 1 1 1 1 1 1 1 1 1 1 1 1 1 1 1 1 1 1 1 1 1 1 1 1 1 1 1 1 1 1 1 1 1 1 1 1 1 1 1 1 1 1 1 1 1 1 1 1 1 1 1 1 1 1 1 1 1 7 1 1 1 1 1 1 1 1 1 1 1 1 1 1 1 1 1 1 100 1 1 1 1 1 1 1 1 1 1 1 1 1 1 1 1 1 1 1 1 1 1 1 1 1 1 1 1 1 1 1 1 1 1 1 1 1 1 1 1 1 1 1 1 1 1 1 1 1 1 1 1 1 1 1 1 1 1 1 1 1 1 1 1 1 1 1 1 1 1 1 1 1 1 1 1 1 1 1 1 1 1 1 1 1 1 1 1 1 1 1 1 1 1 1 1 1 1 1 1 1 100 1 100 1 1 1 1 1 1 1 1 1 1 1 1 1 1 1 1 1 1 1 1 1 1 1 1 1 1 100 1 1 1 1 1 1 1 1 1 1 1 1 1 1 1 1 1 1 1 1 1 1 1 1 1 1 1 1 1 1 1 100 1 1 1 1 1 1 1 1 1 1 1 1 1 1 1 1 1 1 1 1 1 1 1 1 1 1 1 1 1 1 1 1 1 1 1 1 1 1 1 1 1 1 1 1 1 1 1 1 1 1 1 1 1 1 1 1 1 1 1 1 1 1 1 1 1 1 1 1 1 1 1 1 1 1 1 1 1 1 1 1 1 1 1 1 1 1 1 1 1 1 1 1 1 1 1 1 1 1 1 1 1 1 1 1 1 1 1 1 1 1 1 100 1 1 1 1 1 1 1 1 1 1 1 1 1 1 1 1 1 1 1 1 1 1 1 1 1 1 1 1 1 1 1 1 1 1 1 1 100 1 100 1 100 1 1 1 1 1 1 1 1 1 1 1 1 1 1 1 1 1 1 1 1 1 1 1 1 1 1 1 1 1 1 1 1 1 1 1 1 1 1 1 1 1 1 1 1 1 1 1 1 1 1 1 1 1 1 1 1 1 1 1 1 1 1 1 1 1 1 1 1 1 1 1 1 1 1 1 1 1 1 1 1 1 1 1 1 1 1 1 1 1 1 1 1 1 1 1 1 1 1 1 100 1 1 1 1 1 1 1 1 1 1 1 1 1 1 1 1 1 1 1 1 1 1 1 1 1 1 1 1 1 1 1 1 1 1 1 1 1 1 1 1 1 1 1 1 1 1 1 1 1 1 1 1 1 1 1 1 1 1 1 1 1 1 1 1 1 1 1 1 1 1 1 1 1 1 1 1 1 1 1 1 1 1 1 1 1 1 1 1 1 1 1 1 1 1 1 1 1 1 1 1 1 1 1 1 1 1 1 1 1 1 1 1 1 1 1 1 1 1 1 1 1 1 1 1 1 1 1 1 1 1 1 1 1 1 1 1 1 1 1 1 1 1 1 1 1 1 1 1 1 1 1 1 1 1 1 1 1 1 1 1 1 1 1 1 1 1 1 1 1 1 1 1 1 1 1 1 1 1 1 1 1 1 1 100 1 100 1 100 1 1 16 1 15 10 12 16 15 10 12 16 1 16 15 10 12 16 1 16 15 10 12 16 15 10 12 16 15 10 12 16 15 10 12 16 15 16 1 15 10 12 1 16 15 10 12 16 15 10 12 15 10 12 16 15 10 12 16 15 10 12 16 15 10 12 16 15 10 12 15 10 12 15 10 12 15 10 12 15 10 12 15 10 12 15 10 12 15 10 12 15 10 12 15 10 12 15 10 12 15 10 12 15 10 12 15 10 12 15 10 12 15 10 12 15 10 12 16 15 10 12 15 10 12 15 10 12 15 10 12 16 1 15 10 12 16 15 10 12 16 15 10 12 16 15 10 12 16 15 10 12 15 10 12 16 1 15 10 12 15 10 12 15 10 12 16 15 10 12 15 10 12 15 10 7 12 1 1 1 1 1 1 1 1 1 1 1 1 1 100 1 1 1 1 1 1 100 1 1 1 1 1 1 100 1 1 1 1 100 1 1 100 1 1 1 1 1 1 1 1 1 1 1 1 1 1 1 1 1 1 1 1 1 1 1 1 100 1 1 1 1 1 1 1 1 1 1 1 1 1 1 100 1 1 1 1 1 1 1 1 1 1 1 100 1 1 1 1 1 1 1 1 1 1 100 1 1 1 1 1 1 1 1 1 1 1 1 1 1 1 1 1 1 100 1 1 1 1 1 1 100 1 1 1 1 1 1 1 1 100 1 1 1 1 1 1 1 100 1 1 1 1 100 1 1 1 1 1 1 1 1 1 1 1 1 1 1 1 1 1 1 1 1 1 1 1 1 1 100 1 1 1 1 1 1 1 1 1 1 1 1 1 1 1 1 1 100 1 1 1 1 1 100 1 1 100 1 1 100 1 100 1 1
staticfield com/sun/tools/javac/comp/Attr attrKey Lcom/sun/tools/javac/util/Context$Key; com/sun/tools/javac/util/Context$Key
staticfield com/sun/tools/javac/comp/Attr primitiveTags [Lcom/sun/tools/javac/code/TypeTag; 8 [Lcom/sun/tools/javac/code/TypeTag;
instanceKlass com/sun/tools/javac/code/Types$SimpleVisitor
instanceKlass com/sun/tools/javac/code/Types$MapVisitor
ciInstanceKlass com/sun/tools/javac/code/Types$DefaultTypeVisitor 1 1 122 10 7 12 1 1 1 10 7 12 1 1 1 10 7 12 1 1 1 100 1 1 1 1 1 1 1 1 1 1 1 1 1 1 1 1 1 1 1 1 1 1 1 1 1 1 1 1 1 1 1 1 1 1 1 1 1 1 1 1 1 1 1 1 1 1 1 1 1 1 1 1 1 1 1 1 1 1 1 1 1 1 1 1 100 1 1 1 1 100 1 1 100 1 1 100 1 1 100 1 1 100 1 1 100 1 1 100 1 1 100 1 1 100 1 1 100 1 1 100 1 1
instanceKlass com/sun/tools/javac/code/Types$23
instanceKlass com/sun/tools/javac/code/Types$22
instanceKlass com/sun/tools/javac/code/Types$21
instanceKlass com/sun/tools/javac/code/Types$TypeMapping
instanceKlass com/sun/tools/javac/comp/Attr$9
ciInstanceKlass com/sun/tools/javac/code/Types$MapVisitor 1 1 49 10 7 12 1 1 1 10 7 12 1 1 1 10 7 12 1 1 1 1 1 1 1 1 1 1 1 1 1 1 1 1 1 1 1 1 1 1 1 1 1 100 1 1 1 100 1 1 1
instanceKlass com/sun/tools/javac/comp/Resolve$MethodResultInfo
instanceKlass com/sun/tools/javac/comp/Attr$RecoveryInfo
instanceKlass com/sun/tools/javac/comp/Attr$MethodAttrInfo
ciInstanceKlass com/sun/tools/javac/comp/Attr$ResultInfo 1 1 113 9 7 12 1 1 1 9 7 12 1 1 1 9 7 12 1 1 1 10 7 12 1 1 1 10 7 12 1 1 1 9 12 1 1 10 7 12 1 1 9 12 1 1 9 12 1 1 9 12 1 9 12 1 10 12 1 1 10 100 12 1 1 1 8 1 1 1 1 1 1 1 1 1 1 1 1 1 1 1 1 1 1 1 1 1 1 1 1 1 1 1 1 1 1 1 1 1 100 1 1 1 1 100 1 100 1 1 100 1 100 1 1
instanceKlass com/sun/tools/javac/code/Types$SignatureGenerator$InvalidSignatureException
instanceKlass com/sun/tools/javac/comp/Infer$GraphStrategy$NodeNotFoundException
instanceKlass com/sun/tools/javac/code/Types$FunctionDescriptorLookupError
instanceKlass com/sun/tools/javac/comp/Resolve$InapplicableMethodException
ciInstanceKlass com/sun/tools/javac/util/CompilerInternalException 1 1 29 10 7 12 1 1 1 10 12 1 1 100 1 1 1 1 5 0 1 1 1 1 1 1 1 1 1 1 1
instanceKlass com/sun/tools/javac/comp/Resolve$AbstractMethodCheck$SharedInapplicableMethodException
instanceKlass com/sun/tools/javac/comp/Infer$InferenceException
ciInstanceKlass com/sun/tools/javac/comp/Resolve$InapplicableMethodException 1 1 36 10 7 12 1 1 1 9 7 12 1 1 1 1 1 1 5 0 1 1 1 1 1 1 1 1 1 1 1 1 1 1 100 1 1 1
ciInstanceKlass com/sun/tools/javac/comp/Infer$InferenceException 1 1 52 10 7 12 1 1 1 10 7 12 1 1 1 9 7 12 1 1 1 9 12 1 1 7 1 1 1 1 5 0 1 1 1 1 1 1 1 1 1 1 1 1 1 1 1 100 1 1 100 1 1 1
ciInstanceKlass com/sun/tools/javac/comp/Resolve$MethodCheck 1 0 24 100 1 100 1 1 1 1 1 1 1 1 1 1 1 100 1 1 1 100 1 100 1 1
instanceKlass com/sun/tools/javac/comp/Attr$3
instanceKlass com/sun/tools/javac/comp/Attr$5
instanceKlass com/sun/tools/javac/comp/Attr$7
instanceKlass com/sun/tools/javac/comp/Annotate$AnnotationValueContext
instanceKlass com/sun/tools/javac/comp/Attr$RecoveryInfo$1
instanceKlass com/sun/tools/javac/comp/Attr$FunctionalReturnContext
ciInstanceKlass com/sun/tools/javac/comp/Check$NestedCheckContext 1 1 68 10 7 12 1 1 1 9 7 12 1 1 1 11 7 12 1 1 1 11 12 1 1 11 12 1 1 11 12 1 1 11 12 1 1 1 1 1 1 1 1 1 1 1 1 1 1 1 1 1 1 1 1 100 1 1 1 1 100 1 100 1 1 100 1 100 1 1
ciInstanceKlass com/sun/tools/javac/code/TypeTag 1 1 266 100 1 7 1 9 12 1 1 9 12 1 9 12 1 9 12 1 9 12 1 9 12 1 9 12 1 9 12 1 9 12 1 9 12 1 9 12 1 9 12 1 9 12 1 9 12 1 9 12 1 9 12 1 9 12 1 9 12 1 9 12 1 9 12 1 9 12 1 9 12 1 9 12 1 9 12 1 9 12 1 1 10 7 12 1 1 10 7 12 1 1 1 10 12 1 1 10 12 1 9 12 1 1 9 12 1 9 12 1 1 10 12 1 1 9 7 12 1 1 1 9 12 1 9 12 1 9 12 1 9 12 1 9 12 1 9 12 1 9 12 1 100 1 100 1 10 12 1 8 1 10 12 1 1 10 12 1 10 12 1 1 10 12 1 9 7 12 1 1 9 12 9 12 9 12 9 12 9 12 9 12 9 12 9 12 8 1 10 7 12 1 1 1 10 12 1 10 12 1 10 8 8 8 8 8 8 8 8 8 10 8 8 8 8 8 8 8 8 8 8 8 8 8 8 8 10 12 1 1 1 1 1 1 1 1 1 1 1 1 1 1 1 1 1 1 1 1 1 1 1 1 1 1 1 1 1 1 1 1 1 1 1 100 1 1
staticfield com/sun/tools/javac/code/TypeTag BYTE Lcom/sun/tools/javac/code/TypeTag; com/sun/tools/javac/code/TypeTag
staticfield com/sun/tools/javac/code/TypeTag CHAR Lcom/sun/tools/javac/code/TypeTag; com/sun/tools/javac/code/TypeTag
staticfield com/sun/tools/javac/code/TypeTag SHORT Lcom/sun/tools/javac/code/TypeTag; com/sun/tools/javac/code/TypeTag
staticfield com/sun/tools/javac/code/TypeTag LONG Lcom/sun/tools/javac/code/TypeTag; com/sun/tools/javac/code/TypeTag
staticfield com/sun/tools/javac/code/TypeTag FLOAT Lcom/sun/tools/javac/code/TypeTag; com/sun/tools/javac/code/TypeTag
staticfield com/sun/tools/javac/code/TypeTag INT Lcom/sun/tools/javac/code/TypeTag; com/sun/tools/javac/code/TypeTag
staticfield com/sun/tools/javac/code/TypeTag DOUBLE Lcom/sun/tools/javac/code/TypeTag; com/sun/tools/javac/code/TypeTag
staticfield com/sun/tools/javac/code/TypeTag BOOLEAN Lcom/sun/tools/javac/code/TypeTag; com/sun/tools/javac/code/TypeTag
staticfield com/sun/tools/javac/code/TypeTag VOID Lcom/sun/tools/javac/code/TypeTag; com/sun/tools/javac/code/TypeTag
staticfield com/sun/tools/javac/code/TypeTag CLASS Lcom/sun/tools/javac/code/TypeTag; com/sun/tools/javac/code/TypeTag
staticfield com/sun/tools/javac/code/TypeTag ARRAY Lcom/sun/tools/javac/code/TypeTag; com/sun/tools/javac/code/TypeTag
staticfield com/sun/tools/javac/code/TypeTag METHOD Lcom/sun/tools/javac/code/TypeTag; com/sun/tools/javac/code/TypeTag
staticfield com/sun/tools/javac/code/TypeTag PACKAGE Lcom/sun/tools/javac/code/TypeTag; com/sun/tools/javac/code/TypeTag
staticfield com/sun/tools/javac/code/TypeTag MODULE Lcom/sun/tools/javac/code/TypeTag; com/sun/tools/javac/code/TypeTag
staticfield com/sun/tools/javac/code/TypeTag TYPEVAR Lcom/sun/tools/javac/code/TypeTag; com/sun/tools/javac/code/TypeTag
staticfield com/sun/tools/javac/code/TypeTag WILDCARD Lcom/sun/tools/javac/code/TypeTag; com/sun/tools/javac/code/TypeTag
staticfield com/sun/tools/javac/code/TypeTag FORALL Lcom/sun/tools/javac/code/TypeTag; com/sun/tools/javac/code/TypeTag
staticfield com/sun/tools/javac/code/TypeTag DEFERRED Lcom/sun/tools/javac/code/TypeTag; com/sun/tools/javac/code/TypeTag
staticfield com/sun/tools/javac/code/TypeTag BOT Lcom/sun/tools/javac/code/TypeTag; com/sun/tools/javac/code/TypeTag
staticfield com/sun/tools/javac/code/TypeTag NONE Lcom/sun/tools/javac/code/TypeTag; com/sun/tools/javac/code/TypeTag
staticfield com/sun/tools/javac/code/TypeTag ERROR Lcom/sun/tools/javac/code/TypeTag; com/sun/tools/javac/code/TypeTag
staticfield com/sun/tools/javac/code/TypeTag UNDETVAR Lcom/sun/tools/javac/code/TypeTag; com/sun/tools/javac/code/TypeTag
staticfield com/sun/tools/javac/code/TypeTag UNINITIALIZED_THIS Lcom/sun/tools/javac/code/TypeTag; com/sun/tools/javac/code/TypeTag
staticfield com/sun/tools/javac/code/TypeTag UNINITIALIZED_OBJECT Lcom/sun/tools/javac/code/TypeTag; com/sun/tools/javac/code/TypeTag
staticfield com/sun/tools/javac/code/TypeTag $VALUES [Lcom/sun/tools/javac/code/TypeTag; 24 [Lcom/sun/tools/javac/code/TypeTag;
ciInstanceKlass com/sun/tools/javac/code/Type$PackageType 1 1 100 10 7 12 1 1 1 10 7 12 1 1 1 9 7 12 1 1 1 11 7 12 1 1 1 9 100 12 1 1 1 10 100 12 1 1 1 10 100 12 1 1 1 9 100 12 1 1 11 100 12 1 1 1 10 12 1 100 1 1 1 1 1 1 1 1 1 1 1 1 1 1 1 1 1 1 1 1 1 1 1 1 1 1 1 1 1 1 1 1 1 1 100 1 1 1 1 100 1 1
ciInstanceKlass com/sun/tools/javac/code/Symtab 1 1 1465 100 1 9 7 12 1 1 1 10 7 12 1 1 1 10 12 1 1 9 12 1 1 7 1 10 12 1 18 12 1 1 11 7 12 1 1 1 7 1 9 7 12 1 1 1 9 12 1 1 10 12 1 1 10 7 12 1 1 1 7 1 9 12 1 1 10 7 12 1 1 1 9 12 1 1 10 12 1 10 12 1 1 10 12 1 9 12 1 1 7 1 10 12 1 8 1 10 12 1 1 10 12 1 1 9 12 1 1 10 12 1 1 9 12 1 1 9 7 12 1 1 1 7 1 10 12 1 9 7 1 10 12 1 10 12 1 1 7 1 9 9 7 12 1 1 5 0 9 12 1 1 9 12 1 10 7 12 1 1 1 9 12 1 1 10 7 12 1 1 1 9 12 1 1 9 12 1 9 12 1 9 12 1 9 12 1 10 7 1 7 1 9 12 1 1 10 12 1 9 12 1 1 9 12 1 9 12 1 9 12 1 9 12 1 9 12 1 9 12 1 9 12 1 9 12 1 9 12 1 9 12 1 9 12 1 9 12 1 9 12 1 9 12 1 7 1 10 9 12 1 7 1 10 9 12 1 1 10 12 1 7 1 7 1 10 9 12 1 9 12 1 7 1 10 9 12 1 10 12 1 1 10 12 1 1 10 7 12 1 1 9 12 1 1 10 7 12 1 1 10 7 12 1 1 7 1 9 12 1 1 10 12 1 1 10 12 1 7 1 10 12 1 9 12 1 10 12 1 1 10 7 12 1 1 9 7 12 1 1 1 10 12 1 1 9 12 10 12 1 1 9 7 1 10 7 12 1 1 1 9 12 1 7 1 10 9 12 1 9 12 1 9 12 1 10 12 1 1 7 1 10 9 12 1 7 1 9 7 12 1 1 1 9 12 1 1 10 12 1 9 12 1 5 0 9 12 1 9 12 1 1 7 1 10 12 1 9 12 1 8 1 9 12 1 9 12 1 8 1 8 1 10 12 1 8 1 8 1 8 1 8 1 8 1 8 1 8 1 8 1 8 1 8 1 8 1 8 1 8 1 8 1 8 1 8 1 8 1 5 0 9 12 1 10 12 1 9 12 1 9 12 1 9 12 1 7 1 10 12 1 9 12 1 9 12 1 9 12 1 10 7 12 1 1 10 12 1 1 9 12 1 9 7 1 9 10 12 1 10 7 12 1 1 10 9 12 1 8 1 10 12 1 9 12 1 8 1 9 12 1 8 1 9 12 1 8 1 9 12 1 8 1 9 12 1 8 1 9 12 1 8 1 9 12 1 8 1 9 12 1 8 1 9 12 1 8 1 9 12 1 8 1 9 12 1 8 1 9 12 1 8 1 9 12 1 8 1 9 12 1 8 1 9 12 1 8 1 9 12 1 8 1 9 12 1 8 1 9 12 1 8 1 9 12 1 8 1 9 12 1 8 1 9 12 1 8 1 9 12 1 8 1 9 12 1 8 1 9 12 1 8 1 9 12 1 8 1 9 12 1 8 1 9 12 1 8 1 9 12 1 8 1 9 12 1 8 1 8 1 9 12 1 9 12 1 9 12 1 7 1 5 0 9 12 1 7 1 10 12 1 10 9 12 1 1 8 1 9 12 1 8 1 9 12 1 8 1 9 12 1 8 1 9 12 1 8 1 9 12 1 8 1 9 12 1 8 1 9 12 1 8 1 9 12 1 8 1 9 12 1 8 1 9 12 1 8 1 9 12 1 8 1 9 12 1 8 1 9 12 1 8 1 9 12 1 8 1 9 12 1 8 1 9 12 1 8 1 9 12 1 8 1 9 12 1 8 1 9 12 1 9 12 1 10 12 1 9 12 1 8 1 9 12 1 8 1 9 12 1 8 1 9 12 1 8 1 9 12 1 8 1 9 12 1 8 1 9 12 1 8 1 10 12 9 12 1 8 1 9 12 1 8 1 9 12 1 8 1 9 12 1 8 1 9 12 1 8 1 9 12 1 8 1 9 12 1 8 1 9 12 1 8 1 9 12 1 8 1 9 12 1 9 12 1 9 12 1 8 1 9 12 1 8 1 9 12 1 8 1 9 12 1 8 1 9 12 1 8 1 9 12 1 8 1 9 12 1 8 1 9 12 1 8 1 9 12 1 8 1 9 12 1 8 1 9 12 1 10 12 1 1 10 12 1 8 1 9 12 1 8 1 9 12 1 5 0 9 12 1 10 12 1 1 10 12 1 5 0 9 12 1 10 9 12 1 1 10 9 12 1 9 12 1 10 7 12 1 1 1 18 12 1 1 10 7 12 1 1 10 12 1 1 10 12 1 10 12 1 1 10 12 1 1 9 12 1 9 12 1 1 9 12 1 9 12 1 9 7 1 9 12 1 5 0 10 10 12 1 10 12 1 9 12 1 18 12 1 10 12 1 11 12 1 1 11 12 10 12 1 1 10 12 1 10 12 1 1 10 12 10 12 1 10 12 1 9 12 1 10 12 1 1 18 12 1 11 7 12 1 1 1 18 12 1 1 11 12 1 1 9 11 12 10 9 12 1 11 12 18 12 1 1 9 12 1 18 10 7 12 1 1 1 10 12 9 12 1 10 12 1 18 12 1 10 12 1 1 10 12 1 9 10 12 1 1 18 7 1 10 18 12 1 9 5 0 9 12 1 10 12 1 18 11 12 1 1 11 7 12 1 1 11 7 12 1 1 11 12 1 1 7 1 11 12 1 10 10 11 12 1 11 12 1 1 11 12 8 1 10 12 1 18 10 7 12 1 1 1 11 7 1 9 7 12 1 1 9 12 1 9 12 1 10 7 12 1 1 1 10 12 1 10 12 1 1 100 1 10 12 1 10 12 1 1 10 12 1 5 0 9 12 1 7 1 10 1 1 1 1 1 1 1 1 1 1 1 1 1 1 1 1 1 1 1 1 1 1 1 1 1 1 1 1 1 1 1 1 1 1 1 1 100 1 1 1 1 1 1 1 1 1 1 1 1 1 1 1 1 1 1 1 1 1 1 1 1 1 1 1 1 1 1 1 1 1 1 1 1 1 1 1 1 1 1 1 1 1 1 1 1 1 1 1 1 1 1 1 1 1 1 1 1 1 1 1 1 1 1 1 1 1 1 1 16 15 10 12 16 1 16 15 16 15 10 16 15 10 12 16 16 1 15 10 12 16 16 15 10 12 15 10 12 16 15 10 12 15 10 12 15 10 12 15 10 12 15 10 12 16 15 10 7 12 1 1 1 1 1 1 1 1 1 1 1 1 1 100 1 1 1 1 1 1 1 100 1 1 100 1 1 1 1 1 1 1 100 1 1 1 100 1 100 1 1
staticfield com/sun/tools/javac/code/Symtab symtabKey Lcom/sun/tools/javac/util/Context$Key; com/sun/tools/javac/util/Context$Key
staticfield com/sun/tools/javac/code/Symtab EMPTY Ljava/util/Map; java/util/HashMap
ciInstanceKlass com/sun/tools/javac/code/Type$BottomType 1 1 80 10 7 12 1 1 1 10 7 12 1 1 1 9 7 12 1 1 1 9 100 12 1 1 1 11 100 12 1 1 1 8 1 10 12 1 100 1 100 1 1 1 1 1 1 1 1 1 1 1 1 1 1 1 1 1 1 1 1 1 1 1 1 1 1 1 1 1 1 1 1 1 1 1 100 1 100 1 1 1
ciInstanceKlass com/sun/tools/javac/code/Type$1 1 1 26 10 7 12 1 1 1 8 1 100 1 1 1 1 1 1 1 1 1 1 1 100 1 1 1 1
instanceKlass com/sun/tools/javac/jvm/ClassReader$TypeAnnotationStructuralTypeMapping
instanceKlass com/sun/tools/javac/code/Types$TypeProjection
instanceKlass com/sun/tools/javac/code/Types$20
instanceKlass com/sun/tools/javac/code/Types$11
instanceKlass com/sun/tools/javac/code/Types$9
instanceKlass com/sun/tools/javac/comp/DeferredAttr$3
instanceKlass com/sun/tools/javac/code/Type$StructuralTypeMapping
ciInstanceKlass com/sun/tools/javac/code/Types$TypeMapping 1 1 99 10 7 12 1 1 1 10 7 12 1 1 1 18 12 1 1 10 7 12 1 1 1 10 12 1 1 7 1 10 12 1 1 10 12 10 12 1 100 1 1 1 1 1 1 1 1 1 1 1 1 1 1 1 1 1 1 1 1 1 1 1 1 1 1 1 1 1 1 1 7 1 1 16 15 10 12 16 15 10 7 12 1 1 1 1 1 1 100 1 1 100 1 1 100 1 100 1 1
instanceKlass com/sun/tools/javac/code/Type$UndetVar$1
instanceKlass com/sun/tools/javac/comp/InferenceContext$1
instanceKlass com/sun/tools/javac/comp/Infer$1
instanceKlass com/sun/tools/javac/code/Types$Subst
instanceKlass com/sun/tools/javac/code/Types$14
instanceKlass com/sun/tools/javac/comp/DeferredAttr$DeferredTypeMap
instanceKlass com/sun/tools/javac/code/Type$4
ciInstanceKlass com/sun/tools/javac/code/Type$StructuralTypeMapping 1 1 181 10 7 12 1 1 1 10 7 12 1 1 1 10 7 12 1 1 1 7 1 10 12 1 1 10 12 1 7 1 9 12 1 1 9 12 1 1 10 12 1 9 7 12 1 1 1 7 1 9 12 1 1 9 9 12 1 1 9 10 12 1 9 7 12 1 1 7 1 9 9 10 12 1 9 7 12 1 1 9 12 1 9 12 1 7 1 9 10 12 1 9 7 12 1 1 10 12 1 1 10 12 1 1 10 12 1 1 10 12 1 1 10 12 1 1 1 1 1 1 1 1 1 1 1 1 1 1 1 1 1 1 1 1 100 1 100 1 1 1 1 1 1 1 1 1 1 1 1 1 1 1 1 1 1 1 1 1 1 1 1 1 1 1 100 1 1 1 1 100 1 100 1 1 1 100 1 1 1 1 1
ciInstanceKlass com/sun/tools/javac/code/Type$StructuralTypeMapping$2 1 1 60 10 7 12 1 1 1 10 7 12 1 1 1 100 1 1 1 1 1 1 1 1 1 1 1 1 1 1 1 1 1 1 1 1 1 1 1 1 1 1 1 100 1 12 1 1 1 100 1 1 1 100 1 100 1 1 100 1 1 1
ciInstanceKlass com/sun/tools/javac/code/Type$StructuralTypeMapping$1 1 1 55 10 7 12 1 1 1 10 7 12 1 1 1 100 1 1 1 1 1 1 1 1 1 1 1 1 1 1 1 1 1 1 1 1 1 1 1 1 1 100 1 12 1 1 1 100 1 1 1 100 1 100 1 1 1
ciInstanceKlass com/sun/tools/javac/code/Type$StructuralTypeMapping$4 1 1 54 10 7 12 1 1 1 10 7 12 1 1 1 100 1 1 1 1 1 1 1 1 1 1 1 1 1 1 1 1 1 1 1 1 1 1 1 1 100 1 12 1 1 1 100 1 1 1 100 1 100 1 1 1
ciInstanceKlass com/sun/tools/javac/code/Type$StructuralTypeMapping$3 1 1 53 10 7 12 1 1 1 10 7 12 1 1 1 100 1 1 1 1 1 1 1 1 1 1 1 1 1 1 1 1 1 1 1 1 1 1 1 100 1 12 1 1 1 100 1 1 1 100 1 100 1 1 1
ciInstanceKlass com/sun/tools/javac/code/Kinds$KindSelector 1 1 127 10 7 12 1 1 1 9 7 12 1 1 1 10 12 1 100 1 10 100 12 1 1 1 9 12 1 1 9 12 1 9 12 1 10 12 1 1 9 12 9 12 1 9 12 1 9 12 1 9 12 1 9 12 1 9 12 1 9 12 1 9 12 1 9 12 1 9 12 1 9 12 1 9 12 1 10 12 1 1 9 12 1 9 12 1 9 12 1 9 12 1 9 12 1 1 1 1 1 1 1 1 1 1 1 100 1 1 1 1 1 1 1 1 1 1 1 1 1 1 1 1 100 1 1 1 1
staticfield com/sun/tools/javac/code/Kinds$KindSelector NIL Lcom/sun/tools/javac/code/Kinds$KindSelector; com/sun/tools/javac/code/Kinds$KindSelector
staticfield com/sun/tools/javac/code/Kinds$KindSelector PCK Lcom/sun/tools/javac/code/Kinds$KindSelector; com/sun/tools/javac/code/Kinds$KindSelector
staticfield com/sun/tools/javac/code/Kinds$KindSelector TYP Lcom/sun/tools/javac/code/Kinds$KindSelector; com/sun/tools/javac/code/Kinds$KindSelector
staticfield com/sun/tools/javac/code/Kinds$KindSelector VAR Lcom/sun/tools/javac/code/Kinds$KindSelector; com/sun/tools/javac/code/Kinds$KindSelector
staticfield com/sun/tools/javac/code/Kinds$KindSelector VAL Lcom/sun/tools/javac/code/Kinds$KindSelector; com/sun/tools/javac/code/Kinds$KindSelector
staticfield com/sun/tools/javac/code/Kinds$KindSelector MTH Lcom/sun/tools/javac/code/Kinds$KindSelector; com/sun/tools/javac/code/Kinds$KindSelector
staticfield com/sun/tools/javac/code/Kinds$KindSelector POLY Lcom/sun/tools/javac/code/Kinds$KindSelector; com/sun/tools/javac/code/Kinds$KindSelector
staticfield com/sun/tools/javac/code/Kinds$KindSelector MDL Lcom/sun/tools/javac/code/Kinds$KindSelector; com/sun/tools/javac/code/Kinds$KindSelector
staticfield com/sun/tools/javac/code/Kinds$KindSelector ERR Lcom/sun/tools/javac/code/Kinds$KindSelector; com/sun/tools/javac/code/Kinds$KindSelector
staticfield com/sun/tools/javac/code/Kinds$KindSelector ASG Lcom/sun/tools/javac/code/Kinds$KindSelector; com/sun/tools/javac/code/Kinds$KindSelector
staticfield com/sun/tools/javac/code/Kinds$KindSelector TYP_PCK Lcom/sun/tools/javac/code/Kinds$KindSelector; com/sun/tools/javac/code/Kinds$KindSelector
staticfield com/sun/tools/javac/code/Kinds$KindSelector VAL_MTH Lcom/sun/tools/javac/code/Kinds$KindSelector; com/sun/tools/javac/code/Kinds$KindSelector
staticfield com/sun/tools/javac/code/Kinds$KindSelector VAL_POLY Lcom/sun/tools/javac/code/Kinds$KindSelector; com/sun/tools/javac/code/Kinds$KindSelector
staticfield com/sun/tools/javac/code/Kinds$KindSelector VAL_TYP Lcom/sun/tools/javac/code/Kinds$KindSelector; com/sun/tools/javac/code/Kinds$KindSelector
staticfield com/sun/tools/javac/code/Kinds$KindSelector VAL_TYP_PCK Lcom/sun/tools/javac/code/Kinds$KindSelector; com/sun/tools/javac/code/Kinds$KindSelector
ciInstanceKlass com/sun/tools/javac/code/Kinds$KindName 1 1 189 7 1 9 12 1 1 9 12 1 9 12 1 9 12 1 9 12 1 9 12 1 9 12 1 9 12 1 9 12 1 9 12 1 9 12 1 9 12 1 9 12 1 9 12 1 9 12 1 9 12 1 9 12 1 9 12 1 1 10 7 12 1 1 10 7 12 1 1 1 10 12 1 1 9 12 1 1 8 1 10 12 1 1 100 1 10 12 1 8 1 10 12 1 1 10 100 1 11 100 12 1 1 1 8 8 1 10 12 1 8 8 1 8 8 1 8 8 1 8 8 1 8 8 1 8 8 1 8 8 1 8 8 1 8 8 1 8 8 1 8 8 1 8 8 1 8 8 1 8 8 1 8 8 1 8 8 1 10 12 1 1 100 1 1 1 1 1 1 1 1 1 1 1 1 1 1 1 1 1 1 1 1 1 1 100 1 1 1
staticfield com/sun/tools/javac/code/Kinds$KindName ANNOTATION Lcom/sun/tools/javac/code/Kinds$KindName; com/sun/tools/javac/code/Kinds$KindName
staticfield com/sun/tools/javac/code/Kinds$KindName CONSTRUCTOR Lcom/sun/tools/javac/code/Kinds$KindName; com/sun/tools/javac/code/Kinds$KindName
staticfield com/sun/tools/javac/code/Kinds$KindName INTERFACE Lcom/sun/tools/javac/code/Kinds$KindName; com/sun/tools/javac/code/Kinds$KindName
staticfield com/sun/tools/javac/code/Kinds$KindName ENUM Lcom/sun/tools/javac/code/Kinds$KindName; com/sun/tools/javac/code/Kinds$KindName
staticfield com/sun/tools/javac/code/Kinds$KindName STATIC Lcom/sun/tools/javac/code/Kinds$KindName; com/sun/tools/javac/code/Kinds$KindName
staticfield com/sun/tools/javac/code/Kinds$KindName TYPEVAR Lcom/sun/tools/javac/code/Kinds$KindName; com/sun/tools/javac/code/Kinds$KindName
staticfield com/sun/tools/javac/code/Kinds$KindName BOUND Lcom/sun/tools/javac/code/Kinds$KindName; com/sun/tools/javac/code/Kinds$KindName
staticfield com/sun/tools/javac/code/Kinds$KindName VAR Lcom/sun/tools/javac/code/Kinds$KindName; com/sun/tools/javac/code/Kinds$KindName
staticfield com/sun/tools/javac/code/Kinds$KindName VAL Lcom/sun/tools/javac/code/Kinds$KindName; com/sun/tools/javac/code/Kinds$KindName
staticfield com/sun/tools/javac/code/Kinds$KindName METHOD Lcom/sun/tools/javac/code/Kinds$KindName; com/sun/tools/javac/code/Kinds$KindName
staticfield com/sun/tools/javac/code/Kinds$KindName CLASS Lcom/sun/tools/javac/code/Kinds$KindName; com/sun/tools/javac/code/Kinds$KindName
staticfield com/sun/tools/javac/code/Kinds$KindName STATIC_INIT Lcom/sun/tools/javac/code/Kinds$KindName; com/sun/tools/javac/code/Kinds$KindName
staticfield com/sun/tools/javac/code/Kinds$KindName INSTANCE_INIT Lcom/sun/tools/javac/code/Kinds$KindName; com/sun/tools/javac/code/Kinds$KindName
staticfield com/sun/tools/javac/code/Kinds$KindName PACKAGE Lcom/sun/tools/javac/code/Kinds$KindName; com/sun/tools/javac/code/Kinds$KindName
staticfield com/sun/tools/javac/code/Kinds$KindName MODULE Lcom/sun/tools/javac/code/Kinds$KindName; com/sun/tools/javac/code/Kinds$KindName
staticfield com/sun/tools/javac/code/Kinds$KindName RECORD_COMPONENT Lcom/sun/tools/javac/code/Kinds$KindName; com/sun/tools/javac/code/Kinds$KindName
staticfield com/sun/tools/javac/code/Kinds$KindName RECORD Lcom/sun/tools/javac/code/Kinds$KindName; com/sun/tools/javac/code/Kinds$KindName
staticfield com/sun/tools/javac/code/Kinds$KindName $VALUES [Lcom/sun/tools/javac/code/Kinds$KindName; 17 [Lcom/sun/tools/javac/code/Kinds$KindName;
ciInstanceKlass com/sun/tools/javac/code/Type$ClassType$1 1 1 75 10 7 12 1 1 1 9 7 12 1 1 1 10 7 12 1 1 1 10 12 1 1 10 12 1 1 10 12 1 10 12 1 1 10 12 1 10 12 1 1 1 1 1 1 1 1 1 1 1 1 1 1 1 1 1 1 1 1 1 1 1 1 1 1 1 100 1 1 1 100 1 100 1 1
ciInstanceKlass com/sun/tools/javac/util/Iterators 1 1 61 10 100 12 1 1 1 9 7 12 1 1 1 7 1 10 12 1 7 1 10 12 1 10 7 12 1 1 1 1 1 1 1 1 1 1 1 1 1 1 1 1 1 1 1 1 1 1 1 1 1 1 1 1 1 1 1 1 1 1 1
staticfield com/sun/tools/javac/util/Iterators EMPTY Ljava/util/Iterator; java/util/Collections$EmptyIterator
ciInstanceKlass com/sun/tools/javac/comp/Check 1 1 4522 100 1 9 7 12 1 1 1 10 7 12 1 1 1 10 12 1 1 10 7 12 1 1 7 1 10 9 12 1 1 9 12 1 7 1 10 12 1 9 12 1 1 7 1 10 9 12 1 1 7 1 10 9 12 1 1 18 12 1 1 9 12 1 1 10 12 1 1 10 7 12 1 1 1 9 12 1 1 10 7 12 1 1 9 12 1 1 10 7 12 1 1 9 12 1 1 10 7 12 1 1 9 12 1 1 10 7 12 1 1 9 12 1 1 10 7 12 1 1 9 12 1 1 10 7 12 1 1 9 12 1 1 10 7 12 1 1 9 12 1 1 10 7 12 1 1 9 12 1 1 10 7 12 1 1 9 12 1 1 10 7 12 1 1 10 7 12 1 1 9 12 1 1 7 1 10 12 1 9 12 1 1 10 7 12 1 1 9 12 1 1 10 7 12 1 1 9 12 1 1 8 1 10 12 1 1 9 12 1 1 9 12 1 10 12 1 1 9 12 1 10 7 12 1 1 9 12 1 1 10 7 12 1 1 9 12 1 1 9 7 12 1 1 1 10 12 1 1 9 12 1 9 12 1 9 12 1 9 12 1 9 12 1 10 12 1 1 9 12 1 9 12 1 9 12 1 9 12 1 1 10 7 12 1 1 1 10 7 12 1 1 9 12 1 1 9 7 12 1 1 10 100 12 1 1 1 10 12 1 1 10 12 1 1 10 12 1 10 12 1 10 12 1 1 9 100 12 1 1 1 9 100 12 1 1 1 10 12 1 1 10 100 12 1 1 1 10 12 1 1 9 12 1 1 7 1 9 7 12 1 1 1 10 12 1 1 9 12 1 1 10 12 1 10 12 1 1 10 12 1 1 9 12 1 10 12 1 9 12 1 7 1 10 12 1 10 100 12 1 1 1 10 12 1 1 10 12 1 1 9 12 1 9 12 1 1 5 0 5 0 10 12 1 1 10 12 1 1 9 7 12 1 1 1 10 7 12 1 1 1 11 7 12 1 1 1 11 7 12 1 1 11 12 1 1 9 9 12 1 9 7 12 1 1 1 10 12 1 1 9 12 10 12 1 1 9 7 1 9 9 12 1 9 12 1 9 7 12 1 1 1 10 12 1 9 9 10 12 1 9 12 1 10 7 12 1 1 1 7 1 10 12 1 11 7 12 1 1 7 1 10 12 1 1 7 1 10 10 12 1 1 10 12 1 10 12 1 10 12 1 10 10 12 1 1 10 12 1 1 9 7 12 1 1 1 10 12 1 1 10 12 1 1 11 12 1 9 12 1 11 12 1 11 12 1 10 12 1 1 10 12 1 1 11 7 12 1 1 1 10 7 12 1 1 1 10 7 12 1 1 18 12 1 1 10 12 1 1 9 12 1 9 12 1 11 12 1 1 11 12 1 1 10 12 1 10 7 12 1 1 1 10 12 1 1 11 12 1 1 10 12 1 10 12 1 10 12 1 10 12 1 9 7 1 9 12 1 1 9 7 1 9 12 1 1 9 7 1 10 12 1 1 10 7 12 1 1 1 10 12 1 1 10 12 1 1 10 12 1 1 10 12 1 1 9 7 12 1 1 1 10 12 1 7 1 9 12 1 10 12 1 1 10 12 1 1 5 0 10 12 1 9 12 1 10 12 1 10 12 1 10 12 1 10 12 1 9 12 1 10 12 1 10 12 1 10 12 1 9 12 1 9 12 1 9 12 1 9 12 1 1 10 12 1 1 10 12 1 1 9 12 1 10 12 1 1 10 12 1 1 9 12 1 1 10 7 1 5 0 10 12 1 1 5 0 9 12 1 10 12 1 1 100 1 9 12 1 10 12 1 9 12 1 10 12 10 12 1 10 12 1 1 10 12 1 9 12 1 1 9 12 1 9 12 1 1 10 12 1 9 12 1 10 10 12 1 9 12 1 10 12 1 1 10 12 1 1 10 12 1 1 10 12 1 9 7 12 1 9 12 1 1 9 12 1 9 12 1 9 12 1 10 12 1 10 12 1 1 9 10 12 1 10 12 1 9 12 1 10 12 1 7 1 10 10 7 12 1 1 10 10 12 1 10 12 1 10 12 1 9 12 1 1 10 7 12 1 1 1 7 1 10 12 1 9 7 12 1 9 12 1 10 12 1 1 10 12 1 9 12 1 10 12 1 7 1 9 10 12 10 12 1 1 9 12 1 10 12 1 1 10 12 1 10 12 1 10 12 1 10 12 1 10 10 12 1 10 12 1 1 10 10 12 1 10 12 1 1 5 0 10 12 1 9 12 1 10 12 1 1 9 12 1 10 12 1 1 10 12 1 1 10 12 1 1 10 12 1 18 12 1 10 12 1 10 12 1 9 12 1 9 12 1 5 0 10 10 12 1 10 12 1 1 5 0 10 12 1 10 12 1 10 100 12 1 1 1 10 12 1 10 9 7 12 1 1 10 12 1 10 12 1 1 10 12 1 10 12 1 10 12 1 10 12 1 10 12 1 10 12 1 10 10 12 1 10 12 1 1 10 12 1 10 12 1 1 7 1 10 12 1 10 12 10 12 1 10 7 12 1 9 7 12 1 1 1 10 12 1 10 12 1 5 0 5 0 5 0 5 0 5 0 5 0 5 0 5 0 5 0 5 0 5 0 5 0 5 0 5 0 5 0 5 0 9 12 1 1 10 12 1 10 12 1 5 0 5 0 5 0 5 0 5 0 9 12 1 9 12 1 5 0 5 0 5 0 10 12 1 1 5 0 5 0 100 1 10 5 0 5 0 9 12 1 9 12 1 10 12 1 1 10 12 1 1 5 0 5 0 5 0 5 0 5 0 5 0 5 0 5 0 5 0 5 0 9 12 1 10 7 1 10 7 1 9 12 1 10 12 1 1 9 12 1 10 12 1 1 7 1 10 12 1 10 12 1 1 10 12 1 10 12 1 1 10 12 1 10 12 1 1 9 12 9 10 9 12 1 1 9 10 12 1 1 10 12 1 1 10 12 1 10 12 1 10 12 1 9 9 12 1 9 12 1 10 12 1 1 9 12 1 10 12 1 10 12 1 10 12 1 1 10 12 1 10 9 10 12 1 1 10 12 1 10 12 1 10 12 1 10 12 1 10 12 1 10 12 1 10 12 1 10 12 1 10 5 0 5 0 10 12 1 1 10 12 1 1 10 12 1 1 9 5 0 5 0 10 12 1 1 10 12 1 1 8 1 10 12 1 1 10 12 10 12 1 1 9 10 12 1 1 10 12 1 1 10 12 1 10 10 12 1 1 10 12 1 10 12 1 1 9 7 12 1 1 1 10 12 1 1 10 12 1 10 12 1 1 10 12 1 10 12 10 12 1 10 12 1 1 10 12 1 1 10 12 1 1 10 12 1 10 12 1 1 10 12 1 5 0 10 12 1 1 10 12 1 1 18 12 1 10 12 1 1 5 0 10 12 1 1 9 10 7 1 10 12 1 1 10 10 12 1 1 10 10 12 1 1 10 12 1 1 10 7 12 1 1 1 5 0 10 12 1 10 10 12 1 10 12 1 1 5 0 10 12 1 1 10 12 1 1 10 12 1 11 12 1 1 11 7 1 10 12 1 10 12 1 10 12 1 10 12 1 1 10 12 1 1 10 12 1 1 10 12 1 1 10 12 1 1 10 12 1 1 10 100 1 10 12 1 1 10 12 9 12 1 10 12 1 9 12 1 9 12 1 10 12 1 10 12 1 10 12 1 1 18 12 1 11 7 12 1 1 1 11 12 1 1 10 7 12 1 1 10 12 1 1 9 12 1 9 12 1 7 1 9 12 1 10 10 12 1 10 12 1 10 12 1 1 9 100 12 1 1 7 1 9 12 1 10 10 12 1 10 12 1 1 10 12 1 9 12 1 10 12 1 10 12 1 9 12 1 10 12 1 10 12 1 10 9 12 1 10 12 1 1 9 12 1 10 12 9 12 10 12 1 9 12 1 10 12 1 10 12 1 10 9 12 1 10 9 12 1 1 9 10 12 1 9 9 12 1 10 12 1 1 9 12 1 9 100 12 1 9 100 1 10 12 1 9 12 1 9 12 1 9 12 1 10 12 1 1 10 7 1 9 10 9 12 1 100 1 9 8 1 10 10 12 1 10 100 1 10 12 1 1 10 100 12 1 1 1 10 12 1 1 7 1 10 12 1 10 12 10 12 1 10 12 1 10 12 1 1 10 12 1 10 12 1 7 1 10 10 12 1 1 9 12 1 9 12 1 9 12 1 9 5 0 10 12 1 1 10 12 1 1 5 0 10 12 1 1 10 12 1 1 10 12 1 1 5 0 10 12 10 12 1 1 9 12 1 9 12 1 5 0 10 12 1 9 12 1 1 10 12 1 10 12 1 1 10 12 5 0 10 12 1 1 10 12 1 1 7 1 10 10 12 1 10 7 12 1 1 18 12 1 11 12 1 1 10 9 10 12 1 5 0 10 8 1 8 1 9 9 10 12 1 1 10 10 12 1 1 7 1 10 10 12 1 10 12 1 1 10 10 10 12 1 10 12 1 1 10 12 1 9 12 1 100 1 10 18 12 1 10 12 1 1 10 12 1 1 18 12 1 10 18 18 12 1 18 12 1 18 12 1 18 12 1 9 12 1 10 12 1 11 12 1 1 10 100 12 1 1 18 12 1 1 11 12 1 1 18 12 1 10 100 12 1 1 1 10 12 1 1 11 12 1 1 11 12 1 1 11 7 1 18 11 100 12 1 1 1 11 12 1 1 18 10 12 1 1 11 100 1 11 12 1 11 100 12 1 1 1 11 12 18 12 1 10 12 1 1 9 12 1 100 1 10 12 1 1 9 12 1 10 100 12 1 1 1 10 12 1 1 10 12 1 10 12 1 10 12 1 1 9 12 1 9 12 1 9 12 1 10 12 1 9 12 1 10 12 1 10 12 1 10 12 1 10 12 1 10 9 12 1 1 9 12 1 8 1 10 12 1 8 1 8 1 8 1 10 12 1 10 12 1 1 10 12 1 1 10 12 1 10 12 1 1 11 9 12 1 11 12 1 7 1 10 10 12 1 10 12 1 10 12 1 9 12 1 10 12 1 9 12 1 9 12 10 12 1 1 10 12 1 1 10 12 1 1 10 12 1 9 12 1 10 12 1 1 9 12 1 9 12 1 9 12 1 9 12 1 9 12 1 9 12 1 10 12 1 1 10 100 12 1 1 1 10 100 1 10 12 1 18 12 1 10 12 1 1 9 12 1 1 10 12 1 1 9 12 1 9 10 12 1 1 10 12 1 10 12 1 1 10 10 12 11 11 10 12 1 10 10 9 12 1 10 12 1 1 9 12 1 10 12 1 9 12 1 9 12 1 10 10 12 1 10 12 1 9 12 1 10 10 12 1 1 10 12 1 9 7 1 9 12 1 9 12 9 12 1 9 12 1 9 12 1 100 1 10 12 1 10 12 1 1 10 12 1 10 12 1 1 10 12 1 10 12 1 10 12 1 1 10 12 1 1 10 12 1 10 12 1 1 9 12 1 10 100 1 9 12 1 1 9 12 1 10 12 10 12 1 1 9 12 1 10 12 1 9 12 1 10 12 1 10 12 1 1 10 12 1 7 1 10 9 7 12 1 1 7 1 9 12 1 10 12 1 1 10 12 1 9 12 1 1 10 12 1 1 11 12 1 11 9 12 1 9 12 1 9 12 1 10 10 12 1 9 12 1 1 10 12 1 10 10 12 1 1 9 12 1 18 12 1 11 12 1 1 10 12 1 10 12 1 10 12 1 1 9 100 12 1 1 9 12 1 9 12 1 9 12 1 9 12 10 12 1 1 10 12 1 10 12 1 1 10 7 12 1 1 1 10 12 1 1 9 12 1 1 10 10 12 1 1 7 100 1 10 12 1 10 12 1 10 12 1 1 10 12 1 9 12 1 9 12 1 7 1 9 12 1 11 12 10 12 1 1 10 12 1 10 12 10 12 1 10 12 1 1 10 12 1 10 12 1 9 12 1 9 12 1 9 12 1 100 1 9 12 1 9 12 1 9 12 1 10 12 1 5 0 9 12 1 9 12 1 9 12 1 10 12 1 1 18 12 1 10 12 1 10 12 1 11 100 1 100 1 10 12 1 5 0 10 12 1 1 9 12 1 10 12 1 1 10 12 1 1 5 0 10 12 1 10 12 1 1 10 12 10 12 1 10 12 1 10 12 1 10 12 1 1 5 0 10 12 1 9 12 1 10 12 1 5 0 9 10 12 1 9 12 1 10 12 1 10 10 12 1 1 7 1 10 10 12 10 12 1 1 10 12 1 11 12 1 11 7 1 10 12 1 1 18 10 12 1 9 12 1 7 1 10 10 12 1 10 12 1 9 12 1 10 12 1 7 1 10 12 1 7 1 9 12 1 100 1 9 12 1 9 12 1 1 9 12 1 10 12 1 1 10 12 1 10 12 9 7 12 1 1 1 9 12 1 10 7 1 9 12 1 10 9 12 1 9 12 1 10 12 1 1 10 12 1 10 12 1 5 0 5 0 9 12 1 10 12 1 9 7 12 1 10 12 1 1 9 12 1 1 9 9 12 1 7 1 9 12 1 1 18 10 10 10 10 12 1 1 10 12 1 18 12 1 10 12 1 10 12 1 10 12 1 10 12 1 10 12 1 10 12 1 9 12 1 9 10 12 1 1 5 0 10 12 1 1 9 12 1 1 9 12 1 1 9 11 12 1 1 10 12 1 1 9 12 1 5 0 10 12 1 1 9 12 1 10 100 1 10 12 1 9 12 1 100 1 9 10 9 12 1 10 12 1 1 7 1 8 1 10 12 1 8 1 10 10 12 1 1 100 1 10 10 10 12 1 10 12 1 10 12 1 7 1 9 12 1 9 12 1 1 10 9 12 1 10 12 1 1 9 100 12 1 1 1 10 12 1 1 10 12 1 1 9 10 9 12 1 10 12 1 9 12 1 10 12 1 10 12 1 1 10 12 1 1 100 1 9 9 12 1 9 12 1 10 12 1 1 100 1 10 12 1 10 5 0 10 12 1 10 12 1 1 10 12 1 10 12 1 1 10 12 1 9 12 1 10 5 0 9 12 1 100 1 10 12 1 9 12 1 10 12 1 9 10 12 1 10 10 10 12 1 9 12 1 9 12 1 100 1 9 12 1 100 1 9 10 12 1 100 1 100 1 10 9 12 1 10 12 1 1 18 18 18 11 12 1 9 12 1 18 9 12 1 10 12 1 1 9 12 1 1 9 100 12 1 1 9 12 1 100 1 9 12 1 1 10 12 1 9 12 1 9 12 1 10 12 1 1 9 12 1 100 1 10 12 1 10 9 12 1 10 9 12 1 9 12 1 10 12 1 1 10 12 1 10 12 1 1 10 12 1 1 10 9 100 1 8 1 10 12 1 10 12 1 7 1 100 1 100 1 9 12 1 8 1 10 9 12 1 10 12 1 100 1 10 10 12 1 18 12 1 1 9 12 1 10 12 1 1 9 12 1 9 12 1 100 1 10 9 9 12 1 9 12 9 5 0 9 12 1 1 9 7 1 9 9 12 9 9 10 12 1 1 7 1 9 9 10 12 1 10 12 1 9 12 1 9 8 1 9 12 1 7 1 10 10 9 12 1 10 12 1 18 12 1 18 12 1 11 9 12 1 10 12 1 9 12 1 9 100 12 1 1 1 9 100 12 1 1 10 9 10 12 1 1 10 12 1 1 9 12 1 10 12 1 10 100 12 1 1 18 11 100 12 1 1 11 100 12 1 1 10 11 10 100 12 1 1 1 10 12 1 18 18 18 12 1 11 12 1 11 10 12 1 1 11 18 12 1 18 10 12 1 1 10 18 12 1 10 12 1 1 10 12 1 1 18 12 1 11 12 1 10 12 1 1 18 9 12 1 11 100 12 1 9 12 1 10 12 1 10 12 1 1 7 1 10 7 1 10 1 1 1 1 3 1 3 1 1 1 1 1 1 1 1 1 1 1 1 1 1 1 1 1 1 1 1 1 1 1 1 1 1 1 1 1 1 100 1 1 1 1 1 1 1 100 1 1 1 1 1 1 1 1 1 1 1 1 1 1 1 1 1 1 1 1 1 1 1 1 1 1 1 1 1 1 1 1 1 1 1 1 1 1 1 1 1 1 1 1 1 1 1 1 1 1 1 1 1 1 1 1 1 1 1 1 1 1 1 1 1 1 1 1 1 1 1 1 1 1 1 1 1 1 1 1 1 1 1 1 1 1 1 1 1 1 1 1 1 1 1 1 1 1 1 1 1 1 1 1 1 1 100 1 1 1 1 1 1 1 1 1 1 1 1 1 1 1 1 1 1 1 1 1 1 1 1 1 1 1 1 1 1 1 1 1 1 1 1 1 1 1 1 1 1 1 1 1 1 1 1 1 1 1 1 1 1 1 1 1 1 1 1 1 1 1 1 1 1 1 1 1 1 1 1 1 1 1 1 1 1 1 1 1 1 1 1 1 1 1 1 1 1 1 1 1 1 1 1 1 1 1 1 1 1 1 1 1 1 1 1 1 1 100 1 1 1 1 1 1 1 1 1 1 1 1 1 1 1 1 1 1 1 1 1 1 1 1 1 100 1 1 1 1 1 1 1 1 1 1 1 1 1 1 1 1 1 1 1 1 1 1 1 1 1 1 1 1 1 1 1 1 1 1 1 1 1 1 1 1 1 1 1 1 1 1 1 1 1 1 1 1 1 1 1 1 1 1 1 1 1 1 1 1 1 1 1 1 1 1 1 1 1 1 1 1 1 1 1 1 1 1 1 1 1 1 1 1 1 1 1 1 1 1 1 1 1 1 1 1 1 1 1 1 1 1 1 1 100 1 1 1 1 1 1 1 1 1 1 1 100 1 1 1 1 1 1 1 1 1 1 1 1 100 1 1 1 1 1 1 1 1 1 1 1 1 1 1 1 1 1 1 1 1 1 1 1 1 1 1 1 1 1 1 1 1 1 1 1 1 1 1 1 1 1 1 1 1 1 1 1 1 1 1 1 1 1 1 1 1 1 1 1 1 1 1 1 1 1 1 1 1 1 1 1 1 1 1 1 1 1 1 1 1 1 1 1 1 1 1 1 1 1 1 1 1 1 1 1 1 1 1 1 1 1 1 1 1 1 1 1 1 1 1 1 1 1 1 1 1 1 1 1 1 1 1 1 1 1 1 1 1 1 1 1 1 1 1 1 1 1 1 1 1 1 1 1 1 1 1 1 1 1 1 1 1 1 1 1 1 1 1 1 1 1 1 1 1 1 1 1 1 1 1 1 1 1 1 1 1 1 1 1 1 1 1 1 1 1 1 1 1 1 1 1 1 1 1 1 1 1 1 1 1 1 1 1 1 1 1 1 1 1 1 1 1 1 1 1 1 1 1 1 1 1 1 1 1 1 1 1 1 1 1 1 1 1 1 1 1 1 1 1 1 1 1 1 1 1 1 1 1 1 1 1 1 1 1 1 1 1 1 1 1 1 1 1 1 1 1 1 1 1 1 1 1 1 1 1 1 1 1 1 1 100 1 1 16 15 10 12 16 16 1 15 10 12 15 10 12 16 15 10 12 16 15 10 12 16 1 16 15 16 15 16 1 15 10 12 16 1 15 10 12 15 10 12 16 15 10 12 16 1 15 10 12 16 1 15 10 12 16 15 10 100 12 1 1 16 1 15 10 12 16 15 10 12 16 15 11 12 16 1 16 15 10 12 15 10 12 16 15 10 12 16 1 15 10 12 15 10 12 16 15 10 12 15 10 12 15 10 12 16 15 10 12 16 15 10 12 16 15 10 12 15 10 12 16 1 15 10 12 16 1 15 10 12 16 15 10 12 16 15 10 12 16 15 10 12 15 10 12 16 1 16 1 15 10 12 16 1 15 10 12 15 10 12 15 10 7 12 1 1 1 15 10 7 12 1 1 1 1 1 1 1 1 1 1 100 1 1 1 1 100 1 1 1 1 1 1 1 1 1 1 1 1 1 100 1 1 1 1 1 1 1 1 1 1 1 1 1 1 1 1 1 1 1 1 100 1 1 1 1 1 1 1 1 1 100 1 1 1 1 1 1 1 100 1 1 1 1 1 1 1 1 1 1 1 100 1 1 1 1 1 1 1 1 100 1 1 1 1 1 1 100 1 1 1 1 1 100 1 1 1 1 1 1 1 100 1 1 1 1 1 1 1 1 1 1 1 1 1 1 1 100 1 100 1 1
staticfield com/sun/tools/javac/comp/Check checkKey Lcom/sun/tools/javac/util/Context$Key; com/sun/tools/javac/util/Context$Key
staticfield com/sun/tools/javac/comp/Check denotableChecker Lcom/sun/tools/javac/code/Types$SimpleVisitor; com/sun/tools/javac/comp/Check$2
instanceKlass com/sun/tools/javac/code/Types$Adapter
instanceKlass com/sun/tools/javac/comp/Check$RequiresIdentityVisitor
instanceKlass com/sun/tools/javac/code/Types$MembersClosureCache
instanceKlass com/sun/tools/javac/code/Types$13
instanceKlass com/sun/tools/javac/code/Types$12
instanceKlass com/sun/tools/javac/code/Types$TypeRelation
instanceKlass com/sun/tools/javac/code/Types$2
instanceKlass com/sun/tools/javac/comp/Resolve$1
instanceKlass com/sun/tools/javac/comp/Check$2
instanceKlass com/sun/tools/javac/code/Types$UnaryVisitor
ciInstanceKlass com/sun/tools/javac/code/Types$SimpleVisitor 1 1 69 10 7 12 1 1 1 10 7 12 1 1 1 9 100 12 1 1 1 10 12 1 1 9 100 1 1 1 1 1 1 1 1 1 1 1 1 1 1 1 1 1 1 1 1 1 1 1 1 1 1 1 1 1 100 1 1 1 1 100 1 100 1 1 1 1 100 1 1
instanceKlass com/sun/tools/javac/comp/Check$ConversionWarner
ciInstanceKlass com/sun/tools/javac/util/Warner 1 1 78 9 7 12 1 1 1 9 12 1 1 10 7 12 1 1 1 9 12 1 10 7 12 1 1 1 9 12 1 1 10 7 12 1 1 1 10 12 1 10 12 1 1 10 12 1 10 12 1 10 12 1 1 1 1 1 1 1 1 1 1 1 1 1 1 1 1 1 1 1 100 1 100 1 1 100 1 1
ciInstanceKlass com/sun/tools/javac/comp/Check$1 1 1 121 10 7 12 1 1 1 9 7 12 1 1 1 10 7 12 1 1 1 9 7 12 1 1 1 10 100 12 1 1 1 10 100 12 1 1 1 9 12 1 1 10 7 12 1 1 1 10 12 1 1 9 12 1 1 9 7 12 1 1 1 9 12 1 1 9 7 12 1 1 1 8 1 100 1 1 1 1 1 1 1 1 1 1 1 1 1 1 1 1 1 1 1 1 1 1 1 1 1 1 1 1 1 1 1 1 100 1 1 100 1 100 1 1 100 1 1 100 1 1 1
ciInstanceKlass com/sun/tools/javac/comp/Resolve 1 1 2778 100 1 10 7 12 1 1 1 7 1 10 12 1 9 7 12 1 1 1 7 1 10 9 12 1 1 7 1 10 9 12 1 7 1 10 9 12 1 7 1 10 9 12 1 1 18 12 1 1 9 12 1 1 7 1 10 9 12 1 18 12 1 9 12 1 10 12 1 1 9 12 1 9 12 1 7 1 10 9 12 1 1 7 1 10 9 12 1 7 1 10 9 12 1 7 1 10 9 12 1 1 7 1 10 9 12 1 7 1 8 1 10 12 1 9 12 1 1 9 7 12 1 1 1 9 12 1 9 12 1 10 7 12 1 1 1 9 12 1 1 9 12 1 1 9 12 1 1 10 7 12 1 1 1 10 7 12 1 1 1 9 12 1 1 7 1 9 7 12 1 1 1 10 12 1 9 12 1 1 9 12 1 9 12 1 9 12 1 9 12 1 10 7 12 1 1 1 9 12 1 1 10 7 12 1 1 9 12 1 1 10 7 12 1 1 9 12 1 1 10 7 12 1 1 9 12 1 1 10 7 12 1 1 9 12 1 1 10 7 12 1 1 9 12 1 1 10 7 12 1 1 9 12 1 1 10 7 12 1 1 9 12 1 1 10 7 12 1 1 9 12 1 1 10 7 12 1 1 9 12 1 1 10 7 12 1 1 9 12 1 1 10 7 12 1 1 9 12 1 1 10 7 12 1 1 9 12 1 1 10 7 12 1 1 10 7 12 1 1 9 7 12 1 1 1 8 1 10 12 1 1 10 12 1 1 8 1 10 12 1 9 12 1 1 10 7 12 1 1 1 9 12 1 1 10 7 12 1 1 9 7 12 1 1 1 10 12 1 1 9 12 1 9 12 1 9 12 1 9 12 1 9 12 1 9 12 1 1 10 7 12 1 1 1 9 12 1 1 9 12 1 9 12 1 9 12 1 9 12 1 8 1 10 12 9 12 1 8 1 9 12 1 10 12 9 12 1 10 12 1 1 10 12 1 9 7 12 1 1 10 12 1 1 10 12 1 1 9 12 1 1 10 7 12 1 1 1 9 12 1 9 12 1 1 9 12 1 9 12 1 1 9 12 1 1 9 7 12 1 1 9 12 1 9 12 1 1 9 7 12 1 1 9 12 1 9 7 12 1 1 9 12 1 100 1 10 9 12 1 10 12 1 1 11 7 12 1 1 11 12 1 1 100 1 9 12 1 9 10 12 1 9 12 1 9 12 1 9 12 1 9 12 1 10 12 1 1 9 12 1 1 10 12 1 1 10 12 1 1 8 1 8 1 100 1 10 100 12 1 1 1 9 7 12 1 1 1 10 12 1 10 12 1 1 10 12 1 1 10 100 12 1 1 1 10 12 1 1 10 12 1 1 100 1 10 12 1 1 10 12 1 10 12 1 1 9 9 7 12 1 1 1 10 12 1 1 10 100 12 1 1 1 10 12 1 1 8 1 8 1 10 12 1 10 12 1 1 9 7 12 1 1 1 9 12 1 1 7 1 9 12 1 1 9 12 1 9 10 12 1 9 12 1 9 12 1 9 12 1 10 12 1 1 5 0 5 0 10 12 1 1 9 12 1 1 9 7 12 1 1 1 9 7 12 1 1 5 0 9 12 1 9 12 1 1 9 7 12 1 1 1 10 7 12 1 1 1 9 7 1 10 5 0 9 12 1 1 9 7 12 1 10 12 1 1 9 10 9 12 1 10 7 12 1 1 9 12 1 1 9 12 1 11 7 12 1 9 12 1 9 12 1 9 12 1 1 11 100 1 10 12 1 1 9 12 1 9 10 12 1 1 9 12 1 1 10 12 1 10 12 1 1 9 10 12 9 12 1 10 12 1 1 10 12 1 10 12 1 10 12 1 100 1 10 12 1 1 11 7 12 1 1 1 10 100 12 1 1 1 18 12 1 1 11 100 12 1 1 1 10 12 1 10 10 12 1 1 10 12 1 10 12 1 1 10 12 1 1 9 12 1 9 12 1 9 12 1 1 10 12 1 7 1 10 12 1 1 10 12 1 10 12 1 1 10 12 1 1 9 12 1 10 12 1 10 5 0 10 10 7 12 1 1 1 10 12 1 10 12 1 7 1 10 12 1 1 9 12 1 7 1 10 12 1 1 10 12 1 1 10 12 1 9 12 1 100 1 10 12 1 1 10 12 1 1 10 12 1 1 10 12 1 1 9 12 1 9 12 1 10 12 1 10 12 1 1 10 12 1 100 1 10 12 1 1 9 12 1 1 10 12 1 1 9 12 1 10 12 1 11 7 12 1 1 1 10 7 1 10 9 7 12 1 1 9 12 1 9 12 1 9 12 1 9 7 12 1 1 1 10 7 12 1 1 7 1 9 12 1 1 11 7 12 1 1 1 10 12 1 9 12 1 10 12 1 10 12 1 10 12 1 1 10 12 1 1 10 12 1 1 11 9 12 1 5 0 10 12 1 100 1 10 12 1 10 12 1 9 12 1 10 12 1 1 10 12 1 1 10 12 1 1 9 12 1 10 12 1 100 1 10 12 1 100 1 100 1 10 12 1 1 10 12 100 1 10 12 1 10 12 1 9 12 1 10 12 1 1 100 1 10 7 1 9 12 1 1 9 12 1 1 10 10 12 1 1 9 10 12 1 1 9 12 1 5 0 7 1 10 12 1 1 100 1 10 12 1 10 7 12 1 1 1 9 12 1 10 12 1 10 12 1 1 10 12 1 1 10 12 1 1 9 7 12 1 1 1 10 12 1 7 1 10 12 1 9 9 100 12 1 1 1 10 12 1 7 1 10 9 12 1 9 12 1 9 12 1 10 12 1 1 10 12 1 1 10 12 1 10 12 1 5 0 10 12 1 10 12 1 1 5 0 9 12 1 10 12 1 1 100 1 10 10 7 12 1 1 1 11 12 1 1 10 12 1 10 12 1 1 10 12 1 9 7 12 1 1 1 10 12 1 1 10 12 1 100 1 10 8 1 10 12 1 10 12 1 8 1 10 12 1 10 12 1 10 12 1 10 12 1 1 10 12 5 0 7 1 10 12 1 10 12 1 10 12 1 1 10 12 1 1 10 12 1 1 9 7 12 1 1 1 10 10 12 10 12 1 1 10 12 1 1 10 12 1 1 10 10 12 1 10 12 1 1 10 12 1 10 12 1 1 10 9 12 1 5 0 100 1 10 12 1 18 12 1 9 12 1 10 12 1 10 100 1 10 10 100 1 10 10 12 1 10 12 1 7 1 100 1 10 12 1 7 1 11 7 12 1 1 18 12 1 10 12 1 1 10 12 1 1 10 10 12 1 18 12 1 1 18 12 1 18 12 1 10 12 1 1 9 12 1 7 1 9 12 1 1 9 12 1 10 7 12 1 1 9 12 1 100 1 9 12 1 1 10 12 1 11 100 12 1 11 100 12 1 10 12 1 1 100 1 10 12 1 1 10 12 1 11 12 1 11 12 1 11 9 12 1 1 9 12 1 10 12 1 1 9 11 100 12 1 1 10 12 1 100 1 10 12 1 11 12 1 10 12 1 10 12 1 10 12 1 10 12 1 1 10 12 1 9 12 1 10 12 1 1 9 12 1 10 12 1 10 12 1 1 9 12 1 9 12 1 10 12 1 1 10 12 1 1 10 12 1 10 12 1 1 9 7 12 1 1 1 10 12 1 10 12 1 1 9 12 10 12 1 9 12 1 10 12 10 12 1 1 10 12 1 1 10 9 12 1 1 9 100 12 1 1 10 12 1 1 10 12 1 9 12 1 1 9 12 1 10 7 12 1 1 100 1 10 12 1 9 12 1 10 100 12 1 1 1 10 12 1 1 10 12 1 1 11 100 12 1 1 1 11 12 1 1 10 12 1 1 10 12 1 1 10 12 1 1 10 12 1 1 10 100 12 1 1 1 10 12 1 10 100 12 1 1 1 10 12 1 10 12 1 10 12 1 7 1 10 12 1 10 12 1 1 10 12 1 1 10 12 1 10 7 1 10 10 12 1 10 12 1 1 10 12 1 1 10 12 1 10 12 1 10 12 1 10 12 1 9 12 1 10 12 1 5 0 5 0 100 1 10 10 12 1 1 10 12 1 10 12 1 1 7 1 10 12 1 10 12 1 10 12 1 1 10 12 1 7 1 10 10 12 1 1 10 12 1 10 12 1 1 10 12 1 1 10 12 1 7 1 10 10 12 1 10 12 1 1 10 12 1 1 10 12 1 10 12 1 1 7 1 10 12 1 100 1 10 12 1 100 1 10 9 7 12 1 1 10 12 1 1 10 12 1 10 12 1 10 7 12 1 1 1 10 7 12 1 1 1 7 1 9 10 12 1 9 12 1 10 5 0 9 12 1 8 1 8 1 9 12 1 1 9 12 1 8 1 9 12 1 9 12 1 10 10 7 12 1 1 1 10 12 1 1 10 12 1 1 10 12 1 10 12 1 9 12 1 10 12 1 1 100 1 10 9 9 12 1 10 12 1 1 10 12 1 1 9 10 12 1 10 12 1 1 9 12 1 10 12 1 10 12 1 10 12 1 1 10 12 1 1 9 12 1 10 12 1 10 12 1 1 9 12 1 10 12 1 10 12 1 1 9 12 1 9 12 1 1 9 100 12 1 1 9 100 1 9 12 1 9 12 1 10 12 1 1 9 12 1 10 100 1 10 100 1 10 12 1 1 10 12 1 1 9 9 12 1 10 12 1 1 10 10 12 1 1 9 12 10 9 100 12 1 1 1 10 100 12 1 1 1 10 9 12 1 100 1 9 12 9 12 1 10 10 12 1 10 12 1 1 10 12 1 1 10 12 1 10 9 12 1 10 12 1 18 12 1 11 12 1 10 12 1 10 12 1 10 12 1 10 12 1 9 100 1 10 10 100 12 1 1 1 18 12 1 10 12 1 18 7 1 10 12 1 7 1 10 1 1 1 1 1 1 1 1 1 1 1 1 1 1 1 1 1 1 1 1 1 1 1 1 1 1 1 1 1 1 1 1 1 1 1 1 1 1 1 1 1 1 1 1 100 1 100 1 1 1 1 1 1 1 1 1 1 1 1 1 1 1 1 1 1 1 1 1 1 1 1 1 1 1 1 1 1 1 1 1 1 1 1 1 1 1 1 1 1 100 1 1 1 1 1 100 1 1 1 1 1 1 1 1 1 1 1 1 1 1 1 1 100 1 1 1 1 1 1 1 1 1 1 1 1 1 1 1 1 1 1 1 1 1 1 1 1 1 1 1 1 1 1 1 1 1 1 1 1 1 1 1 1 1 1 1 1 1 100 100 1 1 1 1 1 1 1 1 1 1 1 1 1 1 1 1 1 1 1 1 1 1 1 1 1 1 1 1 1 1 1 1 1 1 1 1 1 1 1 1 1 1 1 1 1 1 1 1 1 1 1 1 1 1 1 1 1 1 1 1 1 1 1 1 1 1 1 1 1 1 1 1 1 1 1 1 1 1 1 1 1 1 1 1 1 1 1 1 1 1 1 1 1 1 1 1 1 1 1 1 1 1 1 1 1 1 1 1 1 1 1 1 1 1 1 1 1 1 1 100 1 1 1 1 100 1 100 1 100 1 1 1 1 1 1 1 1 1 1 1 1 1 1 1 1 1 1 1 1 1 1 1 1 1 1 1 1 1 1 1 1 1 1 1 1 1 1 1 1 1 1 1 1 1 1 1 1 1 1 1 1 1 1 1 1 1 1 1 1 1 1 1 1 1 1 1 100 1 100 1 100 1 100 1 100 1 100 1 100 1 100 1 100 1 100 1 100 1 100 1 100 1 100 1 100 1 100 1 100 1 100 1 100 1 100 1 100 1 100 1 100 1 100 1 100 1 100 1 100 1 100 1 100 1 100 1 1 16 15 10 12 15 10 12 16 15 10 12 16 16 15 10 12 15 10 12 16 15 10 12 1 16 16 15 10 12 1 16 15 10 12 16 15 10 12 16 1 15 10 12 16 1 15 10 12 15 10 7 12 1 1 1 1 1 1 1 1 1 100 1 1 1 1 1 1 1 1 1 1 1 1 1 1 1 1 1 1 1 100 1 1 1 1 1 1 1 1 1 100 1 1 1 1 1 1 1 1 1 1 1 1 1 1 1 1 1 1 1 1 1 1 1 1 1 100 1 1 1 1 1 1 1 1 1 1 100 1 100 1 1 1 1 1 1 1 100 1 1 100 1 1 1 100 1 1 1 1 1 1 1 1 1 1 1 1 1 1 100 1 1 1 1 1 1 1 1 1 1 1 1 1 1 1 1 1 1 1 1 1 1 1 100 1 100 1 1
staticfield com/sun/tools/javac/comp/Resolve resolveKey Lcom/sun/tools/javac/util/Context$Key; com/sun/tools/javac/util/Context$Key
ciInstanceKlass com/sun/tools/javac/comp/Resolve$16 1 1 50 9 7 12 1 1 1 10 7 12 1 1 1 10 7 12 1 1 1 1 1 1 1 1 1 1 1 1 1 1 1 1 1 1 1 1 1 1 1 1 100 1 12 1 1 1 1 100 1 1
instanceKlass com/sun/tools/javac/comp/Resolve$MethodReferenceCheck
instanceKlass com/sun/tools/javac/comp/Resolve$4
instanceKlass com/sun/tools/javac/comp/Resolve$3
ciInstanceKlass com/sun/tools/javac/comp/Resolve$AbstractMethodCheck 1 1 270 10 7 12 1 1 1 9 7 12 1 1 1 10 7 12 1 1 1 9 7 12 1 1 1 10 7 12 1 1 1 10 12 1 1 10 7 12 1 1 1 9 12 1 1 10 7 12 1 1 1 100 1 10 12 1 1 9 7 12 1 1 1 10 12 1 1 10 12 1 9 12 1 1 100 1 10 12 1 1 9 12 1 1 9 7 12 1 1 1 10 7 12 1 1 1 9 7 12 1 1 7 1 9 12 1 1 9 12 1 9 12 1 1 9 7 12 1 1 9 12 1 1 9 12 1 10 7 12 1 1 1 10 7 12 1 1 1 10 7 12 1 1 1 9 12 1 1 9 7 12 1 1 1 9 12 1 1 10 7 12 1 1 1 10 7 12 1 1 1 10 12 1 1 10 12 1 1 10 7 12 1 1 1 9 12 1 1 9 12 1 1 10 12 1 100 1 1 1 1 1 1 1 1 1 1 1 1 1 1 1 1 1 1 1 1 1 1 1 1 1 1 1 1 1 1 1 1 100 1 100 1 1 1 1 1 1 1 1 1 100 1 1 1 1 1 1 1 1 1 1 100 1 1 1 1 100 1 1 1 1 100 1 1 1 1 100 1 1 1
ciInstanceKlass com/sun/tools/javac/comp/Resolve$AbstractMethodCheck$SharedInapplicableMethodException 1 1 57 10 7 12 1 1 1 9 7 12 1 1 1 9 7 12 1 1 1 9 7 12 1 1 1 10 7 12 1 1 1 9 12 1 1 1 1 1 5 0 1 1 1 1 1 1 1 1 1 1 1 1 1 1 1 1 1
ciInstanceKlass com/sun/tools/javac/comp/Resolve$4 1 1 279 10 7 12 1 1 1 9 7 12 1 1 1 10 7 12 1 1 1 10 12 1 1 10 7 12 1 1 1 10 12 1 1 9 7 12 1 1 1 10 7 12 1 1 1 9 12 1 1 9 100 12 1 1 9 7 12 1 1 1 10 100 12 1 1 1 100 1 10 7 12 1 1 1 9 12 1 1 10 12 1 1 10 7 12 1 1 1 10 12 1 1 18 12 1 1 10 12 1 1 10 12 1 10 12 1 1 9 100 12 1 1 1 9 100 12 1 1 1 9 12 1 1 9 100 12 1 1 1 100 1 10 100 12 1 1 1 10 12 1 1 7 1 10 12 1 10 12 1 7 1 10 12 1 7 1 10 12 1 8 1 10 12 1 1 1 1 1 1 1 1 1 1 1 1 1 1 1 1 1 1 1 1 1 1 1 1 1 1 1 1 1 1 1 1 1 1 1 1 1 1 1 1 1 1 100 1 1 1 1 1 1 1 1 1 1 1 1 1 1 16 1 15 10 12 15 10 100 12 1 1 1 1 1 100 1 1 100 1 1 100 1 100 1 1 1 1 100 1 100 1 1 100 1 1 100 1 100 1 1 1 100 1 1 1 100 1 100 1 1 1 100 1 1 100 1 100 1 1
ciInstanceKlass com/sun/tools/javac/comp/Resolve$MethodResultInfo 1 1 147 10 7 12 1 1 1 9 7 12 1 1 1 9 7 12 1 1 1 9 7 12 1 1 1 10 7 12 1 1 1 9 7 12 1 1 1 10 7 12 1 1 1 7 1 10 12 1 1 10 12 1 1 11 7 12 1 1 1 9 12 1 1 10 7 12 1 1 9 12 1 1 11 7 12 1 1 1 10 7 12 1 1 1 9 12 1 1 10 7 12 1 1 1 10 12 9 12 1 1 10 12 1 10 12 1 10 12 1 1 1 1 1 1 1 1 1 1 1 1 1 1 1 1 1 1 1 1 1 1 1 1 1 1 100 1 1 100 1 1 1 100 1 1 100 1 1
instanceKlass com/sun/tools/javac/comp/AttrContextEnv
ciInstanceKlass com/sun/tools/javac/comp/Env 1 1 127 10 7 12 1 1 1 9 7 12 1 1 1 9 12 1 1 9 12 1 9 12 1 1 9 12 1 1 9 12 1 1 9 12 1 1 9 12 1 1 10 12 1 10 12 1 1 10 12 1 1 10 7 12 1 1 1 100 1 10 8 1 10 12 1 1 10 12 1 8 1 8 1 10 12 1 1 100 1 10 12 1 100 1 1 1 1 1 1 1 1 1 1 1 1 1 1 1 1 1 1 1 1 1 1 1 1 1 1 1 1 1 1 1 1 100 1 1 100 1 1 100 1 1 100 1 1
instanceKlass com/sun/tools/javac/comp/Resolve$MethodResolutionPhase$1
ciInstanceKlass com/sun/tools/javac/comp/Resolve$MethodResolutionPhase 1 1 80 7 1 9 12 1 1 9 12 1 9 12 1 9 12 1 1 10 100 12 1 1 10 7 12 1 1 1 10 12 1 1 9 12 1 1 9 12 1 8 10 12 1 8 7 1 8 10 10 12 1 1 1 1 1 1 1 1 1 1 1 1 1 1 1 1 1 1 1 1 1 1 1 1 1 7 1 1 1 1
staticfield com/sun/tools/javac/comp/Resolve$MethodResolutionPhase BASIC Lcom/sun/tools/javac/comp/Resolve$MethodResolutionPhase; com/sun/tools/javac/comp/Resolve$MethodResolutionPhase
staticfield com/sun/tools/javac/comp/Resolve$MethodResolutionPhase BOX Lcom/sun/tools/javac/comp/Resolve$MethodResolutionPhase; com/sun/tools/javac/comp/Resolve$MethodResolutionPhase
staticfield com/sun/tools/javac/comp/Resolve$MethodResolutionPhase VARARITY Lcom/sun/tools/javac/comp/Resolve$MethodResolutionPhase; com/sun/tools/javac/comp/Resolve$MethodResolutionPhase$1
staticfield com/sun/tools/javac/comp/Resolve$MethodResolutionPhase $VALUES [Lcom/sun/tools/javac/comp/Resolve$MethodResolutionPhase; 3 [Lcom/sun/tools/javac/comp/Resolve$MethodResolutionPhase;
ciInstanceKlass com/sun/tools/javac/comp/Resolve$MethodResolutionPhase$1 1 1 69 10 7 12 1 1 1 9 7 12 1 1 1 10 7 12 1 1 1 9 12 1 10 7 12 1 1 1 9 7 12 1 1 1 10 12 1 1 9 12 1 100 1 1 1 1 1 1 1 1 1 1 1 1 1 1 1 1 1 1 1 1 7 1 1 1 100 1 1
ciInstanceKlass com/sun/tools/javac/comp/DeferredAttr 1 1 714 9 7 12 1 1 1 10 7 12 1 1 1 10 12 1 1 10 7 12 1 1 7 1 10 12 1 9 12 1 1 10 12 1 1 10 7 12 1 1 1 9 12 1 1 10 7 12 1 1 9 12 1 1 10 7 12 1 1 9 12 1 1 10 7 12 1 1 9 12 1 1 10 7 12 1 1 9 12 1 1 10 7 12 1 1 9 12 1 1 10 7 12 1 1 9 12 1 1 10 7 12 1 1 9 12 1 1 10 7 12 1 1 9 12 1 1 10 7 12 1 1 9 12 1 1 10 7 12 1 1 9 12 1 1 10 7 12 1 1 9 12 1 1 10 7 12 1 1 9 12 1 1 10 7 12 1 1 9 12 1 1 9 12 1 1 10 12 1 1 9 7 12 1 1 1 10 7 12 1 1 1 9 12 1 1 10 7 12 1 1 9 12 1 1 10 7 12 1 1 9 12 1 1 7 1 9 7 12 1 1 1 9 7 12 1 1 1 9 12 1 1 10 12 1 9 12 1 1 7 1 10 12 1 9 12 1 1 7 1 10 9 12 1 1 7 1 10 9 7 12 1 1 1 10 12 1 1 10 12 1 1 9 7 12 1 1 1 9 12 1 100 1 10 12 1 1 10 12 1 1 7 1 9 12 1 1 10 12 1 1 10 12 1 1 10 12 1 1 10 12 1 1 9 7 12 1 1 1 7 1 9 12 1 1 10 12 1 1 10 12 1 10 7 12 1 1 1 18 12 1 1 11 7 12 1 1 1 18 12 1 1 11 12 1 1 10 12 1 1 11 12 1 1 10 12 1 1 7 1 9 7 12 1 1 1 10 12 1 1 100 1 9 12 1 1 10 12 1 1 10 12 1 1 10 12 1 1 9 12 1 1 10 7 12 1 1 1 9 7 12 1 1 1 10 12 1 1 10 12 1 1 10 12 1 7 1 10 10 12 1 1 9 12 1 1 10 7 12 1 1 1 10 12 1 9 12 1 1 10 12 1 1 10 12 1 1 10 12 1 9 12 1 11 100 12 1 100 1 7 1 10 12 1 9 12 1 1 10 12 1 1 7 1 10 10 12 1 1 9 12 1 10 12 1 1 9 12 1 1 10 12 1 1 10 12 1 1 10 7 12 1 100 1 9 12 1 10 7 1 7 1 10 1 1 1 1 1 1 1 1 1 1 1 1 1 1 1 1 1 1 1 1 1 1 1 1 1 1 1 1 1 1 1 1 1 100 1 100 1 1 1 1 1 1 1 1 1 1 1 1 1 1 1 1 1 1 1 1 1 1 100 1 1 1 1 1 1 1 1 1 1 1 1 1 100 1 100 1 100 1 100 1 100 1 100 1 100 1 100 1 100 1 100 1 100 1 100 1 100 1 100 1 100 1 100 1 100 1 100 1 100 1 100 1 100 1 100 1 100 1 100 1 1 16 15 10 12 16 16 1 15 10 12 16 15 10 7 12 1 1 1 1 1 1 1 100 1 1 1 100 1 1 1 1 1 1 100 1 1 1 100 1 1 1 1 1 1 100 1 1 1 1 1 1 1 1 1 100 1 1 1 1 1 1 1 1 1 1 1 1 1 1 1 1 1 1 1 1 100 1 100 1 1
staticfield com/sun/tools/javac/comp/DeferredAttr deferredAttrKey Lcom/sun/tools/javac/util/Context$Key; com/sun/tools/javac/util/Context$Key
ciInstanceKlass com/sun/tools/javac/comp/DeferredAttr$DeferredStuckPolicy 1 0 19 100 1 100 1 1 1 1 1 1 1 1 1 1 1 100 1 1 1
instanceKlass com/sun/tools/javac/comp/DeferredAttr$1
ciInstanceKlass com/sun/tools/javac/comp/DeferredAttr$DeferredAttrContext 1 1 370 10 7 12 1 1 1 9 7 12 1 1 1 10 7 12 1 1 1 7 1 10 9 12 1 1 9 12 1 1 9 12 1 1 9 12 1 1 9 12 1 1 9 12 1 1 9 12 1 1 7 1 10 12 1 10 12 1 1 10 12 1 1 10 7 12 1 1 1 10 12 1 1 11 7 12 1 1 11 12 1 1 10 12 1 1 10 12 1 10 12 1 10 9 12 1 1 9 100 12 1 1 1 9 100 12 1 1 1 9 100 12 1 1 1 10 12 1 1 9 12 1 1 11 100 12 1 1 1 10 100 12 1 1 1 10 12 1 100 1 9 7 12 1 1 9 7 12 1 1 10 12 1 1 10 100 12 1 1 10 12 1 1 10 12 1 1 100 1 9 12 1 1 10 9 12 1 1 10 100 12 1 1 1 100 1 100 1 9 12 1 1 9 100 12 1 1 10 12 1 10 12 1 10 12 1 1 18 12 1 1 11 100 12 1 1 1 10 12 1 1 11 12 1 1 10 12 1 1 9 12 1 1 11 100 1 11 12 1 11 10 12 1 1 10 100 12 1 1 11 18 12 1 18 12 1 1 11 12 1 1 10 12 1 1 1 1 1 1 1 1 1 1 1 1 1 1 1 1 1 1 1 1 1 1 1 1 1 1 1 1 1 1 1 1 1 1 1 1 1 1 1 1 1 1 1 1 1 1 1 1 1 1 1 16 15 10 12 16 15 16 16 15 11 12 1 16 1 15 10 100 12 1 1 1 1 1 1 100 1 100 1 1 1 1 100 1 100 1 1 1 100 1 1 100 1 1 100 1 1 1 1 1 1 1 100 1 100 1 1
ciInstanceKlass com/sun/tools/javac/comp/DeferredAttr$1 1 1 84 10 7 12 1 1 1 10 7 12 1 1 1 8 1 10 100 12 1 1 1 100 1 1 1 1 1 1 1 1 1 1 1 1 1 1 1 1 1 1 1 1 1 1 1 1 1 1 1 1 1 1 1 1 1 1 1 1 100 1 12 1 1 1 1 100 1 1 100 1 100 1 1 100 1 1 100 1 100 1 1 100 1 1
instanceKlass com/sun/tools/javac/comp/ArgumentAttr$ArgumentType
ciInstanceKlass com/sun/tools/javac/comp/DeferredAttr$DeferredType 1 1 266 10 7 12 1 1 1 9 7 12 1 1 1 10 7 12 1 1 1 10 7 12 1 1 1 7 1 10 12 1 9 12 1 1 9 12 1 1 9 7 12 1 1 1 10 7 12 1 1 1 9 12 1 1 7 1 10 12 1 9 12 1 1 9 7 12 1 1 1 8 1 10 12 1 1 9 7 12 1 1 1 9 7 12 1 1 1 9 12 1 1 9 7 12 1 1 1 9 12 1 1 9 12 1 9 12 1 1 10 7 12 1 1 1 9 9 12 1 10 7 12 1 1 1 10 12 1 1 10 12 1 1 10 12 1 1 10 12 1 1 9 7 12 1 1 9 12 1 10 12 1 1 10 12 1 1 9 12 1 1 9 12 1 1 11 7 12 1 1 1 10 12 1 7 1 10 12 1 7 1 10 10 12 1 9 12 1 1 11 7 12 1 1 10 12 1 1 11 7 12 1 1 1 10 12 1 1 1 1 1 1 1 1 1 1 1 1 1 1 1 1 1 1 1 1 1 1 1 1 1 1 1 1 100 1 1 1 1 1 100 1 100 1 1 100 1 1 1 100 1 100 1 1 1 100 1 1 1 1 1 1 100 1 1 1 1
ciInstanceKlass com/sun/tools/javac/code/Types 1 1 2373 100 1 9 7 12 1 1 1 10 7 12 1 1 1 10 12 1 1 10 7 12 1 1 10 7 12 1 1 1 9 12 1 1 7 1 10 12 1 9 12 1 1 7 1 10 9 12 1 1 7 1 10 9 12 1 1 7 1 10 9 12 1 1 7 1 10 9 12 1 1 7 1 10 9 12 1 1 7 1 10 9 12 1 7 1 10 9 12 1 7 1 10 9 12 1 7 1 10 9 12 1 1 7 1 10 9 12 1 7 1 10 9 12 1 7 1 10 9 12 1 7 1 10 9 12 1 7 1 10 9 12 1 7 1 10 9 12 1 7 1 10 9 12 1 7 1 10 9 12 1 7 1 10 9 12 1 1 7 1 10 9 12 1 7 1 10 9 12 1 1 7 1 10 9 12 1 1 7 1 10 9 12 1 1 7 1 10 12 1 9 12 1 9 12 1 7 1 10 9 12 1 1 7 1 10 9 12 1 7 1 10 9 12 1 9 12 1 18 12 1 1 9 12 1 1 7 1 10 9 12 1 7 1 10 9 12 1 1 10 12 1 1 10 7 12 1 1 1 9 12 1 1 10 7 12 1 1 9 12 1 1 10 7 12 1 1 10 7 12 1 1 9 12 1 1 10 7 12 1 1 9 12 1 1 8 1 10 12 1 1 9 12 1 1 10 7 12 1 1 9 12 1 1 10 7 12 1 1 9 12 1 1 7 1 10 12 1 9 12 1 1 10 7 12 1 1 8 1 10 12 1 1 9 7 12 1 1 1 10 12 1 9 12 1 1 9 7 12 1 1 1 10 7 12 1 1 1 7 1 10 12 1 1 9 12 1 1 9 12 1 1 10 7 12 1 1 1 9 12 1 10 12 1 1 9 12 1 10 12 1 10 12 1 10 12 1 9 12 1 10 12 1 10 12 1 10 12 1 10 10 12 1 100 1 10 12 1 9 100 12 1 1 1 10 12 1 1 100 1 10 10 12 1 1 10 12 1 1 10 7 12 1 1 7 1 10 12 1 10 7 1 9 12 1 10 12 1 10 12 1 1 9 12 1 10 12 1 10 12 1 10 12 1 1 9 7 1 10 12 1 10 12 1 10 12 1 10 7 12 1 1 1 9 12 1 1 10 12 1 10 12 1 1 7 1 10 12 1 10 12 1 10 12 1 1 18 12 1 11 7 12 1 1 1 9 7 1 7 1 10 10 12 1 1 11 7 12 1 1 11 12 1 1 9 12 1 1 10 12 1 1 10 12 1 1 9 7 12 1 1 1 9 12 1 1 10 7 12 1 1 1 10 12 1 1 8 1 10 7 12 1 1 1 9 12 1 10 12 1 10 12 1 1 9 12 1 9 7 12 1 1 1 9 7 12 1 1 1 10 12 1 1 10 12 1 9 7 12 1 1 1 9 12 1 10 7 12 1 1 1 9 12 1 1 7 1 10 7 12 1 1 1 9 12 1 10 12 1 10 12 1 7 1 9 12 1 1 10 12 1 9 12 1 10 12 1 10 12 1 10 12 1 1 9 12 1 9 12 1 1 9 12 1 1 10 12 1 1 10 12 1 1 10 12 1 1 10 7 12 1 1 1 11 7 1 10 12 1 1 10 10 12 1 10 12 1 10 12 10 12 1 1 9 10 12 1 1 9 12 1 11 100 12 1 1 1 9 100 12 1 1 1 10 12 1 1 10 12 10 12 1 1 10 12 1 1 9 12 1 7 1 9 12 1 10 12 10 12 1 10 12 1 10 12 1 10 12 1 9 100 12 1 1 1 10 12 1 1 10 12 1 9 12 1 10 12 1 1 10 10 12 1 9 12 1 10 12 1 10 12 1 10 12 1 10 12 1 10 12 10 12 1 9 12 1 10 7 1 10 12 1 7 1 9 12 1 9 7 12 1 1 1 10 12 1 1 9 10 12 1 9 12 1 1 5 0 9 9 12 1 9 12 1 10 12 1 10 7 1 9 12 1 10 12 10 12 1 7 1 9 12 1 1 10 12 1 1 10 12 1 10 12 10 12 1 1 9 12 9 12 1 9 7 12 1 1 1 10 7 12 1 1 1 10 12 1 100 1 10 10 12 1 1 10 12 10 12 1 10 12 1 10 12 1 1 7 1 9 9 12 1 9 12 1 100 1 10 8 1 10 12 1 1 10 12 1 1 10 9 12 1 10 12 1 9 9 12 1 10 12 1 9 5 0 10 12 1 9 12 1 10 12 1 10 12 1 7 1 10 12 1 10 12 1 1 10 12 1 10 12 9 12 1 10 12 1 1 10 7 1 10 12 1 10 12 1 10 12 1 1 5 0 9 12 1 10 9 12 1 9 12 1 10 7 1 10 12 1 10 12 9 12 1 11 7 12 1 1 10 12 1 11 12 1 10 12 1 10 12 1 10 12 10 12 1 1 10 12 1 1 9 12 1 1 10 5 0 10 12 1 10 12 10 12 1 1 10 12 1 5 0 10 12 1 1 10 100 12 1 1 9 12 1 10 100 12 1 1 1 10 12 10 12 1 10 12 1 10 12 1 10 12 1 10 12 1 10 12 1 1 10 12 1 100 1 10 12 1 1 10 12 1 10 12 1 10 18 12 1 10 12 1 1 7 1 10 7 12 1 1 10 12 1 10 12 1 1 100 1 9 12 1 1 10 100 12 1 1 1 10 12 1 1 10 5 0 10 9 7 12 1 1 1 10 7 12 1 1 1 9 9 12 1 5 0 10 12 1 1 10 12 1 1 10 7 1 10 12 1 10 12 1 7 1 10 12 1 10 12 1 10 10 12 1 10 12 1 10 12 1 10 12 1 10 12 1 7 1 10 12 1 10 12 1 10 12 1 10 12 1 9 10 9 12 1 9 12 1 10 12 1 1 7 1 9 12 1 10 10 12 1 10 12 1 9 9 10 12 1 1 9 12 1 10 12 1 1 100 1 10 10 100 12 1 1 1 10 12 1 10 12 1 10 12 1 1 10 12 1 8 1 10 12 1 8 1 10 12 1 1 8 1 10 12 1 10 12 1 1 10 12 1 18 12 1 18 12 1 18 12 1 1 18 12 1 7 1 11 7 12 1 1 11 7 12 1 1 10 12 1 1 10 12 1 10 12 1 10 10 12 1 10 12 1 10 100 1 10 12 1 11 7 1 10 12 1 1 9 12 1 9 12 1 10 12 1 11 12 1 9 12 1 10 12 1 10 10 12 1 10 12 1 11 10 12 1 10 10 12 1 1 10 12 1 1 100 1 9 12 1 10 12 10 12 1 10 12 1 10 12 10 12 1 1 10 12 9 12 9 12 1 9 12 1 10 12 1 10 12 1 1 10 12 10 12 1 10 12 1 10 12 10 12 1 1 9 12 1 1 10 7 1 7 1 9 12 1 10 10 12 1 10 12 1 10 12 1 9 12 1 1 9 12 1 1 10 12 1 1 9 12 1 10 12 1 10 10 10 12 1 1 10 12 1 10 12 1 10 9 12 1 10 12 1 10 12 1 10 10 10 12 1 10 12 1 10 12 1 1 10 12 1 10 12 1 5 0 10 12 10 12 10 12 1 10 12 7 1 10 12 1 10 12 1 1 10 12 1 100 1 10 12 1 7 1 10 12 1 10 10 12 1 9 12 1 10 12 1 9 12 1 9 12 1 9 12 1 9 12 1 9 12 1 10 12 1 10 100 12 1 1 10 12 1 10 12 1 10 12 1 10 12 1 1 10 12 1 1 10 12 1 10 12 1 10 12 1 10 12 1 10 12 1 10 12 1 1 10 12 1 10 12 1 10 12 1 10 12 1 10 12 1 10 12 1 1 10 12 1 1 10 12 1 10 12 1 10 12 1 10 12 1 10 12 1 10 12 1 10 12 1 9 7 1 10 12 1 1 9 7 12 1 1 9 12 1 10 12 1 1 9 12 1 10 12 1 1 7 1 9 12 1 9 7 1 9 12 1 9 12 9 12 9 12 1 9 12 11 7 12 1 1 9 12 1 9 12 1 1 9 12 1 9 12 1 9 12 1 9 12 1 100 1 9 8 1 10 12 1 9 12 1 1 10 7 12 1 1 11 9 9 12 7 1 10 12 1 8 1 7 1 10 7 1 10 10 7 1 10 1 1 1 1 1 1 1 1 1 1 1 1 1 1 1 1 1 1 1 1 1 1 1 1 1 1 1 1 1 1 1 1 1 1 1 1 1 1 1 1 1 1 1 1 1 1 1 1 1 1 1 1 1 1 1 1 1 1 1 1 1 1 1 1 1 1 1 1 1 1 1 1 1 1 1 100 1 1 1 1 1 1 1 1 1 1 1 1 1 1 1 1 1 1 1 1 1 1 1 1 1 1 1 1 1 1 1 1 1 1 1 1 100 1 1 1 1 1 1 1 1 1 1 1 1 1 1 1 1 1 1 1 1 1 1 1 1 1 1 1 1 1 1 1 1 1 1 1 1 1 1 1 1 1 1 1 1 1 1 1 1 1 1 1 1 100 1 1 1 1 1 1 1 1 1 1 1 1 1 1 1 1 1 1 1 1 1 1 1 1 100 1 1 1 1 1 1 1 1 1 1 1 1 1 1 1 1 1 1 1 1 1 1 1 1 1 1 1 1 1 1 1 1 1 1 1 1 1 1 1 1 1 1 1 1 1 1 1 1 1 1 1 1 1 1 1 1 1 1 1 1 1 1 1 1 1 1 1 1 1 1 1 1 1 1 1 1 1 1 1 1 1 1 1 1 1 1 1 1 1 1 1 1 1 1 1 1 100 1 1 1 1 1 1 1 1 1 1 1 1 1 1 1 1 1 1 1 1 1 1 1 1 1 1 1 1 1 1 1 1 1 1 1 1 1 1 1 1 1 1 1 1 1 1 1 1 1 1 1 1 1 1 1 1 1 1 1 1 1 1 1 100 1 1 1 1 1 1 1 1 1 1 1 1 1 1 100 1 100 1 100 1 100 1 100 1 100 1 100 1 100 1 100 1 100 1 100 1 100 1 100 1 100 1 100 1 100 1 100 1 100 1 100 1 100 1 100 1 100 1 1 16 15 10 12 16 16 15 10 12 16 16 15 10 12 16 15 10 12 16 1 16 1 15 10 12 16 1 16 15 10 12 1 16 1 16 15 10 12 16 1 15 10 7 12 1 1 1 1 1 1 1 1 1 1 1 1 1 1 1 1 100 1 1 100 1 1 1 1 1 1 1 1 1 1 1 1 1 1 1 1 100 1 1 1 1 1 100 1 1 1 1 1 100 1 1 1 1 1 1 1 1 1 1 1 1 100 1 1 1 1 1 1 100 1 1 1 1 1 1 1 1 1 100 1 1 100 1 1 1 1 1 1 1 1 1 1 1 100 1 100 1 1
staticfield com/sun/tools/javac/code/Types typesKey Lcom/sun/tools/javac/util/Context$Key; com/sun/tools/javac/util/Context$Key
staticfield com/sun/tools/javac/code/Types newInstanceFun Lcom/sun/tools/javac/code/Types$TypeMapping; com/sun/tools/javac/code/Types$20
staticfield com/sun/tools/javac/code/Types hashCodeVisitor Lcom/sun/tools/javac/code/Types$HashCodeVisitor; com/sun/tools/javac/code/Types$HashCodeVisitor
staticfield com/sun/tools/javac/code/Types hashCodeStrictVisitor Lcom/sun/tools/javac/code/Types$HashCodeVisitor; com/sun/tools/javac/code/Types$25
ciInstanceKlass com/sun/tools/javac/code/Types$13 1 1 150 100 1 10 7 12 1 1 1 9 7 12 1 1 1 10 7 12 1 1 1 9 7 12 1 1 1 10 7 12 1 1 1 10 12 1 1 9 12 1 1 10 12 1 1 5 0 10 7 12 1 1 1 10 12 1 10 7 12 1 1 10 12 1 10 12 1 1 10 7 12 1 1 10 12 1 10 12 1 10 12 1 1 10 100 12 1 1 1 10 12 1 1 10 12 1 1 10 12 1 1 10 12 1 1 10 12 1 1 1 1 1 1 1 1 1 1 1 1 1 1 1 1 1 1 1 1 1 1 1 1 1 1 1 1 1 1 1 1 1 1 1 1 1 100 1 1 100 1 1
ciInstanceKlass com/sun/tools/javac/code/Types$15 1 1 193 10 7 12 1 1 1 9 7 12 1 1 1 10 7 12 1 1 1 9 7 12 1 1 1 9 7 12 1 1 1 9 12 1 1 7 1 10 12 1 1 10 12 1 1 9 7 12 1 1 10 7 12 1 1 1 10 12 1 1 10 12 1 10 12 1 10 7 12 1 1 10 12 1 1 10 7 12 1 1 9 7 12 1 1 1 10 12 1 1 10 12 1 10 10 12 1 9 100 12 1 1 10 12 1 9 12 1 1 9 100 12 1 1 10 12 1 1 10 12 1 9 10 12 1 100 1 10 12 1 1 10 12 1 1 10 12 1 1 10 12 1 1 10 12 1 1 1 1 1 1 1 1 1 1 1 1 1 1 1 1 1 1 1 1 1 1 1 1 1 1 1 1 1 1 1 1 1 1 1 100 1 1 1 100 1 1 1 1 1 100 1 1
ciInstanceKlass com/sun/tools/javac/code/Types$16 1 1 146 10 7 12 1 1 1 9 7 12 1 1 1 10 7 12 1 1 1 10 7 12 1 1 1 9 7 12 1 1 1 9 12 1 1 7 1 10 12 1 9 100 12 1 1 1 10 7 12 1 1 1 10 12 1 10 7 1 10 12 1 1 10 7 12 1 1 1 10 12 1 10 12 1 1 10 7 12 1 1 1 10 12 1 10 12 1 1 10 12 1 10 12 1 1 100 1 10 12 1 1 10 12 1 1 10 12 1 1 1 1 1 1 1 1 1 1 1 1 1 1 1 1 1 1 1 1 1 1 1 1 1 1 1 1 1 1 1 1 1 1 100 1 1 1 1
ciInstanceKlass com/sun/tools/javac/code/Types$Subst 1 1 202 10 7 12 1 1 1 9 7 12 1 1 1 10 7 12 1 1 1 10 7 12 1 1 1 9 12 1 1 9 12 1 9 12 1 10 12 1 1 9 12 1 1 7 1 10 7 12 1 1 1 10 12 1 1 10 7 12 1 1 10 12 1 1 10 7 12 1 1 10 12 1 10 12 1 1 10 12 1 10 12 1 1 10 12 1 1 10 12 1 1 7 1 10 12 1 9 12 1 1 10 10 12 1 9 7 12 1 1 10 12 1 1 10 12 1 1 9 12 1 10 12 1 1 10 12 1 10 12 1 1 7 1 10 12 1 7 1 10 100 1 10 12 1 1 10 12 1 10 12 1 10 12 1 1 1 1 1 1 1 1 1 1 1 1 1 1 1 1 1 1 1 1 1 1 1 1 1 1 1 1 1 1 1 1 1 1 1 1 1 1 1 1 1 1 1 1 100 1 1 1 1
ciInstanceKlass com/sun/tools/javac/code/Types$23$1 1 1 59 9 7 12 1 1 1 10 7 12 1 1 1 10 7 12 1 1 1 1 1 1 1 1 1 1 1 1 1 1 1 1 1 1 1 1 1 1 1 1 1 1 100 1 12 1 1 1 100 1 1 100 1 1 100 1 100 1 1
ciInstanceKlass com/sun/tools/javac/comp/Infer 1 1 1461 9 7 12 1 1 1 10 7 12 1 1 1 10 12 1 1 10 7 12 1 1 7 1 10 12 1 9 12 1 1 7 1 10 9 12 1 1 7 1 10 9 12 1 1 10 12 1 1 10 7 12 1 1 1 9 12 1 1 10 7 12 1 1 9 12 1 1 10 7 12 1 1 9 12 1 1 10 7 12 1 1 9 12 1 1 10 7 12 1 1 9 12 1 1 10 7 12 1 1 9 12 1 1 10 7 12 1 1 8 1 10 12 1 9 12 1 1 10 7 12 1 1 1 9 12 1 1 7 1 10 12 1 9 12 1 1 8 1 10 12 1 1 9 7 12 1 1 1 10 12 1 9 12 1 1 10 7 12 1 1 9 7 12 1 1 1 10 12 1 1 9 12 1 7 1 10 12 1 9 12 1 10 12 1 1 10 7 12 1 1 1 9 12 1 1 10 7 12 1 1 11 7 12 1 1 1 9 7 12 1 1 1 9 12 1 10 12 1 1 7 1 10 12 1 10 12 1 10 12 1 10 12 1 9 12 1 11 7 12 1 1 9 7 12 1 1 1 10 12 1 1 9 7 12 1 1 1 10 7 12 1 1 1 10 12 1 1 10 12 1 1 10 12 1 1 10 12 1 1 10 12 1 1 10 12 1 1 9 12 1 1 11 7 12 1 1 1 10 12 1 1 9 12 1 10 7 12 1 1 10 12 1 1 10 12 1 1 9 12 1 1 9 7 12 1 1 1 10 7 12 1 1 1 9 100 12 1 1 1 10 100 12 1 1 1 10 12 1 1 10 12 1 1 9 12 1 10 10 12 1 7 1 10 12 1 1 9 12 1 1 9 100 12 1 1 7 1 10 10 12 1 9 12 1 1 10 100 12 1 1 1 11 7 12 1 1 1 11 12 1 1 100 1 9 12 1 1 11 100 12 1 1 1 10 12 1 1 11 12 1 9 12 10 12 1 1 18 12 1 1 11 7 12 1 1 1 10 12 1 1 11 12 1 1 10 12 1 10 12 1 1 10 12 1 10 12 1 10 12 1 10 100 1 10 7 12 1 1 1 9 100 12 1 1 1 9 100 12 1 1 1 9 100 12 1 1 1 9 100 12 1 1 9 12 1 1 8 1 11 100 12 1 1 1 10 100 12 1 1 1 10 12 1 1 9 12 1 1 10 12 1 1 10 100 12 1 1 100 1 10 100 12 1 1 1 10 100 12 1 1 10 12 1 7 1 10 12 1 1 100 1 100 1 10 8 1 10 12 1 10 12 1 1 10 12 1 10 12 1 1 10 7 12 1 1 1 10 12 1 10 12 1 9 7 12 1 1 1 10 12 1 1 7 1 10 12 1 10 12 1 1 9 12 1 9 12 1 1 9 12 1 10 12 1 9 12 1 9 12 1 10 12 1 1 9 12 1 1 10 100 12 1 1 10 12 1 1 10 11 12 1 1 10 12 1 10 100 12 1 1 1 10 12 1 1 10 12 1 10 7 12 1 1 1 10 12 1 1 10 12 1 9 12 1 1 9 12 1 10 12 1 1 10 12 1 9 12 1 1 10 12 1 1 10 12 1 10 12 1 1 100 1 9 12 1 1 9 12 1 10 12 1 9 12 1 10 12 1 10 12 1 10 12 1 9 12 1 10 12 1 7 1 100 1 5 0 9 7 1 9 10 12 1 10 12 1 1 9 12 1 10 12 1 9 12 1 10 12 1 10 12 1 1 10 12 1 10 12 1 1 10 12 1 1 10 12 1 10 12 1 10 12 1 10 12 1 10 12 1 10 12 1 1 10 100 1 9 100 12 1 1 1 9 12 1 10 12 1 1 10 100 12 1 1 100 1 9 12 1 1 10 100 12 1 1 1 9 12 1 9 10 12 1 100 1 9 100 1 10 12 1 10 12 1 1 10 12 1 9 12 1 9 12 1 1 10 12 1 10 12 1 10 12 1 10 10 12 1 9 12 1 1 11 12 1 1 10 12 1 9 12 1 10 12 1 1 9 12 1 9 12 1 18 12 1 11 12 1 1 10 7 12 1 1 10 12 1 9 12 1 1 10 12 1 9 12 1 10 12 1 10 10 12 1 10 12 1 1 10 12 1 10 12 1 10 12 1 1 18 12 1 1 18 12 1 1 10 12 1 1 10 12 1 1 10 12 1 1 9 100 12 1 1 10 12 1 1 10 12 1 10 12 1 9 12 1 9 12 1 1 10 7 1 10 12 1 7 1 10 12 10 12 1 9 12 1 10 12 1 100 1 10 12 1 10 12 10 12 1 9 12 1 100 1 10 12 1 9 12 1 10 12 1 7 1 10 12 1 10 12 1 11 12 7 1 10 7 12 1 1 10 12 1 11 12 1 10 12 1 9 12 1 10 10 12 1 1 10 12 1 10 12 1 10 12 1 10 12 1 100 1 8 1 10 12 1 10 12 1 1 10 12 1 1 10 12 1 1 10 12 1 10 12 1 8 1 10 12 1 10 12 1 1 5 0 7 1 10 7 1 10 1 1 1 1 1 1 3 1 1 1 1 1 1 1 1 1 1 1 1 1 1 1 1 1 1 1 1 1 1 1 1 1 1 1 1 1 1 1 1 1 1 1 1 1 1 1 1 1 1 1 1 1 1 1 1 1 1 1 1 1 1 1 1 1 1 1 1 1 1 100 1 1 1 1 1 1 1 1 1 1 1 1 1 1 1 1 1 1 1 1 1 1 1 1 1 1 1 1 1 1 1 1 1 1 1 1 1 1 1 1 1 1 1 1 1 1 1 1 1 1 1 1 1 1 1 1 1 1 1 1 1 1 1 1 1 1 1 1 1 1 1 1 1 1 1 1 1 1 1 1 1 1 1 1 1 1 1 1 1 1 1 1 1 1 1 1 1 1 1 1 1 1 1 1 1 1 1 1 1 1 1 1 1 1 1 100 1 100 1 100 1 100 1 100 1 100 1 100 1 100 1 100 1 100 1 100 1 100 1 100 1 100 1 100 1 100 1 100 1 100 1 100 1 100 1 100 1 100 1 100 1 1 16 15 10 12 16 15 10 12 16 15 10 12 16 16 15 10 12 16 15 10 7 12 1 1 1 1 1 100 1 1 1 100 1 1 1 1 1 100 1 1 100 1 1 1 1 1 1 100 1 1 1 1 100 1 1 100 1 1 1 1 1 1 1 100 1 1 1 100 1 1 1 1 100 1 1 1 1 1 1 1 1 1 100 1 1 1 1 100 1 1 1 1 1 1 1 1 1 1 1 1 1 1 1 1 1 1 1 1 1 1 1 1 100 1 100 1 1
staticfield com/sun/tools/javac/comp/Infer inferKey Lcom/sun/tools/javac/util/Context$Key; com/sun/tools/javac/util/Context$Key
staticfield com/sun/tools/javac/comp/Infer anyPoly Lcom/sun/tools/javac/code/Type; com/sun/tools/javac/code/Type$JCNoType
ciInstanceKlass com/sun/tools/javac/comp/Infer$PartiallyInferredMethodType 1 1 231 10 7 12 1 1 1 9 7 12 1 1 1 10 7 12 1 1 1 10 12 1 1 10 12 1 9 12 1 1 10 12 1 1 9 12 1 1 9 12 1 1 9 12 1 1 7 1 10 12 1 10 7 12 1 1 9 7 12 1 1 1 10 12 1 1 10 10 7 12 1 1 1 10 12 1 1 10 12 1 1 10 12 1 1 10 12 1 1 9 7 12 1 1 1 10 12 1 1 9 7 12 1 1 1 11 100 12 1 1 11 12 1 1 10 100 12 1 1 1 10 12 1 1 10 12 1 1 10 12 1 1 10 12 1 10 7 1 9 12 1 1 10 100 12 1 1 10 12 1 1 100 1 10 12 1 1 11 12 1 1 10 100 12 1 1 1 1 1 1 1 1 1 1 1 1 1 1 1 1 1 1 1 1 1 1 1 1 1 1 1 1 1 1 1 1 1 1 100 1 100 1 1 1 1 1 1 1 100 1 100 1 1 100 1 100 1 1 100 1 1 100 1 1 100 1 1 100 1 1 1
ciInstanceKlass com/sun/tools/javac/comp/InferenceContext 1 1 643 9 7 12 1 1 1 10 7 12 1 1 1 10 7 12 1 1 1 10 7 12 1 1 7 1 10 9 12 1 1 7 1 10 12 1 9 12 1 9 12 1 9 12 1 1 9 12 1 9 12 1 1 9 12 1 1 9 10 7 12 1 1 1 10 12 1 1 18 12 1 1 10 12 1 1 18 18 7 1 10 10 12 1 1 11 7 12 1 1 1 11 12 1 1 7 1 7 1 11 7 12 1 1 9 12 1 1 10 12 1 1 10 12 1 1 10 12 1 1 10 12 1 1 10 12 1 10 12 1 10 12 1 10 12 1 1 10 12 1 1 10 10 12 10 7 12 1 1 1 10 12 1 10 12 1 1 10 12 1 1 10 12 1 9 12 1 1 10 12 1 10 12 1 11 7 12 1 1 1 10 12 1 10 12 1 10 12 1 1 10 12 1 10 12 1 1 11 7 1 7 1 11 12 1 10 12 1 11 12 1 7 1 11 12 1 11 12 1 1 100 1 10 12 1 1 10 7 12 1 1 1 10 12 1 9 12 1 1 10 12 1 1 9 12 1 10 12 1 10 12 10 12 1 18 12 1 10 12 1 10 12 1 1 9 100 12 1 1 1 10 12 1 1 100 1 10 12 1 100 1 10 10 12 1 9 12 1 1 11 12 1 10 12 1 1 9 12 1 1 10 100 12 1 1 10 7 12 1 1 1 10 12 1 1 10 12 1 1 18 12 1 11 100 12 1 1 1 10 12 1 1 11 12 1 1 10 12 1 1 18 12 1 10 12 1 1 9 12 1 18 12 1 7 1 10 7 12 1 1 10 12 1 10 12 1 1 7 1 10 12 1 10 12 1 100 1 10 12 1 100 1 10 12 1 10 12 1 10 7 1 7 1 10 12 1 1 10 12 1 10 12 1 1 100 1 10 8 1 10 12 1 10 12 1 10 12 1 8 1 10 12 1 1 8 1 10 11 12 1 10 12 1 10 12 1 10 12 9 12 1 10 12 1 1 10 9 12 1 1 10 12 1 9 12 1 9 12 1 1 1 1 1 1 1 1 1 1 1 1 1 1 1 1 1 1 1 1 1 1 1 1 1 1 1 1 1 1 1 1 1 1 1 1 1 1 1 1 1 1 1 1 1 1 1 1 1 1 1 1 1 1 1 1 1 1 1 1 1 1 1 1 1 1 1 1 1 1 1 1 1 1 1 1 1 1 1 1 100 1 100 1 1 1 1 1 1 1 1 1 1 1 1 1 1 1 1 1 1 1 1 1 1 100 1 1 1 1 1 1 1 1 1 1 1 1 1 1 1 1 1 1 1 1 1 1 1 1 1 1 1 1 16 15 10 12 16 15 10 12 15 10 12 16 15 10 12 15 10 12 16 15 10 12 15 10 12 15 10 7 12 1 1 1 1 1 1 1 1 1 1 1 1 1 100 1 1 1 100 1 100 1 1
ciInstanceKlass com/sun/tools/javac/comp/Infer$GraphStrategy 1 0 29 100 1 100 1 1 1 1 100 1 1 1 1 1 1 100 1 1 1 1 100 1 1 100 1 1 100 1 1
ciInstanceKlass com/sun/tools/javac/comp/Infer$GraphStrategy$NodeNotFoundException 0 0 42 10 100 12 1 1 1 9 100 12 1 1 1 1 1 1 5 0 1 1 1 1 1 1 1 1 1 1 1 100 1 1 100 1 1 1 100 1 1 100 1 1
ciInstanceKlass com/sun/tools/javac/comp/DeferredAttr$AttrMode 1 1 56 7 1 9 12 1 1 9 12 1 9 12 1 1 10 100 12 1 1 10 7 12 1 1 1 10 12 1 1 8 10 8 10 12 1 1 1 1 1 1 1 1 1 1 1 1 1 1 1 1 1 1 100 1 1 1
staticfield com/sun/tools/javac/comp/DeferredAttr$AttrMode SPECULATIVE Lcom/sun/tools/javac/comp/DeferredAttr$AttrMode; com/sun/tools/javac/comp/DeferredAttr$AttrMode
staticfield com/sun/tools/javac/comp/DeferredAttr$AttrMode CHECK Lcom/sun/tools/javac/comp/DeferredAttr$AttrMode; com/sun/tools/javac/comp/DeferredAttr$AttrMode
staticfield com/sun/tools/javac/comp/DeferredAttr$AttrMode $VALUES [Lcom/sun/tools/javac/comp/DeferredAttr$AttrMode; 2 [Lcom/sun/tools/javac/comp/DeferredAttr$AttrMode;
ciInstanceKlass com/sun/tools/javac/comp/Resolve$VerboseResolutionMode 1 1 181 7 1 9 12 1 1 9 12 1 9 12 1 9 12 1 9 12 1 9 12 1 9 12 1 9 12 1 9 12 1 1 10 7 12 1 1 10 7 12 1 1 1 10 12 1 1 9 12 1 1 8 1 10 7 12 1 1 1 10 7 12 1 1 1 8 1 10 100 12 1 1 1 10 12 1 8 1 10 12 1 1 10 100 12 1 1 1 10 12 1 1 11 100 12 1 1 10 12 1 100 1 10 12 1 8 1 10 12 1 1 10 12 1 1 10 12 1 8 8 1 10 12 1 8 8 1 8 8 1 8 8 1 8 8 1 8 8 1 8 8 1 8 8 1 10 12 1 1 1 1 1 1 1 1 1 1 1 1 1 1 1 1 1 1 1 1 1 1 1 1 1 1 1 1 1 1 100 1 1 1
staticfield com/sun/tools/javac/comp/Resolve$VerboseResolutionMode SUCCESS Lcom/sun/tools/javac/comp/Resolve$VerboseResolutionMode; com/sun/tools/javac/comp/Resolve$VerboseResolutionMode
staticfield com/sun/tools/javac/comp/Resolve$VerboseResolutionMode FAILURE Lcom/sun/tools/javac/comp/Resolve$VerboseResolutionMode; com/sun/tools/javac/comp/Resolve$VerboseResolutionMode
staticfield com/sun/tools/javac/comp/Resolve$VerboseResolutionMode APPLICABLE Lcom/sun/tools/javac/comp/Resolve$VerboseResolutionMode; com/sun/tools/javac/comp/Resolve$VerboseResolutionMode
staticfield com/sun/tools/javac/comp/Resolve$VerboseResolutionMode INAPPLICABLE Lcom/sun/tools/javac/comp/Resolve$VerboseResolutionMode; com/sun/tools/javac/comp/Resolve$VerboseResolutionMode
staticfield com/sun/tools/javac/comp/Resolve$VerboseResolutionMode DEFERRED_INST Lcom/sun/tools/javac/comp/Resolve$VerboseResolutionMode; com/sun/tools/javac/comp/Resolve$VerboseResolutionMode
staticfield com/sun/tools/javac/comp/Resolve$VerboseResolutionMode PREDEF Lcom/sun/tools/javac/comp/Resolve$VerboseResolutionMode; com/sun/tools/javac/comp/Resolve$VerboseResolutionMode
staticfield com/sun/tools/javac/comp/Resolve$VerboseResolutionMode OBJECT_INIT Lcom/sun/tools/javac/comp/Resolve$VerboseResolutionMode; com/sun/tools/javac/comp/Resolve$VerboseResolutionMode
staticfield com/sun/tools/javac/comp/Resolve$VerboseResolutionMode INTERNAL Lcom/sun/tools/javac/comp/Resolve$VerboseResolutionMode; com/sun/tools/javac/comp/Resolve$VerboseResolutionMode
staticfield com/sun/tools/javac/comp/Resolve$VerboseResolutionMode $VALUES [Lcom/sun/tools/javac/comp/Resolve$VerboseResolutionMode; 8 [Lcom/sun/tools/javac/comp/Resolve$VerboseResolutionMode;
ciInstanceKlass com/sun/tools/javac/tree/JCTree$Tag 1 1 511 7 1 9 12 1 1 9 12 1 9 12 1 9 12 1 9 12 1 9 12 1 9 12 1 9 12 1 9 12 1 9 12 1 9 12 1 9 12 1 9 12 1 9 12 1 9 12 1 9 12 1 9 12 1 9 12 1 9 12 1 9 12 1 9 12 1 9 12 1 9 12 1 9 12 1 9 12 1 9 12 1 9 12 1 9 12 1 9 12 1 9 12 1 9 12 1 9 12 1 9 12 1 9 12 1 9 12 1 9 12 1 9 12 1 9 12 1 9 12 1 9 12 1 9 12 1 9 12 1 9 12 1 9 12 1 9 12 1 9 12 1 9 12 1 9 12 1 9 12 1 9 12 1 9 12 1 9 12 1 9 12 1 9 12 1 9 12 1 9 12 1 9 12 1 9 12 1 9 12 1 9 12 1 9 12 1 9 12 1 9 12 1 9 12 1 9 12 1 9 12 1 9 12 1 9 12 1 9 12 1 9 12 1 9 12 1 9 12 1 9 12 1 9 12 1 9 12 1 9 12 1 9 12 1 9 12 1 9 12 1 9 12 1 9 12 1 9 12 1 9 12 1 9 12 1 9 12 1 9 12 1 9 12 1 9 12 1 9 12 1 9 12 1 9 12 1 9 12 1 9 12 1 9 12 1 9 12 1 9 12 1 9 12 1 9 12 1 9 12 1 9 12 1 9 12 1 9 12 1 9 12 1 9 12 1 9 12 1 9 12 1 9 12 1 9 12 1 9 12 1 1 10 7 12 1 1 10 7 12 1 1 1 10 12 1 1 9 12 1 10 12 1 9 12 1 1 100 1 8 1 10 12 1 10 12 1 1 8 10 8 8 8 8 8 8 8 8 8 8 8 8 8 8 8 8 8 8 8 8 8 8 8 8 8 8 8 8 8 8 8 8 8 8 8 8 8 8 8 8 8 8 8 8 8 8 8 8 8 8 8 8 8 8 8 8 8 8 8 8 8 8 8 8 8 8 8 8 8 8 8 8 8 8 8 8 8 8 8 8 8 8 8 8 8 8 8 8 8 8 8 8 8 8 8 8 8 8 8 8 8 8 8 8 8 8 8 10 12 1 1 1 1 1 1 1 1 1 1 1 1 1 1 1 1 1 1 1 1 1 1 1 1 1 1 1 1 100 1 1 1
staticfield com/sun/tools/javac/tree/JCTree$Tag NO_TAG Lcom/sun/tools/javac/tree/JCTree$Tag; com/sun/tools/javac/tree/JCTree$Tag
staticfield com/sun/tools/javac/tree/JCTree$Tag TOPLEVEL Lcom/sun/tools/javac/tree/JCTree$Tag; com/sun/tools/javac/tree/JCTree$Tag
staticfield com/sun/tools/javac/tree/JCTree$Tag PACKAGEDEF Lcom/sun/tools/javac/tree/JCTree$Tag; com/sun/tools/javac/tree/JCTree$Tag
staticfield com/sun/tools/javac/tree/JCTree$Tag IMPORT Lcom/sun/tools/javac/tree/JCTree$Tag; com/sun/tools/javac/tree/JCTree$Tag
staticfield com/sun/tools/javac/tree/JCTree$Tag MODULEIMPORT Lcom/sun/tools/javac/tree/JCTree$Tag; com/sun/tools/javac/tree/JCTree$Tag
staticfield com/sun/tools/javac/tree/JCTree$Tag CLASSDEF Lcom/sun/tools/javac/tree/JCTree$Tag; com/sun/tools/javac/tree/JCTree$Tag
staticfield com/sun/tools/javac/tree/JCTree$Tag METHODDEF Lcom/sun/tools/javac/tree/JCTree$Tag; com/sun/tools/javac/tree/JCTree$Tag
staticfield com/sun/tools/javac/tree/JCTree$Tag VARDEF Lcom/sun/tools/javac/tree/JCTree$Tag; com/sun/tools/javac/tree/JCTree$Tag
staticfield com/sun/tools/javac/tree/JCTree$Tag SKIP Lcom/sun/tools/javac/tree/JCTree$Tag; com/sun/tools/javac/tree/JCTree$Tag
staticfield com/sun/tools/javac/tree/JCTree$Tag BLOCK Lcom/sun/tools/javac/tree/JCTree$Tag; com/sun/tools/javac/tree/JCTree$Tag
staticfield com/sun/tools/javac/tree/JCTree$Tag DOLOOP Lcom/sun/tools/javac/tree/JCTree$Tag; com/sun/tools/javac/tree/JCTree$Tag
staticfield com/sun/tools/javac/tree/JCTree$Tag WHILELOOP Lcom/sun/tools/javac/tree/JCTree$Tag; com/sun/tools/javac/tree/JCTree$Tag
staticfield com/sun/tools/javac/tree/JCTree$Tag FORLOOP Lcom/sun/tools/javac/tree/JCTree$Tag; com/sun/tools/javac/tree/JCTree$Tag
staticfield com/sun/tools/javac/tree/JCTree$Tag FOREACHLOOP Lcom/sun/tools/javac/tree/JCTree$Tag; com/sun/tools/javac/tree/JCTree$Tag
staticfield com/sun/tools/javac/tree/JCTree$Tag LABELLED Lcom/sun/tools/javac/tree/JCTree$Tag; com/sun/tools/javac/tree/JCTree$Tag
staticfield com/sun/tools/javac/tree/JCTree$Tag SWITCH Lcom/sun/tools/javac/tree/JCTree$Tag; com/sun/tools/javac/tree/JCTree$Tag
staticfield com/sun/tools/javac/tree/JCTree$Tag CASE Lcom/sun/tools/javac/tree/JCTree$Tag; com/sun/tools/javac/tree/JCTree$Tag
staticfield com/sun/tools/javac/tree/JCTree$Tag SWITCH_EXPRESSION Lcom/sun/tools/javac/tree/JCTree$Tag; com/sun/tools/javac/tree/JCTree$Tag
staticfield com/sun/tools/javac/tree/JCTree$Tag SYNCHRONIZED Lcom/sun/tools/javac/tree/JCTree$Tag; com/sun/tools/javac/tree/JCTree$Tag
staticfield com/sun/tools/javac/tree/JCTree$Tag TRY Lcom/sun/tools/javac/tree/JCTree$Tag; com/sun/tools/javac/tree/JCTree$Tag
staticfield com/sun/tools/javac/tree/JCTree$Tag CATCH Lcom/sun/tools/javac/tree/JCTree$Tag; com/sun/tools/javac/tree/JCTree$Tag
staticfield com/sun/tools/javac/tree/JCTree$Tag CONDEXPR Lcom/sun/tools/javac/tree/JCTree$Tag; com/sun/tools/javac/tree/JCTree$Tag
staticfield com/sun/tools/javac/tree/JCTree$Tag IF Lcom/sun/tools/javac/tree/JCTree$Tag; com/sun/tools/javac/tree/JCTree$Tag
staticfield com/sun/tools/javac/tree/JCTree$Tag EXEC Lcom/sun/tools/javac/tree/JCTree$Tag; com/sun/tools/javac/tree/JCTree$Tag
staticfield com/sun/tools/javac/tree/JCTree$Tag BREAK Lcom/sun/tools/javac/tree/JCTree$Tag; com/sun/tools/javac/tree/JCTree$Tag
staticfield com/sun/tools/javac/tree/JCTree$Tag YIELD Lcom/sun/tools/javac/tree/JCTree$Tag; com/sun/tools/javac/tree/JCTree$Tag
staticfield com/sun/tools/javac/tree/JCTree$Tag CONTINUE Lcom/sun/tools/javac/tree/JCTree$Tag; com/sun/tools/javac/tree/JCTree$Tag
staticfield com/sun/tools/javac/tree/JCTree$Tag RETURN Lcom/sun/tools/javac/tree/JCTree$Tag; com/sun/tools/javac/tree/JCTree$Tag
staticfield com/sun/tools/javac/tree/JCTree$Tag THROW Lcom/sun/tools/javac/tree/JCTree$Tag; com/sun/tools/javac/tree/JCTree$Tag
staticfield com/sun/tools/javac/tree/JCTree$Tag ASSERT Lcom/sun/tools/javac/tree/JCTree$Tag; com/sun/tools/javac/tree/JCTree$Tag
staticfield com/sun/tools/javac/tree/JCTree$Tag APPLY Lcom/sun/tools/javac/tree/JCTree$Tag; com/sun/tools/javac/tree/JCTree$Tag
staticfield com/sun/tools/javac/tree/JCTree$Tag NEWCLASS Lcom/sun/tools/javac/tree/JCTree$Tag; com/sun/tools/javac/tree/JCTree$Tag
staticfield com/sun/tools/javac/tree/JCTree$Tag NEWARRAY Lcom/sun/tools/javac/tree/JCTree$Tag; com/sun/tools/javac/tree/JCTree$Tag
staticfield com/sun/tools/javac/tree/JCTree$Tag LAMBDA Lcom/sun/tools/javac/tree/JCTree$Tag; com/sun/tools/javac/tree/JCTree$Tag
staticfield com/sun/tools/javac/tree/JCTree$Tag PARENS Lcom/sun/tools/javac/tree/JCTree$Tag; com/sun/tools/javac/tree/JCTree$Tag
staticfield com/sun/tools/javac/tree/JCTree$Tag ASSIGN Lcom/sun/tools/javac/tree/JCTree$Tag; com/sun/tools/javac/tree/JCTree$Tag
staticfield com/sun/tools/javac/tree/JCTree$Tag TYPECAST Lcom/sun/tools/javac/tree/JCTree$Tag; com/sun/tools/javac/tree/JCTree$Tag
staticfield com/sun/tools/javac/tree/JCTree$Tag TYPETEST Lcom/sun/tools/javac/tree/JCTree$Tag; com/sun/tools/javac/tree/JCTree$Tag
staticfield com/sun/tools/javac/tree/JCTree$Tag ANYPATTERN Lcom/sun/tools/javac/tree/JCTree$Tag; com/sun/tools/javac/tree/JCTree$Tag
staticfield com/sun/tools/javac/tree/JCTree$Tag BINDINGPATTERN Lcom/sun/tools/javac/tree/JCTree$Tag; com/sun/tools/javac/tree/JCTree$Tag
staticfield com/sun/tools/javac/tree/JCTree$Tag RECORDPATTERN Lcom/sun/tools/javac/tree/JCTree$Tag; com/sun/tools/javac/tree/JCTree$Tag
staticfield com/sun/tools/javac/tree/JCTree$Tag DEFAULTCASELABEL Lcom/sun/tools/javac/tree/JCTree$Tag; com/sun/tools/javac/tree/JCTree$Tag
staticfield com/sun/tools/javac/tree/JCTree$Tag CONSTANTCASELABEL Lcom/sun/tools/javac/tree/JCTree$Tag; com/sun/tools/javac/tree/JCTree$Tag
staticfield com/sun/tools/javac/tree/JCTree$Tag PATTERNCASELABEL Lcom/sun/tools/javac/tree/JCTree$Tag; com/sun/tools/javac/tree/JCTree$Tag
staticfield com/sun/tools/javac/tree/JCTree$Tag INDEXED Lcom/sun/tools/javac/tree/JCTree$Tag; com/sun/tools/javac/tree/JCTree$Tag
staticfield com/sun/tools/javac/tree/JCTree$Tag SELECT Lcom/sun/tools/javac/tree/JCTree$Tag; com/sun/tools/javac/tree/JCTree$Tag
staticfield com/sun/tools/javac/tree/JCTree$Tag REFERENCE Lcom/sun/tools/javac/tree/JCTree$Tag; com/sun/tools/javac/tree/JCTree$Tag
staticfield com/sun/tools/javac/tree/JCTree$Tag IDENT Lcom/sun/tools/javac/tree/JCTree$Tag; com/sun/tools/javac/tree/JCTree$Tag
staticfield com/sun/tools/javac/tree/JCTree$Tag LITERAL Lcom/sun/tools/javac/tree/JCTree$Tag; com/sun/tools/javac/tree/JCTree$Tag
staticfield com/sun/tools/javac/tree/JCTree$Tag TYPEIDENT Lcom/sun/tools/javac/tree/JCTree$Tag; com/sun/tools/javac/tree/JCTree$Tag
staticfield com/sun/tools/javac/tree/JCTree$Tag TYPEARRAY Lcom/sun/tools/javac/tree/JCTree$Tag; com/sun/tools/javac/tree/JCTree$Tag
staticfield com/sun/tools/javac/tree/JCTree$Tag TYPEAPPLY Lcom/sun/tools/javac/tree/JCTree$Tag; com/sun/tools/javac/tree/JCTree$Tag
staticfield com/sun/tools/javac/tree/JCTree$Tag TYPEUNION Lcom/sun/tools/javac/tree/JCTree$Tag; com/sun/tools/javac/tree/JCTree$Tag
staticfield com/sun/tools/javac/tree/JCTree$Tag TYPEINTERSECTION Lcom/sun/tools/javac/tree/JCTree$Tag; com/sun/tools/javac/tree/JCTree$Tag
staticfield com/sun/tools/javac/tree/JCTree$Tag TYPEPARAMETER Lcom/sun/tools/javac/tree/JCTree$Tag; com/sun/tools/javac/tree/JCTree$Tag
staticfield com/sun/tools/javac/tree/JCTree$Tag WILDCARD Lcom/sun/tools/javac/tree/JCTree$Tag; com/sun/tools/javac/tree/JCTree$Tag
staticfield com/sun/tools/javac/tree/JCTree$Tag TYPEBOUNDKIND Lcom/sun/tools/javac/tree/JCTree$Tag; com/sun/tools/javac/tree/JCTree$Tag
staticfield com/sun/tools/javac/tree/JCTree$Tag ANNOTATION Lcom/sun/tools/javac/tree/JCTree$Tag; com/sun/tools/javac/tree/JCTree$Tag
staticfield com/sun/tools/javac/tree/JCTree$Tag TYPE_ANNOTATION Lcom/sun/tools/javac/tree/JCTree$Tag; com/sun/tools/javac/tree/JCTree$Tag
staticfield com/sun/tools/javac/tree/JCTree$Tag MODIFIERS Lcom/sun/tools/javac/tree/JCTree$Tag; com/sun/tools/javac/tree/JCTree$Tag
staticfield com/sun/tools/javac/tree/JCTree$Tag ANNOTATED_TYPE Lcom/sun/tools/javac/tree/JCTree$Tag; com/sun/tools/javac/tree/JCTree$Tag
staticfield com/sun/tools/javac/tree/JCTree$Tag ERRONEOUS Lcom/sun/tools/javac/tree/JCTree$Tag; com/sun/tools/javac/tree/JCTree$Tag
staticfield com/sun/tools/javac/tree/JCTree$Tag POS Lcom/sun/tools/javac/tree/JCTree$Tag; com/sun/tools/javac/tree/JCTree$Tag
staticfield com/sun/tools/javac/tree/JCTree$Tag NEG Lcom/sun/tools/javac/tree/JCTree$Tag; com/sun/tools/javac/tree/JCTree$Tag
staticfield com/sun/tools/javac/tree/JCTree$Tag NOT Lcom/sun/tools/javac/tree/JCTree$Tag; com/sun/tools/javac/tree/JCTree$Tag
staticfield com/sun/tools/javac/tree/JCTree$Tag COMPL Lcom/sun/tools/javac/tree/JCTree$Tag; com/sun/tools/javac/tree/JCTree$Tag
staticfield com/sun/tools/javac/tree/JCTree$Tag PREINC Lcom/sun/tools/javac/tree/JCTree$Tag; com/sun/tools/javac/tree/JCTree$Tag
staticfield com/sun/tools/javac/tree/JCTree$Tag PREDEC Lcom/sun/tools/javac/tree/JCTree$Tag; com/sun/tools/javac/tree/JCTree$Tag
staticfield com/sun/tools/javac/tree/JCTree$Tag POSTINC Lcom/sun/tools/javac/tree/JCTree$Tag; com/sun/tools/javac/tree/JCTree$Tag
staticfield com/sun/tools/javac/tree/JCTree$Tag POSTDEC Lcom/sun/tools/javac/tree/JCTree$Tag; com/sun/tools/javac/tree/JCTree$Tag
staticfield com/sun/tools/javac/tree/JCTree$Tag NULLCHK Lcom/sun/tools/javac/tree/JCTree$Tag; com/sun/tools/javac/tree/JCTree$Tag
staticfield com/sun/tools/javac/tree/JCTree$Tag OR Lcom/sun/tools/javac/tree/JCTree$Tag; com/sun/tools/javac/tree/JCTree$Tag
staticfield com/sun/tools/javac/tree/JCTree$Tag AND Lcom/sun/tools/javac/tree/JCTree$Tag; com/sun/tools/javac/tree/JCTree$Tag
staticfield com/sun/tools/javac/tree/JCTree$Tag BITOR Lcom/sun/tools/javac/tree/JCTree$Tag; com/sun/tools/javac/tree/JCTree$Tag
staticfield com/sun/tools/javac/tree/JCTree$Tag BITXOR Lcom/sun/tools/javac/tree/JCTree$Tag; com/sun/tools/javac/tree/JCTree$Tag
staticfield com/sun/tools/javac/tree/JCTree$Tag BITAND Lcom/sun/tools/javac/tree/JCTree$Tag; com/sun/tools/javac/tree/JCTree$Tag
staticfield com/sun/tools/javac/tree/JCTree$Tag EQ Lcom/sun/tools/javac/tree/JCTree$Tag; com/sun/tools/javac/tree/JCTree$Tag
staticfield com/sun/tools/javac/tree/JCTree$Tag NE Lcom/sun/tools/javac/tree/JCTree$Tag; com/sun/tools/javac/tree/JCTree$Tag
staticfield com/sun/tools/javac/tree/JCTree$Tag LT Lcom/sun/tools/javac/tree/JCTree$Tag; com/sun/tools/javac/tree/JCTree$Tag
staticfield com/sun/tools/javac/tree/JCTree$Tag GT Lcom/sun/tools/javac/tree/JCTree$Tag; com/sun/tools/javac/tree/JCTree$Tag
staticfield com/sun/tools/javac/tree/JCTree$Tag LE Lcom/sun/tools/javac/tree/JCTree$Tag; com/sun/tools/javac/tree/JCTree$Tag
staticfield com/sun/tools/javac/tree/JCTree$Tag GE Lcom/sun/tools/javac/tree/JCTree$Tag; com/sun/tools/javac/tree/JCTree$Tag
staticfield com/sun/tools/javac/tree/JCTree$Tag SL Lcom/sun/tools/javac/tree/JCTree$Tag; com/sun/tools/javac/tree/JCTree$Tag
staticfield com/sun/tools/javac/tree/JCTree$Tag SR Lcom/sun/tools/javac/tree/JCTree$Tag; com/sun/tools/javac/tree/JCTree$Tag
staticfield com/sun/tools/javac/tree/JCTree$Tag USR Lcom/sun/tools/javac/tree/JCTree$Tag; com/sun/tools/javac/tree/JCTree$Tag
staticfield com/sun/tools/javac/tree/JCTree$Tag PLUS Lcom/sun/tools/javac/tree/JCTree$Tag; com/sun/tools/javac/tree/JCTree$Tag
staticfield com/sun/tools/javac/tree/JCTree$Tag MINUS Lcom/sun/tools/javac/tree/JCTree$Tag; com/sun/tools/javac/tree/JCTree$Tag
staticfield com/sun/tools/javac/tree/JCTree$Tag MUL Lcom/sun/tools/javac/tree/JCTree$Tag; com/sun/tools/javac/tree/JCTree$Tag
staticfield com/sun/tools/javac/tree/JCTree$Tag DIV Lcom/sun/tools/javac/tree/JCTree$Tag; com/sun/tools/javac/tree/JCTree$Tag
staticfield com/sun/tools/javac/tree/JCTree$Tag MOD Lcom/sun/tools/javac/tree/JCTree$Tag; com/sun/tools/javac/tree/JCTree$Tag
staticfield com/sun/tools/javac/tree/JCTree$Tag BITOR_ASG Lcom/sun/tools/javac/tree/JCTree$Tag; com/sun/tools/javac/tree/JCTree$Tag
staticfield com/sun/tools/javac/tree/JCTree$Tag BITXOR_ASG Lcom/sun/tools/javac/tree/JCTree$Tag; com/sun/tools/javac/tree/JCTree$Tag
staticfield com/sun/tools/javac/tree/JCTree$Tag BITAND_ASG Lcom/sun/tools/javac/tree/JCTree$Tag; com/sun/tools/javac/tree/JCTree$Tag
staticfield com/sun/tools/javac/tree/JCTree$Tag SL_ASG Lcom/sun/tools/javac/tree/JCTree$Tag; com/sun/tools/javac/tree/JCTree$Tag
staticfield com/sun/tools/javac/tree/JCTree$Tag SR_ASG Lcom/sun/tools/javac/tree/JCTree$Tag; com/sun/tools/javac/tree/JCTree$Tag
staticfield com/sun/tools/javac/tree/JCTree$Tag USR_ASG Lcom/sun/tools/javac/tree/JCTree$Tag; com/sun/tools/javac/tree/JCTree$Tag
staticfield com/sun/tools/javac/tree/JCTree$Tag PLUS_ASG Lcom/sun/tools/javac/tree/JCTree$Tag; com/sun/tools/javac/tree/JCTree$Tag
staticfield com/sun/tools/javac/tree/JCTree$Tag MINUS_ASG Lcom/sun/tools/javac/tree/JCTree$Tag; com/sun/tools/javac/tree/JCTree$Tag
staticfield com/sun/tools/javac/tree/JCTree$Tag MUL_ASG Lcom/sun/tools/javac/tree/JCTree$Tag; com/sun/tools/javac/tree/JCTree$Tag
staticfield com/sun/tools/javac/tree/JCTree$Tag DIV_ASG Lcom/sun/tools/javac/tree/JCTree$Tag; com/sun/tools/javac/tree/JCTree$Tag
staticfield com/sun/tools/javac/tree/JCTree$Tag MOD_ASG Lcom/sun/tools/javac/tree/JCTree$Tag; com/sun/tools/javac/tree/JCTree$Tag
staticfield com/sun/tools/javac/tree/JCTree$Tag MODULEDEF Lcom/sun/tools/javac/tree/JCTree$Tag; com/sun/tools/javac/tree/JCTree$Tag
staticfield com/sun/tools/javac/tree/JCTree$Tag EXPORTS Lcom/sun/tools/javac/tree/JCTree$Tag; com/sun/tools/javac/tree/JCTree$Tag
staticfield com/sun/tools/javac/tree/JCTree$Tag OPENS Lcom/sun/tools/javac/tree/JCTree$Tag; com/sun/tools/javac/tree/JCTree$Tag
staticfield com/sun/tools/javac/tree/JCTree$Tag PROVIDES Lcom/sun/tools/javac/tree/JCTree$Tag; com/sun/tools/javac/tree/JCTree$Tag
staticfield com/sun/tools/javac/tree/JCTree$Tag REQUIRES Lcom/sun/tools/javac/tree/JCTree$Tag; com/sun/tools/javac/tree/JCTree$Tag
staticfield com/sun/tools/javac/tree/JCTree$Tag USES Lcom/sun/tools/javac/tree/JCTree$Tag; com/sun/tools/javac/tree/JCTree$Tag
staticfield com/sun/tools/javac/tree/JCTree$Tag LETEXPR Lcom/sun/tools/javac/tree/JCTree$Tag; com/sun/tools/javac/tree/JCTree$Tag
staticfield com/sun/tools/javac/tree/JCTree$Tag numberOfOperators I 28
staticfield com/sun/tools/javac/tree/JCTree$Tag $VALUES [Lcom/sun/tools/javac/tree/JCTree$Tag; 108 [Lcom/sun/tools/javac/tree/JCTree$Tag;
instanceKlass com/sun/tools/javac/comp/Attr$CheckMode$2
instanceKlass com/sun/tools/javac/comp/Attr$CheckMode$1
ciInstanceKlass com/sun/tools/javac/comp/Attr$CheckMode 1 1 70 7 1 9 12 1 1 9 12 1 9 12 1 9 12 1 1 10 100 12 1 1 10 7 12 1 1 1 10 12 1 1 8 10 7 1 8 10 7 1 8 10 10 12 1 1 1 1 1 1 1 1 1 1 1 1 1 1 1 1 1 1 1 1 1 7 1 1 1 1
staticfield com/sun/tools/javac/comp/Attr$CheckMode NORMAL Lcom/sun/tools/javac/comp/Attr$CheckMode; com/sun/tools/javac/comp/Attr$CheckMode
staticfield com/sun/tools/javac/comp/Attr$CheckMode NO_TREE_UPDATE Lcom/sun/tools/javac/comp/Attr$CheckMode; com/sun/tools/javac/comp/Attr$CheckMode$1
staticfield com/sun/tools/javac/comp/Attr$CheckMode NO_INFERENCE_HOOK Lcom/sun/tools/javac/comp/Attr$CheckMode; com/sun/tools/javac/comp/Attr$CheckMode$2
staticfield com/sun/tools/javac/comp/Attr$CheckMode $VALUES [Lcom/sun/tools/javac/comp/Attr$CheckMode; 3 [Lcom/sun/tools/javac/comp/Attr$CheckMode;
instanceKlass com/sun/tools/javac/util/DiagnosticSource$1
ciInstanceKlass com/sun/tools/javac/util/DiagnosticSource 1 1 163 100 1 10 7 12 1 1 1 9 7 12 1 1 1 9 12 1 1 10 12 1 1 9 12 1 1 9 12 1 1 9 12 1 9 12 1 11 12 1 1 100 1 10 12 1 9 12 1 1 100 1 8 1 10 12 1 100 1 9 12 1 1 10 100 12 1 1 1 100 10 12 1 1 100 1 8 1 10 100 12 1 1 1 11 100 12 1 1 1 100 1 10 100 12 1 1 1 10 12 1 1 11 100 12 1 1 1 10 12 1 1 10 12 1 7 1 10 9 12 1 1 1 1 1 1 1 1 1 1 1 1 1 1 1 100 1 1 1 1 1 1 1 1 1 1 1 1 1 1 1 1 1 1 1 1 1 1 1 1 1 1 1
staticfield com/sun/tools/javac/util/DiagnosticSource NO_SOURCE Lcom/sun/tools/javac/util/DiagnosticSource; com/sun/tools/javac/util/DiagnosticSource$1
ciInstanceKlass com/sun/tools/javac/resources/CompilerProperties$Errors 1 1 2297 10 7 12 1 1 1 7 1 7 1 10 7 12 1 1 1 8 1 8 1 10 12 1 8 1 8 1 8 1 8 1 8 1 8 1 8 1 8 1 8 1 8 1 8 1 8 1 8 1 8 1 8 1 8 1 8 1 8 1 8 1 8 1 8 1 8 1 8 1 8 1 8 1 8 1 8 1 8 1 8 1 8 1 8 1 8 1 8 1 8 1 8 1 8 1 8 1 8 1 8 1 8 1 8 1 8 1 8 1 8 1 8 1 8 1 8 1 8 1 8 1 8 1 8 1 8 1 8 1 8 1 8 1 8 1 8 1 8 1 8 1 8 1 8 1 8 1 8 1 8 1 8 1 8 1 8 1 8 1 8 1 8 1 8 1 8 1 8 1 8 1 8 1 8 1 8 1 8 1 8 1 8 1 8 1 8 1 8 1 8 1 8 1 8 1 9 12 1 1 10 12 1 1 8 1 8 1 8 1 8 1 8 1 8 1 8 1 8 1 8 1 8 1 8 1 8 1 8 1 8 1 8 1 8 1 8 1 8 1 8 1 8 1 8 1 8 1 8 1 8 1 8 1 8 1 8 1 8 1 8 1 8 1 8 1 8 1 8 1 8 1 8 1 8 1 8 1 8 1 8 1 8 1 8 1 8 1 8 1 8 1 8 1 8 1 8 1 8 1 8 1 8 1 10 100 12 1 1 1 8 1 8 1 8 1 8 1 8 1 8 1 8 1 8 1 8 1 8 1 8 1 8 1 8 1 8 1 8 1 8 1 8 1 8 1 8 1 8 1 8 1 8 1 8 1 8 1 8 1 8 1 8 1 8 1 8 1 8 1 8 1 8 1 8 1 8 1 8 1 8 1 8 1 8 1 8 1 8 1 8 1 8 1 8 1 8 1 8 1 8 1 8 1 8 1 8 1 8 1 8 1 8 1 8 1 8 1 8 1 8 1 8 1 8 1 8 1 8 1 8 1 8 1 8 1 8 1 8 1 8 1 8 1 8 1 8 1 8 1 8 1 8 1 8 1 8 1 8 1 8 1 8 1 8 1 8 1 8 1 8 1 8 1 8 1 8 1 8 1 8 1 8 1 8 1 8 1 8 1 8 1 8 1 8 1 8 1 8 1 8 1 8 1 8 1 8 1 8 1 8 1 8 1 8 1 8 1 8 1 8 1 8 1 8 1 8 1 8 1 8 1 8 1 8 1 8 1 8 1 8 1 8 1 8 1 8 1 8 1 8 1 8 1 8 1 8 1 8 1 8 1 8 1 8 1 8 1 8 1 8 1 8 1 8 1 8 1 8 1 8 1 9 7 12 1 1 1 8 1 9 12 1 8 1 9 12 1 8 1 9 12 1 8 1 9 12 1 8 1 9 12 1 8 1 9 12 1 8 1 9 12 1 8 1 9 12 1 8 1 9 12 1 8 1 9 12 1 8 1 9 12 1 8 1 9 12 1 8 1 9 12 1 8 1 9 12 1 8 1 9 12 1 8 1 9 12 1 8 1 9 12 1 8 1 9 12 1 8 1 9 12 1 8 1 9 12 1 8 1 9 12 1 8 1 9 12 1 8 1 9 12 1 8 1 9 12 1 8 1 9 12 1 8 1 9 12 1 8 1 9 12 1 8 1 9 12 1 8 1 9 12 1 8 1 9 12 1 8 1 9 12 1 8 1 9 12 1 8 1 9 12 1 8 1 9 12 1 8 1 9 12 1 8 1 9 12 1 8 1 9 12 1 8 1 9 12 1 8 1 9 12 1 8 1 9 12 1 8 1 9 12 1 8 1 9 12 1 8 1 9 12 1 8 1 9 12 1 8 1 9 12 1 8 1 9 12 1 8 1 9 12 1 8 1 9 12 1 8 1 9 12 1 8 1 9 12 1 8 1 9 12 1 8 1 9 12 1 8 1 9 12 1 8 1 9 12 1 8 1 9 12 1 8 1 9 12 1 8 1 9 12 1 8 1 9 12 1 8 1 9 12 1 8 1 9 12 1 8 1 9 12 1 8 1 9 12 1 8 1 9 12 1 8 1 9 12 1 8 1 9 12 1 8 1 9 12 1 8 1 9 12 1 8 1 9 12 1 8 1 9 12 1 8 1 9 12 1 8 1 9 12 1 8 1 9 12 1 8 1 9 12 1 8 1 9 12 1 8 1 9 12 1 8 1 9 12 1 8 1 9 12 1 8 1 9 12 1 8 1 9 12 1 8 1 9 12 1 8 1 9 12 1 8 1 9 12 1 8 1 9 12 1 8 1 9 12 1 8 1 9 12 1 8 1 9 12 1 8 1 9 12 1 8 1 9 12 1 8 1 9 12 1 8 1 9 12 1 8 1 9 12 1 8 1 9 12 1 8 1 9 12 1 8 1 9 12 1 8 1 9 12 1 8 1 9 12 1 8 1 9 12 1 8 1 9 12 1 8 1 9 12 1 8 1 9 12 1 8 1 9 12 1 8 1 9 12 1 8 1 9 12 1 8 1 9 12 1 8 1 9 12 1 8 1 9 12 1 8 1 9 12 1 8 1 9 12 1 8 1 9 12 1 8 1 9 12 1 8 1 9 12 1 8 1 9 12 1 8 1 9 12 1 8 1 9 12 1 8 1 9 12 1 8 1 9 12 1 8 1 9 12 1 8 1 9 12 1 8 1 9 12 1 8 1 9 12 1 8 1 9 12 1 8 1 9 12 1 8 1 9 12 1 8 1 9 12 1 8 1 9 12 1 8 1 9 12 1 8 1 9 12 1 8 1 9 12 1 8 1 9 12 1 8 1 9 12 1 8 1 9 12 1 8 1 9 12 1 8 1 9 12 1 8 1 9 12 1 8 1 9 12 1 8 1 9 12 1 8 1 9 12 1 8 1 9 12 1 8 1 9 12 1 8 1 9 12 1 8 1 9 12 1 8 1 9 12 1 8 1 9 12 1 8 1 9 12 1 8 1 9 12 1 8 1 9 12 1 8 1 9 12 1 8 1 9 12 1 8 1 9 12 1 8 1 9 12 1 8 1 9 12 1 8 1 9 12 1 8 1 9 12 1 8 1 9 12 1 8 1 9 12 1 8 1 9 12 1 8 1 9 12 1 8 1 9 12 1 8 1 9 12 1 8 1 9 12 1 8 1 9 12 1 8 1 9 12 1 8 1 9 12 1 8 1 9 12 1 8 1 9 12 1 8 1 9 12 1 8 1 9 12 1 8 1 9 12 1 8 1 9 12 1 8 1 9 12 1 8 1 9 12 1 8 1 9 12 1 8 1 9 12 1 8 1 9 12 1 8 1 9 12 1 8 1 9 12 1 8 1 9 12 1 8 1 9 12 1 8 1 9 12 1 8 1 9 12 1 8 1 9 12 1 8 1 9 12 1 8 1 9 12 1 8 1 9 12 1 8 1 9 12 1 8 1 9 12 1 8 1 9 12 1 8 1 9 12 1 8 1 9 12 1 8 1 9 12 1 8 1 9 12 1 8 1 9 12 1 8 1 9 12 1 8 1 9 12 1 8 1 9 12 1 8 1 9 12 1 8 1 9 12 1 8 1 9 12 1 8 1 9 12 1 8 1 9 12 1 8 1 9 12 1 8 1 9 12 1 8 1 9 12 1 8 1 9 12 1 8 1 9 12 1 8 1 9 12 1 8 1 9 12 1 8 1 9 12 1 8 1 9 12 1 8 1 9 12 1 8 1 9 12 1 8 1 9 12 1 8 1 9 12 1 8 1 9 12 1 8 1 9 12 1 8 1 9 12 1 8 1 9 12 1 8 1 9 12 1 8 1 9 12 1 8 1 9 12 1 8 1 9 12 1 8 1 9 12 1 8 1 9 12 1 8 1 9 12 1 8 1 9 12 1 8 1 9 12 1 8 1 9 12 1 8 1 9 12 1 8 1 9 12 1 8 1 9 12 1 8 1 9 12 1 8 1 9 12 1 8 1 9 12 1 8 1 9 12 1 8 1 9 12 1 8 1 9 12 1 8 1 9 12 1 8 1 9 12 1 1 1 1 1 1 1 1 1 1 1 1 1 1 1 1 1 1 1 1 1 1 1 1 1 1 1 1 1 1 1 1 1 1 1 1 1 1 1 1 1 1 1 1 1 1 1 1 1 1 1 1 1 1 1 1 1 1 1 1 1 1 1 1 1 1 1 1 1 1 1 1 1 1 1 1 1 1 1 1 1 1 1 1 1 1 1 1 1 1 1 1 1 1 1 1 1 1 1 1 1 1 1 1 1 1 1 1 1 1 1 1 1 1 1 1 1 1 1 1 1 1 1 1 1 1 1 1 1 1 1 1 1 1 1 1 1 1 1 1 1 1 1 1 1 1 1 1 1 1 1 1 1 1 1 1 1 1 1 1 1 1 1 1 1 1 1 1 1 1 1 1 1 1 1 1 1 1 1 1 1 1 1 1 1 1 1 1 1 1 1 1 1 1 1 1 1 1 1 1 1 1 1 1 1 1 1 1 1 1 1 1 1 1 1 1 1 1 1 1 1 1 1 1 1 1 1 1 1 1 1 1 1 1 1 1 1 1 1 1 1 1 1 1 1 1 1 1 1 1 1 1 1 1 1 1 1 1 1 1 1 1 1 1 1 1 1 1 1 1 1 1 1 1 1 1 1 1 1 1 1 1 1 1 1 1 1 1 1 1 1 1 1 1 1 1 1 1 1 1 1 1 1 1 1 1 1 1 1 1 1 1 1 1 1 1 1 1 1 1 1 1 1 1 1 1 1 1 1 1 1 1 1 1 1 1 1 1 1 1 1 1 1 1 1 1 1 1 1 1 1 1 1 1 1 1 1 1 1 1 1 1 1 1 1 1 1 1 1 1 1 1 1 1 1 1 1 1 1 1 1 1 1 1 1 1 1 1 1 1 1 1 1 1 1 1 1 1 1 1 1 1 1 1 1 1 1 1 1 1 1 1 1 1 1 1 1 1 1 1 1 1 1 1 1 1 1 1 1 1 1 1 1 1 1 1 1 1 1 1 1 1 1 1 1 1 1 1 1 1 1 1 1 1 1 1 1 1 1 1 1 1 1 1 1 1 1 1 1 1 1 1 1 1 1 1 1 1 1 1 1 1 1 1 1 1 1 1 1 100 1 1 100 1 1 1 100 1 100 1 1 100 1 1 100 1 1 100 1 100 1 1 100 1 100 1 1 100 1 1
staticfield com/sun/tools/javac/resources/CompilerProperties$Errors AbstractMethCantHaveBody Lcom/sun/tools/javac/util/JCDiagnostic$Error; com/sun/tools/javac/util/JCDiagnostic$Error
staticfield com/sun/tools/javac/resources/CompilerProperties$Errors AddmodsAllModulePathInvalid Lcom/sun/tools/javac/util/JCDiagnostic$Error; com/sun/tools/javac/util/JCDiagnostic$Error
staticfield com/sun/tools/javac/resources/CompilerProperties$Errors AnnotationDeclNotAllowedHere Lcom/sun/tools/javac/util/JCDiagnostic$Error; com/sun/tools/javac/util/JCDiagnostic$Error
staticfield com/sun/tools/javac/resources/CompilerProperties$Errors AnnotationMissingElementValue Lcom/sun/tools/javac/util/JCDiagnostic$Error; com/sun/tools/javac/util/JCDiagnostic$Error
staticfield com/sun/tools/javac/resources/CompilerProperties$Errors AnnotationTypeNotApplicable Lcom/sun/tools/javac/util/JCDiagnostic$Error; com/sun/tools/javac/util/JCDiagnostic$Error
staticfield com/sun/tools/javac/resources/CompilerProperties$Errors AnnotationValueMustBeAnnotation Lcom/sun/tools/javac/util/JCDiagnostic$Error; com/sun/tools/javac/util/JCDiagnostic$Error
staticfield com/sun/tools/javac/resources/CompilerProperties$Errors AnnotationValueMustBeClassLiteral Lcom/sun/tools/javac/util/JCDiagnostic$Error; com/sun/tools/javac/util/JCDiagnostic$Error
staticfield com/sun/tools/javac/resources/CompilerProperties$Errors AnnotationValueMustBeNameValue Lcom/sun/tools/javac/util/JCDiagnostic$Error; com/sun/tools/javac/util/JCDiagnostic$Error
staticfield com/sun/tools/javac/resources/CompilerProperties$Errors AnnotationValueNotAllowableType Lcom/sun/tools/javac/util/JCDiagnostic$Error; com/sun/tools/javac/util/JCDiagnostic$Error
staticfield com/sun/tools/javac/resources/CompilerProperties$Errors AnonClassImplIntfNoArgs Lcom/sun/tools/javac/util/JCDiagnostic$Error; com/sun/tools/javac/util/JCDiagnostic$Error
staticfield com/sun/tools/javac/resources/CompilerProperties$Errors AnonClassImplIntfNoQualForNew Lcom/sun/tools/javac/util/JCDiagnostic$Error; com/sun/tools/javac/util/JCDiagnostic$Error
staticfield com/sun/tools/javac/resources/CompilerProperties$Errors AnonClassImplIntfNoTypeargs Lcom/sun/tools/javac/util/JCDiagnostic$Error; com/sun/tools/javac/util/JCDiagnostic$Error
staticfield com/sun/tools/javac/resources/CompilerProperties$Errors ArrayAndReceiver Lcom/sun/tools/javac/util/JCDiagnostic$Error; com/sun/tools/javac/util/JCDiagnostic$Error
staticfield com/sun/tools/javac/resources/CompilerProperties$Errors ArrayDimensionMissing Lcom/sun/tools/javac/util/JCDiagnostic$Error; com/sun/tools/javac/util/JCDiagnostic$Error
staticfield com/sun/tools/javac/resources/CompilerProperties$Errors AssertAsIdentifier Lcom/sun/tools/javac/util/JCDiagnostic$Error; com/sun/tools/javac/util/JCDiagnostic$Error
staticfield com/sun/tools/javac/resources/CompilerProperties$Errors AttributeValueMustBeConstant Lcom/sun/tools/javac/util/JCDiagnostic$Error; com/sun/tools/javac/util/JCDiagnostic$Error
staticfield com/sun/tools/javac/resources/CompilerProperties$Errors BadFunctionalIntfAnno Lcom/sun/tools/javac/util/JCDiagnostic$Error; com/sun/tools/javac/util/JCDiagnostic$Error
staticfield com/sun/tools/javac/resources/CompilerProperties$Errors BreakOutsideSwitchExpression Lcom/sun/tools/javac/util/JCDiagnostic$Error; com/sun/tools/javac/util/JCDiagnostic$Error
staticfield com/sun/tools/javac/resources/CompilerProperties$Errors BreakOutsideSwitchLoop Lcom/sun/tools/javac/util/JCDiagnostic$Error; com/sun/tools/javac/util/JCDiagnostic$Error
staticfield com/sun/tools/javac/resources/CompilerProperties$Errors CallMustOnlyAppearInCtor Lcom/sun/tools/javac/util/JCDiagnostic$Error; com/sun/tools/javac/util/JCDiagnostic$Error
staticfield com/sun/tools/javac/resources/CompilerProperties$Errors CannotCreateArrayWithDiamond Lcom/sun/tools/javac/util/JCDiagnostic$Error; com/sun/tools/javac/util/JCDiagnostic$Error
staticfield com/sun/tools/javac/resources/CompilerProperties$Errors CannotCreateArrayWithTypeArguments Lcom/sun/tools/javac/util/JCDiagnostic$Error; com/sun/tools/javac/util/JCDiagnostic$Error
staticfield com/sun/tools/javac/resources/CompilerProperties$Errors CantAssignValToThis Lcom/sun/tools/javac/util/JCDiagnostic$Error; com/sun/tools/javac/util/JCDiagnostic$Error
staticfield com/sun/tools/javac/resources/CompilerProperties$Errors CantExtendIntfAnnotation Lcom/sun/tools/javac/util/JCDiagnostic$Error; com/sun/tools/javac/util/JCDiagnostic$Error
staticfield com/sun/tools/javac/resources/CompilerProperties$Errors CantInheritFromAnon Lcom/sun/tools/javac/util/JCDiagnostic$Error; com/sun/tools/javac/util/JCDiagnostic$Error
staticfield com/sun/tools/javac/resources/CompilerProperties$Errors CantReadFile Lcom/sun/tools/javac/util/JCDiagnostic$Error; com/sun/tools/javac/util/JCDiagnostic$Error
staticfield com/sun/tools/javac/resources/CompilerProperties$Errors CantSelectStaticClassFromParamType Lcom/sun/tools/javac/util/JCDiagnostic$Error; com/sun/tools/javac/util/JCDiagnostic$Error
staticfield com/sun/tools/javac/resources/CompilerProperties$Errors CatchWithoutTry Lcom/sun/tools/javac/util/JCDiagnostic$Error; com/sun/tools/javac/util/JCDiagnostic$Error
staticfield com/sun/tools/javac/resources/CompilerProperties$Errors ClassMethodOrFieldExpected Lcom/sun/tools/javac/util/JCDiagnostic$Error; com/sun/tools/javac/util/JCDiagnostic$Error
staticfield com/sun/tools/javac/resources/CompilerProperties$Errors ClassNotAllowed Lcom/sun/tools/javac/util/JCDiagnostic$Error; com/sun/tools/javac/util/JCDiagnostic$Error
staticfield com/sun/tools/javac/resources/CompilerProperties$Errors ConstExprReq Lcom/sun/tools/javac/util/JCDiagnostic$Error; com/sun/tools/javac/util/JCDiagnostic$Error
staticfield com/sun/tools/javac/resources/CompilerProperties$Errors ContOutsideLoop Lcom/sun/tools/javac/util/JCDiagnostic$Error; com/sun/tools/javac/util/JCDiagnostic$Error
staticfield com/sun/tools/javac/resources/CompilerProperties$Errors ContinueOutsideSwitchExpression Lcom/sun/tools/javac/util/JCDiagnostic$Error; com/sun/tools/javac/util/JCDiagnostic$Error
staticfield com/sun/tools/javac/resources/CompilerProperties$Errors CtorCallsNotAllowedHere Lcom/sun/tools/javac/util/JCDiagnostic$Error; com/sun/tools/javac/util/JCDiagnostic$Error
staticfield com/sun/tools/javac/resources/CompilerProperties$Errors DcBadEntity Lcom/sun/tools/javac/util/JCDiagnostic$Error; com/sun/tools/javac/util/JCDiagnostic$Error
staticfield com/sun/tools/javac/resources/CompilerProperties$Errors DcBadInlineTag Lcom/sun/tools/javac/util/JCDiagnostic$Error; com/sun/tools/javac/util/JCDiagnostic$Error
staticfield com/sun/tools/javac/resources/CompilerProperties$Errors DcGtExpected Lcom/sun/tools/javac/util/JCDiagnostic$Error; com/sun/tools/javac/util/JCDiagnostic$Error
staticfield com/sun/tools/javac/resources/CompilerProperties$Errors DcIdentifierExpected Lcom/sun/tools/javac/util/JCDiagnostic$Error; com/sun/tools/javac/util/JCDiagnostic$Error
staticfield com/sun/tools/javac/resources/CompilerProperties$Errors DcInvalidHtml Lcom/sun/tools/javac/util/JCDiagnostic$Error; com/sun/tools/javac/util/JCDiagnostic$Error
staticfield com/sun/tools/javac/resources/CompilerProperties$Errors DcMalformedHtml Lcom/sun/tools/javac/util/JCDiagnostic$Error; com/sun/tools/javac/util/JCDiagnostic$Error
staticfield com/sun/tools/javac/resources/CompilerProperties$Errors DcMissingSemicolon Lcom/sun/tools/javac/util/JCDiagnostic$Error; com/sun/tools/javac/util/JCDiagnostic$Error
staticfield com/sun/tools/javac/resources/CompilerProperties$Errors DcNoContent Lcom/sun/tools/javac/util/JCDiagnostic$Error; com/sun/tools/javac/util/JCDiagnostic$Error
staticfield com/sun/tools/javac/resources/CompilerProperties$Errors DcNoTagName Lcom/sun/tools/javac/util/JCDiagnostic$Error; com/sun/tools/javac/util/JCDiagnostic$Error
staticfield com/sun/tools/javac/resources/CompilerProperties$Errors DcNoTitle Lcom/sun/tools/javac/util/JCDiagnostic$Error; com/sun/tools/javac/util/JCDiagnostic$Error
staticfield com/sun/tools/javac/resources/CompilerProperties$Errors DcNoUrl Lcom/sun/tools/javac/util/JCDiagnostic$Error; com/sun/tools/javac/util/JCDiagnostic$Error
staticfield com/sun/tools/javac/resources/CompilerProperties$Errors DcRefAnnotationsNotAllowed Lcom/sun/tools/javac/util/JCDiagnostic$Error; com/sun/tools/javac/util/JCDiagnostic$Error
staticfield com/sun/tools/javac/resources/CompilerProperties$Errors DcRefBadParens Lcom/sun/tools/javac/util/JCDiagnostic$Error; com/sun/tools/javac/util/JCDiagnostic$Error
staticfield com/sun/tools/javac/resources/CompilerProperties$Errors DcRefSyntaxError Lcom/sun/tools/javac/util/JCDiagnostic$Error; com/sun/tools/javac/util/JCDiagnostic$Error
staticfield com/sun/tools/javac/resources/CompilerProperties$Errors DcRefUnexpectedInput Lcom/sun/tools/javac/util/JCDiagnostic$Error; com/sun/tools/javac/util/JCDiagnostic$Error
staticfield com/sun/tools/javac/resources/CompilerProperties$Errors DcUnexpectedContent Lcom/sun/tools/javac/util/JCDiagnostic$Error; com/sun/tools/javac/util/JCDiagnostic$Error
staticfield com/sun/tools/javac/resources/CompilerProperties$Errors DcUnterminatedInlineTag Lcom/sun/tools/javac/util/JCDiagnostic$Error; com/sun/tools/javac/util/JCDiagnostic$Error
staticfield com/sun/tools/javac/resources/CompilerProperties$Errors DcUnterminatedSignature Lcom/sun/tools/javac/util/JCDiagnostic$Error; com/sun/tools/javac/util/JCDiagnostic$Error
staticfield com/sun/tools/javac/resources/CompilerProperties$Errors DcUnterminatedString Lcom/sun/tools/javac/util/JCDiagnostic$Error; com/sun/tools/javac/util/JCDiagnostic$Error
staticfield com/sun/tools/javac/resources/CompilerProperties$Errors DeconstructionPatternVarNotAllowed Lcom/sun/tools/javac/util/JCDiagnostic$Error; com/sun/tools/javac/util/JCDiagnostic$Error
staticfield com/sun/tools/javac/resources/CompilerProperties$Errors DefaultAllowedInIntfAnnotationMember Lcom/sun/tools/javac/util/JCDiagnostic$Error; com/sun/tools/javac/util/JCDiagnostic$Error
staticfield com/sun/tools/javac/resources/CompilerProperties$Errors DefaultAndBothBooleanValues Lcom/sun/tools/javac/util/JCDiagnostic$Error; com/sun/tools/javac/util/JCDiagnostic$Error
staticfield com/sun/tools/javac/resources/CompilerProperties$Errors DefaultLabelNotAllowed Lcom/sun/tools/javac/util/JCDiagnostic$Error; com/sun/tools/javac/util/JCDiagnostic$Error
staticfield com/sun/tools/javac/resources/CompilerProperties$Errors DotClassExpected Lcom/sun/tools/javac/util/JCDiagnostic$Error; com/sun/tools/javac/util/JCDiagnostic$Error
staticfield com/sun/tools/javac/resources/CompilerProperties$Errors DuplicateCaseLabel Lcom/sun/tools/javac/util/JCDiagnostic$Error; com/sun/tools/javac/util/JCDiagnostic$Error
staticfield com/sun/tools/javac/resources/CompilerProperties$Errors DuplicateDefaultLabel Lcom/sun/tools/javac/util/JCDiagnostic$Error; com/sun/tools/javac/util/JCDiagnostic$Error
staticfield com/sun/tools/javac/resources/CompilerProperties$Errors DuplicateUnconditionalPattern Lcom/sun/tools/javac/util/JCDiagnostic$Error; com/sun/tools/javac/util/JCDiagnostic$Error
staticfield com/sun/tools/javac/resources/CompilerProperties$Errors ElseWithoutIf Lcom/sun/tools/javac/util/JCDiagnostic$Error; com/sun/tools/javac/util/JCDiagnostic$Error
staticfield com/sun/tools/javac/resources/CompilerProperties$Errors EmptyAArgument Lcom/sun/tools/javac/util/JCDiagnostic$Error; com/sun/tools/javac/util/JCDiagnostic$Error
staticfield com/sun/tools/javac/resources/CompilerProperties$Errors EmptyCharLit Lcom/sun/tools/javac/util/JCDiagnostic$Error; com/sun/tools/javac/util/JCDiagnostic$Error
staticfield com/sun/tools/javac/resources/CompilerProperties$Errors EnumAnnotationMustBeEnumConstant Lcom/sun/tools/javac/util/JCDiagnostic$Error; com/sun/tools/javac/util/JCDiagnostic$Error
staticfield com/sun/tools/javac/resources/CompilerProperties$Errors EnumAsIdentifier Lcom/sun/tools/javac/util/JCDiagnostic$Error; com/sun/tools/javac/util/JCDiagnostic$Error
staticfield com/sun/tools/javac/resources/CompilerProperties$Errors EnumCantBeGeneric Lcom/sun/tools/javac/util/JCDiagnostic$Error; com/sun/tools/javac/util/JCDiagnostic$Error
staticfield com/sun/tools/javac/resources/CompilerProperties$Errors EnumCantBeInstantiated Lcom/sun/tools/javac/util/JCDiagnostic$Error; com/sun/tools/javac/util/JCDiagnostic$Error
staticfield com/sun/tools/javac/resources/CompilerProperties$Errors EnumConstantExpected Lcom/sun/tools/javac/util/JCDiagnostic$Error; com/sun/tools/javac/util/JCDiagnostic$Error
staticfield com/sun/tools/javac/resources/CompilerProperties$Errors EnumConstantNotExpected Lcom/sun/tools/javac/util/JCDiagnostic$Error; com/sun/tools/javac/util/JCDiagnostic$Error
staticfield com/sun/tools/javac/resources/CompilerProperties$Errors EnumLabelMustBeEnumConstant Lcom/sun/tools/javac/util/JCDiagnostic$Error; com/sun/tools/javac/util/JCDiagnostic$Error
staticfield com/sun/tools/javac/resources/CompilerProperties$Errors EnumLabelMustBeUnqualifiedEnum Lcom/sun/tools/javac/util/JCDiagnostic$Error; com/sun/tools/javac/util/JCDiagnostic$Error
staticfield com/sun/tools/javac/resources/CompilerProperties$Errors EnumNoFinalize Lcom/sun/tools/javac/util/JCDiagnostic$Error; com/sun/tools/javac/util/JCDiagnostic$Error
staticfield com/sun/tools/javac/resources/CompilerProperties$Errors EnumNoSubclassing Lcom/sun/tools/javac/util/JCDiagnostic$Error; com/sun/tools/javac/util/JCDiagnostic$Error
staticfield com/sun/tools/javac/resources/CompilerProperties$Errors EnumTypesNotExtensible Lcom/sun/tools/javac/util/JCDiagnostic$Error; com/sun/tools/javac/util/JCDiagnostic$Error
staticfield com/sun/tools/javac/resources/CompilerProperties$Errors Error Lcom/sun/tools/javac/util/JCDiagnostic$Error; com/sun/tools/javac/util/JCDiagnostic$Error
staticfield com/sun/tools/javac/resources/CompilerProperties$Errors ExpectedModule Lcom/sun/tools/javac/util/JCDiagnostic$Error; com/sun/tools/javac/util/JCDiagnostic$Error
staticfield com/sun/tools/javac/resources/CompilerProperties$Errors ExpectedModuleOrOpen Lcom/sun/tools/javac/util/JCDiagnostic$Error; com/sun/tools/javac/util/JCDiagnostic$Error
staticfield com/sun/tools/javac/resources/CompilerProperties$Errors ExpressionNotAllowableAsAnnotationValue Lcom/sun/tools/javac/util/JCDiagnostic$Error; com/sun/tools/javac/util/JCDiagnostic$Error
staticfield com/sun/tools/javac/resources/CompilerProperties$Errors ExtraneousSemicolon Lcom/sun/tools/javac/util/JCDiagnostic$Error; com/sun/tools/javac/util/JCDiagnostic$Error
staticfield com/sun/tools/javac/resources/CompilerProperties$Errors FileSbOnSourceOrPatchPathForModule Lcom/sun/tools/javac/util/JCDiagnostic$Error; com/sun/tools/javac/util/JCDiagnostic$Error
staticfield com/sun/tools/javac/resources/CompilerProperties$Errors FinallyWithoutTry Lcom/sun/tools/javac/util/JCDiagnostic$Error; com/sun/tools/javac/util/JCDiagnostic$Error
staticfield com/sun/tools/javac/resources/CompilerProperties$Errors FlowsThroughFromPattern Lcom/sun/tools/javac/util/JCDiagnostic$Error; com/sun/tools/javac/util/JCDiagnostic$Error
staticfield com/sun/tools/javac/resources/CompilerProperties$Errors FlowsThroughToPattern Lcom/sun/tools/javac/util/JCDiagnostic$Error; com/sun/tools/javac/util/JCDiagnostic$Error
staticfield com/sun/tools/javac/resources/CompilerProperties$Errors FpNumberTooLarge Lcom/sun/tools/javac/util/JCDiagnostic$Error; com/sun/tools/javac/util/JCDiagnostic$Error
staticfield com/sun/tools/javac/resources/CompilerProperties$Errors FpNumberTooSmall Lcom/sun/tools/javac/util/JCDiagnostic$Error; com/sun/tools/javac/util/JCDiagnostic$Error
staticfield com/sun/tools/javac/resources/CompilerProperties$Errors GenericArrayCreation Lcom/sun/tools/javac/util/JCDiagnostic$Error; com/sun/tools/javac/util/JCDiagnostic$Error
staticfield com/sun/tools/javac/resources/CompilerProperties$Errors GenericThrowable Lcom/sun/tools/javac/util/JCDiagnostic$Error; com/sun/tools/javac/util/JCDiagnostic$Error
staticfield com/sun/tools/javac/resources/CompilerProperties$Errors GuardHasConstantExpressionFalse Lcom/sun/tools/javac/util/JCDiagnostic$Error; com/sun/tools/javac/util/JCDiagnostic$Error
staticfield com/sun/tools/javac/resources/CompilerProperties$Errors GuardNotAllowed Lcom/sun/tools/javac/util/JCDiagnostic$Error; com/sun/tools/javac/util/JCDiagnostic$Error
staticfield com/sun/tools/javac/resources/CompilerProperties$Errors IllegalArrayCreationBothDimensionAndInitialization Lcom/sun/tools/javac/util/JCDiagnostic$Error; com/sun/tools/javac/util/JCDiagnostic$Error
staticfield com/sun/tools/javac/resources/CompilerProperties$Errors IllegalCharLiteralMultipleSurrogates Lcom/sun/tools/javac/util/JCDiagnostic$Error; com/sun/tools/javac/util/JCDiagnostic$Error
staticfield com/sun/tools/javac/resources/CompilerProperties$Errors IllegalDigitInBinaryLiteral Lcom/sun/tools/javac/util/JCDiagnostic$Error; com/sun/tools/javac/util/JCDiagnostic$Error
staticfield com/sun/tools/javac/resources/CompilerProperties$Errors IllegalDigitInOctalLiteral Lcom/sun/tools/javac/util/JCDiagnostic$Error; com/sun/tools/javac/util/JCDiagnostic$Error
staticfield com/sun/tools/javac/resources/CompilerProperties$Errors IllegalDot Lcom/sun/tools/javac/util/JCDiagnostic$Error; com/sun/tools/javac/util/JCDiagnostic$Error
staticfield com/sun/tools/javac/resources/CompilerProperties$Errors IllegalEnumStaticRef Lcom/sun/tools/javac/util/JCDiagnostic$Error; com/sun/tools/javac/util/JCDiagnostic$Error
staticfield com/sun/tools/javac/resources/CompilerProperties$Errors IllegalEscChar Lcom/sun/tools/javac/util/JCDiagnostic$Error; com/sun/tools/javac/util/JCDiagnostic$Error
staticfield com/sun/tools/javac/resources/CompilerProperties$Errors IllegalForwardRef Lcom/sun/tools/javac/util/JCDiagnostic$Error; com/sun/tools/javac/util/JCDiagnostic$Error
staticfield com/sun/tools/javac/resources/CompilerProperties$Errors IllegalLineEndInCharLit Lcom/sun/tools/javac/util/JCDiagnostic$Error; com/sun/tools/javac/util/JCDiagnostic$Error
staticfield com/sun/tools/javac/resources/CompilerProperties$Errors IllegalNonasciiDigit Lcom/sun/tools/javac/util/JCDiagnostic$Error; com/sun/tools/javac/util/JCDiagnostic$Error
staticfield com/sun/tools/javac/resources/CompilerProperties$Errors IllegalParenthesizedExpression Lcom/sun/tools/javac/util/JCDiagnostic$Error; com/sun/tools/javac/util/JCDiagnostic$Error
staticfield com/sun/tools/javac/resources/CompilerProperties$Errors IllegalSelfRef Lcom/sun/tools/javac/util/JCDiagnostic$Error; com/sun/tools/javac/util/JCDiagnostic$Error
staticfield com/sun/tools/javac/resources/CompilerProperties$Errors IllegalStartOfExpr Lcom/sun/tools/javac/util/JCDiagnostic$Error; com/sun/tools/javac/util/JCDiagnostic$Error
staticfield com/sun/tools/javac/resources/CompilerProperties$Errors IllegalStartOfStmt Lcom/sun/tools/javac/util/JCDiagnostic$Error; com/sun/tools/javac/util/JCDiagnostic$Error
staticfield com/sun/tools/javac/resources/CompilerProperties$Errors IllegalStartOfType Lcom/sun/tools/javac/util/JCDiagnostic$Error; com/sun/tools/javac/util/JCDiagnostic$Error
staticfield com/sun/tools/javac/resources/CompilerProperties$Errors IllegalTextBlockOpen Lcom/sun/tools/javac/util/JCDiagnostic$Error; com/sun/tools/javac/util/JCDiagnostic$Error
staticfield com/sun/tools/javac/resources/CompilerProperties$Errors IllegalUnderscore Lcom/sun/tools/javac/util/JCDiagnostic$Error; com/sun/tools/javac/util/JCDiagnostic$Error
staticfield com/sun/tools/javac/resources/CompilerProperties$Errors IllegalUnicodeEsc Lcom/sun/tools/javac/util/JCDiagnostic$Error; com/sun/tools/javac/util/JCDiagnostic$Error
staticfield com/sun/tools/javac/resources/CompilerProperties$Errors ImplicitClassDoesNotHaveMainMethod Lcom/sun/tools/javac/util/JCDiagnostic$Error; com/sun/tools/javac/util/JCDiagnostic$Error
staticfield com/sun/tools/javac/resources/CompilerProperties$Errors ImplicitClassShouldNotHavePackageDeclaration Lcom/sun/tools/javac/util/JCDiagnostic$Error; com/sun/tools/javac/util/JCDiagnostic$Error
staticfield com/sun/tools/javac/resources/CompilerProperties$Errors ImproperlyFormedTypeInnerRawParam Lcom/sun/tools/javac/util/JCDiagnostic$Error; com/sun/tools/javac/util/JCDiagnostic$Error
staticfield com/sun/tools/javac/resources/CompilerProperties$Errors ImproperlyFormedTypeParamMissing Lcom/sun/tools/javac/util/JCDiagnostic$Error; com/sun/tools/javac/util/JCDiagnostic$Error
staticfield com/sun/tools/javac/resources/CompilerProperties$Errors InitializerMustBeAbleToCompleteNormally Lcom/sun/tools/javac/util/JCDiagnostic$Error; com/sun/tools/javac/util/JCDiagnostic$Error
staticfield com/sun/tools/javac/resources/CompilerProperties$Errors InitializerNotAllowed Lcom/sun/tools/javac/util/JCDiagnostic$Error; com/sun/tools/javac/util/JCDiagnostic$Error
staticfield com/sun/tools/javac/resources/CompilerProperties$Errors InstanceInitializerNotAllowedInRecords Lcom/sun/tools/javac/util/JCDiagnostic$Error; com/sun/tools/javac/util/JCDiagnostic$Error
staticfield com/sun/tools/javac/resources/CompilerProperties$Errors IntfAnnotationMembersCantHaveParams Lcom/sun/tools/javac/util/JCDiagnostic$Error; com/sun/tools/javac/util/JCDiagnostic$Error
staticfield com/sun/tools/javac/resources/CompilerProperties$Errors IntfAnnotationMembersCantHaveTypeParams Lcom/sun/tools/javac/util/JCDiagnostic$Error; com/sun/tools/javac/util/JCDiagnostic$Error
staticfield com/sun/tools/javac/resources/CompilerProperties$Errors IntfExpectedHere Lcom/sun/tools/javac/util/JCDiagnostic$Error; com/sun/tools/javac/util/JCDiagnostic$Error
staticfield com/sun/tools/javac/resources/CompilerProperties$Errors IntfMethCantHaveBody Lcom/sun/tools/javac/util/JCDiagnostic$Error; com/sun/tools/javac/util/JCDiagnostic$Error
staticfield com/sun/tools/javac/resources/CompilerProperties$Errors IntfNotAllowedHere Lcom/sun/tools/javac/util/JCDiagnostic$Error; com/sun/tools/javac/util/JCDiagnostic$Error
staticfield com/sun/tools/javac/resources/CompilerProperties$Errors InvalidAnnotationMemberType Lcom/sun/tools/javac/util/JCDiagnostic$Error; com/sun/tools/javac/util/JCDiagnostic$Error
staticfield com/sun/tools/javac/resources/CompilerProperties$Errors InvalidBinaryNumber Lcom/sun/tools/javac/util/JCDiagnostic$Error; com/sun/tools/javac/util/JCDiagnostic$Error
staticfield com/sun/tools/javac/resources/CompilerProperties$Errors InvalidCaseLabelCombination Lcom/sun/tools/javac/util/JCDiagnostic$Error; com/sun/tools/javac/util/JCDiagnostic$Error
staticfield com/sun/tools/javac/resources/CompilerProperties$Errors InvalidHexNumber Lcom/sun/tools/javac/util/JCDiagnostic$Error; com/sun/tools/javac/util/JCDiagnostic$Error
staticfield com/sun/tools/javac/resources/CompilerProperties$Errors InvalidMethDeclRetTypeReq Lcom/sun/tools/javac/util/JCDiagnostic$Error; com/sun/tools/javac/util/JCDiagnostic$Error
staticfield com/sun/tools/javac/resources/CompilerProperties$Errors InvalidModuleDirective Lcom/sun/tools/javac/util/JCDiagnostic$Error; com/sun/tools/javac/util/JCDiagnostic$Error
staticfield com/sun/tools/javac/resources/CompilerProperties$Errors InvalidYield Lcom/sun/tools/javac/util/JCDiagnostic$Error; com/sun/tools/javac/util/JCDiagnostic$Error
staticfield com/sun/tools/javac/resources/CompilerProperties$Errors IoException Lcom/sun/tools/javac/util/JCDiagnostic$Error; com/sun/tools/javac/util/JCDiagnostic$Error
staticfield com/sun/tools/javac/resources/CompilerProperties$Errors LambdaBodyNeitherValueNorVoidCompatible Lcom/sun/tools/javac/util/JCDiagnostic$Error; com/sun/tools/javac/util/JCDiagnostic$Error
staticfield com/sun/tools/javac/resources/CompilerProperties$Errors LimitCode Lcom/sun/tools/javac/util/JCDiagnostic$Error; com/sun/tools/javac/util/JCDiagnostic$Error
staticfield com/sun/tools/javac/resources/CompilerProperties$Errors LimitCodeTooLargeForTryStmt Lcom/sun/tools/javac/util/JCDiagnostic$Error; com/sun/tools/javac/util/JCDiagnostic$Error
staticfield com/sun/tools/javac/resources/CompilerProperties$Errors LimitDimensions Lcom/sun/tools/javac/util/JCDiagnostic$Error; com/sun/tools/javac/util/JCDiagnostic$Error
staticfield com/sun/tools/javac/resources/CompilerProperties$Errors LimitLocals Lcom/sun/tools/javac/util/JCDiagnostic$Error; com/sun/tools/javac/util/JCDiagnostic$Error
staticfield com/sun/tools/javac/resources/CompilerProperties$Errors LimitParameters Lcom/sun/tools/javac/util/JCDiagnostic$Error; com/sun/tools/javac/util/JCDiagnostic$Error
staticfield com/sun/tools/javac/resources/CompilerProperties$Errors LimitPool Lcom/sun/tools/javac/util/JCDiagnostic$Error; com/sun/tools/javac/util/JCDiagnostic$Error
staticfield com/sun/tools/javac/resources/CompilerProperties$Errors LimitPoolInClass Lcom/sun/tools/javac/util/JCDiagnostic$Error; com/sun/tools/javac/util/JCDiagnostic$Error
staticfield com/sun/tools/javac/resources/CompilerProperties$Errors LimitStack Lcom/sun/tools/javac/util/JCDiagnostic$Error; com/sun/tools/javac/util/JCDiagnostic$Error
staticfield com/sun/tools/javac/resources/CompilerProperties$Errors LimitString Lcom/sun/tools/javac/util/JCDiagnostic$Error; com/sun/tools/javac/util/JCDiagnostic$Error
staticfield com/sun/tools/javac/resources/CompilerProperties$Errors LocalEnum Lcom/sun/tools/javac/util/JCDiagnostic$Error; com/sun/tools/javac/util/JCDiagnostic$Error
staticfield com/sun/tools/javac/resources/CompilerProperties$Errors MalformedFpLit Lcom/sun/tools/javac/util/JCDiagnostic$Error; com/sun/tools/javac/util/JCDiagnostic$Error
staticfield com/sun/tools/javac/resources/CompilerProperties$Errors MatchBindingExists Lcom/sun/tools/javac/util/JCDiagnostic$Error; com/sun/tools/javac/util/JCDiagnostic$Error
staticfield com/sun/tools/javac/resources/CompilerProperties$Errors MissingRetStmt Lcom/sun/tools/javac/util/JCDiagnostic$Error; com/sun/tools/javac/util/JCDiagnostic$Error
staticfield com/sun/tools/javac/resources/CompilerProperties$Errors ModuleDeclSbInModuleInfoJava Lcom/sun/tools/javac/util/JCDiagnostic$Error; com/sun/tools/javac/util/JCDiagnostic$Error
staticfield com/sun/tools/javac/resources/CompilerProperties$Errors ModuleNotFoundOnModuleSourcePath Lcom/sun/tools/javac/util/JCDiagnostic$Error; com/sun/tools/javac/util/JCDiagnostic$Error
staticfield com/sun/tools/javac/resources/CompilerProperties$Errors ModulesourcepathMustBeSpecifiedWithDashMOption Lcom/sun/tools/javac/util/JCDiagnostic$Error; com/sun/tools/javac/util/JCDiagnostic$Error
staticfield com/sun/tools/javac/resources/CompilerProperties$Errors MultipleValuesForModuleSourcePath Lcom/sun/tools/javac/util/JCDiagnostic$Error; com/sun/tools/javac/util/JCDiagnostic$Error
staticfield com/sun/tools/javac/resources/CompilerProperties$Errors NameReservedForInternalUse Lcom/sun/tools/javac/util/JCDiagnostic$Error; com/sun/tools/javac/util/JCDiagnostic$Error
staticfield com/sun/tools/javac/resources/CompilerProperties$Errors NativeMethCantHaveBody Lcom/sun/tools/javac/util/JCDiagnostic$Error; com/sun/tools/javac/util/JCDiagnostic$Error
staticfield com/sun/tools/javac/resources/CompilerProperties$Errors NewNotAllowedInAnnotation Lcom/sun/tools/javac/util/JCDiagnostic$Error; com/sun/tools/javac/util/JCDiagnostic$Error
staticfield com/sun/tools/javac/resources/CompilerProperties$Errors NoAnnotationsOnDotClass Lcom/sun/tools/javac/util/JCDiagnostic$Error; com/sun/tools/javac/util/JCDiagnostic$Error
staticfield com/sun/tools/javac/resources/CompilerProperties$Errors NoIntfExpectedHere Lcom/sun/tools/javac/util/JCDiagnostic$Error; com/sun/tools/javac/util/JCDiagnostic$Error
staticfield com/sun/tools/javac/resources/CompilerProperties$Errors NoJavaLang Lcom/sun/tools/javac/util/JCDiagnostic$Error; com/sun/tools/javac/util/JCDiagnostic$Error
staticfield com/sun/tools/javac/resources/CompilerProperties$Errors NoMatchEntry Lcom/sun/tools/javac/util/JCDiagnostic$Error; com/sun/tools/javac/util/JCDiagnostic$Error
staticfield com/sun/tools/javac/resources/CompilerProperties$Errors NoOpensUnlessStrong Lcom/sun/tools/javac/util/JCDiagnostic$Error; com/sun/tools/javac/util/JCDiagnostic$Error
staticfield com/sun/tools/javac/resources/CompilerProperties$Errors NoOutputDir Lcom/sun/tools/javac/util/JCDiagnostic$Error; com/sun/tools/javac/util/JCDiagnostic$Error
staticfield com/sun/tools/javac/resources/CompilerProperties$Errors NoPkgInModuleInfoJava Lcom/sun/tools/javac/util/JCDiagnostic$Error; com/sun/tools/javac/util/JCDiagnostic$Error
staticfield com/sun/tools/javac/resources/CompilerProperties$Errors NoSourceFiles Lcom/sun/tools/javac/util/JCDiagnostic$Error; com/sun/tools/javac/util/JCDiagnostic$Error
staticfield com/sun/tools/javac/resources/CompilerProperties$Errors NoSourceFilesClasses Lcom/sun/tools/javac/util/JCDiagnostic$Error; com/sun/tools/javac/util/JCDiagnostic$Error
staticfield com/sun/tools/javac/resources/CompilerProperties$Errors NoSwitchExpression Lcom/sun/tools/javac/util/JCDiagnostic$Error; com/sun/tools/javac/util/JCDiagnostic$Error
staticfield com/sun/tools/javac/resources/CompilerProperties$Errors NoSwitchExpressionQualify Lcom/sun/tools/javac/util/JCDiagnostic$Error; com/sun/tools/javac/util/JCDiagnostic$Error
staticfield com/sun/tools/javac/resources/CompilerProperties$Errors NonSealedOrSealedExpected Lcom/sun/tools/javac/util/JCDiagnostic$Error; com/sun/tools/javac/util/JCDiagnostic$Error
staticfield com/sun/tools/javac/resources/CompilerProperties$Errors NonSealedSealedOrFinalExpected Lcom/sun/tools/javac/util/JCDiagnostic$Error; com/sun/tools/javac/util/JCDiagnostic$Error
staticfield com/sun/tools/javac/resources/CompilerProperties$Errors NotExhaustive Lcom/sun/tools/javac/util/JCDiagnostic$Error; com/sun/tools/javac/util/JCDiagnostic$Error
staticfield com/sun/tools/javac/resources/CompilerProperties$Errors NotExhaustiveStatement Lcom/sun/tools/javac/util/JCDiagnostic$Error; com/sun/tools/javac/util/JCDiagnostic$Error
staticfield com/sun/tools/javac/resources/CompilerProperties$Errors NotInModuleOnModuleSourcePath Lcom/sun/tools/javac/util/JCDiagnostic$Error; com/sun/tools/javac/util/JCDiagnostic$Error
staticfield com/sun/tools/javac/resources/CompilerProperties$Errors NotStmt Lcom/sun/tools/javac/util/JCDiagnostic$Error; com/sun/tools/javac/util/JCDiagnostic$Error
staticfield com/sun/tools/javac/resources/CompilerProperties$Errors OutputDirMustBeSpecifiedWithDashMOption Lcom/sun/tools/javac/util/JCDiagnostic$Error; com/sun/tools/javac/util/JCDiagnostic$Error
staticfield com/sun/tools/javac/resources/CompilerProperties$Errors PatternDominated Lcom/sun/tools/javac/util/JCDiagnostic$Error; com/sun/tools/javac/util/JCDiagnostic$Error
staticfield com/sun/tools/javac/resources/CompilerProperties$Errors PatternExpected Lcom/sun/tools/javac/util/JCDiagnostic$Error; com/sun/tools/javac/util/JCDiagnostic$Error
staticfield com/sun/tools/javac/resources/CompilerProperties$Errors PatternOrEnumReq Lcom/sun/tools/javac/util/JCDiagnostic$Error; com/sun/tools/javac/util/JCDiagnostic$Error
staticfield com/sun/tools/javac/resources/CompilerProperties$Errors PatternTypeCannotInfer Lcom/sun/tools/javac/util/JCDiagnostic$Error; com/sun/tools/javac/util/JCDiagnostic$Error
staticfield com/sun/tools/javac/resources/CompilerProperties$Errors PkgAnnotationsSbInPackageInfoJava Lcom/sun/tools/javac/util/JCDiagnostic$Error; com/sun/tools/javac/util/JCDiagnostic$Error
staticfield com/sun/tools/javac/resources/CompilerProperties$Errors PrematureEof Lcom/sun/tools/javac/util/JCDiagnostic$Error; com/sun/tools/javac/util/JCDiagnostic$Error
staticfield com/sun/tools/javac/resources/CompilerProperties$Errors PreviewWithoutSourceOrRelease Lcom/sun/tools/javac/util/JCDiagnostic$Error; com/sun/tools/javac/util/JCDiagnostic$Error
staticfield com/sun/tools/javac/resources/CompilerProperties$Errors ProcCantCreateLoader Lcom/sun/tools/javac/util/JCDiagnostic$Error; com/sun/tools/javac/util/JCDiagnostic$Error
staticfield com/sun/tools/javac/resources/CompilerProperties$Errors ProcServiceProblem Lcom/sun/tools/javac/util/JCDiagnostic$Error; com/sun/tools/javac/util/JCDiagnostic$Error
staticfield com/sun/tools/javac/resources/CompilerProperties$Errors ProcessorpathNoProcessormodulepath Lcom/sun/tools/javac/util/JCDiagnostic$Error; com/sun/tools/javac/util/JCDiagnostic$Error
staticfield com/sun/tools/javac/resources/CompilerProperties$Errors ProfileBootclasspathConflict Lcom/sun/tools/javac/util/JCDiagnostic$Error; com/sun/tools/javac/util/JCDiagnostic$Error
staticfield com/sun/tools/javac/resources/CompilerProperties$Errors ReceiverParameterNotApplicableConstructorToplevelClass Lcom/sun/tools/javac/util/JCDiagnostic$Error; com/sun/tools/javac/util/JCDiagnostic$Error
staticfield com/sun/tools/javac/resources/CompilerProperties$Errors RecordCannotDeclareInstanceFields Lcom/sun/tools/javac/util/JCDiagnostic$Error; com/sun/tools/javac/util/JCDiagnostic$Error
staticfield com/sun/tools/javac/resources/CompilerProperties$Errors RecordCantDeclareFieldModifiers Lcom/sun/tools/javac/util/JCDiagnostic$Error; com/sun/tools/javac/util/JCDiagnostic$Error
staticfield com/sun/tools/javac/resources/CompilerProperties$Errors RecordComponentAndOldArraySyntax Lcom/sun/tools/javac/util/JCDiagnostic$Error; com/sun/tools/javac/util/JCDiagnostic$Error
staticfield com/sun/tools/javac/resources/CompilerProperties$Errors RecordPatternsAnnotationsNotAllowed Lcom/sun/tools/javac/util/JCDiagnostic$Error; com/sun/tools/javac/util/JCDiagnostic$Error
staticfield com/sun/tools/javac/resources/CompilerProperties$Errors RecursiveCtorInvocation Lcom/sun/tools/javac/util/JCDiagnostic$Error; com/sun/tools/javac/util/JCDiagnostic$Error
staticfield com/sun/tools/javac/resources/CompilerProperties$Errors RedundantSuperclassInit Lcom/sun/tools/javac/util/JCDiagnostic$Error; com/sun/tools/javac/util/JCDiagnostic$Error
staticfield com/sun/tools/javac/resources/CompilerProperties$Errors RepeatedAnnotationTarget Lcom/sun/tools/javac/util/JCDiagnostic$Error; com/sun/tools/javac/util/JCDiagnostic$Error
staticfield com/sun/tools/javac/resources/CompilerProperties$Errors RepeatedInterface Lcom/sun/tools/javac/util/JCDiagnostic$Error; com/sun/tools/javac/util/JCDiagnostic$Error
staticfield com/sun/tools/javac/resources/CompilerProperties$Errors RepeatedModifier Lcom/sun/tools/javac/util/JCDiagnostic$Error; com/sun/tools/javac/util/JCDiagnostic$Error
staticfield com/sun/tools/javac/resources/CompilerProperties$Errors RetOutsideMeth Lcom/sun/tools/javac/util/JCDiagnostic$Error; com/sun/tools/javac/util/JCDiagnostic$Error
staticfield com/sun/tools/javac/resources/CompilerProperties$Errors ReturnBeforeSuperclassInitialized Lcom/sun/tools/javac/util/JCDiagnostic$Error; com/sun/tools/javac/util/JCDiagnostic$Error
staticfield com/sun/tools/javac/resources/CompilerProperties$Errors ReturnOutsideSwitchExpression Lcom/sun/tools/javac/util/JCDiagnostic$Error; com/sun/tools/javac/util/JCDiagnostic$Error
staticfield com/sun/tools/javac/resources/CompilerProperties$Errors RuleCompletesNormally Lcom/sun/tools/javac/util/JCDiagnostic$Error; com/sun/tools/javac/util/JCDiagnostic$Error
staticfield com/sun/tools/javac/resources/CompilerProperties$Errors SealedClassMustHaveSubclasses Lcom/sun/tools/javac/util/JCDiagnostic$Error; com/sun/tools/javac/util/JCDiagnostic$Error
staticfield com/sun/tools/javac/resources/CompilerProperties$Errors SealedOrNonSealedLocalClassesNotAllowed Lcom/sun/tools/javac/util/JCDiagnostic$Error; com/sun/tools/javac/util/JCDiagnostic$Error
staticfield com/sun/tools/javac/resources/CompilerProperties$Errors ServiceImplementationMustBeSubtypeOfServiceInterface Lcom/sun/tools/javac/util/JCDiagnostic$Error; com/sun/tools/javac/util/JCDiagnostic$Error
staticfield com/sun/tools/javac/resources/CompilerProperties$Errors ServiceImplementationProviderReturnMustBeSubtypeOfServiceInterface Lcom/sun/tools/javac/util/JCDiagnostic$Error; com/sun/tools/javac/util/JCDiagnostic$Error
staticfield com/sun/tools/javac/resources/CompilerProperties$Errors SignatureDoesntMatchIntf Lcom/sun/tools/javac/util/JCDiagnostic$Error; com/sun/tools/javac/util/JCDiagnostic$Error
staticfield com/sun/tools/javac/resources/CompilerProperties$Errors SignatureDoesntMatchSupertype Lcom/sun/tools/javac/util/JCDiagnostic$Error; com/sun/tools/javac/util/JCDiagnostic$Error
staticfield com/sun/tools/javac/resources/CompilerProperties$Errors SourcepathModulesourcepathConflict Lcom/sun/tools/javac/util/JCDiagnostic$Error; com/sun/tools/javac/util/JCDiagnostic$Error
staticfield com/sun/tools/javac/resources/CompilerProperties$Errors StatementNotExpected Lcom/sun/tools/javac/util/JCDiagnostic$Error; com/sun/tools/javac/util/JCDiagnostic$Error
staticfield com/sun/tools/javac/resources/CompilerProperties$Errors StaticDeclarationNotAllowedInInnerClasses Lcom/sun/tools/javac/util/JCDiagnostic$Error; com/sun/tools/javac/util/JCDiagnostic$Error
staticfield com/sun/tools/javac/resources/CompilerProperties$Errors StaticImpOnlyClassesAndInterfaces Lcom/sun/tools/javac/util/JCDiagnostic$Error; com/sun/tools/javac/util/JCDiagnostic$Error
staticfield com/sun/tools/javac/resources/CompilerProperties$Errors StringConstReq Lcom/sun/tools/javac/util/JCDiagnostic$Error; com/sun/tools/javac/util/JCDiagnostic$Error
staticfield com/sun/tools/javac/resources/CompilerProperties$Errors SwitchCaseUnexpectedStatement Lcom/sun/tools/javac/util/JCDiagnostic$Error; com/sun/tools/javac/util/JCDiagnostic$Error
staticfield com/sun/tools/javac/resources/CompilerProperties$Errors SwitchExpressionCompletesNormally Lcom/sun/tools/javac/util/JCDiagnostic$Error; com/sun/tools/javac/util/JCDiagnostic$Error
staticfield com/sun/tools/javac/resources/CompilerProperties$Errors SwitchExpressionEmpty Lcom/sun/tools/javac/util/JCDiagnostic$Error; com/sun/tools/javac/util/JCDiagnostic$Error
staticfield com/sun/tools/javac/resources/CompilerProperties$Errors SwitchExpressionNoResultExpressions Lcom/sun/tools/javac/util/JCDiagnostic$Error; com/sun/tools/javac/util/JCDiagnostic$Error
staticfield com/sun/tools/javac/resources/CompilerProperties$Errors SwitchMixingCaseTypes Lcom/sun/tools/javac/util/JCDiagnostic$Error; com/sun/tools/javac/util/JCDiagnostic$Error
staticfield com/sun/tools/javac/resources/CompilerProperties$Errors ThisAsIdentifier Lcom/sun/tools/javac/util/JCDiagnostic$Error; com/sun/tools/javac/util/JCDiagnostic$Error
staticfield com/sun/tools/javac/resources/CompilerProperties$Errors ThrowsNotAllowedInIntfAnnotation Lcom/sun/tools/javac/util/JCDiagnostic$Error; com/sun/tools/javac/util/JCDiagnostic$Error
staticfield com/sun/tools/javac/resources/CompilerProperties$Errors TooManyModules Lcom/sun/tools/javac/util/JCDiagnostic$Error; com/sun/tools/javac/util/JCDiagnostic$Error
staticfield com/sun/tools/javac/resources/CompilerProperties$Errors TryWithResourcesExprNeedsVar Lcom/sun/tools/javac/util/JCDiagnostic$Error; com/sun/tools/javac/util/JCDiagnostic$Error
staticfield com/sun/tools/javac/resources/CompilerProperties$Errors TryWithoutCatchFinallyOrResourceDecls Lcom/sun/tools/javac/util/JCDiagnostic$Error; com/sun/tools/javac/util/JCDiagnostic$Error
staticfield com/sun/tools/javac/resources/CompilerProperties$Errors TwoClassLoaders1 Lcom/sun/tools/javac/util/JCDiagnostic$Error; com/sun/tools/javac/util/JCDiagnostic$Error
staticfield com/sun/tools/javac/resources/CompilerProperties$Errors TypeVarCantBeDeref Lcom/sun/tools/javac/util/JCDiagnostic$Error; com/sun/tools/javac/util/JCDiagnostic$Error
staticfield com/sun/tools/javac/resources/CompilerProperties$Errors TypeVarMayNotBeFollowedByOtherBounds Lcom/sun/tools/javac/util/JCDiagnostic$Error; com/sun/tools/javac/util/JCDiagnostic$Error
staticfield com/sun/tools/javac/resources/CompilerProperties$Errors TypeVarMoreThanOnce Lcom/sun/tools/javac/util/JCDiagnostic$Error; com/sun/tools/javac/util/JCDiagnostic$Error
staticfield com/sun/tools/javac/resources/CompilerProperties$Errors TypeVarMoreThanOnceInResult Lcom/sun/tools/javac/util/JCDiagnostic$Error; com/sun/tools/javac/util/JCDiagnostic$Error
staticfield com/sun/tools/javac/resources/CompilerProperties$Errors UnclosedCharLit Lcom/sun/tools/javac/util/JCDiagnostic$Error; com/sun/tools/javac/util/JCDiagnostic$Error
staticfield com/sun/tools/javac/resources/CompilerProperties$Errors UnclosedComment Lcom/sun/tools/javac/util/JCDiagnostic$Error; com/sun/tools/javac/util/JCDiagnostic$Error
staticfield com/sun/tools/javac/resources/CompilerProperties$Errors UnclosedStrLit Lcom/sun/tools/javac/util/JCDiagnostic$Error; com/sun/tools/javac/util/JCDiagnostic$Error
staticfield com/sun/tools/javac/resources/CompilerProperties$Errors UnclosedTextBlock Lcom/sun/tools/javac/util/JCDiagnostic$Error; com/sun/tools/javac/util/JCDiagnostic$Error
staticfield com/sun/tools/javac/resources/CompilerProperties$Errors UnconditionalPatternAndBothBooleanValues Lcom/sun/tools/javac/util/JCDiagnostic$Error; com/sun/tools/javac/util/JCDiagnostic$Error
staticfield com/sun/tools/javac/resources/CompilerProperties$Errors UnconditionalPatternAndDefault Lcom/sun/tools/javac/util/JCDiagnostic$Error; com/sun/tools/javac/util/JCDiagnostic$Error
staticfield com/sun/tools/javac/resources/CompilerProperties$Errors UnderscoreAsIdentifier Lcom/sun/tools/javac/util/JCDiagnostic$Error; com/sun/tools/javac/util/JCDiagnostic$Error
staticfield com/sun/tools/javac/resources/CompilerProperties$Errors UnexpectedLambda Lcom/sun/tools/javac/util/JCDiagnostic$Error; com/sun/tools/javac/util/JCDiagnostic$Error
staticfield com/sun/tools/javac/resources/CompilerProperties$Errors UnexpectedMref Lcom/sun/tools/javac/util/JCDiagnostic$Error; com/sun/tools/javac/util/JCDiagnostic$Error
staticfield com/sun/tools/javac/resources/CompilerProperties$Errors UnnamedPkgNotAllowedNamedModules Lcom/sun/tools/javac/util/JCDiagnostic$Error; com/sun/tools/javac/util/JCDiagnostic$Error
staticfield com/sun/tools/javac/resources/CompilerProperties$Errors UnreachableStmt Lcom/sun/tools/javac/util/JCDiagnostic$Error; com/sun/tools/javac/util/JCDiagnostic$Error
staticfield com/sun/tools/javac/resources/CompilerProperties$Errors UseOfUnderscoreNotAllowed Lcom/sun/tools/javac/util/JCDiagnostic$Error; com/sun/tools/javac/util/JCDiagnostic$Error
staticfield com/sun/tools/javac/resources/CompilerProperties$Errors UseOfUnderscoreNotAllowedNonVariable Lcom/sun/tools/javac/util/JCDiagnostic$Error; com/sun/tools/javac/util/JCDiagnostic$Error
staticfield com/sun/tools/javac/resources/CompilerProperties$Errors UseOfUnderscoreNotAllowedWithBrackets Lcom/sun/tools/javac/util/JCDiagnostic$Error; com/sun/tools/javac/util/JCDiagnostic$Error
staticfield com/sun/tools/javac/resources/CompilerProperties$Errors VarargsAndOldArraySyntax Lcom/sun/tools/javac/util/JCDiagnostic$Error; com/sun/tools/javac/util/JCDiagnostic$Error
staticfield com/sun/tools/javac/resources/CompilerProperties$Errors VarargsAndReceiver Lcom/sun/tools/javac/util/JCDiagnostic$Error; com/sun/tools/javac/util/JCDiagnostic$Error
staticfield com/sun/tools/javac/resources/CompilerProperties$Errors VarargsMustBeLast Lcom/sun/tools/javac/util/JCDiagnostic$Error; com/sun/tools/javac/util/JCDiagnostic$Error
staticfield com/sun/tools/javac/resources/CompilerProperties$Errors VariableNotAllowed Lcom/sun/tools/javac/util/JCDiagnostic$Error; com/sun/tools/javac/util/JCDiagnostic$Error
staticfield com/sun/tools/javac/resources/CompilerProperties$Errors VoidNotAllowedHere Lcom/sun/tools/javac/util/JCDiagnostic$Error; com/sun/tools/javac/util/JCDiagnostic$Error
staticfield com/sun/tools/javac/resources/CompilerProperties$Errors WarningsAndWerror Lcom/sun/tools/javac/util/JCDiagnostic$Error; com/sun/tools/javac/util/JCDiagnostic$Error
staticfield com/sun/tools/javac/resources/CompilerProperties$Errors WrongReceiver Lcom/sun/tools/javac/util/JCDiagnostic$Error; com/sun/tools/javac/util/JCDiagnostic$Error
ciInstanceKlass com/sun/tools/javac/tree/TreeInfo 1 1 1450 100 1 10 100 12 1 1 1 9 7 12 1 1 1 10 7 12 1 1 1 10 7 12 1 1 1 7 1 9 12 1 1 7 1 9 9 12 1 1 10 12 1 1 7 1 9 12 1 1 9 7 12 1 1 1 9 7 12 1 1 1 9 7 12 1 1 10 7 12 1 1 1 9 12 1 1 9 7 12 1 1 1 5 0 10 12 1 5 0 9 12 1 7 1 9 12 1 1 10 7 12 1 1 1 9 12 1 1 9 12 1 9 7 12 1 1 1 9 12 1 9 12 1 10 7 1 9 12 1 7 1 9 12 1 9 12 1 100 1 9 12 1 9 12 1 7 1 9 12 1 10 7 12 1 1 1 5 0 9 12 1 10 12 1 9 12 1 9 12 1 9 12 1 10 12 1 1 10 12 1 7 1 9 10 12 1 10 12 1 1 9 12 1 9 12 1 1 10 100 12 1 1 1 9 7 12 1 1 1 10 100 12 1 1 100 1 9 12 1 1 100 1 9 10 12 1 1 10 12 1 1 10 12 1 9 7 12 1 1 10 12 1 1 18 12 1 1 11 100 12 1 1 1 18 12 1 1 11 12 1 1 18 10 12 1 1 11 12 1 1 10 12 1 1 18 10 12 1 1 10 12 1 1 9 12 1 1 7 1 10 12 1 10 12 1 1 9 7 12 1 1 7 1 10 12 1 18 12 1 10 12 1 7 1 10 12 1 1 10 12 1 9 12 1 10 12 1 100 1 9 12 1 9 12 1 1 9 7 12 1 5 0 9 12 1 1 9 100 1 9 12 1 100 1 100 1 10 8 1 10 12 1 1 10 12 1 10 12 1 1 10 12 1 9 12 1 9 9 10 7 1 9 12 1 9 12 1 18 10 12 1 1 10 12 1 1 9 12 1 1 9 7 12 1 1 9 12 1 18 11 7 12 1 1 10 12 1 1 9 12 1 7 1 9 12 1 9 12 1 9 100 12 1 1 1 10 100 12 1 1 1 10 12 1 1 11 100 12 1 1 11 12 1 1 100 1 11 12 1 1 9 7 12 1 1 1 9 12 1 7 1 9 12 1 1 11 100 12 1 1 1 9 12 1 1 9 9 12 1 100 1 9 12 1 100 1 9 10 12 1 1 9 12 1 7 1 9 12 1 9 12 1 10 12 1 9 9 9 12 1 100 1 9 9 12 1 100 1 9 100 1 9 9 12 1 9 100 1 9 7 1 9 9 10 12 1 7 1 9 7 12 1 1 1 10 12 1 1 9 9 100 1 9 12 1 100 1 9 12 1 9 9 12 1 9 12 1 9 9 7 1 9 12 1 100 1 9 9 9 12 1 9 12 1 9 12 1 100 1 9 12 1 100 1 9 12 1 11 7 12 1 1 9 12 1 10 12 1 100 1 9 9 12 1 100 1 9 12 1 100 1 9 100 1 9 12 1 9 12 1 100 1 9 9 100 1 9 12 1 1 100 1 9 9 12 1 100 1 9 7 1 10 12 1 10 100 12 1 1 1 10 100 12 1 1 10 10 12 1 1 10 12 1 1 10 12 1 100 1 10 12 1 10 12 1 1 9 12 1 10 12 1 18 12 1 18 11 12 1 1 10 100 12 1 1 100 1 7 1 10 12 1 9 9 12 1 9 12 1 7 1 9 10 12 1 7 1 10 9 10 12 1 10 12 1 10 12 1 10 12 1 10 12 1 10 12 1 1 10 12 1 1 10 12 1 1 10 12 1 9 12 1 1 9 12 1 9 9 12 1 9 12 1 9 9 9 12 1 9 9 5 0 10 12 1 10 100 12 1 1 9 12 1 9 12 1 9 12 1 9 12 1 9 12 1 9 12 1 9 12 1 9 12 1 9 12 1 9 12 1 9 12 1 9 12 1 9 12 1 9 12 1 9 12 1 9 12 1 9 12 1 9 12 1 9 12 1 9 12 1 9 12 1 9 12 1 9 12 1 9 12 1 9 12 1 9 12 1 9 12 1 9 12 1 9 12 1 9 12 1 9 12 1 9 12 1 9 12 1 9 12 1 9 12 1 9 12 1 9 12 1 9 12 1 9 12 1 9 12 1 9 12 1 9 12 1 8 1 100 1 10 10 12 1 1 9 12 1 1 9 12 1 1 8 1 9 7 12 1 1 1 11 7 12 1 1 1 8 1 9 100 1 9 12 1 18 11 12 1 18 18 18 11 12 1 1 100 1 9 100 1 9 9 12 1 9 12 1 9 12 1 18 18 11 12 1 9 12 1 10 12 1 1 10 12 1 9 12 1 100 1 10 12 1 9 12 1 10 100 1 100 1 9 10 12 1 10 12 1 1 9 12 1 9 12 1 10 12 1 9 10 12 1 1 1 1 3 1 3 1 3 1 3 1 3 1 3 1 3 1 3 1 3 1 3 1 3 1 3 1 3 1 3 1 3 1 3 1 3 1 3 1 1 1 1 1 1 1 1 1 1 1 1 1 1 1 1 1 1 1 1 1 1 1 1 1 1 1 1 1 1 1 1 1 1 1 1 1 1 1 1 1 1 1 1 1 1 1 1 1 1 1 1 1 1 1 1 1 1 1 1 1 1 1 1 1 1 1 1 1 1 1 1 1 1 1 1 1 1 1 1 1 1 1 1 1 1 1 1 1 1 1 1 1 1 1 1 1 1 1 1 1 1 1 1 1 1 1 1 1 1 1 1 1 1 1 1 1 1 1 1 1 1 1 1 1 1 1 1 1 1 1 1 1 1 1 1 1 1 1 1 1 1 1 1 1 1 1 1 1 1 1 1 1 1 1 1 1 1 1 1 1 1 1 1 1 1 1 1 1 1 1 1 1 1 1 1 1 1 1 1 1 1 1 1 1 1 1 1 1 1 1 1 1 1 1 1 1 1 1 1 1 1 1 1 1 1 1 1 1 1 16 15 10 12 16 16 15 10 12 16 15 10 12 16 15 10 12 16 15 10 7 12 1 1 16 1 15 10 12 15 10 12 15 10 12 16 15 10 12 16 15 10 12 16 15 10 12 16 15 10 12 16 15 10 12 16 15 10 12 15 10 12 15 10 7 12 1 1 1 1 1 1 1 1 1 1 1 1 1 1 1 1 1 1 1 1 1 1 1 1 1 1 1 100 1 1 100 1 1 1 1 100 1 1 1 1 1 1 1 1 1 1 1 1 1 1 1 1 1 1 1 1 1 1 1 1 1 1 1 1 100 1 1 1 100 1 1 1 1 100 1 1 100 1 1 100 1 1 1 1 1 1 1 100 1 100 1 1
ciInstanceKlass com/sun/tools/javac/tree/TreeInfo$2 1 1 290 10 7 12 1 1 1 9 7 12 1 1 1 9 12 1 1 10 12 1 1 100 1 9 12 1 9 12 1 9 12 1 9 12 1 9 12 1 9 12 1 9 12 1 9 12 1 9 12 1 9 12 1 9 12 1 9 12 1 9 12 1 9 12 1 9 12 1 9 12 1 9 12 1 9 12 1 9 12 1 9 12 1 9 12 1 9 12 1 9 12 1 9 12 1 9 12 1 9 12 1 9 12 1 9 12 1 9 12 1 9 12 1 9 12 1 9 12 1 9 12 1 9 12 1 9 12 1 9 12 1 9 12 1 9 12 1 9 12 1 9 12 1 9 12 1 9 12 1 9 12 1 9 12 1 9 12 1 9 12 1 9 12 1 9 12 1 9 12 1 9 12 1 9 12 1 9 12 1 9 12 1 9 12 1 9 12 1 9 12 1 9 12 1 9 12 1 9 12 1 9 12 1 9 12 1 9 12 1 9 12 1 9 12 1 9 12 1 9 12 1 9 12 1 9 12 1 9 12 1 9 12 1 9 12 1 9 12 1 9 12 1 9 12 1 9 12 1 9 12 1 9 12 1 9 12 1 9 12 1 9 12 1 9 12 1 9 12 1 9 12 1 100 1 1 1 1 1 1 1 1 1 1 100 1 1 1 100 1 1
staticfield com/sun/tools/javac/tree/TreeInfo$2 $SwitchMap$com$sun$tools$javac$tree$JCTree$Tag [I 108
ciInstanceKlass com/sun/tools/javac/code/BoundKind 1 1 68 7 1 9 12 1 1 9 12 1 9 12 1 9 12 1 1 10 7 12 1 1 10 7 12 1 1 1 10 12 1 1 9 12 1 1 8 8 1 10 12 1 8 8 1 8 8 1 10 12 1 1 1 1 1 1 1 1 1 1 1 1 1 1 1 1 1 1
staticfield com/sun/tools/javac/code/BoundKind EXTENDS Lcom/sun/tools/javac/code/BoundKind; com/sun/tools/javac/code/BoundKind
staticfield com/sun/tools/javac/code/BoundKind SUPER Lcom/sun/tools/javac/code/BoundKind; com/sun/tools/javac/code/BoundKind
staticfield com/sun/tools/javac/code/BoundKind UNBOUND Lcom/sun/tools/javac/code/BoundKind; com/sun/tools/javac/code/BoundKind
staticfield com/sun/tools/javac/code/BoundKind $VALUES [Lcom/sun/tools/javac/code/BoundKind; 3 [Lcom/sun/tools/javac/code/BoundKind;
ciInstanceKlass com/sun/tools/javac/comp/AttrContext 1 1 152 10 7 12 1 1 1 9 7 12 1 1 1 9 12 1 1 9 12 1 1 9 12 1 9 12 1 9 12 1 9 12 1 9 7 12 1 1 1 9 12 1 9 12 1 9 12 1 9 12 1 9 12 1 9 12 1 9 12 1 1 9 12 1 1 9 12 1 1 9 12 1 9 12 1 1 10 9 12 1 1 9 12 1 1 10 12 1 1 10 100 12 1 1 1 10 100 12 1 1 1 10 100 12 1 1 1 100 1 10 8 1 10 12 1 1 10 12 1 1 8 1 10 1 1 1 1 1 1 1 1 1 1 1 1 1 1 1 100 1 1 100 1 1 100 1 1 100 1 100 1 1
ciInstanceKlass com/sun/tools/javac/code/Types$26 1 1 126 10 7 12 1 1 1 9 7 12 1 1 1 9 12 1 1 10 12 1 1 100 1 9 12 1 9 12 1 9 12 1 9 12 1 9 12 1 9 12 1 9 12 1 9 12 1 9 12 1 9 12 1 9 12 1 9 12 1 9 12 1 9 12 1 9 12 1 9 12 1 9 12 1 9 12 1 9 12 1 9 12 1 9 12 1 9 12 1 9 12 1 10 7 12 1 1 9 12 1 9 12 1 1 10 9 12 1 9 12 1 100 1 1 1 1 1 1 1 1 1 1 100 1 1 1
staticfield com/sun/tools/javac/code/Types$26 $SwitchMap$com$sun$tools$javac$code$BoundKind [I 3
staticfield com/sun/tools/javac/code/Types$26 $SwitchMap$com$sun$tools$javac$code$TypeTag [I 24
ciInstanceKlass  @bci com/sun/tools/javac/code/Types$TypeMapping visit (Lcom/sun/tools/javac/util/List;Ljava/lang/Object;)Lcom/sun/tools/javac/util/List; 3 <appendix> member <vmtarget> ; 1 1 32 1 7 1 1 1 1 1 1 1 7 1 12 10 12 9 12 9 1 1 1 7 1 7 1 1 12 10 1 100 1 1
ciInstanceKlass  @bci com/sun/tools/javac/jvm/ClassReader$TypeAnnotationStructuralTypeMapping rewriteTypeParams (Lcom/sun/tools/javac/util/List;Lcom/sun/tools/javac/util/List;)Lcom/sun/tools/javac/util/List; 19 <appendix> member <vmtarget> ; 1 1 36 1 7 1 1 1 1 1 1 1 1 1 7 1 12 10 12 9 12 9 12 9 1 1 1 7 1 7 1 1 12 10 1 100 1 1
ciInstanceKlass com/sun/tools/javac/comp/Resolve$MethodResolutionContext 1 1 147 10 7 12 1 1 1 9 7 12 1 1 1 10 7 12 1 1 1 10 7 12 1 1 1 9 12 1 1 9 12 1 1 9 7 12 1 1 1 9 12 1 9 12 1 1 9 7 12 1 1 1 9 12 1 7 1 9 12 1 1 10 12 1 10 12 1 1 9 12 1 1 9 7 12 1 1 1 9 100 12 1 1 1 11 7 12 1 1 1 7 1 10 12 1 1 1 1 1 1 1 1 1 1 1 1 1 1 1 1 1 1 1 1 1 1 1 1 1 1 1 1 1 1 1 1 1 1 1 1 1 1 100 1 1 100 1 1 1 1 1 100 1 1 100 1 1
ciInstanceKlass com/sun/tools/javac/comp/Annotate$AnnotationValueContext 1 1 61 10 7 12 1 1 1 10 7 12 1 1 1 9 7 12 1 1 1 10 7 12 1 1 1 10 12 1 1 100 1 1 1 1 1 1 1 1 1 1 1 1 1 1 1 1 1 1 1 1 1 100 1 1 100 1 1 100 1 1 1
ciInstanceKlass  @bci com/sun/tools/javac/util/JCDiagnostic$Factory normalize (Lcom/sun/tools/javac/util/JCDiagnostic$DiagnosticInfo;)Lcom/sun/tools/javac/util/JCDiagnostic$DiagnosticInfo; 46 <appendix> member <vmtarget> ; 1 1 25 1 7 1 1 1 1 1 7 1 12 10 12 9 1 1 1 7 1 12 10 1 100 1 1
instanceKlass com/sun/tools/javac/comp/Resolve$MethodReferenceCheck$1
instanceKlass com/sun/tools/javac/comp/Resolve$MostSpecificCheck$MostSpecificCheckContext
instanceKlass com/sun/tools/javac/comp/Resolve$4$1
ciInstanceKlass com/sun/tools/javac/comp/Resolve$MethodCheckContext 1 1 111 10 7 12 1 1 1 9 7 12 1 1 1 10 7 12 1 1 1 9 12 1 1 9 12 1 1 9 12 1 1 9 7 12 1 1 1 9 7 12 1 1 1 10 7 12 1 1 1 10 7 12 1 1 1 10 12 1 7 1 9 12 1 10 12 1 8 1 100 1 1 1 1 1 1 1 1 1 1 1 1 1 1 1 1 1 1 1 1 1 1 1 1 1 1 1 1 1 1 100 1 1 1 100 1 1 100 1 100 1 1
ciInstanceKlass com/sun/tools/javac/comp/Resolve$4$1 1 1 101 9 7 12 1 1 1 10 7 12 1 1 1 9 12 1 1 9 7 12 1 1 1 10 7 12 1 1 1 9 7 12 1 1 1 9 12 1 9 12 1 9 12 1 1 9 7 12 1 1 1 7 1 10 12 1 1 1 1 1 1 1 1 1 1 1 1 100 1 1 1 1 1 1 1 1 1 1 1 12 1 1 1 100 1 1 1 100 1 1 1 100 1 100 1 1 100 1 100 1 1
ciInstanceKlass com/sun/tools/javac/comp/Resolve$MethodCheckDiag 1 1 99 7 1 9 12 1 1 9 12 1 9 12 1 9 12 1 9 12 1 1 10 100 12 1 1 10 7 12 1 1 1 10 12 1 1 9 12 1 1 9 12 1 8 1 100 1 10 100 12 1 1 1 8 8 1 8 1 10 12 1 8 8 1 8 1 8 8 1 8 1 8 8 1 10 12 1 1 1 1 1 1 1 1 1 1 1 1 1 1 1 1 1 1 1 1 100 1 1 1
staticfield com/sun/tools/javac/comp/Resolve$MethodCheckDiag ARITY_MISMATCH Lcom/sun/tools/javac/comp/Resolve$MethodCheckDiag; com/sun/tools/javac/comp/Resolve$MethodCheckDiag
staticfield com/sun/tools/javac/comp/Resolve$MethodCheckDiag ARG_MISMATCH Lcom/sun/tools/javac/comp/Resolve$MethodCheckDiag; com/sun/tools/javac/comp/Resolve$MethodCheckDiag
staticfield com/sun/tools/javac/comp/Resolve$MethodCheckDiag VARARG_MISMATCH Lcom/sun/tools/javac/comp/Resolve$MethodCheckDiag; com/sun/tools/javac/comp/Resolve$MethodCheckDiag
staticfield com/sun/tools/javac/comp/Resolve$MethodCheckDiag INACCESSIBLE_VARARGS Lcom/sun/tools/javac/comp/Resolve$MethodCheckDiag; com/sun/tools/javac/comp/Resolve$MethodCheckDiag
staticfield com/sun/tools/javac/comp/Resolve$MethodCheckDiag $VALUES [Lcom/sun/tools/javac/comp/Resolve$MethodCheckDiag; 4 [Lcom/sun/tools/javac/comp/Resolve$MethodCheckDiag;
ciInstanceKlass com/sun/tools/javac/code/Types$Subst$1 1 1 48 10 7 12 1 1 1 10 7 12 1 1 1 100 1 1 1 1 1 1 1 1 1 1 1 1 1 1 1 1 1 1 1 1 1 100 1 12 1 1 1 100 1 1 100 1 1 1
ciInstanceKlass com/sun/tools/javac/jvm/Code$LocalVar$Range 1 1 71 10 7 12 1 1 1 10 7 12 1 1 1 100 1 3 9 7 12 1 1 1 9 12 1 100 1 10 8 1 10 12 1 1 10 12 1 8 1 10 12 1 1 1 1 1 1 1 1 1 1 1 1 1 1 1 1 1 1 1 1 1 1 1 100 1 1 100 1 1 1
ciInstanceKlass com/sun/tools/javac/code/Type$UndetVar$1 1 1 55 10 7 12 1 1 1 10 7 12 1 1 1 9 100 12 1 1 1 9 12 1 100 1 10 100 12 1 1 1 1 1 1 1 1 1 1 1 1 1 1 1 1 100 1 1 1 1 1 1 1 1 1 1 1
ciInstanceKlass  @bci com/sun/tools/javac/comp/InferenceContext boundedVars ()Lcom/sun/tools/javac/util/List; 1 <appendix> argL0 ; 1 1 23 1 7 1 1 1 7 12 10 1 1 1 7 1 7 1 1 12 10 1 100 1 1
ciInstanceKlass com/sun/tools/javac/comp/Infer$FreeTypeListener 1 0 14 100 1 100 1 1 1 1 1 1 100 1 1 1
ciInstanceKlass  @bci com/sun/tools/javac/comp/Check checkType (Lcom/sun/tools/javac/util/JCDiagnostic$DiagnosticPosition;Lcom/sun/tools/javac/code/Type;Lcom/sun/tools/javac/code/Type;Lcom/sun/tools/javac/comp/Check$CheckContext;)Lcom/sun/tools/javac/code/Type; 40 <appendix> member <vmtarget> ; 1 1 41 1 7 1 1 1 1 1 1 1 1 1 1 1 1 7 1 12 10 12 9 12 9 12 9 12 9 12 9 1 1 1 7 1 1 12 10 1 100 1 1
ciInstanceKlass com/sun/tools/javac/comp/ArgumentAttr$ResolvedMethodType 1 1 95 7 1 10 12 1 1 10 7 12 1 1 10 7 12 1 1 1 9 12 1 1 10 7 12 1 1 9 12 1 1 7 1 9 12 1 9 7 12 1 1 1 9 12 1 1 10 12 1 1 1 1 1 1 1 1 1 1 1 1 1 1 1 1 1 1 1 1 1 1 1 1 1 1 1 1 1 1 100 1 1 1 100 1 1 1 1 100 1 1 100 1 100 1 1
ciInstanceKlass com/sun/tools/javac/comp/Infer$GraphSolver 1 1 164 10 7 12 1 1 1 9 7 12 1 1 1 10 7 12 1 1 1 9 12 1 1 9 12 1 1 10 7 12 1 1 1 7 1 10 12 1 11 7 12 1 1 1 9 12 1 1 9 12 1 1 10 12 1 1 10 7 12 1 1 1 11 12 1 1 9 7 12 1 1 1 7 1 10 12 1 1 10 7 12 1 1 1 10 12 1 10 7 12 1 1 1 10 7 12 1 1 1 9 12 1 1 10 12 1 1 10 12 1 10 12 1 1 7 1 10 12 1 1 10 12 1 1 10 12 1 1 1 1 1 1 1 1 1 1 1 1 1 1 1 1 1 1 1 1 1 1 1 1 1 1 100 1 1 1 1 1 1 1 1 1 1 1
ciInstanceKlass  @bci com/sun/tools/javac/comp/InferenceContext restvars ()Lcom/sun/tools/javac/util/List; 1 <appendix> argL0 ; 1 1 23 1 7 1 1 1 7 12 10 1 1 1 7 1 7 1 1 12 10 1 100 1 1
ciInstanceKlass com/sun/tools/javac/comp/Infer$GraphSolver$InferenceGraph$Node 1 1 273 10 7 12 1 1 1 9 7 12 1 1 1 10 7 12 1 1 1 10 7 12 1 1 1 7 1 10 12 1 9 12 1 1 100 1 9 100 12 1 1 1 100 1 10 11 7 12 1 1 1 11 12 1 1 11 100 12 1 1 1 11 12 1 1 10 12 1 1 11 12 1 10 12 1 1 11 12 1 10 100 1 9 12 1 1 10 12 1 1 8 1 10 100 12 1 1 1 10 12 1 1 10 12 1 10 12 1 10 12 1 10 12 1 1 100 1 10 8 1 100 1 10 8 1 10 12 1 1 10 12 1 1 10 10 12 1 1 8 1 9 12 1 1 8 1 10 100 1 9 100 12 1 1 1 9 100 12 1 1 1 10 100 12 1 1 1 100 1 10 100 12 1 1 1 10 12 1 1 100 1 10 12 1 1 10 12 1 1 10 12 1 8 1 10 12 1 1 100 1 1 1 1 1 1 1 1 1 1 1 1 1 1 1 1 1 1 1 1 1 1 1 1 1 1 1 1 1 1 1 1 1 1 1 1 1 1 1 1 1 1 1 1 1 1 1 1 1 1 1 1 1 1 100 1 1 1 1 1 1 7 1 1 1 1 1 100 1 1 1 1 1 1
ciInstanceKlass com/sun/tools/javac/util/GraphUtils 1 1 101 10 100 12 1 1 1 7 1 10 10 12 1 1 100 1 10 8 1 10 100 12 1 1 1 10 12 1 1 8 1 10 100 12 1 1 1 10 10 12 1 1 8 1 10 12 1 1 100 1 1 1 1 1 1 1 1 1 1 1 1 1 1 1 1 1 1 1 1 1 1 1 1 1 1 1 1 1 1 1 100 1 100 1 100 1 100 1 100 1 100 1 1 1 1 1 1 1 1 1 1
instanceKlass com/sun/tools/javac/comp/DeferredAttr$LambdaReturnScanner
instanceKlass com/sun/tools/javac/comp/DeferredAttr$SwitchExpressionScanner
instanceKlass com/sun/tools/javac/comp/DeferredAttr$PolyScanner
ciInstanceKlass com/sun/tools/javac/comp/DeferredAttr$FilterScanner 1 1 88 10 7 12 1 1 1 18 12 1 1 9 7 12 1 1 1 11 7 12 1 1 10 12 1 1 10 12 1 10 7 12 1 1 1 11 7 12 1 1 1 1 1 1 1 1 1 1 1 1 1 1 1 1 1 1 1 1 1 1 1 1 7 1 1 16 15 10 12 16 1 15 10 7 12 1 1 1 1 1 100 1 1 100 1 100 1 1
instanceKlass com/sun/tools/javac/comp/DeferredAttr$CheckStuckPolicy
ciInstanceKlass com/sun/tools/javac/comp/DeferredAttr$PolyScanner 1 1 50 9 7 12 1 1 1 9 12 1 9 12 1 9 12 1 9 12 1 10 7 12 1 1 1 10 7 12 1 1 1 100 1 1 1 1 1 1 1 1 1 1 100 1 1 100 1 1 1 1
instanceKlass com/sun/tools/javac/comp/DeferredAttr$OverloadStuckPolicy
ciInstanceKlass com/sun/tools/javac/comp/DeferredAttr$CheckStuckPolicy 1 1 277 9 7 12 1 1 1 11 7 12 1 1 1 9 12 1 10 7 12 1 1 1 9 12 1 1 10 7 12 1 1 1 7 1 10 9 7 12 1 1 1 9 9 12 1 1 11 7 12 1 1 1 9 12 1 9 7 12 1 1 1 10 12 1 1 10 7 12 1 1 1 10 7 12 1 1 1 11 12 1 10 12 1 1 10 12 1 1 11 12 1 9 7 12 1 1 1 10 7 12 1 1 1 10 12 1 1 10 7 12 1 1 10 12 1 1 9 7 12 1 1 1 9 7 12 1 1 10 12 1 11 12 1 1 10 12 1 1 10 12 1 10 12 1 10 12 1 1 9 7 12 1 1 10 12 1 1 9 100 12 1 1 1 10 12 1 1 9 7 12 1 1 1 9 12 1 1 7 1 10 12 1 10 7 1 100 1 10 12 1 9 100 12 1 1 1 10 100 12 1 1 100 1 100 1 1 1 1 1 1 1 1 1 1 1 1 1 1 1 1 1 1 1 1 1 1 1 1 1 1 1 1 1 1 1 1 1 1 100 1 1 1 1 1 1 1 1 1 1 1 1 100 1 1 100 1 1 1 100 1 100 1 1 100 1 1 1 1 1 1 100 1 1 1 1 1 1
ciInstanceKlass com/sun/tools/javac/comp/DeferredAttr$OverloadStuckPolicy 1 1 95 10 7 12 1 1 1 9 7 12 1 1 1 10 7 12 1 1 1 10 12 1 1 10 12 1 1 9 7 12 1 1 1 9 7 12 1 1 10 12 1 1 10 7 12 1 1 1 9 7 12 1 1 1 100 1 1 1 1 1 1 1 1 1 1 1 1 1 1 1 1 1 1 1 1 100 1 1 1 1 100 1 100 1 1 100 1 1 100 1 1 1 1 1 1
ciInstanceKlass  @bci com/sun/tools/javac/comp/DeferredAttr$FilterScanner <init> (Ljava/util/Set;)V 6 <appendix> member <vmtarget> ; 1 1 28 1 7 1 1 1 1 1 7 1 12 10 12 9 1 1 1 7 1 7 1 1 12 10 1 100 1 1
ciInstanceKlass com/sun/tools/javac/comp/ArgumentAttr$ConditionalType 1 1 195 7 1 10 12 1 1 10 7 12 1 1 10 7 12 1 1 1 9 12 1 1 10 7 12 1 1 9 7 12 1 1 1 9 7 12 1 1 1 10 7 12 1 1 1 10 12 1 1 9 12 1 1 7 1 10 12 1 1 9 12 1 1 10 12 1 1 9 12 1 9 7 12 1 1 1 10 7 12 1 1 1 9 12 1 9 12 1 1 9 100 12 1 1 1 10 100 12 1 1 1 11 100 12 1 1 1 9 12 1 1 10 100 12 1 1 1 9 12 1 10 12 1 1 9 12 1 9 12 1 1 10 12 1 1 1 1 1 1 1 1 1 1 1 1 1 1 1 1 1 1 1 1 1 1 1 1 1 1 1 1 1 1 1 1 1 1 100 1 100 1 1 1 1 1 100 1 1 100 1 100 1 1 1 100 1 1 100 1 1 100 1 100 1 1
ciInstanceKlass com/sun/tools/javac/comp/Attr$5 1 1 82 10 7 12 1 1 1 9 7 12 1 1 1 10 7 12 1 1 1 9 12 1 1 9 100 12 1 1 1 10 100 12 1 1 1 10 100 12 1 1 1 11 100 12 1 1 1 1 1 1 1 1 1 1 1 1 1 1 1 1 1 12 1 1 1 1 100 1 1 1 100 1 1 100 1 1 100 1 1 100 1 1
ciInstanceKlass com/sun/tools/javac/comp/Resolve$MostSpecificCheck 1 1 168 10 7 12 1 1 1 9 7 12 1 1 1 10 7 12 1 1 1 9 12 1 1 9 7 12 1 1 1 10 7 12 1 1 1 9 12 1 1 10 7 12 1 1 1 10 7 12 1 1 1 10 12 1 9 12 1 1 7 1 10 12 1 1 10 7 12 1 1 1 9 12 1 10 12 1 9 12 1 1 9 7 12 1 1 1 7 1 10 12 1 10 12 1 8 1 10 100 12 1 1 1 100 1 1 1 1 1 1 1 1 1 1 1 1 1 1 1 1 1 1 1 1 1 1 1 1 1 1 100 1 100 1 1 1 1 1 1 1 1 1 1 1 1 1 1 100 1 1 1 100 1 1 100 1 100 1 1 100 1 1 1 100 1 100 1 1 1
ciInstanceKlass com/sun/tools/javac/comp/Resolve$MostSpecificCheck$MostSpecificCheckContext 1 1 298 10 7 12 1 1 1 9 7 12 1 1 1 9 7 12 1 1 1 10 7 12 1 1 1 9 12 1 1 10 12 1 1 10 7 12 1 1 1 9 100 12 1 1 1 100 1 9 12 1 1 10 12 1 1 9 7 12 1 1 1 9 100 12 1 1 1 10 12 1 1 10 12 1 9 12 1 1 10 12 1 1 9 12 1 1 10 7 12 1 1 1 9 100 12 1 1 10 12 1 1 9 7 12 1 1 1 10 7 12 1 1 10 12 1 9 12 1 1 10 12 1 1 10 12 1 10 12 1 10 12 1 1 10 100 12 1 1 1 11 100 12 1 1 11 12 1 1 10 12 1 1 10 12 1 10 12 1 100 1 10 12 1 1 9 12 1 10 12 1 1 100 1 10 12 1 1 10 12 1 9 12 1 1 10 12 1 1 10 12 1 1 10 12 1 1 10 12 1 10 12 1 1 10 12 1 9 12 1 1 10 12 1 10 12 1 10 12 1 10 12 1 100 1 10 12 1 10 12 1 1 9 12 1 1 1 1 1 1 1 1 1 1 1 1 1 1 1 1 1 1 1 1 1 1 1 1 1 1 1 1 1 1 1 1 1 1 1 1 1 1 1 1 1 1 1 1 1 1 1 1 1 1 1 1 1 1 1 1 100 1 1 100 1 1 1 1 1
ciInstanceKlass com/sun/tools/javac/code/Kinds 1 1 176 100 1 10 100 12 1 1 1 9 7 12 1 1 1 10 100 12 1 1 1 9 7 12 1 1 1 9 12 1 100 1 100 1 10 8 1 10 12 1 1 10 12 1 10 12 1 1 10 12 1 9 12 1 10 7 12 1 1 1 10 7 1 9 12 1 9 12 1 9 12 1 9 12 1 9 12 1 9 12 1 9 12 1 9 12 1 1 5 0 9 12 1 9 12 1 9 12 1 8 1 9 100 12 1 1 10 100 12 1 1 1 9 12 9 12 1 1 10 100 12 1 1 1 5 0 9 12 1 9 12 9 5 0 9 12 1 5 0 100 1 1 1 1 1 1 1 1 1 1 1 1 1 1 1 1 1 1 1 1 1 100 1 100 1 100 1 1 100 1 1 1 1 1 1 1
ciInstanceKlass  @bci com/sun/tools/javac/comp/Attr setFunctionalInfo (Lcom/sun/tools/javac/comp/Env;Lcom/sun/tools/javac/tree/JCTree$JCFunctionalExpression;Lcom/sun/tools/javac/code/Type;Lcom/sun/tools/javac/code/Type;Lcom/sun/tools/javac/code/Type;Lcom/sun/tools/javac/comp/Check$CheckContext;)V 38 <appendix> member <vmtarget> ; 1 1 48 1 7 1 1 1 1 1 1 1 1 1 1 1 1 1 1 1 7 1 12 10 12 9 12 9 12 9 12 9 12 9 12 9 12 9 1 1 1 7 1 1 12 10 1 100 1 1
ciInstanceKlass com/sun/tools/javac/comp/DeferredAttr$DeferredAttrNode 1 1 206 10 7 12 1 1 1 9 7 12 1 1 1 10 7 12 1 1 1 9 12 1 1 9 12 1 1 9 12 1 1 9 7 12 1 1 1 10 7 12 1 1 1 11 7 12 1 1 1 7 1 10 12 1 10 12 1 1 8 1 10 100 12 1 1 1 9 12 1 1 9 100 12 1 1 9 12 1 1 9 100 12 1 1 1 11 12 1 1 10 100 12 1 1 1 10 100 12 1 1 1 100 1 9 100 12 1 1 1 10 12 1 10 12 1 1 10 12 1 1 9 100 12 1 1 1 9 12 1 1 9 100 12 1 1 1 10 12 1 8 1 10 12 1 9 12 1 10 12 1 1 10 12 1 9 12 1 10 12 1 100 1 8 1 10 12 1 1 1 1 1 1 1 1 1 1 1 1 1 1 1 1 1 1 1 100 1 1 1 1 1 1 100 1 100 1 1 100 1 1 100 1 1 100 1 1
ciInstanceKlass com/sun/tools/javac/comp/DeferredAttr$DeferredAttrNode$StructuralStuckChecker 1 1 621 10 7 12 1 1 1 9 7 12 1 1 1 10 7 12 1 1 1 9 12 1 1 9 7 12 1 1 1 9 9 7 12 1 1 1 9 9 12 1 1 10 7 12 1 1 1 9 12 1 1 9 7 12 1 1 1 9 7 12 1 1 1 10 7 12 1 1 1 9 7 12 1 1 1 9 12 1 1 9 7 12 1 1 1 10 7 12 1 1 1 9 12 1 1 10 7 12 1 1 1 100 1 10 12 1 1 11 100 12 1 1 1 10 7 12 1 1 1 10 12 1 1 9 7 12 1 1 9 12 1 1 9 100 12 1 1 1 10 100 12 1 1 1 10 12 1 1 9 7 12 1 1 1 10 12 1 1 10 12 1 1 9 7 12 1 1 1 10 12 1 1 10 7 12 1 1 1 10 12 1 1 10 12 1 1 10 12 1 1 100 1 10 12 1 9 12 1 10 100 1 9 12 1 1 9 12 1 9 12 1 10 12 1 1 9 12 1 1 10 9 100 12 1 1 1 10 100 12 1 1 1 9 12 1 1 10 100 12 1 1 1 10 12 1 1 18 12 1 1 11 100 12 1 1 1 10 12 1 1 11 12 1 1 9 12 1 1 9 100 12 1 1 10 12 1 1 9 12 1 10 100 12 1 1 9 100 12 1 1 10 12 1 1 9 12 1 9 100 12 1 1 10 12 1 10 100 12 1 1 1 10 100 12 1 1 10 100 12 1 1 1 10 12 1 1 10 12 1 1 10 12 1 1 100 1 10 10 12 1 1 11 100 12 1 1 1 11 12 1 1 9 12 1 1 10 12 1 1 100 1 9 12 1 1 10 12 1 10 12 1 1 9 12 1 9 12 1 1 9 12 1 9 12 1 1 10 12 1 10 12 1 9 100 12 1 1 1 9 12 1 1 10 12 1 1 9 100 12 1 1 1 100 1 9 100 12 1 1 1 9 12 1 1 10 100 12 1 1 9 12 1 100 1 9 100 12 1 1 1 9 12 1 1 10 12 1 9 100 12 1 1 1 9 10 100 12 1 1 1 10 12 1 1 1 1 1 1 1 1 1 1 1 1 1 1 1 1 1 1 1 1 1 1 1 1 1 1 1 1 1 1 1 1 1 1 100 1 1 1 1 1 1 1 1 1 1 1 1 1 1 1 1 1 1 1 1 1 1 1 1 1 1 1 1 1 1 1 1 1 1 16 15 10 12 16 15 10 100 12 1 1 1 1 1 1 1 1 1 1 100 1 1 1 100 1 1 1 100 1 100 1 1 1 1 100 1 1 100 1 1 100 1 1 1 1 100 1 1 1 1 1 1 100 1 1 100 1 1 100 1 1 100 1 1 100 1 1 1 1 100 1 1 1 100 1 1 100 1 1 100 1 1 100 1 1 100 1 100 1 1
ciMethodData java/lang/Object <init> ()V 2 3192765 orig 80 1 0 0 0 0 0 0 0 0 0 0 0 0 0 0 0 0 0 0 0 0 0 0 0 0 0 0 0 0 0 0 0 0 0 0 0 0 0 0 0 0 0 0 0 0 0 0 0 0 0 0 0 0 0 0 0 0 0 0 0 0 0 0 0 0 0 0 0 0 0 0 0 0 0 0 0 0 0 0 0 data 4 0x0 0x9 0x1 0x0 oops 0 methods 0
ciMethodData java/util/HashMap hash (Ljava/lang/Object;)I 2 90566 orig 80 1 0 0 0 4 0 0 0 0 0 0 0 0 0 0 0 0 0 0 0 0 0 0 0 0 0 0 0 0 0 0 0 0 0 0 0 0 0 0 7 0 0 0 0 0 0 0 0 0 0 0 0 0 0 0 0 0 0 0 0 0 0 0 0 0 0 0 0 0 0 0 0 0 0 0 0 0 0 0 0 data 22 0x8000000600010007 0x15f0d 0x38 0x2c1 0x50003 0x2c1 0x48 0x90005 0xd621 0x2b2e5fa6ab8 0x8788 0x2b2e5fa8168 0x164 0x0 0x0 0x0 0x0 0x0 0x0 0x9 0x1 0xffffffffffffffff oops 2 9 java/lang/String 11 java/lang/Module methods 0
ciMethodData java/util/HashMap getNode (Ljava/lang/Object;)Ljava/util/HashMap$Node; 2 16910 orig 80 2 0 0 0 0 0 0 0 0 0 0 0 0 0 0 0 0 0 0 0 0 0 0 4 0 0 0 0 0 0 0 0 0 0 0 0 0 0 0 0 0 0 0 0 0 0 0 0 0 0 0 0 0 0 0 0 0 0 0 0 0 0 0 0 0 0 0 0 0 0 0 0 0 0 0 0 0 0 0 0 data 98 0x60007 0x1e4 0x2c0 0x402b 0xe0007 0x0 0x2a0 0x402b 0x170002 0x402b 0x210007 0x2584 0x270 0x1aab 0x2a0007 0x4ca 0xb0 0x15e1 0x350007 0x1565 0x90 0x7c 0x390007 0x5b 0x70 0x21 0x3f0005 0x10 0x2b2e5fa6ab8 0x10 0x2b2eabf8a70 0x1 0x420007 0x0 0x20 0x21 0x4e0007 0x415 0x1a0 0x110 0x520004 0x0 0x2b2ee9d16b0 0xd4 0x2b2eabf8b18 0x3c 0x550007 0x110 0x80 0x0 0x590004 0x0 0x0 0x0 0x0 0x0 0x5f0005 0x0 0x0 0x0 0x0 0x0 0x6a0007 0x136 0xb0 0x4e 0x760007 0x42 0x90 0xc 0x7a0007 0x0 0x70 0xc 0x8000000700800005 0x9 0x2b2e5fa6ab8 0x5 0x2b2eabf8a70 0x2 0x830007 0x0 0x20 0x10 0x910007 0x74 0xffffffffffffff50 0xc2 0x0 0x0 0x0 0x0 0x0 0x0 0x9 0x2 0x0 0xffffffffffffffff oops 6 28 java/lang/String 30 java/util/zip/ZipFile$Source$Key 42 java/util/HashMap$Node 44 java/util/LinkedHashMap$Entry 76 java/lang/String 78 java/util/zip/ZipFile$Source$Key methods 0
ciMethodData java/util/Objects requireNonNull (Ljava/lang/Object;)Ljava/lang/Object; 2 1282232 orig 80 0 0 0 0 0 0 0 0 0 0 0 0 0 0 0 0 0 0 0 0 0 0 0 0 0 0 0 0 0 0 0 0 0 0 0 0 0 0 0 0 0 0 0 0 0 0 0 0 0 0 0 0 0 0 0 0 0 0 0 0 0 0 0 0 0 0 0 0 0 0 0 0 0 0 0 0 0 0 0 0 data 15 0x10007 0x1390b9 0x30 0x0 0x80002 0x0 0x0 0x0 0x0 0x0 0x0 0x0 0x9 0x1 0x0 oops 0 methods 0
ciMethodData java/lang/String equals (Ljava/lang/Object;)Z 2 5136 orig 80 0 0 0 0 0 0 0 0 0 0 0 0 0 0 0 0 0 0 0 0 0 0 0 0 0 0 0 0 0 0 0 0 0 0 0 0 0 0 0 0 0 0 0 0 0 0 0 0 0 0 0 0 0 0 0 0 0 0 0 0 0 0 0 0 0 0 0 0 0 0 0 0 0 0 0 0 0 0 0 0 data 47 0x20007 0x125a 0x20 0x1b7 0x80104 0x0 0x2b2e5fa6ab8 0x1258 0x0 0x0 0xb0007 0x2 0xd8 0x1258 0xf0004 0x0 0x2b2e5fa6ab8 0x1258 0x0 0x0 0x160007 0x0 0x40 0x1258 0x210007 0x0 0x68 0x1258 0x2c0002 0x1258 0x2f0007 0x10b2 0x38 0x1a6 0x330003 0x1a6 0x18 0x0 0x0 0x0 0x0 0x0 0x0 0x9 0x2 0x0 0x0 oops 2 6 java/lang/String 16 java/lang/String methods 0
ciMethodData java/util/AbstractCollection <init> ()V 2 750844 orig 80 0 0 0 0 0 0 0 0 0 0 0 0 0 0 0 0 0 0 0 0 0 0 0 0 0 0 0 0 0 0 0 0 0 0 0 0 0 0 0 0 0 0 0 0 0 0 0 0 0 0 0 0 0 0 0 0 0 0 0 0 0 0 0 0 0 0 0 0 0 0 0 0 0 0 0 0 0 0 0 0 data 7 0x10002 0xb74fc 0x0 0x0 0x9 0x1 0x0 oops 0 methods 0
ciMethodData java/util/AbstractSet <init> ()V 2 112154 orig 80 0 0 0 0 0 0 0 0 0 0 0 0 0 0 0 0 0 0 0 0 0 0 0 0 0 0 0 0 0 0 0 0 0 0 0 0 0 0 0 0 0 0 0 0 0 0 0 0 0 0 0 0 0 0 0 0 0 0 0 0 0 0 0 0 0 0 0 0 0 0 0 0 0 0 0 0 0 0 0 0 data 7 0x10002 0x1b61a 0x0 0x0 0x9 0x1 0x0 oops 0 methods 0
ciMethodData java/util/AbstractMap <init> ()V 2 110055 orig 80 0 0 0 0 0 0 0 0 0 0 0 0 0 0 0 0 0 0 0 0 0 0 0 0 0 0 0 0 0 0 0 0 0 0 0 0 0 0 0 0 0 0 0 0 0 0 0 0 0 0 0 0 0 0 0 0 0 0 0 0 0 0 0 0 0 0 0 0 0 0 0 0 0 0 0 0 0 0 0 0 data 7 0x10002 0x1ade7 0x0 0x0 0x9 0x1 0x0 oops 0 methods 0
ciMethodData java/util/ArrayList <init> ()V 2 209101 orig 80 0 0 0 0 0 0 0 0 0 0 0 0 0 0 0 0 0 0 0 0 0 0 0 0 0 0 0 0 0 0 0 0 0 0 0 0 0 0 0 0 0 0 0 0 0 0 0 0 0 0 0 0 0 0 0 0 0 0 0 0 0 0 0 0 0 0 0 0 0 0 0 0 0 0 0 0 0 0 0 0 data 9 0x10002 0x330cd 0x0 0x0 0x0 0x0 0x9 0x1 0x0 oops 0 methods 0
ciMethodData java/util/AbstractList <init> ()V 2 229511 orig 80 0 0 0 0 0 0 0 0 0 0 0 0 0 0 0 0 0 0 0 0 0 0 0 0 0 0 0 0 0 0 0 0 0 0 0 0 0 0 0 0 0 0 0 0 0 0 0 0 0 0 0 0 0 0 0 0 0 0 0 0 0 0 0 0 0 0 0 0 0 0 0 0 0 0 0 0 0 0 0 0 data 9 0x10002 0x38087 0x0 0x0 0x0 0x0 0x9 0x1 0x6 oops 0 methods 0
ciMethodData java/lang/StringBuilder append (Ljava/lang/Object;)Ljava/lang/StringBuilder; 1 862 orig 80 0 0 0 0 0 0 0 0 0 0 0 0 0 0 0 0 0 0 0 0 0 0 0 0 0 0 0 0 0 0 0 0 0 0 0 0 0 0 0 0 0 0 0 0 0 0 0 0 0 0 0 0 0 0 0 0 0 0 0 0 0 0 0 0 0 0 0 0 0 0 0 0 0 0 0 0 0 0 0 0 data 18 0x20002 0x35e 0x50005 0x100 0x2b2e5fa9570 0x25e 0x0 0x0 0x0 0x0 0x0 0x0 0x0 0x0 0x9 0x2 0xe 0xffffffffffffffff oops 1 4 java/lang/StringBuilder methods 0
ciMethodData java/util/LinkedHashMap get (Ljava/lang/Object;)Ljava/lang/Object; 2 48737 orig 80 0 0 0 0 0 0 0 0 0 0 0 0 0 0 0 0 0 0 0 0 0 0 0 0 0 0 0 0 0 0 0 0 0 0 0 0 0 0 0 0 0 0 0 0 0 0 0 0 0 0 0 0 0 0 0 0 0 0 0 0 0 0 0 0 0 0 0 0 0 0 0 0 0 0 0 0 0 0 0 0 data 30 0x20005 0x0 0x2b2ec5cc960 0xbe61 0x0 0x0 0x70007 0x8301 0x20 0x3b60 0x100007 0x8301 0x50 0x0 0x150005 0x0 0x0 0x0 0x0 0x0 0x0 0x0 0x0 0x0 0x0 0x0 0x9 0x2 0xffffffffffffffff 0xffffffffffffffff oops 1 2 java/util/LinkedHashMap methods 0
ciMethodData java/util/HashMap <init> (IF)V 2 5124 orig 80 0 0 0 0 0 0 0 0 0 0 0 0 0 0 0 0 0 0 0 0 0 0 0 0 0 0 0 0 0 0 0 0 0 0 0 0 0 0 0 0 0 0 0 0 0 0 0 0 0 0 0 0 0 0 0 0 0 0 0 0 0 0 0 0 0 0 0 0 0 0 0 0 0 0 0 0 0 0 0 0 data 77 0x10002 0x1404 0x50007 0x1404 0xd0 0x0 0x100002 0x0 0x150005 0x0 0x0 0x0 0x0 0x0 0x190005 0x0 0x0 0x0 0x0 0x0 0x1c0005 0x0 0x0 0x0 0x0 0x0 0x1f0002 0x0 0x260007 0x1404 0x20 0x0 0x2f0007 0x0 0x50 0x1404 0x330002 0x1404 0x360007 0x1404 0xd0 0x0 0x410002 0x0 0x460005 0x0 0x0 0x0 0x0 0x0 0x4a0005 0x0 0x0 0x0 0x0 0x0 0x4d0005 0x0 0x0 0x0 0x0 0x0 0x500002 0x0 0x5b0002 0x1404 0x0 0x0 0x0 0x0 0x0 0x0 0x9 0x3 0x30 0x0 0x0 oops 0 methods 0
ciMethodData java/lang/Object equals (Ljava/lang/Object;)Z 2 8415 orig 80 0 0 0 0 0 0 0 0 0 0 0 0 0 0 0 0 0 0 0 0 0 0 0 0 0 0 0 0 0 0 0 0 0 0 0 0 0 0 0 0 0 0 0 0 0 0 0 0 0 0 0 0 0 0 0 0 0 0 0 0 0 0 0 0 0 0 0 0 0 0 0 0 0 0 0 0 0 0 0 0 data 17 0x20007 0x15bb 0x38 0xb24 0x60003 0xb24 0x18 0x0 0x0 0x0 0x0 0x0 0x0 0x9 0x2 0x0 0x0 oops 0 methods 0
ciMethodData java/util/ArrayList$Itr <init> (Ljava/util/ArrayList;)V 2 14174 orig 80 0 0 0 0 0 0 0 0 0 0 0 0 0 0 0 0 0 0 0 0 0 0 0 0 0 0 0 0 0 0 0 0 0 0 0 0 0 0 0 0 0 0 0 0 0 0 0 0 0 0 0 0 0 0 0 0 0 0 0 0 0 0 0 0 0 0 0 0 0 0 0 0 0 0 0 0 0 0 0 0 data 14 0x30002 0x375e 0xb0002 0x375e 0x0 0x0 0x0 0x0 0x0 0x0 0x9 0x2 0xc 0x0 oops 0 methods 0
ciMethodData java/util/ArrayList iterator ()Ljava/util/Iterator; 2 7542 orig 80 0 0 0 0 0 0 0 0 0 0 0 0 0 0 0 0 0 0 0 0 0 0 0 0 0 0 0 0 0 0 0 0 0 0 0 0 0 0 0 0 0 0 0 0 0 0 0 0 0 0 0 0 0 0 0 0 0 0 0 0 0 0 0 0 0 0 0 0 0 0 0 0 0 0 0 0 0 0 0 0 data 8 0x50002 0x1d76 0x0 0x0 0x0 0x9 0x1 0x0 oops 0 methods 0
ciMethodData java/lang/invoke/DirectMethodHandle allocateInstance (Ljava/lang/Object;)Ljava/lang/Object; 2 373451 orig 80 0 0 0 0 0 0 0 0 0 0 0 0 0 0 0 0 0 0 0 0 0 0 0 0 0 0 0 0 0 0 0 0 0 0 0 0 0 0 0 0 0 0 0 0 0 0 0 0 0 0 0 0 0 0 0 0 0 0 0 0 0 0 0 0 0 0 0 0 0 0 0 0 0 0 0 0 0 0 0 0 data 21 0x10004 0x0 0x2b2eee5ed20 0x298a 0x0 0x0 0xc0005 0x0 0x2b2e5fa9680 0x5b2cb 0x0 0x0 0x0 0x0 0x0 0x0 0x0 0x0 0x9 0x1 0x0 oops 2 2 java/lang/invoke/DirectMethodHandle$Constructor 8 jdk/internal/misc/Unsafe methods 0
ciMethodData java/lang/invoke/DirectMethodHandle constructorMethod (Ljava/lang/Object;)Ljava/lang/Object; 2 373450 orig 80 0 0 0 0 0 0 0 0 0 0 0 0 0 0 0 0 0 0 0 0 0 0 0 0 0 0 0 0 0 0 0 0 0 0 0 0 0 0 0 0 0 0 0 0 0 0 0 0 0 0 0 0 0 0 0 0 0 0 0 0 0 0 0 0 0 0 0 0 0 0 0 0 0 0 0 0 0 0 0 0 data 15 0x10004 0x0 0x2b2eee5ed20 0x2988 0x0 0x0 0x0 0x0 0x0 0x0 0x0 0x0 0x9 0x1 0x0 oops 1 2 java/lang/invoke/DirectMethodHandle$Constructor methods 0
ciMethodData java/lang/invoke/Invokers$Holder linkToTargetMethod (Ljava/lang/Object;Ljava/lang/Object;)Ljava/lang/Object; 2 103399 orig 80 0 0 0 0 0 0 0 0 0 0 0 0 0 0 0 0 0 0 0 0 0 0 0 0 0 0 0 0 0 0 0 0 0 0 0 0 0 0 0 0 0 0 0 0 0 0 0 0 0 0 0 0 0 0 0 0 0 0 0 0 0 0 0 0 0 0 0 0 0 0 0 0 0 0 0 0 0 0 0 0 data 32 0x10004 0x0 0x2b2eee5ed20 0x35c 0x2b2ec5c55b0 0x23 0x5000b 0x1906b 0x2b2eee5ed20 0x359 0x2b2ec5c55b0 0x23 0x3 0x1 0x2 0x2 0x0 0x0 0x0 0x0 0x0 0x0 0x9 0x2 0x0 0x0 0xc 0x4 0x0 0x2 0x1 0x2 oops 4 2 java/lang/invoke/DirectMethodHandle$Constructor 4 java/lang/invoke/BoundMethodHandle$Species_LL 8 java/lang/invoke/DirectMethodHandle$Constructor 10 java/lang/invoke/BoundMethodHandle$Species_LL methods 0
ciMethodData java/lang/invoke/DirectMethodHandle$Holder newInvokeSpecial (Ljava/lang/Object;Ljava/lang/Object;)Ljava/lang/Object; 2 103841 orig 80 0 0 0 0 0 0 0 0 0 0 0 0 0 0 0 0 0 0 0 0 0 0 0 0 0 0 0 0 0 0 0 0 0 0 0 0 0 0 0 0 0 0 0 0 0 0 0 0 0 0 0 0 0 0 0 0 0 0 0 0 0 0 0 0 0 0 0 0 0 0 0 0 0 0 0 0 0 0 0 0 data 41 0x1000a 0x195a1 0x3 0x0 0x2b2eee5ed20 0x2 0x6000a 0x195a1 0x3 0x0 0x2b2eee5ed20 0x2b2e5fa8bc0 0xd0004 0x0 0x2b2e5fa8bc0 0x5 0x0 0x0 0x10000a 0x195a1 0x4 0x0 0x2 0x1 0x2 0x0 0x0 0x0 0x0 0x0 0x0 0x9 0x2 0x0 0x0 0xc 0x4 0x0 0x2b2eee5ed20 0x1 0x2 oops 5 4 java/lang/invoke/DirectMethodHandle$Constructor 10 java/lang/invoke/DirectMethodHandle$Constructor 11 java/lang/invoke/MemberName 14 java/lang/invoke/MemberName 38 java/lang/invoke/DirectMethodHandle$Constructor methods 0
ciMethodData java/lang/Float isNaN (F)Z 2 6643 orig 80 0 0 0 0 0 0 0 0 0 0 0 0 0 0 0 0 0 0 0 0 0 0 0 0 0 0 0 0 0 0 0 0 0 0 0 0 0 0 0 0 0 0 0 0 0 0 0 0 0 0 0 0 0 0 0 0 0 0 0 0 0 0 0 0 0 0 0 0 0 0 0 0 0 0 0 0 0 0 0 0 data 11 0x30007 0x19f3 0x38 0x0 0x70003 0x0 0x18 0x0 0x9 0x1 0x0 oops 0 methods 0
ciMethodData java/util/ArrayList isEmpty ()Z 2 10739 orig 80 0 0 0 0 0 0 0 0 0 0 0 0 0 0 0 0 0 0 0 0 0 0 0 0 0 0 0 0 0 0 0 0 0 0 0 0 0 0 0 0 0 0 0 0 0 0 0 0 0 0 0 0 0 0 0 0 0 0 0 0 0 0 0 0 0 0 0 0 0 0 0 0 0 0 0 0 0 0 0 0 data 13 0x40007 0xaae 0x38 0x1f45 0x80003 0x1f45 0x18 0x0 0x0 0x0 0x9 0x1 0x0 oops 0 methods 0
ciMethodData java/util/HashMap tableSizeFor (I)I 2 11225 orig 80 0 0 0 0 0 0 0 0 0 0 0 0 0 0 0 0 0 0 0 0 0 0 0 0 0 0 0 0 0 0 0 0 0 0 0 0 0 0 0 0 0 0 0 0 0 0 0 0 0 0 0 0 0 0 0 0 0 0 0 0 0 0 0 0 0 0 0 0 0 0 0 0 0 0 0 0 0 0 0 0 data 25 0x40002 0x2bd9 0xa0007 0x27cd 0x38 0x40c 0xe0003 0x40c 0x50 0x140007 0x27cd 0x38 0x0 0x190003 0x0 0x18 0x0 0x0 0x0 0x0 0x0 0x0 0x9 0x1 0x0 oops 0 methods 0
ciMethodData java/util/HashSet <init> (IFZ)V 2 19199 orig 80 0 0 0 0 0 0 0 0 0 0 0 0 0 0 0 0 0 0 0 0 0 0 0 0 0 0 0 0 0 0 0 0 0 0 0 0 0 0 0 0 0 0 0 0 0 0 0 0 0 0 0 0 0 0 0 0 0 0 0 0 0 0 0 0 0 0 0 0 0 0 0 0 0 0 0 0 0 0 0 0 data 14 0x10002 0x4aff 0xb0002 0x4aff 0x0 0x0 0x0 0x0 0x9 0x4 0x0 0x0 0x0 0x0 oops 0 methods 0
ciMethodData java/util/LinkedHashSet <init> ()V 2 46619 orig 80 0 0 0 0 0 0 0 0 0 0 0 0 0 0 0 0 0 0 0 0 0 0 0 0 0 0 0 0 0 0 0 0 0 0 0 0 0 0 0 0 0 0 0 0 0 0 0 0 0 0 0 0 0 0 0 0 0 0 0 0 0 0 0 0 0 0 0 0 0 0 0 0 0 0 0 0 0 0 0 0 data 8 0x60002 0xb61b 0x0 0x0 0x0 0x9 0x1 0x0 oops 0 methods 0
ciMethodData java/util/ArrayList fastRemove ([Ljava/lang/Object;I)V 2 5271 orig 80 0 0 0 0 0 0 0 0 0 0 0 0 0 0 0 0 0 0 0 0 0 0 0 0 0 0 0 0 0 0 0 0 0 0 0 0 0 0 0 0 0 0 0 0 0 0 0 0 0 0 0 0 0 0 0 0 0 0 0 0 0 0 0 0 0 0 0 0 0 0 0 0 0 0 0 0 0 0 0 0 data 23 0x130007 0x1464 0x30 0x33 0x1f0002 0x33 0x2a0104 0x0 0x0 0x0 0x0 0x0 0x0 0x0 0x0 0x0 0x0 0x0 0x9 0x3 0x6 0xffffffffffffffff 0x0 oops 0 methods 0
ciMethodData java/util/LinkedHashMap <init> (IF)V 2 19094 orig 80 0 0 0 0 0 0 0 0 0 0 0 0 0 0 0 0 0 0 0 0 0 0 0 0 0 0 0 0 0 0 0 0 0 0 0 0 0 0 0 0 0 0 0 0 0 0 0 0 0 0 0 0 0 0 0 0 0 0 0 0 0 0 0 0 0 0 0 0 0 0 0 0 0 0 0 0 0 0 0 0 data 11 0x30002 0x4a97 0x0 0x0 0x0 0x0 0x9 0x3 0x70 0x0 0x0 oops 0 methods 0
ciMethodData java/lang/Integer toString (I)Ljava/lang/String; 2 1263 orig 80 0 0 0 0 0 0 0 0 0 0 0 0 0 0 0 0 0 0 0 0 0 0 0 0 0 0 0 0 0 0 0 0 0 0 0 0 0 0 0 0 0 0 0 0 0 0 0 0 0 0 0 0 0 0 0 0 0 0 0 0 0 0 0 0 0 0 0 0 0 0 0 0 0 0 0 0 0 0 0 0 data 15 0x10002 0x4ef 0xc0002 0x4ef 0x110002 0x4ef 0x0 0x0 0x0 0x0 0x0 0x0 0x9 0x1 0x0 oops 0 methods 0
ciMethod com/sun/tools/javac/util/AbstractLog currentSource ()Lcom/sun/tools/javac/util/DiagnosticSource; 256 0 128 0 0
ciMethod com/sun/tools/javac/util/AbstractLog error (Lcom/sun/tools/javac/util/JCDiagnostic$DiagnosticPosition;Lcom/sun/tools/javac/util/JCDiagnostic$Error;)V 0 0 1 0 -1
ciMethod com/sun/tools/javac/util/JCDiagnostic$DiagnosticPosition getTree ()Lcom/sun/tools/javac/tree/JCTree; 0 0 1 0 -1
ciMethod com/sun/tools/javac/util/JCDiagnostic$DiagnosticInfo of (Lcom/sun/tools/javac/util/JCDiagnostic$DiagnosticType;Ljava/util/Set;Lcom/sun/tools/javac/code/Lint$LintCategory;Ljava/lang/String;Ljava/lang/String;[Ljava/lang/Object;)Lcom/sun/tools/javac/util/JCDiagnostic$DiagnosticInfo; 526 0 4838 0 -1
ciMethod com/sun/tools/javac/util/JCDiagnostic$Warning <init> (Ljava/util/Set;Ljava/lang/String;Ljava/lang/String;[Ljava/lang/Object;)V 64 0 32 0 -1
ciMethod com/sun/tools/javac/util/JCDiagnostic$DiagnosticInfo <init> (Lcom/sun/tools/javac/util/JCDiagnostic$DiagnosticType;Ljava/util/Set;Ljava/lang/String;Ljava/lang/String;[Ljava/lang/Object;)V 550 0 7495 0 -1
ciMethod com/sun/tools/javac/util/JCDiagnostic$DiagnosticInfo of (Lcom/sun/tools/javac/util/JCDiagnostic$DiagnosticType;Ljava/util/Set;Ljava/lang/String;Ljava/lang/String;[Ljava/lang/Object;)Lcom/sun/tools/javac/util/JCDiagnostic$DiagnosticInfo; 5360 0 1756 0 -1
ciMethod com/sun/tools/javac/util/JCDiagnostic$LintWarning <init> (Ljava/util/Set;Lcom/sun/tools/javac/code/Lint$LintCategory;Ljava/lang/String;Ljava/lang/String;[Ljava/lang/Object;)V 64 0 32 0 -1
ciMethod com/sun/tools/javac/util/Assert check (Z)V 238 0 171973 0 -1
ciMethod com/sun/tools/javac/util/Assert check (ZLjava/lang/String;)V 1370 0 749 0 -1
ciMethod com/sun/tools/javac/util/Assert error (Ljava/lang/String;)Ljava/lang/Error; 0 0 1 0 -1
ciMethod com/sun/tools/javac/util/JCDiagnostic$Factory fragment (Lcom/sun/tools/javac/util/JCDiagnostic$Fragment;)Lcom/sun/tools/javac/util/JCDiagnostic; 0 0 988 0 0
ciMethod com/sun/tools/javac/util/JCDiagnostic$Factory create (Lcom/sun/tools/javac/util/JCDiagnostic$DiagnosticType;Lcom/sun/tools/javac/util/DiagnosticSource;Lcom/sun/tools/javac/util/JCDiagnostic$DiagnosticPosition;Ljava/lang/String;[Ljava/lang/Object;)Lcom/sun/tools/javac/util/JCDiagnostic; 4102 0 1540 0 0
ciMethod com/sun/tools/javac/util/JCDiagnostic$Factory create (Ljava/util/Set;Lcom/sun/tools/javac/util/DiagnosticSource;Lcom/sun/tools/javac/util/JCDiagnostic$DiagnosticPosition;Lcom/sun/tools/javac/util/JCDiagnostic$DiagnosticInfo;)Lcom/sun/tools/javac/util/JCDiagnostic; 4096 0 2896 0 -1
ciMethod com/sun/tools/javac/util/JCDiagnostic$Factory normalize (Lcom/sun/tools/javac/util/JCDiagnostic$DiagnosticInfo;)Lcom/sun/tools/javac/util/JCDiagnostic$DiagnosticInfo; 4108 0 3011 0 -1
ciMethod com/sun/tools/javac/util/JCDiagnostic$Error <init> (Ljava/util/Set;Ljava/lang/String;Ljava/lang/String;[Ljava/lang/Object;)V 1024 0 3029 0 -1
ciMethod com/sun/tools/javac/util/JCDiagnostic$Fragment <init> (Ljava/util/Set;Ljava/lang/String;Ljava/lang/String;[Ljava/lang/Object;)V 512 0 5562 0 -1
ciMethod com/sun/tools/javac/util/JCDiagnostic$Note <init> (Ljava/util/Set;Ljava/lang/String;Ljava/lang/String;[Ljava/lang/Object;)V 0 0 1 0 -1
ciMethod com/sun/tools/javac/util/List nil ()Lcom/sun/tools/javac/util/List; 514 0 360904 0 88
ciMethod com/sun/tools/javac/util/List intersect (Lcom/sun/tools/javac/util/List;)Lcom/sun/tools/javac/util/List; 512 512 182 0 -1
ciMethod com/sun/tools/javac/util/List diff (Lcom/sun/tools/javac/util/List;)Lcom/sun/tools/javac/util/List; 0 0 277 0 -1
ciMethod com/sun/tools/javac/util/List of (Ljava/lang/Object;)Lcom/sun/tools/javac/util/List; 502 0 28420 0 -1
ciMethod com/sun/tools/javac/util/List of (Ljava/lang/Object;Ljava/lang/Object;)Lcom/sun/tools/javac/util/List; 6 0 601 0 -1
ciMethod com/sun/tools/javac/util/List from (Ljava/lang/Iterable;)Lcom/sun/tools/javac/util/List; 108 6 217 0 0
ciMethod com/sun/tools/javac/util/List isEmpty ()Z 768 0 5544 0 -1
ciMethod com/sun/tools/javac/util/List nonEmpty ()Z 724 0 409301 0 88
ciMethod com/sun/tools/javac/util/List length ()I 82 8184 73061 0 128
ciMethod com/sun/tools/javac/util/List size ()I 772 0 36429 0 128
ciMethod com/sun/tools/javac/util/List setTail (Lcom/sun/tools/javac/util/List;)Lcom/sun/tools/javac/util/List; 784 0 1483 0 -1
ciMethod com/sun/tools/javac/util/List prepend (Ljava/lang/Object;)Lcom/sun/tools/javac/util/List; 368 0 78592 0 -1
ciMethod com/sun/tools/javac/util/List prependList (Lcom/sun/tools/javac/util/List;)Lcom/sun/tools/javac/util/List; 196 0 13698 0 720
ciMethod com/sun/tools/javac/util/List reverse ()Lcom/sun/tools/javac/util/List; 324 0 26605 0 -1
ciMethod com/sun/tools/javac/util/List append (Ljava/lang/Object;)Lcom/sun/tools/javac/util/List; 3600 0 7244 0 -1
ciMethod com/sun/tools/javac/util/List appendList (Lcom/sun/tools/javac/util/List;)Lcom/sun/tools/javac/util/List; 2538 0 2048 0 0
ciMethod com/sun/tools/javac/util/List contains (Ljava/lang/Object;)Z 4102 7376 4449 0 -1
ciMethod com/sun/tools/javac/util/List last ()Ljava/lang/Object; 340 354 339 0 0
ciMethod com/sun/tools/javac/util/List map (Ljava/util/function/Function;)Lcom/sun/tools/javac/util/List; 56 0 5263 0 -1
ciMethod com/sun/tools/javac/util/List iterator ()Ljava/util/Iterator; 188 0 203020 0 200
ciMethod com/sun/tools/javac/util/List get (I)Ljava/lang/Object; 2372 4 1282 0 -1
ciMethod com/sun/tools/javac/util/List$2 <init> (Lcom/sun/tools/javac/util/List;)V 78 0 82650 0 144
ciMethod com/sun/tools/javac/util/List$2 hasNext ()Z 1024 0 8750 0 104
ciMethod com/sun/tools/javac/util/List$2 next ()Ljava/lang/Object; 1024 0 6672 0 142
ciMethod com/sun/tools/javac/tree/JCTree getTag ()Lcom/sun/tools/javac/tree/JCTree$Tag; 0 0 1 0 -1
ciMethod com/sun/tools/javac/tree/JCTree accept (Lcom/sun/tools/javac/tree/JCTree$Visitor;)V 0 0 1 0 -1
ciMethod com/sun/tools/javac/code/Symbol flags ()J 260 0 130 0 0
ciMethod com/sun/tools/javac/code/Symbol asType ()Lcom/sun/tools/javac/code/Type; 126 0 63 0 -1
ciMethod com/sun/tools/javac/code/Type hasTag (Lcom/sun/tools/javac/code/TypeTag;)Z 42 0 731637 0 120
ciMethod com/sun/tools/javac/code/Type getTag ()Lcom/sun/tools/javac/code/TypeTag; 0 0 1 0 -1
ciMethod com/sun/tools/javac/code/Type isNumeric ()Z 266 0 133 0 -1
ciMethod com/sun/tools/javac/code/Type accept (Lcom/sun/tools/javac/code/Type$Visitor;Ljava/lang/Object;)Ljava/lang/Object; 516 0 12331 0 -1
ciMethod com/sun/tools/javac/code/Type map (Lcom/sun/tools/javac/code/Types$TypeMapping;)Lcom/sun/tools/javac/code/Type; 544 0 11114 0 0
ciMethod com/sun/tools/javac/code/Type getMetadata ()Lcom/sun/tools/javac/util/List; 268 0 134 0 -1
ciMethod com/sun/tools/javac/code/Type getTypeArguments ()Lcom/sun/tools/javac/util/List; 696 0 1291 0 -1
ciMethod com/sun/tools/javac/code/Type getEnclosingType ()Lcom/sun/tools/javac/code/Type; 0 0 1 0 -1
ciMethod com/sun/tools/javac/code/Type getParameterTypes ()Lcom/sun/tools/javac/util/List; 0 0 1 0 -1
ciMethod com/sun/tools/javac/code/Type getUpperBound ()Lcom/sun/tools/javac/code/Type; 0 0 1 0 -1
ciMethod com/sun/tools/javac/code/Type isErroneous ()Z 284 0 142 0 -1
ciMethod com/sun/tools/javac/code/Type isCompound ()Z 272 0 136 0 -1
ciMethod com/sun/tools/javac/code/Type contains (Lcom/sun/tools/javac/code/Type;)Z 2950 0 855 0 -1
ciMethod com/sun/tools/javac/code/Type containsAny (Lcom/sun/tools/javac/util/List;)Z 8340 226 21596 0 -1
ciMethod com/sun/tools/javac/code/Type containsAny (Lcom/sun/tools/javac/util/List;Lcom/sun/tools/javac/util/List;)Z 514 338 761 0 -1
ciMethod com/sun/tools/javac/code/Type asElement ()Lcom/sun/tools/javac/code/Symbol$TypeSymbol; 284 0 142 0 -1
ciMethod com/sun/tools/javac/code/Type$WildcardType getExtendsBound ()Lcom/sun/tools/javac/code/Type; 0 0 60 0 -1
ciMethod com/sun/tools/javac/code/Type$WildcardType getSuperBound ()Lcom/sun/tools/javac/code/Type; 0 0 6 0 -1
ciMethod com/sun/tools/javac/code/Type$TypeVar getUpperBound ()Lcom/sun/tools/javac/code/Type; 260 0 130 0 -1
ciMethod com/sun/tools/javac/code/Type$TypeVar setUpperBound (Lcom/sun/tools/javac/code/Type;)V 258 0 129 0 -1
ciMethod com/sun/tools/javac/code/Type$TypeVar isCaptured ()Z 0 0 128 0 0
ciMethod com/sun/tools/javac/code/Type$ClassType <init> (Lcom/sun/tools/javac/code/Type;Lcom/sun/tools/javac/util/List;Lcom/sun/tools/javac/code/Symbol$TypeSymbol;Lcom/sun/tools/javac/util/List;)V 514 0 6883 0 -1
ciMethod com/sun/tools/javac/code/Type$ClassType getTypeArguments ()Lcom/sun/tools/javac/util/List; 1024 0 9764 0 -1
ciMethod com/sun/tools/javac/code/Type$ClassType getEnclosingType ()Lcom/sun/tools/javac/code/Type; 266 0 133 0 -1
ciMethod com/sun/tools/javac/code/Type$ClassType isParameterized ()Z 0 0 39881 0 -1
ciMethod com/sun/tools/javac/code/Type$ClassType isRaw ()Z 0 0 14658 0 -1
ciMethod com/sun/tools/javac/util/JCDiagnostic <init> (Lcom/sun/tools/javac/api/DiagnosticFormatter;Lcom/sun/tools/javac/util/JCDiagnostic$DiagnosticInfo;Ljava/util/Set;Lcom/sun/tools/javac/util/DiagnosticSource;Lcom/sun/tools/javac/util/JCDiagnostic$DiagnosticPosition;)V 4112 0 3011 0 -1
ciMethod com/sun/tools/javac/util/ListBuffer <init> ()V 656 0 60585 0 -1
ciMethod com/sun/tools/javac/util/ListBuffer append (Ljava/lang/Object;)Lcom/sun/tools/javac/util/ListBuffer; 1024 0 5634 0 -1
ciMethod com/sun/tools/javac/util/ListBuffer appendList (Lcom/sun/tools/javac/util/List;)Lcom/sun/tools/javac/util/ListBuffer; 2298 1642 3755 0 -1
ciMethod com/sun/tools/javac/util/ListBuffer toList ()Lcom/sun/tools/javac/util/List; 526 0 41357 0 -1
ciMethod com/sun/tools/javac/util/ListBuffer contains (Ljava/lang/Object;)Z 448 0 105 0 -1
ciMethod com/sun/tools/javac/util/ListBuffer iterator ()Ljava/util/Iterator; 770 0 24460 0 -1
ciMethod com/sun/tools/javac/util/ListBuffer add (Ljava/lang/Object;)Z 292 0 12188 0 -1
ciMethodData java/lang/Enum getDeclaringClass ()Ljava/lang/Class; 2 1075 orig 80 0 0 0 0 0 0 0 0 0 0 0 0 0 0 0 0 0 0 0 0 0 0 0 0 0 0 0 0 0 0 0 0 0 0 0 0 0 0 0 0 0 0 0 0 0 0 0 0 0 0 0 0 0 0 0 0 0 0 0 0 0 0 0 0 0 0 0 0 0 0 0 0 0 0 0 0 0 0 0 0 data 28 0x10005 0x428 0x2b2eda47f38 0x1 0x2b2eda47fe0 0xa 0x60005 0xf5 0x2b2e5fa6b40 0x33e 0x0 0x0 0xd0007 0x1ed 0x38 0x246 0x110003 0x246 0x18 0x0 0x0 0x0 0x0 0x0 0x0 0x9 0x1 0x0 oops 3 2 com/sun/tools/javac/main/Option$7 4 com/sun/tools/javac/main/Option 8 java/lang/Class methods 0
ciMethodData java/lang/Exception <init> ()V 1 587 orig 80 0 0 0 0 0 0 0 0 0 0 0 0 0 0 0 0 0 0 0 0 0 0 0 0 0 0 0 0 0 0 0 0 0 0 0 0 0 0 0 0 0 0 0 0 0 0 0 0 0 0 0 0 0 0 0 0 0 0 0 0 0 0 0 0 0 0 0 0 0 0 0 0 0 0 0 0 0 0 0 0 data 7 0x10002 0x24b 0x0 0x0 0x9 0x1 0x18 oops 0 methods 0
ciMethodData java/util/ArrayList remove (Ljava/lang/Object;)Z 1 106 orig 80 0 0 0 0 0 0 0 0 0 0 0 0 0 0 0 0 0 0 0 0 0 0 0 0 0 0 0 0 0 0 0 0 0 0 0 0 0 0 0 0 0 0 0 0 0 0 0 0 0 0 0 0 0 0 0 0 0 0 0 0 0 0 0 0 0 0 0 0 0 0 0 0 0 0 0 0 0 0 0 0 data 54 0xe0007 0x6a 0x90 0x0 0x140007 0x0 0x110 0x0 0x1b0007 0x0 0x38 0x0 0x1e0003 0x0 0xd0 0x240003 0x0 0xffffffffffffffa8 0x2a0007 0x0 0xa0 0x6a 0x320005 0x5 0x2b2ee7922c0 0x64 0x2b2ee792368 0x1 0x350007 0x0 0x38 0x6a 0x380003 0x6a 0x30 0x3e0003 0x0 0xffffffffffffff78 0x470005 0x6a 0x0 0x0 0x0 0x0 0x0 0x0 0x0 0x0 0x0 0x0 0x9 0x2 0x6 0xffffffffffffffff oops 2 24 com/sun/tools/javac/comp/Infer$GraphSolver$InferenceGraph$Node 26 com/sun/tools/javac/jvm/Code$LocalVar$Range methods 0
ciMethodData java/util/EnumSet of (Ljava/lang/Enum;Ljava/lang/Enum;Ljava/lang/Enum;Ljava/lang/Enum;Ljava/lang/Enum;)Ljava/util/EnumSet; 1 192 orig 80 0 0 0 0 0 0 0 0 0 0 0 0 0 0 0 0 0 0 0 0 0 0 0 0 0 0 0 0 0 0 0 0 0 0 0 0 0 0 0 0 0 0 0 0 0 0 0 0 0 0 0 0 0 0 0 0 0 0 0 0 0 0 0 0 0 0 0 0 0 0 0 0 0 0 0 0 0 0 0 0 data 51 0x10005 0x0 0x2b2ed6454f8 0xc0 0x0 0x0 0x40002 0xc0 0xc0005 0x0 0x2b2eee5d6d8 0xc0 0x0 0x0 0x130005 0x0 0x2b2eee5d6d8 0xc0 0x0 0x0 0x1a0005 0x0 0x2b2eee5d6d8 0xc0 0x0 0x0 0x210005 0x0 0x2b2eee5d6d8 0xc0 0x0 0x0 0x290005 0x0 0x2b2eee5d6d8 0xc0 0x0 0x0 0x0 0x0 0x0 0x0 0x0 0x0 0x9 0x5 0xffffffffffffffff 0xffffffffffffffff 0xffffffffffffffff 0xffffffffffffffff 0xffffffffffffffff oops 6 2 com/sun/tools/javac/tree/JCTree$Tag 10 java/util/JumboEnumSet 16 java/util/JumboEnumSet 22 java/util/JumboEnumSet 28 java/util/JumboEnumSet 34 java/util/JumboEnumSet methods 0
ciMethodData java/lang/RuntimeException <init> ()V 1 208 orig 80 0 0 0 0 0 0 0 0 0 0 0 0 0 0 0 0 0 0 0 0 0 0 0 0 0 0 0 0 0 0 0 0 0 0 0 0 0 0 0 0 0 0 0 0 0 0 0 0 0 0 0 0 0 0 0 0 0 0 0 0 0 0 0 0 0 0 0 0 0 0 0 0 0 0 0 0 0 0 0 0 data 7 0x10002 0xd0 0x0 0x0 0x9 0x1 0x18 oops 0 methods 0
ciMethod com/sun/tools/javac/resources/CompilerProperties$Fragments ExplicitParamDoNotConformToBounds (Lcom/sun/tools/javac/code/Type;Ljava/util/List;)Lcom/sun/tools/javac/util/JCDiagnostic$Fragment; 0 0 1 0 0
ciMethod com/sun/tools/javac/resources/CompilerProperties$Fragments InconvertibleTypes (Lcom/sun/tools/javac/code/Type;Lcom/sun/tools/javac/code/Type;)Lcom/sun/tools/javac/util/JCDiagnostic$Fragment; 0 0 732 0 -1
ciMethod com/sun/tools/javac/resources/CompilerProperties$Fragments PossibleLossOfPrecision (Lcom/sun/tools/javac/code/Type;Lcom/sun/tools/javac/code/Type;)Lcom/sun/tools/javac/util/JCDiagnostic$Fragment; 0 0 1 0 -1
ciMethod com/sun/tools/javac/resources/CompilerProperties$Fragments WrongNumberTypeArgs (Ljava/lang/String;)Lcom/sun/tools/javac/util/JCDiagnostic$Fragment; 0 0 1 0 0
ciMethod com/sun/tools/javac/tree/TreeScanner <init> ()V 512 0 33536 0 80
ciMethod com/sun/tools/javac/tree/TreeScanner scan (Lcom/sun/tools/javac/tree/JCTree;)V 514 0 219693 0 120
ciMethod com/sun/tools/javac/tree/JCTree$Visitor <init> ()V 160 0 71523 0 0
ciMethod com/sun/tools/javac/code/Type$MethodType getParameterTypes ()Lcom/sun/tools/javac/util/List; 422 0 211 0 0
ciMethod com/sun/tools/javac/code/Type$MethodType getReturnType ()Lcom/sun/tools/javac/code/Type; 260 0 130 0 -1
ciMethod com/sun/tools/javac/comp/Check$CheckContext compatible (Lcom/sun/tools/javac/code/Type;Lcom/sun/tools/javac/code/Type;Lcom/sun/tools/javac/util/Warner;)Z 0 0 1 0 -1
ciMethod com/sun/tools/javac/comp/Check$CheckContext report (Lcom/sun/tools/javac/util/JCDiagnostic$DiagnosticPosition;Lcom/sun/tools/javac/util/JCDiagnostic;)V 0 0 1 0 -1
ciMethod com/sun/tools/javac/comp/Check$CheckContext checkWarner (Lcom/sun/tools/javac/util/JCDiagnostic$DiagnosticPosition;Lcom/sun/tools/javac/code/Type;Lcom/sun/tools/javac/code/Type;)Lcom/sun/tools/javac/util/Warner; 0 0 1 0 -1
ciMethod com/sun/tools/javac/comp/Check$CheckContext inferenceContext ()Lcom/sun/tools/javac/comp/InferenceContext; 0 0 1 0 -1
ciMethod com/sun/tools/javac/comp/Check$CheckContext deferredAttrContext ()Lcom/sun/tools/javac/comp/DeferredAttr$DeferredAttrContext; 0 0 1 0 -1
ciMethod com/sun/tools/javac/code/Types$MapVisitor <init> ()V 692 0 11428 0 0
ciMethod com/sun/tools/javac/code/Types$DefaultTypeVisitor <init> ()V 770 0 13833 0 0
ciMethod com/sun/tools/javac/code/Types$DefaultTypeVisitor visit (Lcom/sun/tools/javac/code/Type;Ljava/lang/Object;)Ljava/lang/Object; 212 0 215480 0 120
ciMethod com/sun/tools/javac/comp/Attr$ResultInfo <init> (Lcom/sun/tools/javac/comp/Attr;Lcom/sun/tools/javac/code/Kinds$KindSelector;Lcom/sun/tools/javac/code/Type;Lcom/sun/tools/javac/comp/Check$CheckContext;)V 1024 0 4432 0 0
ciMethod com/sun/tools/javac/comp/Attr$ResultInfo <init> (Lcom/sun/tools/javac/comp/Attr;Lcom/sun/tools/javac/code/Kinds$KindSelector;Lcom/sun/tools/javac/code/Type;Lcom/sun/tools/javac/comp/Check$CheckContext;Lcom/sun/tools/javac/comp/Attr$CheckMode;)V 540 0 24984 0 753
ciMethod com/sun/tools/javac/comp/Attr$ResultInfo check (Lcom/sun/tools/javac/util/JCDiagnostic$DiagnosticPosition;Lcom/sun/tools/javac/code/Type;)Lcom/sun/tools/javac/code/Type; 1024 0 25481 0 168
ciMethod com/sun/tools/javac/comp/Attr$ResultInfo dup (Lcom/sun/tools/javac/code/Type;)Lcom/sun/tools/javac/comp/Attr$ResultInfo; 0 0 1 0 -1
ciMethod com/sun/tools/javac/comp/Infer$InferenceException <init> (Z)V 6 0 86 0 -1
ciMethod com/sun/tools/javac/comp/Resolve$InapplicableMethodException <init> (Lcom/sun/tools/javac/util/JCDiagnostic;Z)V 512 0 187 0 0
ciMethod com/sun/tools/javac/util/CompilerInternalException <init> (Z)V 514 0 407 0 -1
ciMethod com/sun/tools/javac/comp/Resolve$MethodCheck argumentsAcceptable (Lcom/sun/tools/javac/comp/Env;Lcom/sun/tools/javac/comp/DeferredAttr$DeferredAttrContext;Lcom/sun/tools/javac/util/List;Lcom/sun/tools/javac/util/List;Lcom/sun/tools/javac/util/Warner;)V 0 0 1 0 -1
ciMethod com/sun/tools/javac/comp/Check$NestedCheckContext inferenceContext ()Lcom/sun/tools/javac/comp/InferenceContext; 7280 0 3640 0 120
ciMethod com/sun/tools/javac/code/Types$TypeMapping <init> ()V 790 0 11477 0 0
ciMethod com/sun/tools/javac/code/Type$StructuralTypeMapping <init> ()V 512 0 11331 0 0
ciMethodData com/sun/tools/javac/util/List nil ()Lcom/sun/tools/javac/util/List; 2 360780 orig 80 0 0 0 0 0 0 0 0 0 0 0 0 0 0 0 0 0 0 0 0 0 0 0 0 0 0 0 0 0 0 0 0 0 0 0 0 0 0 0 0 0 0 0 0 0 0 0 0 0 0 0 0 0 0 0 0 0 0 0 0 0 0 0 0 0 0 0 0 0 0 0 0 0 0 0 0 0 0 0 0 data 4 0x0 0x0 0x9 0x0 oops 0 methods 0
ciMethod com/sun/tools/javac/util/Iterators emptyIterator ()Ljava/util/Iterator; 112 0 151981 0 88
ciMethod com/sun/tools/javac/comp/Check checkType (Lcom/sun/tools/javac/util/JCDiagnostic$DiagnosticPosition;Lcom/sun/tools/javac/code/Type;Lcom/sun/tools/javac/code/Type;Lcom/sun/tools/javac/comp/Check$CheckContext;)Lcom/sun/tools/javac/code/Type; 5288 0 35962 14 3291
ciMethod com/sun/tools/javac/comp/Check checkNonVoid (Lcom/sun/tools/javac/util/JCDiagnostic$DiagnosticPosition;Lcom/sun/tools/javac/code/Type;)Lcom/sun/tools/javac/code/Type; 512 0 6222 0 0
ciMethod com/sun/tools/javac/util/Warner hasNonSilentLint (Lcom/sun/tools/javac/code/Lint$LintCategory;)Z 1472 0 1711 0 -1
ciMethod com/sun/tools/javac/comp/Check$1 deferredAttrContext ()Lcom/sun/tools/javac/comp/DeferredAttr$DeferredAttrContext; 3896 0 1391 0 0
ciMethod com/sun/tools/javac/comp/Resolve isAccessible (Lcom/sun/tools/javac/comp/Env;Lcom/sun/tools/javac/code/Type;)Z 0 0 12 0 -1
ciMethod com/sun/tools/javac/comp/Resolve isAccessible (Lcom/sun/tools/javac/comp/Env;Lcom/sun/tools/javac/code/Type;Z)Z 4098 0 10265 0 -1
ciMethod com/sun/tools/javac/comp/Resolve rawInstantiate (Lcom/sun/tools/javac/comp/Env;Lcom/sun/tools/javac/code/Type;Lcom/sun/tools/javac/code/Symbol;Lcom/sun/tools/javac/comp/Attr$ResultInfo;Lcom/sun/tools/javac/util/List;Lcom/sun/tools/javac/util/List;ZZLcom/sun/tools/javac/util/Warner;)Lcom/sun/tools/javac/code/Type; 4250 0 9352 0 -1
ciMethod com/sun/tools/javac/comp/Resolve adjustArgs (Lcom/sun/tools/javac/util/List;Lcom/sun/tools/javac/code/Symbol;IZ)Lcom/sun/tools/javac/util/List; 512 0 416 0 0
ciMethod com/sun/tools/javac/comp/Resolve$AbstractMethodCheck argumentsAcceptable (Lcom/sun/tools/javac/comp/Env;Lcom/sun/tools/javac/comp/DeferredAttr$DeferredAttrContext;Lcom/sun/tools/javac/util/List;Lcom/sun/tools/javac/util/List;Lcom/sun/tools/javac/util/Warner;)V 4426 0 9248 0 0
ciMethod com/sun/tools/javac/comp/Resolve$AbstractMethodCheck treeForDiagnostics (Lcom/sun/tools/javac/comp/Env;)Lcom/sun/tools/javac/tree/JCTree; 1024 0 7562 0 0
ciMethod com/sun/tools/javac/comp/Resolve$AbstractMethodCheck checkArg (Lcom/sun/tools/javac/util/JCDiagnostic$DiagnosticPosition;ZLcom/sun/tools/javac/code/Type;Lcom/sun/tools/javac/code/Type;Lcom/sun/tools/javac/comp/DeferredAttr$DeferredAttrContext;Lcom/sun/tools/javac/util/Warner;)V 0 0 1 0 -1
ciMethod com/sun/tools/javac/comp/Resolve$AbstractMethodCheck reportMC (Lcom/sun/tools/javac/util/JCDiagnostic$DiagnosticPosition;Lcom/sun/tools/javac/comp/Resolve$MethodCheckDiag;Lcom/sun/tools/javac/comp/InferenceContext;[Ljava/lang/Object;)V 3986 0 1540 392 0
ciMethod com/sun/tools/javac/comp/Resolve$AbstractMethodCheck getMethodCheckFailure ()Lcom/sun/tools/javac/comp/Resolve$AbstractMethodCheck$SharedInapplicableMethodException; 776 0 389 0 0
ciMethod com/sun/tools/javac/comp/Resolve$AbstractMethodCheck$SharedInapplicableMethodException <init> (Lcom/sun/tools/javac/comp/Resolve$AbstractMethodCheck;)V 2 0 1 0 -1
ciMethod com/sun/tools/javac/comp/Resolve$AbstractMethodCheck$SharedInapplicableMethodException setMessage (Lcom/sun/tools/javac/util/JCDiagnostic;)Lcom/sun/tools/javac/comp/Resolve$AbstractMethodCheck$SharedInapplicableMethodException; 776 0 389 0 0
ciMethod com/sun/tools/javac/comp/Resolve$4 checkArg (Lcom/sun/tools/javac/util/JCDiagnostic$DiagnosticPosition;ZLcom/sun/tools/javac/code/Type;Lcom/sun/tools/javac/code/Type;Lcom/sun/tools/javac/comp/DeferredAttr$DeferredAttrContext;Lcom/sun/tools/javac/util/Warner;)V 512 0 2841 42 0
ciMethod com/sun/tools/javac/comp/Resolve$4 argumentsAcceptable (Lcom/sun/tools/javac/comp/Env;Lcom/sun/tools/javac/comp/DeferredAttr$DeferredAttrContext;Lcom/sun/tools/javac/util/List;Lcom/sun/tools/javac/util/List;Lcom/sun/tools/javac/util/Warner;)V 4406 0 9248 0 0
ciMethod com/sun/tools/javac/comp/Resolve$4 varargsAccessible (Lcom/sun/tools/javac/comp/Env;Lcom/sun/tools/javac/code/Type;Lcom/sun/tools/javac/comp/InferenceContext;)V 0 0 8 0 0
ciMethod com/sun/tools/javac/comp/Resolve$4 methodCheckResult (ZLcom/sun/tools/javac/code/Type;Lcom/sun/tools/javac/comp/DeferredAttr$DeferredAttrContext;Lcom/sun/tools/javac/util/Warner;)Lcom/sun/tools/javac/comp/Attr$ResultInfo; 510 0 2841 0 0
ciMethod com/sun/tools/javac/comp/Resolve$MethodResultInfo <init> (Lcom/sun/tools/javac/comp/Resolve;Lcom/sun/tools/javac/code/Type;Lcom/sun/tools/javac/comp/Check$CheckContext;)V 766 0 2853 0 0
ciMethod com/sun/tools/javac/comp/Resolve$MethodResultInfo check (Lcom/sun/tools/javac/util/JCDiagnostic$DiagnosticPosition;Lcom/sun/tools/javac/code/Type;)Lcom/sun/tools/javac/code/Type; 780 0 3248 70 0
ciMethod com/sun/tools/javac/comp/Resolve$MethodResultInfo U (Lcom/sun/tools/javac/code/Type;)Lcom/sun/tools/javac/code/Type; 764 0 2858 0 0
ciMethod com/sun/tools/javac/comp/Resolve$MethodResolutionPhase isBoxingRequired ()Z 256 0 128 0 0
ciMethod com/sun/tools/javac/comp/Resolve$MethodResolutionPhase isVarargsRequired ()Z 264 0 132 0 0
ciMethod com/sun/tools/javac/comp/DeferredAttr$DeferredStuckPolicy isStuck ()Z 0 0 1 0 -1
ciMethod com/sun/tools/javac/comp/DeferredAttr$DeferredStuckPolicy stuckVars ()Ljava/util/Set; 0 0 1 0 -1
ciMethod com/sun/tools/javac/comp/DeferredAttr$DeferredAttrContext <init> (Lcom/sun/tools/javac/comp/DeferredAttr;Lcom/sun/tools/javac/comp/DeferredAttr$AttrMode;Lcom/sun/tools/javac/code/Symbol;Lcom/sun/tools/javac/comp/Resolve$MethodResolutionPhase;Lcom/sun/tools/javac/comp/InferenceContext;Lcom/sun/tools/javac/comp/DeferredAttr$DeferredAttrContext;Lcom/sun/tools/javac/util/Warner;)V 4300 0 10385 0 1113
ciMethod com/sun/tools/javac/comp/DeferredAttr$DeferredAttrContext addDeferredAttrNode (Lcom/sun/tools/javac/comp/DeferredAttr$DeferredType;Lcom/sun/tools/javac/comp/Attr$ResultInfo;Lcom/sun/tools/javac/comp/DeferredAttr$DeferredStuckPolicy;)V 22 0 5 0 -1
ciMethod com/sun/tools/javac/comp/DeferredAttr$DeferredAttrContext complete ()V 4230 0 7752 0 0
ciMethod com/sun/tools/javac/comp/DeferredAttr$DeferredAttrContext insideOverloadPhase ()Z 0 0 193 0 0
ciMethod com/sun/tools/javac/comp/DeferredAttr$DeferredAttrContext pickDeferredNode ()Lcom/sun/tools/javac/comp/DeferredAttr$DeferredAttrNode; 0 0 1 0 0
ciMethod com/sun/tools/javac/comp/DeferredAttr$DeferredAttrContext buildStuckGraph ()Lcom/sun/tools/javac/util/List; 0 0 1 0 -1
ciMethod com/sun/tools/javac/comp/DeferredAttr$DeferredType complete (Lcom/sun/tools/javac/comp/Attr$ResultInfo;Lcom/sun/tools/javac/comp/DeferredAttr$DeferredAttrContext;)Lcom/sun/tools/javac/code/Type; 136 0 97 0 -1
ciMethod com/sun/tools/javac/comp/DeferredAttr$DeferredType check (Lcom/sun/tools/javac/comp/Attr$ResultInfo;)Lcom/sun/tools/javac/code/Type; 16 0 393 103 0
ciMethod com/sun/tools/javac/comp/DeferredAttr$DeferredType check (Lcom/sun/tools/javac/comp/Attr$ResultInfo;Lcom/sun/tools/javac/comp/DeferredAttr$DeferredStuckPolicy;)Lcom/sun/tools/javac/code/Type; 514 0 393 103 0
ciMethod com/sun/tools/javac/code/Types wildUpperBound (Lcom/sun/tools/javac/code/Type;)Lcom/sun/tools/javac/code/Type; 28 0 115 0 -1
ciMethod com/sun/tools/javac/code/Types cvarUpperBound (Lcom/sun/tools/javac/code/Type;)Lcom/sun/tools/javac/code/Type; 0 0 2684 0 0
ciMethod com/sun/tools/javac/code/Types isSubtypeUnchecked (Lcom/sun/tools/javac/code/Type;Lcom/sun/tools/javac/code/Type;Lcom/sun/tools/javac/util/Warner;)Z 512 0 16020 0 0
ciMethod com/sun/tools/javac/code/Types isSubtypeUncheckedInternal (Lcom/sun/tools/javac/code/Type;Lcom/sun/tools/javac/code/Type;ZLcom/sun/tools/javac/util/Warner;)Z 514 0 16065 0 -1
ciMethod com/sun/tools/javac/code/Types checkUnsafeVarargsConversion (Lcom/sun/tools/javac/code/Type;Lcom/sun/tools/javac/code/Type;Lcom/sun/tools/javac/util/Warner;)V 512 0 12974 0 -1
ciMethod com/sun/tools/javac/code/Types isSameType (Lcom/sun/tools/javac/code/Type;Lcom/sun/tools/javac/code/Type;)Z 0 0 39589 0 -1
ciMethod com/sun/tools/javac/code/Types elemtype (Lcom/sun/tools/javac/code/Type;)Lcom/sun/tools/javac/code/Type; 232 0 4388 0 0
ciMethod com/sun/tools/javac/code/Types memberType (Lcom/sun/tools/javac/code/Type;Lcom/sun/tools/javac/code/Symbol;)Lcom/sun/tools/javac/code/Type; 4344 0 13428 0 0
ciMethod com/sun/tools/javac/code/Types erasure (Lcom/sun/tools/javac/code/Type;)Lcom/sun/tools/javac/code/Type; 212 0 27997 0 -1
ciMethod com/sun/tools/javac/code/Types supertype (Lcom/sun/tools/javac/code/Type;)Lcom/sun/tools/javac/code/Type; 1024 0 78660 0 -1
ciMethod com/sun/tools/javac/code/Types interfaces (Lcom/sun/tools/javac/code/Type;)Lcom/sun/tools/javac/util/List; 1024 0 68788 0 -1
ciMethod com/sun/tools/javac/code/Types getBounds (Lcom/sun/tools/javac/code/Type$TypeVar;)Lcom/sun/tools/javac/util/List; 8 0 322 0 0
ciMethod com/sun/tools/javac/code/Types subst (Lcom/sun/tools/javac/util/List;Lcom/sun/tools/javac/util/List;Lcom/sun/tools/javac/util/List;)Lcom/sun/tools/javac/util/List; 0 0 419 0 0
ciMethod com/sun/tools/javac/code/Types subst (Lcom/sun/tools/javac/code/Type;Lcom/sun/tools/javac/util/List;Lcom/sun/tools/javac/util/List;)Lcom/sun/tools/javac/code/Type; 0 0 10369 0 589
ciMethod com/sun/tools/javac/code/Types newInstances (Lcom/sun/tools/javac/util/List;)Lcom/sun/tools/javac/util/List; 0 0 203 0 0
ciMethod com/sun/tools/javac/code/Types createMethodTypeWithReturn (Lcom/sun/tools/javac/code/Type;Lcom/sun/tools/javac/code/Type;)Lcom/sun/tools/javac/code/Type; 296 0 70 0 -1
ciMethod com/sun/tools/javac/code/Types createErrorType (Lcom/sun/tools/javac/code/Type;)Lcom/sun/tools/javac/code/Type; 6 0 1807 0 -1
ciMethod com/sun/tools/javac/code/Types glb (Lcom/sun/tools/javac/code/Type;Lcom/sun/tools/javac/code/Type;)Lcom/sun/tools/javac/code/Type; 0 0 59 0 -1
ciMethod com/sun/tools/javac/code/Types capture (Lcom/sun/tools/javac/code/Type;)Lcom/sun/tools/javac/code/Type; 366 0 38484 0 0
ciMethod com/sun/tools/javac/code/Types freshTypeVariables (Lcom/sun/tools/javac/util/List;)Lcom/sun/tools/javac/util/List; 0 0 1442 0 -1
ciMethod com/sun/tools/javac/code/Types$Subst <init> (Lcom/sun/tools/javac/code/Types;Lcom/sun/tools/javac/util/List;Lcom/sun/tools/javac/util/List;)V 512 0 10614 0 369
ciMethod com/sun/tools/javac/comp/Infer error (Lcom/sun/tools/javac/util/JCDiagnostic;)Lcom/sun/tools/javac/comp/Infer$InferenceException; 6 0 4 0 0
ciMethod com/sun/tools/javac/comp/Infer instantiateMethod (Lcom/sun/tools/javac/comp/Env;Lcom/sun/tools/javac/util/List;Lcom/sun/tools/javac/code/Type$MethodType;Lcom/sun/tools/javac/comp/Attr$ResultInfo;Lcom/sun/tools/javac/code/Symbol$MethodSymbol;Lcom/sun/tools/javac/util/List;ZZLcom/sun/tools/javac/comp/Resolve$MethodResolutionContext;Lcom/sun/tools/javac/util/Warner;)Lcom/sun/tools/javac/code/Type; 0 0 173 85 0
ciMethod com/sun/tools/javac/comp/Infer shouldPropagate (Lcom/sun/tools/javac/code/Type;Lcom/sun/tools/javac/comp/Attr$ResultInfo;Lcom/sun/tools/javac/comp/InferenceContext;)Z 162 0 43 0 -1
ciMethod com/sun/tools/javac/comp/Infer roots (Lcom/sun/tools/javac/code/Type$MethodType;Lcom/sun/tools/javac/comp/DeferredAttr$DeferredAttrContext;)Lcom/sun/tools/javac/util/List; 0 0 1 0 -1
ciMethod com/sun/tools/javac/comp/Infer dumpGraphsIfNeeded (Lcom/sun/tools/javac/util/JCDiagnostic$DiagnosticPosition;Lcom/sun/tools/javac/code/Symbol;Lcom/sun/tools/javac/comp/Resolve$MethodResolutionContext;)V 518 0 174 0 -1
ciMethod com/sun/tools/javac/comp/Infer generateReturnConstraints (Lcom/sun/tools/javac/tree/JCTree;Lcom/sun/tools/javac/comp/Attr$ResultInfo;Lcom/sun/tools/javac/code/Type$MethodType;Lcom/sun/tools/javac/comp/InferenceContext;)Lcom/sun/tools/javac/code/Type; 162 0 43 0 -1
ciMethod com/sun/tools/javac/comp/Infer doIncorporation (Lcom/sun/tools/javac/comp/InferenceContext;Lcom/sun/tools/javac/util/Warner;)V 516 3682 223 0 -1
ciMethod com/sun/tools/javac/comp/Infer$PartiallyInferredMethodType <init> (Lcom/sun/tools/javac/comp/Infer;Lcom/sun/tools/javac/code/Type$MethodType;Lcom/sun/tools/javac/comp/InferenceContext;Lcom/sun/tools/javac/comp/Env;Lcom/sun/tools/javac/util/Warner;)V 12 0 3 0 -1
ciMethod com/sun/tools/javac/comp/InferenceContext <init> (Lcom/sun/tools/javac/comp/Infer;Lcom/sun/tools/javac/util/List;)V 742 0 180 0 -1
ciMethod com/sun/tools/javac/comp/InferenceContext inferenceVars ()Lcom/sun/tools/javac/util/List; 258 0 129 0 0
ciMethod com/sun/tools/javac/comp/InferenceContext restvars ()Lcom/sun/tools/javac/util/List; 1668 0 723 0 -1
ciMethod com/sun/tools/javac/comp/InferenceContext boundedVars ()Lcom/sun/tools/javac/util/List; 540 0 131 0 -1
ciMethod com/sun/tools/javac/comp/InferenceContext filterVars (Ljava/util/function/Predicate;)Lcom/sun/tools/javac/util/List; 2468 2526 898 0 -1
ciMethod com/sun/tools/javac/comp/InferenceContext free (Lcom/sun/tools/javac/code/Type;)Z 516 0 111783 0 -1
ciMethod com/sun/tools/javac/comp/InferenceContext freeVarsIn (Lcom/sun/tools/javac/code/Type;)Lcom/sun/tools/javac/util/List; 512 496 186 0 -1
ciMethod com/sun/tools/javac/comp/InferenceContext freeVarsIn (Lcom/sun/tools/javac/util/List;)Lcom/sun/tools/javac/util/List; 0 0 92 0 -1
ciMethod com/sun/tools/javac/comp/InferenceContext asInstType (Lcom/sun/tools/javac/code/Type;)Lcom/sun/tools/javac/code/Type; 514 0 224 0 -1
ciMethod com/sun/tools/javac/comp/InferenceContext addFreeTypeListener (Lcom/sun/tools/javac/util/List;Lcom/sun/tools/javac/comp/Infer$FreeTypeListener;)V 0 0 76 0 0
ciMethod com/sun/tools/javac/comp/InferenceContext notifyChange ()V 0 0 43 0 0
ciMethod com/sun/tools/javac/comp/InferenceContext notifyChange (Lcom/sun/tools/javac/util/List;)V 0 0 174 0 -1
ciMethod com/sun/tools/javac/comp/InferenceContext dupTo (Lcom/sun/tools/javac/comp/InferenceContext;)V 0 0 1 0 -1
ciMethod com/sun/tools/javac/comp/InferenceContext min (Lcom/sun/tools/javac/util/List;ZLcom/sun/tools/javac/util/Warner;)Lcom/sun/tools/javac/comp/InferenceContext; 0 0 1 0 -1
ciMethod com/sun/tools/javac/comp/InferenceContext solve (Lcom/sun/tools/javac/comp/Infer$GraphStrategy;Lcom/sun/tools/javac/util/Warner;)V 334 0 100 0 -1
ciMethod com/sun/tools/javac/comp/InferenceContext solve (Lcom/sun/tools/javac/util/Warner;)V 334 0 89 0 -1
ciMethod com/sun/tools/javac/comp/InferenceContext solveAny (Lcom/sun/tools/javac/util/List;Lcom/sun/tools/javac/util/Warner;)V 0 0 1 0 0
ciMethod com/sun/tools/javac/comp/InferenceContext cachedCapture (Lcom/sun/tools/javac/tree/JCTree;Lcom/sun/tools/javac/code/Type;Z)Lcom/sun/tools/javac/code/Type; 512 0 3514 0 0
ciMethodData com/sun/tools/javac/util/JCDiagnostic$DiagnosticInfo <init> (Lcom/sun/tools/javac/util/JCDiagnostic$DiagnosticType;Ljava/util/Set;Ljava/lang/String;Ljava/lang/String;[Ljava/lang/Object;)V 2 7220 orig 80 0 0 0 0 0 0 0 0 0 0 0 0 0 0 0 0 0 0 0 0 0 0 0 0 0 0 0 0 0 0 0 0 0 0 0 0 0 0 0 0 0 0 0 0 0 0 0 0 0 0 0 0 0 0 0 0 0 0 0 0 0 0 0 0 0 0 0 0 0 0 0 0 0 0 0 0 0 0 0 0 data 25 0x10002 0x1c34 0xb0007 0x54a 0x38 0x16ea 0xf0003 0x16ea 0x28 0x140002 0x54a 0x0 0x0 0x0 0x0 0x0 0x0 0x9 0x6 0x1e 0x0 0x0 0x0 0x0 0x0 oops 0 methods 0
ciMethod com/sun/tools/javac/tree/TreeInfo args (Lcom/sun/tools/javac/tree/JCTree;)Lcom/sun/tools/javac/util/List; 4096 0 10269 0 280
ciMethodData com/sun/tools/javac/util/List of (Ljava/lang/Object;)Lcom/sun/tools/javac/util/List; 2 28474 orig 80 0 0 0 0 0 0 0 0 0 0 0 0 0 0 0 0 0 0 0 0 0 0 0 0 0 0 0 0 0 0 0 0 0 0 0 0 0 0 0 0 0 0 0 0 0 0 0 0 0 0 0 0 0 0 0 0 0 0 0 0 0 0 0 0 0 0 0 0 0 0 0 0 0 0 0 0 0 0 0 0 data 13 0x50002 0x6f3a 0x80002 0x6f3a 0x0 0x0 0x0 0x0 0x0 0x0 0x9 0x1 0x0 oops 0 methods 0
ciMethodData com/sun/tools/javac/util/List iterator ()Ljava/util/Iterator; 2 202963 orig 80 0 0 0 0 0 0 0 0 0 0 0 0 0 0 0 0 0 0 0 0 0 0 0 0 0 0 0 0 0 0 0 0 0 0 0 0 0 0 0 0 0 0 0 0 0 0 0 0 0 0 0 0 0 0 0 0 0 0 0 0 0 0 0 0 0 0 0 0 0 0 0 0 0 0 0 0 0 0 0 0 data 17 0x40007 0x168b5 0x30 0x1b01e 0x70002 0x1b01e 0x100002 0x168b5 0x0 0x0 0x0 0x0 0x0 0x0 0x9 0x1 0x0 oops 0 methods 0
ciMethodData com/sun/tools/javac/util/Iterators emptyIterator ()Ljava/util/Iterator; 2 151925 orig 80 0 0 0 0 0 0 0 0 0 0 0 0 0 0 0 0 0 0 0 0 0 0 0 0 0 0 0 0 0 0 0 0 0 0 0 0 0 0 0 0 0 0 0 0 0 0 0 0 0 0 0 0 0 0 0 0 0 0 0 0 0 0 0 0 0 0 0 0 0 0 0 0 0 0 0 0 0 0 0 0 data 4 0x0 0x0 0x9 0x0 oops 0 methods 0
ciMethodData com/sun/tools/javac/util/List$2 <init> (Lcom/sun/tools/javac/util/List;)V 2 82617 orig 80 0 0 0 0 0 0 0 0 0 0 0 0 0 0 0 0 0 0 0 0 0 0 0 0 0 0 0 0 0 0 0 0 0 0 0 0 0 0 0 0 0 0 0 0 0 0 0 0 0 0 0 0 0 0 0 0 0 0 0 0 0 0 0 0 0 0 0 0 0 0 0 0 0 0 0 0 0 0 0 0 data 14 0x30002 0x142b9 0xb0002 0x142b9 0x0 0x0 0x0 0x0 0x0 0x0 0x9 0x2 0x6 0x0 oops 0 methods 0
ciMethodData com/sun/tools/javac/util/List nonEmpty ()Z 2 409040 orig 80 0 0 0 0 0 0 0 0 0 0 0 0 0 0 0 0 0 0 0 0 0 0 0 0 0 0 0 0 0 0 0 0 0 0 0 0 0 0 0 0 0 0 0 0 0 0 0 0 0 0 0 0 0 0 0 0 0 0 0 0 0 0 0 0 0 0 0 0 0 0 0 0 0 0 0 0 0 0 0 0 data 16 0x40007 0x43cd1 0x38 0x200ff 0x80003 0x200ff 0x18 0x0 0x0 0x0 0x0 0x0 0x0 0x9 0x1 0x0 oops 0 methods 0
ciMethodData com/sun/tools/javac/util/List$2 hasNext ()Z 2 8238 orig 80 0 0 0 0 0 0 0 0 0 0 0 0 0 0 0 0 0 0 0 0 0 0 0 0 0 0 0 0 0 0 0 0 0 0 0 0 0 0 0 0 0 0 0 0 0 0 0 0 0 0 0 0 0 0 0 0 0 0 0 0 0 0 0 0 0 0 0 0 0 0 0 0 0 0 0 0 0 0 0 0 data 16 0x70007 0x5db 0x38 0x1a54 0xb0003 0x1a54 0x18 0x0 0x0 0x0 0x0 0x0 0x0 0x9 0x1 0x0 oops 0 methods 0
ciMethodData com/sun/tools/javac/util/List$2 next ()Ljava/lang/Object; 2 6160 orig 80 0 0 0 0 0 0 0 0 0 0 0 0 0 0 0 0 0 0 0 0 0 0 0 0 0 0 0 0 0 0 0 0 0 0 0 0 0 0 0 0 0 0 0 0 0 0 0 0 0 0 0 0 0 0 0 0 0 0 0 0 0 0 0 0 0 0 0 0 0 0 0 0 0 0 0 0 0 0 0 0 data 15 0x70007 0x1811 0x30 0x0 0xe0002 0x0 0x0 0x0 0x0 0x0 0x0 0x0 0x9 0x1 0x6 oops 0 methods 0
ciMethodData com/sun/tools/javac/util/List length ()I 2 73118 orig 80 0 0 0 0 0 0 0 0 0 0 0 0 0 0 0 0 0 0 0 0 0 0 0 0 0 0 0 0 0 0 0 0 0 0 0 0 0 0 0 0 0 0 0 0 0 0 0 0 0 0 0 0 0 0 0 0 0 0 0 0 0 0 0 0 0 0 0 0 0 0 0 0 0 0 0 0 0 0 0 0 data 16 0x80007 0x11d9e 0x38 0xf150 0x130003 0xf150 0xffffffffffffffe0 0x0 0x0 0x0 0x0 0x0 0x0 0x9 0x1 0x0 oops 0 methods 0
ciMethodData com/sun/tools/javac/util/JCDiagnostic$Factory fragment (Lcom/sun/tools/javac/util/JCDiagnostic$Fragment;)Lcom/sun/tools/javac/util/JCDiagnostic; 2 1013 orig 80 0 0 0 0 0 0 0 0 0 0 0 0 0 0 0 0 0 0 0 0 0 0 0 0 0 0 0 0 0 0 0 0 0 0 0 0 0 0 0 0 0 0 0 0 0 0 0 0 0 0 0 0 0 0 0 0 0 0 0 0 0 0 0 0 0 0 0 0 0 0 0 0 0 0 0 0 0 0 0 0 data 18 0x30002 0x3f5 0x90005 0x0 0x2b2ec4428a8 0x3f5 0x0 0x0 0x0 0x0 0x0 0x0 0x0 0x0 0x9 0x2 0x0 0x0 oops 1 4 com/sun/tools/javac/util/JCDiagnostic$Factory methods 0
ciMethodData com/sun/tools/javac/code/Type hasTag (Lcom/sun/tools/javac/code/TypeTag;)Z 2 732465 orig 80 0 0 0 0 0 0 0 0 0 0 0 0 0 0 0 0 0 0 0 0 0 0 0 0 0 0 0 0 0 0 0 0 0 0 0 0 0 0 0 0 0 0 0 0 0 0 0 0 0 0 0 0 0 0 0 0 0 0 0 0 0 0 0 0 0 0 0 0 0 0 0 0 0 0 0 0 0 0 0 0 data 23 0x20005 0x294aa 0x2b2ec0e0fd8 0x462b2 0x2b2f1011a68 0x435d5 0x50007 0x89e92 0x38 0x28e9f 0x90003 0x28e9f 0x18 0x0 0x0 0x0 0x0 0x0 0x0 0x9 0x2 0xffffffffffffffff 0x0 oops 2 2 com/sun/tools/javac/code/Type$1 4 com/sun/tools/javac/code/Type$ClassType methods 0
ciMethodData com/sun/tools/javac/util/List contains (Ljava/lang/Object;)Z 2 2398 orig 80 0 0 0 0 0 0 0 0 0 0 0 0 0 0 0 0 0 0 0 0 0 0 0 0 0 0 0 0 0 0 0 0 0 0 0 0 0 0 0 0 0 0 0 0 0 0 0 0 0 0 0 0 0 0 0 0 0 0 0 0 0 0 0 0 0 0 0 0 0 0 0 0 0 0 0 0 0 0 0 0 data 35 0x60007 0x7c5 0xc8 0xa31 0xa0007 0xa31 0x40 0x0 0x110007 0x0 0x70 0x0 0x1b0005 0x9ae 0x2b2ed14dec8 0xd 0x2b2ed14df70 0x76 0x1e0007 0x898 0x20 0x199 0x280003 0x898 0xffffffffffffff50 0x0 0x0 0x0 0x0 0x0 0x0 0x9 0x2 0x0 0xffffffffffffffff oops 2 14 com/sun/tools/javac/code/Symbol$ModuleSymbol 16 com/sun/tools/javac/tree/JCTree$JCPackageDecl methods 0
ciMethodData com/sun/tools/javac/tree/TreeScanner scan (Lcom/sun/tools/javac/tree/JCTree;)V 2 219436 orig 80 0 0 0 0 0 0 0 0 0 0 0 0 0 0 0 0 0 0 0 0 0 0 0 0 0 0 0 0 0 0 0 0 0 0 0 0 0 0 0 0 0 0 0 0 0 0 0 0 0 0 0 0 0 0 0 0 0 0 0 0 0 0 0 0 0 0 0 0 0 0 0 0 0 0 0 0 0 0 0 0 data 20 0x10007 0x44f6 0x50 0x31436 0x60005 0x1f615 0x2b2ed6460e8 0x23e 0x2b2f1ca1220 0xe469 0x0 0x0 0x0 0x0 0x0 0x0 0x9 0x2 0xffffffffffffffff 0xffffffffffffffff oops 2 6 com/sun/tools/javac/tree/JCTree$JCClassDecl 8 com/sun/tools/javac/tree/JCTree$JCIdent methods 0
ciMethodData com/sun/tools/javac/util/List reverse ()Lcom/sun/tools/javac/util/List; 2 26443 orig 80 0 0 0 0 0 0 0 0 0 0 0 0 0 0 0 0 0 0 0 0 0 0 0 0 0 0 0 0 0 0 0 0 0 0 0 0 0 0 0 0 0 0 0 0 0 0 0 0 0 0 0 0 0 0 0 0 0 0 0 0 0 0 0 0 0 0 0 0 0 0 0 0 0 0 0 0 0 0 0 0 data 46 0x10005 0x0 0x2b2f1011918 0x5025 0x2b2f1010988 0x1726 0x40007 0x5025 0x70 0x1726 0xb0005 0x0 0x2b2f1011918 0x40c 0x2b2f1010988 0x131a 0xe0007 0x131a 0x20 0x40c 0x130002 0x131a 0x1a0005 0x0 0x2b2f1010988 0x4563 0x2b2f1011918 0x131a 0x1d0007 0x131a 0x48 0x4563 0x290002 0x4563 0x320003 0x4563 0xffffffffffffffa0 0x0 0x0 0x0 0x0 0x0 0x0 0x9 0x1 0xffffffffffffffff oops 6 2 com/sun/tools/javac/util/List$1 4 com/sun/tools/javac/util/List 12 com/sun/tools/javac/util/List$1 14 com/sun/tools/javac/util/List 24 com/sun/tools/javac/util/List 26 com/sun/tools/javac/util/List$1 methods 0
ciMethodData com/sun/tools/javac/code/Types erasure (Lcom/sun/tools/javac/code/Type;)Lcom/sun/tools/javac/code/Type; 2 28407 orig 80 0 0 0 0 0 0 0 0 0 0 0 0 0 0 0 0 0 0 0 0 0 0 0 0 0 0 0 0 0 0 0 0 0 0 0 0 0 0 0 0 0 0 0 0 0 0 0 0 0 0 0 0 0 0 0 0 0 0 0 0 0 0 0 0 0 0 0 0 0 0 0 0 0 0 0 0 0 0 0 0 data 29 0x20005 0x6ef7 0x0 0x0 0x0 0x0 0x50007 0x5ed3 0x38 0x1024 0x90003 0x1024 0x48 0xf0005 0x5ed3 0x0 0x0 0x0 0x0 0x0 0x0 0x0 0x0 0x0 0x0 0x9 0x2 0x0 0xffffffffffffffff oops 0 methods 0
ciMethodData com/sun/tools/javac/code/Types$DefaultTypeVisitor visit (Lcom/sun/tools/javac/code/Type;Ljava/lang/Object;)Ljava/lang/Object; 2 215452 orig 80 0 0 0 0 0 0 0 0 0 0 0 0 0 0 0 0 0 0 0 0 0 0 0 0 0 0 0 0 0 0 0 0 0 0 0 0 0 0 0 0 0 0 0 0 0 0 0 0 0 0 0 0 0 0 0 0 0 0 0 0 0 0 0 0 0 0 0 0 0 0 0 0 0 0 0 0 0 0 0 0 data 17 0x30005 0xed7c 0x2b2ec0e0fd8 0x584d 0x2b2f1011a68 0x203d3 0x0 0x0 0x0 0x0 0x0 0x0 0x9 0x3 0xffffffffffffffff 0xffffffffffffffff 0xffffffffffffffff oops 2 2 com/sun/tools/javac/code/Type$1 4 com/sun/tools/javac/code/Type$ClassType methods 0
ciMethodData com/sun/tools/javac/comp/InferenceContext free (Lcom/sun/tools/javac/code/Type;)Z 2 111849 orig 80 0 0 0 0 0 0 0 0 0 0 0 0 0 0 0 0 0 0 0 0 0 0 0 0 0 0 0 0 0 0 0 0 0 0 0 0 0 0 0 0 0 0 0 0 0 0 0 0 0 0 0 0 0 0 0 0 0 0 0 0 0 0 0 0 0 0 0 0 0 0 0 0 0 0 0 0 0 0 0 0 data 16 0x50005 0xecb1 0x2b2ec7cc4f0 0x601f 0x2b2ec0e0fd8 0x6819 0x0 0x0 0x0 0x0 0x0 0x0 0x9 0x2 0x0 0xffffffffffffffff oops 2 2 com/sun/tools/javac/code/Type$PackageType 4 com/sun/tools/javac/code/Type$1 methods 0
ciMethodData com/sun/tools/javac/code/Type containsAny (Lcom/sun/tools/javac/util/List;)Z 2 17426 orig 80 2 0 0 0 0 0 0 0 0 0 0 0 0 0 0 0 0 0 0 0 4 0 0 0 0 0 0 0 0 0 0 0 0 0 2 0 0 0 0 0 0 0 0 0 0 0 0 0 0 0 0 0 0 0 0 0 0 0 0 0 0 0 0 0 0 0 0 0 0 0 0 0 0 0 0 0 0 0 0 0 data 51 0x10005 0x0 0x2b2f1011918 0x435d 0x2b2f1010988 0xb5 0x8000000400060005 0x0 0x2b2edcbfcb0 0x435d 0x2b2ec627ee0 0x140 0xb0007 0x43e4 0xe8 0xbb 0xf0005 0x0 0x2b2ec627ee0 0xbb 0x0 0x0 0x140004 0x0 0x2b2f10119c0 0xbb 0x0 0x0 0x1a0005 0x3e 0x2b2f10119c0 0x1c 0x2b2f1011a68 0x61 0x1d0007 0x87 0x20 0x34 0x220003 0x87 0xffffffffffffff00 0x0 0x0 0x0 0x0 0x0 0x0 0x9 0x2 0xffffffffffffffff 0x0 oops 8 2 com/sun/tools/javac/util/List$1 4 com/sun/tools/javac/util/List 8 java/util/Collections$EmptyIterator 10 com/sun/tools/javac/util/List$2 18 com/sun/tools/javac/util/List$2 24 com/sun/tools/javac/code/Type$TypeVar 30 com/sun/tools/javac/code/Type$TypeVar 32 com/sun/tools/javac/code/Type$ClassType methods 0
ciMethodData com/sun/tools/javac/util/List size ()I 2 36091 orig 80 0 0 0 0 0 0 0 0 0 0 0 0 0 0 0 0 0 0 0 0 0 0 0 0 0 0 0 0 0 0 0 0 0 0 0 0 0 0 0 0 0 0 0 0 0 0 0 0 0 0 0 0 0 0 0 0 0 0 0 0 0 0 0 0 0 0 0 0 0 0 0 0 0 0 0 0 0 0 0 0 data 15 0x10005 0x0 0x2b2f1010988 0x65c6 0x2b2f1011918 0x2735 0x0 0x0 0x0 0x0 0x0 0x0 0x9 0x1 0x0 oops 2 2 com/sun/tools/javac/util/List 4 com/sun/tools/javac/util/List$1 methods 0
ciMethodData com/sun/tools/javac/comp/Attr$ResultInfo <init> (Lcom/sun/tools/javac/comp/Attr;Lcom/sun/tools/javac/code/Kinds$KindSelector;Lcom/sun/tools/javac/code/Type;Lcom/sun/tools/javac/comp/Check$CheckContext;Lcom/sun/tools/javac/comp/Attr$CheckMode;)V 2 24714 orig 80 0 0 0 0 0 0 0 0 0 0 0 0 0 0 0 0 0 0 0 0 0 0 0 0 0 0 0 0 0 0 0 0 0 0 0 0 0 0 0 0 0 0 0 0 0 0 0 0 0 0 0 0 0 0 0 0 0 0 0 0 0 0 0 0 0 0 0 0 0 0 0 0 0 0 0 0 0 0 0 0 data 18 0x30002 0x608a 0xb0002 0x608a 0x0 0x0 0x0 0x0 0x0 0x0 0x9 0x6 0x1e 0x0 0x0 0x0 0x0 0x0 oops 0 methods 0
ciMethodData com/sun/tools/javac/code/Types capture (Lcom/sun/tools/javac/code/Type;)Lcom/sun/tools/javac/code/Type; 2 38463 orig 80 3 0 0 0 0 0 0 0 0 0 0 0 0 0 0 0 0 0 0 0 4 0 0 0 0 0 0 0 0 0 0 0 0 0 0 0 0 0 0 2 0 0 0 0 0 0 0 0 0 0 0 0 0 0 0 0 0 0 0 0 0 0 0 0 0 0 0 0 0 0 0 0 0 0 0 0 0 0 0 0 data 441 0x40005 0x1a0e 0x2b2ec7cc4f0 0x2e55 0x2b2f1011a68 0x4ddc 0x70007 0x640d 0x20 0x3232 0xd0005 0x17e 0x2b2f1011a68 0x4ddc 0x2b2f1ca1418 0x14b3 0x8000000600130007 0x640b 0x190 0x3 0x180005 0x0 0x2b2f1011a68 0x3 0x0 0x0 0x1b0005 0x0 0x2b2f1011720 0x3 0x0 0x0 0x210005 0x0 0x2b2f1011a68 0x3 0x0 0x0 0x240007 0x3 0xe0 0x0 0x2d0005 0x0 0x0 0x0 0x0 0x0 0x3a0005 0x0 0x0 0x0 0x0 0x0 0x3e0005 0x0 0x0 0x0 0x0 0x0 0x410005 0x0 0x0 0x0 0x0 0x0 0x460004 0x17e 0x2b2f1011a68 0x4ddd 0x2b2f1ca1418 0x14b3 0x4b0005 0x17e 0x2b2f1011a68 0x4ddd 0x2b2f1ca1418 0x14b3 0x4e0007 0x61 0x70 0x63ad 0x520005 0x17e 0x2b2f1011a68 0x4d7c 0x2b2f1ca1418 0x14b3 0x550007 0x4d6 0x20 0x5ed7 0x5b0005 0x5 0x2b2f1011a68 0x358 0x2b2ec7cc598 0x179 0x5e0005 0x0 0x2b2ec7cc640 0x4d6 0x0 0x0 0x610004 0x0 0x2b2f1011a68 0x4d6 0x0 0x0 0x660005 0x0 0x2b2f1011a68 0x4d6 0x0 0x0 0x6c0005 0x5 0x2b2f1011a68 0x358 0x2b2ec7cc598 0x179 0x740005 0x0 0x2b2f1011720 0x4d6 0x0 0x0 0x8a0005 0x0 0x2b2f1010988 0x519 0x2b2f1011918 0x4db 0x8d0007 0x4db 0x748 0x519 0x920005 0x0 0x2b2f1010988 0x519 0x0 0x0 0x950007 0x0 0x6f8 0x519 0x9a0005 0x0 0x2b2f1010988 0x519 0x0 0x0 0x9d0007 0x0 0x6a8 0x519 0xaa0007 0x4f7 0x670 0x22 0x8000000400b50004 0x0 0x2b2ef178e28 0xc 0x2b2ec7cc6e8 0x1a 0xbf0004 0x0 0x2b2f10119c0 0x26 0x0 0x0 0xc20005 0x0 0x2b2f10119c0 0x26 0x0 0x0 0xcc0004 0x0 0x2b2ef1790a8 0x26 0x0 0x0 0xd30007 0x26 0x20 0x0 0xe70005 0xb 0x2b2ef179720 0x1b 0x0 0x0 0x8000000600eb0008 0x8 0x0 0x230 0x15 0xc8 0x6 0x1a0 0xc 0x50 0x10d0005 0x0 0x2b2f1011720 0xc 0x0 0x0 0x1100005 0x0 0x2b2ef1790a8 0xc 0x0 0x0 0x11f0003 0xc 0x180 0x1270005 0x0 0x2b2ec7cc6e8 0x15 0x0 0x0 0x1310005 0x0 0x2b2f1011720 0x15 0x0 0x0 0x1340005 0x0 0x2b2f1011720 0x15 0x0 0x0 0x1370005 0x0 0x2b2ef1790a8 0x15 0x0 0x0 0x1460003 0x15 0xa8 0x1520005 0x0 0x2b2f1011720 0x6 0x0 0x0 0x1550005 0x0 0x2b2ef1790a8 0x6 0x0 0x0 0x15c0005 0x0 0x2b2ec7cc6e8 0x6 0x0 0x0 0x1640005 0x0 0x2b2ef1790a8 0x27 0x0 0x0 0x16a0005 0x15 0x2b2ec7cc598 0x3 0x2b2f1011a68 0xf 0x16d0007 0x23 0x98 0x4 0x1720005 0x0 0x2b2ef1790a8 0x4 0x0 0x0 0x1750004 0x0 0x2b2ef17bfa0 0x4 0x0 0x0 0x17b0003 0x4 0x48 0x1800005 0x0 0x2b2ef1790a8 0x23 0x0 0x0 0x18d0005 0x0 0x2b2ec7cc790 0x21 0x2b2f1011a68 0x6 0x1900007 0x27 0x68 0x0 0x1980004 0x0 0x0 0x0 0x0 0x0 0x19e0003 0x0 0x18 0x1aa0005 0x0 0x2b2ef1790a8 0x27 0x0 0x0 0x1b00005 0x15 0x2b2ec7cc598 0x3 0x2b2f1011a68 0xf 0x1b30007 0x0 0xf0 0x27 0x1be0005 0x0 0x2b2ec7cc790 0x21 0x2b2f1011a68 0x6 0x1c10007 0x0 0xa0 0x27 0x1c90005 0x0 0x2b2f1011720 0x27 0x0 0x0 0x1cc0007 0x27 0x50 0x0 0x1d30005 0x0 0x0 0x0 0x0 0x0 0x1ee0003 0x51e 0xfffffffffffff8a0 0x1f30005 0x0 0x2b2f1011918 0x4db 0x0 0x0 0x1f60007 0x0 0xc0 0x4db 0x1fb0005 0x0 0x2b2f1011918 0x4db 0x0 0x0 0x1fe0007 0x0 0x70 0x4db 0x2030005 0x0 0x2b2f1011918 0x4db 0x0 0x0 0x2060007 0x4db 0x50 0x0 0x20b0005 0x0 0x0 0x0 0x0 0x0 0x2110007 0x4b7 0x90 0x24 0x2190005 0x18 0x2b2f1ca12c8 0x3 0x2b2f1011a68 0x9 0x2230005 0x18 0x2b2f1ca12c8 0x3 0x2b2f1011a68 0x9 0x2260002 0x24 0x0 0x0 0x0 0x0 0x0 0x0 0x0 0x0 0x0 0x0 0x0 0x0 0x0 0x0 0x0 0x0 0x9 0x2 0x0 0x0 oops 61 2 com/sun/tools/javac/code/Type$PackageType 4 com/sun/tools/javac/code/Type$ClassType 12 com/sun/tools/javac/code/Type$ClassType 14 com/sun/tools/javac/code/Type$ClassType$1 22 com/sun/tools/javac/code/Type$ClassType 28 com/sun/tools/javac/code/Types 34 com/sun/tools/javac/code/Type$ClassType 68 com/sun/tools/javac/code/Type$ClassType 70 com/sun/tools/javac/code/Type$ClassType$1 74 com/sun/tools/javac/code/Type$ClassType 76 com/sun/tools/javac/code/Type$ClassType$1 84 com/sun/tools/javac/code/Type$ClassType 86 com/sun/tools/javac/code/Type$ClassType$1 94 com/sun/tools/javac/code/Type$ClassType 96 com/sun/tools/javac/code/Type$StructuralTypeMapping$1 100 com/sun/tools/javac/code/Symbol$ClassSymbol 106 com/sun/tools/javac/code/Type$ClassType 112 com/sun/tools/javac/code/Type$ClassType 118 com/sun/tools/javac/code/Type$ClassType 120 com/sun/tools/javac/code/Type$StructuralTypeMapping$1 124 com/sun/tools/javac/code/Types 130 com/sun/tools/javac/util/List 132 com/sun/tools/javac/util/List$1 140 com/sun/tools/javac/util/List 150 com/sun/tools/javac/util/List 164 com/sun/tools/javac/code/Type$WildcardType 166 com/sun/tools/javac/code/Type$StructuralTypeMapping$2 170 com/sun/tools/javac/code/Type$TypeVar 176 com/sun/tools/javac/code/Type$TypeVar 182 com/sun/tools/javac/code/Type$CapturedType 192 com/sun/tools/javac/code/BoundKind 208 com/sun/tools/javac/code/Types 214 com/sun/tools/javac/code/Type$CapturedType 223 com/sun/tools/javac/code/Type$StructuralTypeMapping$2 229 com/sun/tools/javac/code/Types 235 com/sun/tools/javac/code/Types 241 com/sun/tools/javac/code/Type$CapturedType 250 com/sun/tools/javac/code/Types 256 com/sun/tools/javac/code/Type$CapturedType 262 com/sun/tools/javac/code/Type$StructuralTypeMapping$2 268 com/sun/tools/javac/code/Type$CapturedType 274 com/sun/tools/javac/code/Type$StructuralTypeMapping$1 276 com/sun/tools/javac/code/Type$ClassType 284 com/sun/tools/javac/code/Type$CapturedType 290 com/sun/tools/javac/code/Type$UndetVar 299 com/sun/tools/javac/code/Type$CapturedType 305 com/sun/tools/javac/code/Type$BottomType 307 com/sun/tools/javac/code/Type$ClassType 324 com/sun/tools/javac/code/Type$CapturedType 330 com/sun/tools/javac/code/Type$StructuralTypeMapping$1 332 com/sun/tools/javac/code/Type$ClassType 340 com/sun/tools/javac/code/Type$BottomType 342 com/sun/tools/javac/code/Type$ClassType 350 com/sun/tools/javac/code/Types 369 com/sun/tools/javac/util/List$1 379 com/sun/tools/javac/util/List$1 389 com/sun/tools/javac/util/List$1 409 com/sun/tools/javac/jvm/ClassReader$1 411 com/sun/tools/javac/code/Type$ClassType 415 com/sun/tools/javac/jvm/ClassReader$1 417 com/sun/tools/javac/code/Type$ClassType methods 0
ciMethodData com/sun/tools/javac/util/List last ()Ljava/lang/Object; 1 175 orig 80 0 0 0 0 0 0 0 0 0 0 0 0 0 0 0 0 0 0 0 0 0 0 0 0 0 0 0 0 0 0 0 0 0 0 0 0 0 0 0 0 0 0 0 0 0 0 0 0 0 0 0 0 0 0 0 0 0 0 0 0 0 0 0 0 0 0 0 0 0 0 0 0 0 0 0 0 0 0 0 0 data 16 0x80007 0xaf 0x38 0x1e4 0x150003 0x1e4 0xffffffffffffffe0 0x0 0x0 0x0 0x0 0x0 0x0 0x9 0x1 0x0 oops 0 methods 0
ciMethodData com/sun/tools/javac/comp/Attr$ResultInfo check (Lcom/sun/tools/javac/util/JCDiagnostic$DiagnosticPosition;Lcom/sun/tools/javac/code/Type;)Lcom/sun/tools/javac/code/Type; 2 24969 orig 80 0 0 0 0 0 0 0 0 0 0 0 0 0 0 0 0 0 0 0 0 0 0 0 0 0 0 0 0 0 0 0 0 0 0 0 0 0 0 0 0 0 0 0 0 0 0 0 0 0 0 0 0 0 0 0 0 0 0 0 0 0 0 0 0 0 0 0 0 0 0 0 0 0 0 0 0 0 0 0 0 data 17 0x110005 0x0 0x2b2ec11c868 0x618a 0x0 0x0 0x0 0x0 0x0 0x0 0x0 0x0 0x9 0x3 0x0 0x0 0x0 oops 1 2 com/sun/tools/javac/comp/Check methods 0
ciMethodData com/sun/tools/javac/comp/Check checkType (Lcom/sun/tools/javac/util/JCDiagnostic$DiagnosticPosition;Lcom/sun/tools/javac/code/Type;Lcom/sun/tools/javac/code/Type;Lcom/sun/tools/javac/comp/Check$CheckContext;)Lcom/sun/tools/javac/code/Type; 2 35450 orig 80 2 0 0 0 0 0 0 0 0 0 0 0 0 0 0 0 0 0 0 0 0 0 0 4 0 0 0 0 0 0 0 0 0 0 0 0 0 0 0 0 0 0 0 0 0 0 0 0 0 0 0 0 0 0 0 0 0 0 0 0 0 0 0 0 0 0 0 0 0 0 0 0 0 0 0 0 0 0 0 0 data 151 0x8000000700020005 0x749 0x2b2eea63ac0 0x7c1a 0x2b2ed149f50 0x71c 0xc0005 0x29d 0x2b2ec43d7b8 0x87e2 0x0 0x0 0xf0007 0x1f 0x70 0x8a61 0x150005 0x294 0x2b2ec43d7b8 0x87cd 0x0 0x0 0x180007 0x8a61 0xa0 0x0 0x1f0002 0x1f 0x28000a 0x1f 0x5 0x0 0x2b2ec11c868 0x1 0x3 0x2b2ed149ff8 0x2d0005 0x0 0x2b2ec43d7b8 0x1f 0x0 0x0 0x340005 0x6ca 0x2b2ec0e0fd8 0x6670 0x2b2f1011a68 0x1d46 0x370007 0x8a80 0x20 0x0 0x400005 0x6ca 0x2b2ec0e0fd8 0x6670 0x2b2f1011a68 0x1d46 0x430007 0x225e 0x20 0x6822 0x510005 0x74a 0x2b2eea63ac0 0x13f8 0x2b2ed149f50 0x71c 0x560005 0x74a 0x2b2eea63ac0 0x13f8 0x2b2ed149f50 0x71c 0x5b0007 0x287 0x20 0x1fd7 0x610005 0x2 0x2b2f1011a68 0x1f0 0x2b2f1ca1418 0x95 0x640007 0x285 0x110 0x2 0x680005 0x0 0x2b2f1011a68 0x2 0x0 0x0 0x6b0007 0x2 0xc0 0x0 0x770002 0x0 0x7a0005 0x0 0x0 0x0 0x0 0x0 0x7d0005 0x0 0x0 0x0 0x0 0x0 0x870005 0x0 0x0 0x0 0x0 0x0 0x940002 0x287 0x970005 0x0 0x2b2ec4428a8 0x287 0x0 0x0 0x9a0005 0x0 0x2b2eea63b68 0x253 0x2b2ea179540 0x34 0xa40005 0x0 0x0 0x0 0x0 0x0 0x0 0x0 0x0 0x0 0x0 0x0 0x9 0x5 0x0 0x0 0x0 0x0 0x0 oops 21 2 com/sun/tools/javac/comp/Check$1 4 com/sun/tools/javac/comp/Annotate$AnnotationValueContext 8 com/sun/tools/javac/comp/InferenceContext 18 com/sun/tools/javac/comp/InferenceContext 32 com/sun/tools/javac/comp/Check 35  @bci com/sun/tools/javac/comp/Check checkType (Lcom/sun/tools/javac/util/JCDiagnostic$DiagnosticPosition;Lcom/sun/tools/javac/code/Type;Lcom/sun/tools/javac/code/Type;Lcom/sun/tools/javac/comp/Check$CheckContext;)Lcom/sun/tools/javac/code/Type; 40 <appendix> member <vmtarget> ; 38 com/sun/tools/javac/comp/InferenceContext 44 com/sun/tools/javac/code/Type$1 46 com/sun/tools/javac/code/Type$ClassType 54 com/sun/tools/javac/code/Type$1 56 com/sun/tools/javac/code/Type$ClassType 64 com/sun/tools/javac/comp/Check$1 66 com/sun/tools/javac/comp/Annotate$AnnotationValueContext 70 com/sun/tools/javac/comp/Check$1 72 com/sun/tools/javac/comp/Annotate$AnnotationValueContext 80 com/sun/tools/javac/code/Type$ClassType 82 com/sun/tools/javac/code/Type$ClassType$1 90 com/sun/tools/javac/code/Type$ClassType 122 com/sun/tools/javac/util/JCDiagnostic$Factory 128 com/sun/tools/javac/comp/Resolve$4$1 130 com/sun/tools/javac/comp/Resolve$MostSpecificCheck$MostSpecificCheckContext methods 0
ciMethodData com/sun/tools/javac/comp/InferenceContext addFreeTypeListener (Lcom/sun/tools/javac/util/List;Lcom/sun/tools/javac/comp/Infer$FreeTypeListener;)V 1 91 orig 80 0 0 0 0 0 0 0 0 0 0 0 0 0 0 0 0 0 0 0 0 0 0 0 0 0 0 0 0 0 0 0 0 0 0 0 0 0 0 0 0 0 0 0 0 0 0 0 0 0 0 0 0 0 0 0 0 0 0 0 0 0 0 0 0 0 0 0 0 0 0 0 0 0 0 0 0 0 0 0 0 data 23 0x70005 0x3c 0x2b2ec43d7b8 0x1f 0x0 0x0 0xa0005 0x0 0x2b2ec5cc960 0x5b 0x0 0x0 0x0 0x0 0x0 0x0 0x0 0x0 0x9 0x3 0x0 0x0 0x0 oops 2 2 com/sun/tools/javac/comp/InferenceContext 8 java/util/LinkedHashMap methods 0
ciMethodData com/sun/tools/javac/comp/InferenceContext freeVarsIn (Lcom/sun/tools/javac/util/List;)Lcom/sun/tools/javac/util/List; 1 111 orig 80 0 0 0 0 0 0 0 0 0 0 0 0 0 0 0 0 0 0 0 0 0 0 0 0 0 0 0 0 0 0 0 0 0 0 0 0 0 0 0 0 0 0 0 0 0 0 0 0 0 0 0 0 0 0 0 0 0 0 0 0 0 0 0 0 0 0 0 0 0 0 0 0 0 0 0 0 0 0 0 0 data 110 0x40002 0x6f 0x90005 0x0 0x2b2f1010988 0x6b 0x2b2f1011918 0x4 0xe0005 0x0 0x2b2ec627ee0 0x125 0x2b2edcbfcb0 0x4 0x130007 0x6f 0xf8 0xba 0x170005 0x0 0x2b2ec627ee0 0xba 0x0 0x0 0x1c0004 0x3e 0x2b2f10119c0 0x35 0x2b2f1011a68 0x47 0x250005 0xba 0x0 0x0 0x0 0x0 0x280005 0x0 0x2b2ea18d5b0 0xba 0x0 0x0 0x2c0003 0xba 0xfffffffffffffef0 0x330002 0x6f 0x380005 0x0 0x2b2ea18d5b0 0x6f 0x0 0x0 0x3f0005 0x0 0x2b2ea18e750 0xd8 0x0 0x0 0x440007 0x6f 0x118 0x69 0x490005 0x0 0x2b2ea18e750 0x69 0x0 0x0 0x4e0004 0x0 0x2b2f10119c0 0x69 0x0 0x0 0x560005 0x0 0x2b2ea18d5b0 0x69 0x0 0x0 0x590007 0xe 0x50 0x5b 0x5f0005 0x0 0x2b2ea18d5b0 0x5b 0x0 0x0 0x630003 0x69 0xfffffffffffffed0 0x670005 0x0 0x2b2ea18d5b0 0x6f 0x0 0x0 0x0 0x0 0x0 0x0 0x0 0x0 0x9 0x2 0x0 0x0 oops 15 4 com/sun/tools/javac/util/List 6 com/sun/tools/javac/util/List$1 10 com/sun/tools/javac/util/List$2 12 java/util/Collections$EmptyIterator 20 com/sun/tools/javac/util/List$2 26 com/sun/tools/javac/code/Type$TypeVar 28 com/sun/tools/javac/code/Type$ClassType 38 com/sun/tools/javac/util/ListBuffer 49 com/sun/tools/javac/util/ListBuffer 55 com/sun/tools/javac/util/ListBuffer$1 65 com/sun/tools/javac/util/ListBuffer$1 71 com/sun/tools/javac/code/Type$TypeVar 77 com/sun/tools/javac/util/ListBuffer 87 com/sun/tools/javac/util/ListBuffer 96 com/sun/tools/javac/util/ListBuffer methods 0
ciMethodData com/sun/tools/javac/code/Types memberType (Lcom/sun/tools/javac/code/Type;Lcom/sun/tools/javac/code/Symbol;)Lcom/sun/tools/javac/code/Type; 2 11811 orig 80 0 0 0 0 0 0 0 0 0 0 0 0 0 0 0 0 0 0 0 0 0 0 0 0 0 0 0 0 0 0 0 0 0 0 0 0 0 0 0 0 0 0 0 0 0 0 0 0 0 0 0 0 0 0 0 0 0 0 0 0 0 0 0 0 0 0 0 0 0 0 0 0 0 0 0 0 0 0 0 0 data 36 0x10005 0x1e 0x2b2f1011d08 0x2ad1 0x2b2ec0dd1c8 0x333 0xa0007 0x2a21 0x38 0x401 0x110003 0x401 0x78 0x1a0005 0xf1 0x2b2ec0dd270 0x2930 0x0 0x0 0x1d0004 0x3ba 0x2b2f10117c8 0x2545 0x2b2f1011c60 0x122 0x0 0x0 0x0 0x0 0x0 0x0 0x9 0x3 0x0 0xffffffffffffffff 0xffffffffffffffff oops 5 2 com/sun/tools/javac/code/Symbol$MethodSymbol 4 com/sun/tools/javac/code/Symbol$VarSymbol 15 com/sun/tools/javac/code/Types$13 21 com/sun/tools/javac/code/Type$MethodType 23 com/sun/tools/javac/code/Type$StructuralTypeMapping$4 methods 0
ciMethodData com/sun/tools/javac/tree/TreeInfo args (Lcom/sun/tools/javac/tree/JCTree;)Lcom/sun/tools/javac/util/List; 2 8221 orig 80 0 0 0 0 0 0 0 0 0 0 0 0 0 0 0 0 0 0 0 0 0 0 0 0 0 0 0 0 0 0 0 0 0 0 0 0 0 0 0 0 0 0 0 0 0 0 0 0 0 0 0 0 0 0 0 0 0 0 0 0 0 0 0 0 0 0 0 0 0 0 0 0 0 0 0 0 0 0 0 0 data 41 0x40005 0x13bc 0x2b2ed6460e8 0x56f 0x2b2ed646190 0x6f2 0x70005 0x281 0x2b2ed6454f8 0x1d9c 0x0 0x0 0xb0008 0x6 0xc78 0xa0 0x126f 0x40 0x136 0x70 0x250004 0x0 0x2b2ed645ac0 0x126f 0x0 0x0 0x2d0004 0x0 0x2b2ed645cc8 0x136 0x0 0x0 0x0 0x0 0x0 0x0 0x0 0x0 0x9 0x1 0x0 oops 5 2 com/sun/tools/javac/tree/JCTree$JCClassDecl 4 com/sun/tools/javac/tree/JCTree$JCMethodDecl 8 com/sun/tools/javac/tree/JCTree$Tag 22 com/sun/tools/javac/tree/JCTree$JCMethodInvocation 28 com/sun/tools/javac/tree/JCTree$JCNewClass methods 0
ciMethodData com/sun/tools/javac/code/Types subst (Lcom/sun/tools/javac/code/Type;Lcom/sun/tools/javac/util/List;Lcom/sun/tools/javac/util/List;)Lcom/sun/tools/javac/code/Type; 2 10369 orig 80 0 0 0 0 0 0 0 0 0 0 0 0 0 0 0 0 0 0 0 0 0 0 0 0 0 0 0 0 0 0 0 0 0 0 0 0 0 0 0 0 0 0 0 0 0 0 0 0 0 0 0 0 0 0 0 0 0 0 0 0 0 0 0 0 0 0 0 0 0 0 0 0 0 0 0 0 0 0 0 0 data 20 0x80002 0x2881 0xb0005 0xff2 0x2b2f1011a68 0x1802 0x2b2f1011bb8 0x8d 0x0 0x0 0x0 0x0 0x0 0x0 0x9 0x4 0xffffffffffffffff 0xffffffffffffffff 0xffffffffffffffff 0xffffffffffffffff oops 2 4 com/sun/tools/javac/code/Type$ClassType 6 com/sun/tools/javac/code/Type$ArrayType methods 0
ciMethodData com/sun/tools/javac/util/List prependList (Lcom/sun/tools/javac/util/List;)Lcom/sun/tools/javac/util/List; 2 13600 orig 80 0 0 0 0 0 0 0 0 0 0 0 0 0 0 0 0 0 0 0 0 0 0 0 0 0 0 0 0 0 0 0 0 0 0 0 0 0 0 0 0 0 0 0 0 0 0 0 0 0 0 0 0 0 0 0 0 0 0 0 0 0 0 0 0 0 0 0 0 0 0 0 0 0 0 0 0 0 0 0 0 data 80 0x10005 0x0 0x2b2f1011918 0x16e8 0x2b2f1010988 0x1e38 0x40007 0x1e38 0x20 0x16e8 0xa0005 0x0 0x2b2f1010988 0x732 0x2b2f1011918 0x1706 0xd0007 0x732 0x20 0x1706 0x160005 0x0 0x2b2f1011918 0x3c9 0x2b2f1010988 0x369 0x190007 0x369 0x50 0x3c9 0x210005 0x0 0x2b2f1010988 0x3c9 0x0 0x0 0x280005 0x0 0x2b2f1010988 0x369 0x0 0x0 0x2e0007 0x0 0x38 0x369 0x320003 0x369 0x18 0x360002 0x369 0x3a0005 0x0 0x2b2f1010988 0x2470 0x2b2f1011918 0x369 0x3d0007 0x369 0x68 0x2470 0x4b0005 0x0 0x2b2f1010988 0x2470 0x0 0x0 0x520003 0x2470 0xffffffffffffff80 0x0 0x0 0x0 0x0 0x0 0x0 0x9 0x2 0xffffffffffffffff 0xffffffffffffffff oops 11 2 com/sun/tools/javac/util/List$1 4 com/sun/tools/javac/util/List 12 com/sun/tools/javac/util/List 14 com/sun/tools/javac/util/List$1 22 com/sun/tools/javac/util/List$1 24 com/sun/tools/javac/util/List 32 com/sun/tools/javac/util/List 38 com/sun/tools/javac/util/List 53 com/sun/tools/javac/util/List 55 com/sun/tools/javac/util/List$1 63 com/sun/tools/javac/util/List methods 0
ciMethodData com/sun/tools/javac/code/Types supertype (Lcom/sun/tools/javac/code/Type;)Lcom/sun/tools/javac/code/Type; 2 78591 orig 80 1 0 0 0 0 0 0 0 0 0 0 0 0 0 0 0 0 0 0 0 0 0 0 0 0 0 0 0 0 0 0 0 0 0 0 0 0 0 0 0 0 0 0 0 0 0 0 0 0 0 0 0 0 0 0 0 0 0 0 0 0 0 0 0 0 0 0 0 0 0 0 0 0 0 0 0 0 0 0 0 data 22 0x50005 0xdf 0x2b2eda47850 0x13221 0x0 0x0 0x80004 0xd1 0x2b2ec0e0fd8 0x91a7 0x2b2f1011a68 0xa088 0x0 0x0 0x0 0x0 0x0 0x0 0x9 0x2 0x0 0xffffffffffffffff oops 3 2 com/sun/tools/javac/code/Types$15 8 com/sun/tools/javac/code/Type$1 10 com/sun/tools/javac/code/Type$ClassType methods 0
ciMethodData com/sun/tools/javac/code/Types interfaces (Lcom/sun/tools/javac/code/Type;)Lcom/sun/tools/javac/util/List; 2 68582 orig 80 0 0 0 0 0 0 0 0 0 0 0 0 0 0 0 0 0 0 0 0 0 0 0 0 0 0 0 0 0 0 0 0 0 0 0 0 0 0 0 0 0 0 0 0 0 0 0 0 0 0 0 0 0 0 0 0 0 0 0 0 0 0 0 0 0 0 0 0 0 0 0 0 0 0 0 0 0 0 0 0 data 22 0x50005 0x44 0x2b2eda47488 0x10ba3 0x0 0x0 0x80004 0x0 0x2b2f1011918 0xd0df 0x2b2f1010988 0x3b08 0x0 0x0 0x0 0x0 0x0 0x0 0x9 0x2 0x0 0xffffffffffffffff oops 3 2 com/sun/tools/javac/code/Types$16 8 com/sun/tools/javac/util/List$1 10 com/sun/tools/javac/util/List methods 0
ciMethodData com/sun/tools/javac/util/List map (Ljava/util/function/Function;)Lcom/sun/tools/javac/util/List; 2 5235 orig 80 0 0 0 0 0 0 0 0 0 0 0 0 0 0 0 0 0 0 0 0 0 0 0 0 0 0 0 0 0 0 0 0 0 0 0 0 0 0 0 0 0 0 0 0 0 0 0 0 0 0 0 0 0 0 0 0 0 0 0 0 0 0 0 0 0 0 0 0 0 0 0 0 0 0 0 0 0 0 0 0 data 79 0x10005 0x0 0x2b2f1011918 0x13ac 0x2b2f1010988 0xc7 0x40007 0xc7 0x20 0x13ac 0xf0002 0xc7 0x140005 0x0 0x2b2f1010988 0xc7 0x0 0x0 0x1b0005 0x0 0x2b2ec627ee0 0x365 0x0 0x0 0x200007 0xc7 0x100 0x29e 0x250005 0x0 0x2b2ec627ee0 0x29e 0x0 0x0 0x2f0005 0xc 0x2b2f02b5d58 0x282 0x2b2f02b5e00 0x10 0x390005 0x0 0x2b2ea18d5b0 0x29e 0x0 0x0 0x420007 0x69 0x38 0x235 0x460003 0x235 0x18 0x4c0003 0x29e 0xfffffffffffffee8 0x500007 0x36 0x68 0x91 0x540005 0x0 0x2b2ea18d5b0 0x91 0x0 0x0 0x570003 0x91 0x18 0x0 0x0 0x0 0x0 0x0 0x0 0x9 0x2 0xffffffffffffffff 0xffffffffffffffff oops 9 2 com/sun/tools/javac/util/List$1 4 com/sun/tools/javac/util/List 14 com/sun/tools/javac/util/List 20 com/sun/tools/javac/util/List$2 30 com/sun/tools/javac/util/List$2 36  @bci com/sun/tools/javac/code/Types$TypeMapping visit (Lcom/sun/tools/javac/util/List;Ljava/lang/Object;)Lcom/sun/tools/javac/util/List; 3 <appendix> member <vmtarget> ; 38  @bci com/sun/tools/javac/jvm/ClassReader$TypeAnnotationStructuralTypeMapping rewriteTypeParams (Lcom/sun/tools/javac/util/List;Lcom/sun/tools/javac/util/List;)Lcom/sun/tools/javac/util/List; 19 <appendix> member <vmtarget> ; 42 com/sun/tools/javac/util/ListBuffer 62 com/sun/tools/javac/util/ListBuffer methods 0
ciMethodData com/sun/tools/javac/code/Types subst (Lcom/sun/tools/javac/util/List;Lcom/sun/tools/javac/util/List;Lcom/sun/tools/javac/util/List;)Lcom/sun/tools/javac/util/List; 1 453 orig 80 0 0 0 0 0 0 0 0 0 0 0 0 0 0 0 0 0 0 0 0 0 0 0 0 0 0 0 0 0 0 0 0 0 0 0 0 0 0 0 0 0 0 0 0 0 0 0 0 0 0 0 0 0 0 0 0 0 0 0 0 0 0 0 0 0 0 0 0 0 0 0 0 0 0 0 0 0 0 0 0 data 20 0x80002 0x1c5 0xb0005 0x0 0x2b2f1011918 0xc7 0x2b2f1010988 0xfe 0x0 0x0 0x0 0x0 0x0 0x0 0x9 0x4 0xffffffffffffffff 0xffffffffffffffff 0xffffffffffffffff 0xffffffffffffffff oops 2 4 com/sun/tools/javac/util/List$1 6 com/sun/tools/javac/util/List methods 0
ciMethodData com/sun/tools/javac/comp/Resolve isAccessible (Lcom/sun/tools/javac/comp/Env;Lcom/sun/tools/javac/code/Type;Z)Z 2 8216 orig 80 0 0 0 0 0 0 0 0 0 0 0 0 0 0 0 0 0 0 0 0 0 0 0 0 0 0 0 0 0 0 0 0 0 0 0 0 0 0 0 0 0 0 0 0 0 0 0 0 0 0 0 0 0 0 0 0 0 0 0 0 0 0 0 0 0 0 0 0 0 0 0 0 0 0 0 0 0 0 0 0 data 90 0x40005 0x3a 0x2b2f1011a68 0x1fd5 0x2b2f1ca1418 0x9 0x70007 0x2015 0xb0 0x3 0x150005 0x0 0x2b2f1011720 0x3 0x0 0x0 0x180005 0x0 0x2b2f1011720 0x3 0x0 0x0 0x1b0005 0x0 0x2b2f1010448 0x3 0x0 0x0 0x200005 0x37 0x2b2f1011a68 0x1fd5 0x2b2f1ca1418 0x9 0x230007 0x2015 0x130 0x0 0x270004 0x0 0x0 0x0 0x0 0x0 0x2a0005 0x0 0x0 0x0 0x0 0x0 0x2d0005 0x0 0x0 0x0 0x0 0x0 0x330002 0x0 0x39000a 0x0 0x5 0x0 0x0 0x1 0x0 0x0 0x3e0005 0x0 0x0 0x0 0x0 0x0 0x4b0005 0x0 0x2b2f1010448 0x2015 0x0 0x0 0x0 0x0 0x0 0x0 0x0 0x0 0x9 0x4 0xffffffffffffffff 0xffffffffffffffff 0xffffffffffffffff 0x0 oops 8 2 com/sun/tools/javac/code/Type$ClassType 4 com/sun/tools/javac/code/Type$ClassType$1 12 com/sun/tools/javac/code/Types 18 com/sun/tools/javac/code/Types 24 com/sun/tools/javac/comp/Resolve 30 com/sun/tools/javac/code/Type$ClassType 32 com/sun/tools/javac/code/Type$ClassType$1 74 com/sun/tools/javac/comp/Resolve methods 0
ciMethodData com/sun/tools/javac/tree/JCTree$Visitor <init> ()V 2 71443 orig 80 0 0 0 0 0 0 0 0 0 0 0 0 0 0 0 0 0 0 0 0 0 0 0 0 0 0 0 0 0 0 0 0 0 0 0 0 0 0 0 0 0 0 0 0 0 0 0 0 0 0 0 0 0 0 0 0 0 0 0 0 0 0 0 0 0 0 0 0 0 0 0 0 0 0 0 0 0 0 0 0 data 7 0x10002 0x11713 0x0 0x0 0x9 0x1 0x0 oops 0 methods 0
ciMethod com/sun/tools/javac/comp/Resolve$MethodResolutionContext deferredAttrContext (Lcom/sun/tools/javac/code/Symbol;Lcom/sun/tools/javac/comp/InferenceContext;Lcom/sun/tools/javac/comp/Attr$ResultInfo;Lcom/sun/tools/javac/util/Warner;)Lcom/sun/tools/javac/comp/DeferredAttr$DeferredAttrContext; 4256 0 9358 0 0
ciMethodData com/sun/tools/javac/code/Type$TypeVar isCaptured ()Z 1 128 orig 80 0 0 0 0 0 0 0 0 0 0 0 0 0 0 0 0 0 0 0 0 0 0 0 0 0 0 0 0 0 0 0 0 0 0 0 0 0 0 0 0 0 0 0 0 0 0 0 0 0 0 0 0 0 0 0 0 0 0 0 0 0 0 0 0 0 0 0 0 0 0 0 0 0 0 0 0 0 0 0 0 data 4 0x0 0x9 0x1 0x0 oops 0 methods 0
ciMethodData com/sun/tools/javac/tree/TreeScanner <init> ()V 2 33280 orig 80 0 0 0 0 0 0 0 0 0 0 0 0 0 0 0 0 0 0 0 0 0 0 0 0 0 0 0 0 0 0 0 0 0 0 0 0 0 0 0 0 0 0 0 0 0 0 0 0 0 0 0 0 0 0 0 0 0 0 0 0 0 0 0 0 0 0 0 0 0 0 0 0 0 0 0 0 0 0 0 0 data 7 0x10002 0x8200 0x0 0x0 0x9 0x1 0x0 oops 0 methods 0
ciMethodData com/sun/tools/javac/code/Types isSubtypeUnchecked (Lcom/sun/tools/javac/code/Type;Lcom/sun/tools/javac/code/Type;Lcom/sun/tools/javac/util/Warner;)Z 2 16237 orig 80 0 0 0 0 0 0 0 0 0 0 0 0 0 0 0 0 0 0 0 0 0 0 0 0 0 0 0 0 0 0 0 0 0 0 0 0 0 0 0 0 0 0 0 0 0 0 0 0 0 0 0 0 0 0 0 0 0 0 0 0 0 0 0 0 0 0 0 0 0 0 0 0 0 0 0 0 0 0 0 0 data 28 0x50005 0x3f6d 0x0 0x0 0x0 0x0 0xc0007 0x446 0x50 0x3b28 0x130005 0x3b28 0x0 0x0 0x0 0x0 0x0 0x0 0x0 0x0 0x0 0x0 0x9 0x4 0xffffffffffffffff 0xffffffffffffffff 0xffffffffffffffff 0xffffffffffffffff oops 0 methods 0
ciMethodData com/sun/tools/javac/code/Types isSubtypeUncheckedInternal (Lcom/sun/tools/javac/code/Type;Lcom/sun/tools/javac/code/Type;ZLcom/sun/tools/javac/util/Warner;)Z 2 16240 orig 80 0 0 0 0 0 0 0 0 0 0 0 0 0 0 0 0 0 0 0 0 0 0 0 0 0 0 0 0 0 0 0 0 0 0 0 0 0 0 0 1 0 0 0 0 0 0 0 0 0 0 0 0 0 0 0 0 0 0 0 0 0 0 0 0 0 0 0 0 0 0 0 0 0 0 0 0 0 0 0 0 data 172 0x40005 0x44e 0x2b2f1011a68 0x2709 0x2b2f1ca1418 0x1419 0x70007 0x3f4f 0x210 0x21 0xe0005 0x2 0x2b2f1011bb8 0x19 0x2b2f1011a68 0x6 0x110007 0x8 0x1c0 0x19 0x150004 0x0 0x2b2f1011bb8 0x18 0x2b2eda49f90 0x1 0x1b0005 0x0 0x2b2f1011a68 0x4 0x2b2ec7ce460 0x15 0x1e0007 0x4 0xb0 0x15 0x240005 0x0 0x2b2f1011720 0x15 0x0 0x0 0x290005 0x0 0x2b2f1011720 0x15 0x0 0x0 0x2c0005 0x0 0x2b2f1011720 0x15 0x0 0x0 0x330005 0x0 0x2b2f1011720 0x4 0x0 0x0 0x380005 0x0 0x2b2f1011720 0x4 0x0 0x0 0x3e0005 0x4 0x0 0x0 0x0 0x0 0x460005 0x0 0x2b2f1011720 0x3f57 0x0 0x0 0x490007 0x446 0x20 0x3b11 0x520005 0x17b 0x2b2f1011a68 0x2ca 0x2b2f1011bb8 0x1 0x550007 0x446 0x80 0x0 0x5a0005 0x0 0x0 0x0 0x0 0x0 0x610005 0x0 0x0 0x0 0x0 0x0 0x660005 0x306 0x2b2f1011bb8 0x9a 0x2b2f1011a68 0xa6 0x8000000600690007 0x1 0x188 0x446 0x720005 0x0 0x2b2f1011720 0x446 0x0 0x0 0x790007 0x445 0x138 0x1 0x7e0005 0x0 0x2b2f1011a68 0x1 0x0 0x0 0x810007 0x0 0xe8 0x1 0x860005 0x0 0x2b2f1011720 0x1 0x0 0x0 0x890007 0x1 0x68 0x0 0x910005 0x0 0x0 0x0 0x0 0x0 0x940003 0x0 0x48 0x9c0005 0x0 0x2b2f1010a70 0x1 0x0 0x0 0x0 0x0 0x0 0x0 0x0 0x0 0x9 0x5 0x0 0x0 0x0 0x0 0x0 oops 22 2 com/sun/tools/javac/code/Type$ClassType 4 com/sun/tools/javac/code/Type$ClassType$1 12 com/sun/tools/javac/code/Type$ArrayType 14 com/sun/tools/javac/code/Type$ClassType 22 com/sun/tools/javac/code/Type$ArrayType 24 com/sun/tools/javac/code/Type$StructuralTypeMapping$3 28 com/sun/tools/javac/code/Type$ClassType 30 com/sun/tools/javac/code/Type$JCPrimitiveType 38 com/sun/tools/javac/code/Types 44 com/sun/tools/javac/code/Types 50 com/sun/tools/javac/code/Types 56 com/sun/tools/javac/code/Types 62 com/sun/tools/javac/code/Types 74 com/sun/tools/javac/code/Types 84 com/sun/tools/javac/code/Type$ClassType 86 com/sun/tools/javac/code/Type$ArrayType 106 com/sun/tools/javac/code/Type$ArrayType 108 com/sun/tools/javac/code/Type$ClassType 116 com/sun/tools/javac/code/Types 126 com/sun/tools/javac/code/Type$ClassType 136 com/sun/tools/javac/code/Types 155 com/sun/tools/javac/util/Warner methods 0
ciMethodData com/sun/tools/javac/code/Types elemtype (Lcom/sun/tools/javac/code/Type;)Lcom/sun/tools/javac/code/Type; 2 4299 orig 80 0 0 0 0 0 0 0 0 0 0 0 0 0 0 0 0 0 0 0 0 0 0 0 0 0 0 0 0 0 0 0 0 0 0 0 0 0 0 0 0 0 0 0 0 0 0 0 0 0 0 0 0 0 0 0 0 0 0 0 0 0 0 0 0 0 0 0 0 0 0 0 0 0 0 0 0 0 0 0 0 data 64 0x40005 0x9 0x2b2f1011bb8 0x10ba 0x2b2eda49f90 0x8 0x70005 0x81 0x2b2f1015c28 0x104a 0x0 0x0 0xb0008 0xa 0x9 0x150 0x10c2 0xc0 0x0 0x60 0x0 0x150 0x0 0xf0 0x370005 0x0 0x0 0x0 0x0 0x0 0x3a0005 0x0 0x0 0x0 0x0 0x0 0x3f0004 0x0 0x2b2f1011bb8 0x10ba 0x2b2eda49f90 0x8 0x480004 0x0 0x0 0x0 0x0 0x0 0x4e0005 0x0 0x0 0x0 0x0 0x0 0x0 0x0 0x0 0x0 0x0 0x0 0x9 0x2 0xffffffffffffffff 0xffffffffffffffff oops 5 2 com/sun/tools/javac/code/Type$ArrayType 4 com/sun/tools/javac/code/Type$StructuralTypeMapping$3 8 com/sun/tools/javac/code/TypeTag 38 com/sun/tools/javac/code/Type$ArrayType 40 com/sun/tools/javac/code/Type$StructuralTypeMapping$3 methods 0
ciMethodData com/sun/tools/javac/util/List append (Ljava/lang/Object;)Lcom/sun/tools/javac/util/List; 2 5648 orig 80 0 0 0 0 0 0 0 0 0 0 0 0 0 0 0 0 0 0 0 0 0 0 0 0 0 0 0 0 0 0 0 0 0 0 0 0 0 0 0 0 0 0 0 0 0 0 0 0 0 0 0 0 0 0 0 0 0 0 0 0 0 0 0 0 0 0 0 0 0 0 0 0 0 0 0 0 0 0 0 0 data 18 0x10002 0x1610 0x50005 0x0 0x2b2f1010988 0x1610 0x0 0x0 0x0 0x0 0x0 0x0 0x0 0x0 0x9 0x2 0xffffffffffffffff 0x0 oops 1 4 com/sun/tools/javac/util/List methods 0
ciMethodData com/sun/tools/javac/code/Types cvarUpperBound (Lcom/sun/tools/javac/code/Type;)Lcom/sun/tools/javac/code/Type; 2 2684 orig 80 0 0 0 0 0 0 0 0 0 0 0 0 0 0 0 0 0 0 0 0 0 0 0 0 0 0 0 0 0 0 0 0 0 0 0 0 0 0 0 0 0 0 0 0 0 0 0 0 0 0 0 0 0 0 0 0 0 0 0 0 0 0 0 0 0 0 0 0 0 0 0 0 0 0 0 0 0 0 0 0 data 51 0x40005 0x328 0x2b2f1011a68 0x749 0x2b2f1011bb8 0xb 0x70007 0xa4a 0x118 0x32 0xb0004 0x0 0x2b2f10119c0 0x32 0x0 0x0 0x100005 0x0 0x2b2f10119c0 0x32 0x0 0x0 0x130007 0x32 0x98 0x0 0x180005 0x0 0x0 0x0 0x0 0x0 0x1b0005 0x0 0x0 0x0 0x0 0x0 0x1e0003 0x0 0x18 0x0 0x0 0x0 0x0 0x0 0x0 0x9 0x2 0x0 0x0 oops 4 2 com/sun/tools/javac/code/Type$ClassType 4 com/sun/tools/javac/code/Type$ArrayType 12 com/sun/tools/javac/code/Type$TypeVar 18 com/sun/tools/javac/code/Type$TypeVar methods 0
ciMethodData com/sun/tools/javac/comp/Resolve isAccessible (Lcom/sun/tools/javac/comp/Env;Lcom/sun/tools/javac/code/Type;)Z 1 13 orig 80 0 0 0 0 0 0 0 0 0 0 0 0 0 0 0 0 0 0 0 0 0 0 0 0 0 0 0 0 0 0 0 0 0 0 0 0 0 0 0 0 0 0 0 0 0 0 0 0 0 0 0 0 0 0 0 0 0 0 0 0 0 0 0 0 0 0 0 0 0 0 0 0 0 0 0 0 0 0 0 0 data 17 0x40005 0x0 0x2b2f1010448 0xd 0x0 0x0 0x0 0x0 0x0 0x0 0x0 0x0 0x9 0x3 0xffffffffffffffff 0xffffffffffffffff 0xffffffffffffffff oops 1 2 com/sun/tools/javac/comp/Resolve methods 0
ciMethodData com/sun/tools/javac/comp/DeferredAttr$DeferredAttrContext <init> (Lcom/sun/tools/javac/comp/DeferredAttr;Lcom/sun/tools/javac/comp/DeferredAttr$AttrMode;Lcom/sun/tools/javac/code/Symbol;Lcom/sun/tools/javac/comp/Resolve$MethodResolutionPhase;Lcom/sun/tools/javac/comp/InferenceContext;Lcom/sun/tools/javac/comp/DeferredAttr$DeferredAttrContext;Lcom/sun/tools/javac/util/Warner;)V 2 8235 orig 80 0 0 0 0 0 0 0 0 0 0 0 0 0 0 0 0 0 0 0 0 0 0 0 0 0 0 0 0 0 0 0 0 0 0 0 0 0 0 0 0 0 0 0 0 0 0 0 0 0 0 0 0 0 0 0 0 0 0 0 0 0 0 0 0 0 0 0 0 0 0 0 0 0 0 0 0 0 0 0 0 data 22 0x30002 0x202b 0xb0002 0x202b 0x130002 0x202b 0x0 0x0 0x0 0x0 0x0 0x0 0x9 0x8 0x3e 0x0 0x0 0x0 0x0 0x0 0x0 0x0 oops 0 methods 0
ciMethodData com/sun/tools/javac/comp/Check$NestedCheckContext inferenceContext ()Lcom/sun/tools/javac/comp/InferenceContext; 1 0 orig 80 0 0 0 0 0 0 0 0 0 0 0 0 0 0 0 0 0 0 0 0 0 0 0 0 0 0 0 0 0 0 0 0 0 0 0 0 0 0 0 0 0 0 0 0 0 0 0 0 0 0 0 0 0 0 0 0 0 0 0 0 0 0 0 0 0 0 0 0 0 0 0 0 0 0 0 0 0 0 0 0 data 15 0x40005 0x0 0x2b2eea63ac0 0x1 0x0 0x0 0x0 0x0 0x0 0x0 0x0 0x0 0x9 0x1 0x0 oops 1 2 com/sun/tools/javac/comp/Check$1 methods 0
ciMethodData com/sun/tools/javac/comp/Resolve rawInstantiate (Lcom/sun/tools/javac/comp/Env;Lcom/sun/tools/javac/code/Type;Lcom/sun/tools/javac/code/Symbol;Lcom/sun/tools/javac/comp/Attr$ResultInfo;Lcom/sun/tools/javac/util/List;Lcom/sun/tools/javac/util/List;ZZLcom/sun/tools/javac/util/Warner;)Lcom/sun/tools/javac/code/Type; 2 7229 orig 80 0 0 0 0 0 0 0 0 0 0 0 0 0 0 0 0 0 0 0 0 0 0 0 0 0 0 0 0 0 0 0 0 0 0 0 0 0 0 0 0 0 0 0 0 0 0 0 0 0 0 0 0 0 0 0 0 0 0 0 0 0 0 0 0 0 0 0 0 0 0 0 0 0 0 0 0 0 0 0 0 data 343 0x60005 0x0 0x2b2f1011720 0x1c3c 0x0 0x0 0xb0002 0x1c3c 0x120007 0xf5a 0x30 0xce2 0x150002 0xce2 0x1f0005 0x63 0x2b2f10117c8 0x1b26 0x2b2f1011870 0xb3 0x220007 0xbf 0x88 0x1b7d 0x270005 0x0 0x2b2f1011918 0x1b7d 0x0 0x0 0x2a0007 0x1b7d 0x38 0x0 0x2d0003 0x0 0x630 0x350005 0x63 0x2b2f10117c8 0x1b26 0x2b2f1011870 0xb3 0x380007 0x1b7d 0x4d8 0xbf 0x3d0005 0x0 0x2b2f1011918 0xad 0x2b2f1010988 0x12 0x400007 0xad 0x488 0x12 0x450004 0x0 0x2b2f1011870 0x12 0x0 0x0 0x4c0005 0x0 0x2b2f1010988 0x12 0x0 0x0 0x540005 0x0 0x2b2f1010988 0x12 0x0 0x0 0x570007 0x12 0xb0 0x0 0x670005 0x0 0x0 0x0 0x0 0x0 0x6a0002 0x0 0x6d0002 0x0 0x700005 0x0 0x0 0x0 0x0 0x0 0x770002 0x0 0x880005 0x0 0x2b2f1010988 0x12 0x2b2f1011918 0x12 0x8b0007 0x12 0x2b0 0x12 0x900005 0x0 0x2b2f1010988 0x12 0x0 0x0 0x930007 0x0 0x260 0x12 0xa30004 0x0 0x2b2f10119c0 0x12 0x0 0x0 0xa60005 0x0 0x2b2f1011720 0x12 0x0 0x0 0xb00005 0x0 0x2b2f1011720 0x12 0x0 0x0 0xb70005 0x0 0x2b2f1010988 0x12 0x2b2f1011918 0x12 0xba0007 0x12 0x168 0x12 0xc60004 0x0 0x2b2f1011a68 0x10 0x2b2f10119c0 0x2 0xce0004 0x0 0x2b2f1011a68 0x12 0x0 0x0 0xd30005 0x0 0x2b2f1011720 0x12 0x0 0x0 0xd60007 0x12 0xa0 0x0 0xe60004 0x0 0x0 0x0 0x0 0x0 0xeb0002 0x0 0xee0005 0x0 0x0 0x0 0x0 0x0 0xf50002 0x0 0x1000003 0x12 0xfffffffffffffe80 0x1110003 0x12 0xfffffffffffffd38 0x1240005 0x0 0x2b2f1011720 0x12 0x0 0x0 0x1290003 0x12 0x128 0x1310005 0x63 0x2b2f10117c8 0x1b26 0x2b2f1011870 0xa1 0x1340007 0x1b7d 0xe0 0xad 0x1390004 0x6 0x2b2f1011870 0xa1 0x2b2f1011b10 0x6 0x1470005 0x0 0x2b2f1011720 0xad 0x0 0x0 0x1500005 0x0 0x2b2f1011918 0xad 0x0 0x0 0x1650005 0x0 0x2b2f1011720 0xad 0x0 0x0 0x16f0007 0x1b8f 0x38 0xad 0x1730003 0xad 0x18 0x1820007 0x1bea 0xd8 0xf8e 0x1870007 0x52 0xb8 0xf3c 0x18f0004 0x56e 0x2b2f1011a68 0x9c4 0x2b2f1011bb8 0xa 0x1950005 0x56e 0x2b2f1011a68 0x9c4 0x2b2f1011bb8 0xa 0x1980007 0xf3c 0x20 0x0 0x1a50003 0xf3c 0xffffffffffffff40 0x1aa0007 0x1b8f 0xb0 0xad 0x1b60004 0x0 0x2b2f1011c60 0xab 0x2b2f10117c8 0x2 0x1bc0004 0x0 0x2b2f1011d08 0x8f 0x2b2f1011db0 0x1e 0x1cb0005 0x0 0x2b2f1011e58 0xad 0x0 0x0 0x1df0005 0x0 0x2b2f1011f00 0x1b8f 0x0 0x0 0x1f20005 0x0 0x2b2f10117c8 0x1b28 0x2b2f1011c60 0x67 0x1f70005 0x0 0x2b2f1011fa8 0x1ac9 0x2b2f1012050 0xc6 0x1fe0005 0x0 0x2b2f10120f8 0x15a2 0x0 0x0 0x0 0x0 0x0 0x0 0x0 0x0 0x0 0x0 0x0 0x0 0x0 0x0 0x0 0x0 0x0 0x0 0x0 0x0 0x0 0x9 0xa 0x0 0x0 0x0 0x0 0x0 0x0 0x0 0x0 0x0 0x0 oops 46 2 com/sun/tools/javac/code/Types 16 com/sun/tools/javac/code/Type$MethodType 18 com/sun/tools/javac/code/Type$ForAll 26 com/sun/tools/javac/util/List$1 39 com/sun/tools/javac/code/Type$MethodType 41 com/sun/tools/javac/code/Type$ForAll 49 com/sun/tools/javac/util/List$1 51 com/sun/tools/javac/util/List 59 com/sun/tools/javac/code/Type$ForAll 65 com/sun/tools/javac/util/List 71 com/sun/tools/javac/util/List 99 com/sun/tools/javac/util/List 101 com/sun/tools/javac/util/List$1 109 com/sun/tools/javac/util/List 119 com/sun/tools/javac/code/Type$TypeVar 125 com/sun/tools/javac/code/Types 131 com/sun/tools/javac/code/Types 137 com/sun/tools/javac/util/List 139 com/sun/tools/javac/util/List$1 147 com/sun/tools/javac/code/Type$ClassType 149 com/sun/tools/javac/code/Type$TypeVar 153 com/sun/tools/javac/code/Type$ClassType 159 com/sun/tools/javac/code/Types 191 com/sun/tools/javac/code/Types 200 com/sun/tools/javac/code/Type$MethodType 202 com/sun/tools/javac/code/Type$ForAll 210 com/sun/tools/javac/code/Type$ForAll 212 com/sun/tools/javac/code/Types$Subst$1 216 com/sun/tools/javac/code/Types 222 com/sun/tools/javac/util/List$1 228 com/sun/tools/javac/code/Types 249 com/sun/tools/javac/code/Type$ClassType 251 com/sun/tools/javac/code/Type$ArrayType 255 com/sun/tools/javac/code/Type$ClassType 257 com/sun/tools/javac/code/Type$ArrayType 272 com/sun/tools/javac/code/Type$StructuralTypeMapping$4 274 com/sun/tools/javac/code/Type$MethodType 278 com/sun/tools/javac/code/Symbol$MethodSymbol 280 com/sun/tools/javac/comp/Resolve$16 284 com/sun/tools/javac/comp/Infer 290 com/sun/tools/javac/comp/Resolve$MethodResolutionContext 296 com/sun/tools/javac/code/Type$MethodType 298 com/sun/tools/javac/code/Type$StructuralTypeMapping$4 302 com/sun/tools/javac/comp/Resolve$4 304 com/sun/tools/javac/comp/Resolve$MostSpecificCheck 308 com/sun/tools/javac/comp/DeferredAttr$DeferredAttrContext methods 0
ciMethodData com/sun/tools/javac/comp/Resolve$MethodResolutionContext deferredAttrContext (Lcom/sun/tools/javac/code/Symbol;Lcom/sun/tools/javac/comp/InferenceContext;Lcom/sun/tools/javac/comp/Attr$ResultInfo;Lcom/sun/tools/javac/util/Warner;)Lcom/sun/tools/javac/comp/DeferredAttr$DeferredAttrContext; 2 7311 orig 80 0 0 0 0 0 0 0 0 0 0 0 0 0 0 0 0 0 0 0 0 0 0 0 0 0 0 0 0 0 0 0 0 0 0 0 0 0 0 0 0 0 0 0 0 0 0 0 0 0 0 0 0 0 0 0 0 0 0 0 0 0 0 0 0 0 0 0 0 0 0 0 0 0 0 0 0 0 0 0 0 data 30 0x10007 0x5b5 0x38 0x16da 0xe0003 0x16da 0x48 0x150005 0xc 0x2b2eea63ac0 0x559 0x2b2eea63b68 0x50 0x280002 0x1c8f 0x3a0002 0x1c8f 0x0 0x0 0x0 0x0 0x0 0x0 0x9 0x5 0x0 0x0 0x0 0x0 0x0 oops 2 9 com/sun/tools/javac/comp/Check$1 11 com/sun/tools/javac/comp/Resolve$4$1 methods 0
ciMethodData com/sun/tools/javac/resources/CompilerProperties$Fragments WrongNumberTypeArgs (Ljava/lang/String;)Lcom/sun/tools/javac/util/JCDiagnostic$Fragment; 1 0 orig 80 0 0 0 0 0 0 0 0 0 0 0 0 0 0 0 0 0 0 0 0 0 0 0 0 0 0 0 0 0 0 0 0 0 0 0 0 0 0 0 0 0 0 0 0 0 0 0 0 0 0 0 0 0 0 0 0 0 0 0 0 0 0 0 0 0 0 0 0 0 0 0 0 0 0 0 0 0 0 0 0 data 19 0x60002 0x0 0x150004 0x0 0x0 0x0 0x0 0x0 0x160002 0x0 0x0 0x0 0x0 0x0 0x0 0x0 0x9 0x1 0x0 oops 0 methods 0
ciMethodData com/sun/tools/javac/code/Types getBounds (Lcom/sun/tools/javac/code/Type$TypeVar;)Lcom/sun/tools/javac/util/List; 1 372 orig 80 0 0 0 0 0 0 0 0 0 0 0 0 0 0 0 0 0 0 0 0 0 0 0 0 0 0 0 0 0 0 0 0 0 0 0 0 0 0 0 0 0 0 0 0 0 0 0 0 0 0 0 0 0 0 0 0 0 0 0 0 0 0 0 0 0 0 0 0 0 0 0 0 0 0 0 0 0 0 0 0 data 108 0x10005 0x0 0x2b2f10119c0 0x174 0x0 0x0 0x70005 0x1 0x2b2f1011a68 0x16f 0x2b2ec7cc598 0x4 0xa0007 0x174 0x30 0x0 0xd0002 0x0 0x120005 0x0 0x2b2f10119c0 0x174 0x0 0x0 0x150005 0x1 0x2b2f1011a68 0x16f 0x2b2ec7cc598 0x4 0x180007 0x0 0xa0 0x174 0x1c0005 0x0 0x2b2f10119c0 0x174 0x0 0x0 0x1f0005 0x1 0x2b2f1011a68 0x16f 0x2b2ec7cc598 0x4 0x220007 0x1 0x60 0x173 0x260005 0x0 0x2b2f10119c0 0x173 0x0 0x0 0x290002 0x173 0x2f0005 0x0 0x2b2f1011720 0x1 0x0 0x0 0x350005 0x0 0x2b2ec7cc640 0x1 0x0 0x0 0x3e0007 0x0 0xb0 0x1 0x430005 0x0 0x2b2f1011720 0x1 0x0 0x0 0x480005 0x0 0x2b2f1011720 0x1 0x0 0x0 0x4b0005 0x0 0x2b2f1011918 0x1 0x0 0x0 0x510005 0x0 0x0 0x0 0x0 0x0 0x0 0x0 0x0 0x0 0x0 0x0 0x9 0x2 0x0 0x0 oops 15 2 com/sun/tools/javac/code/Type$TypeVar 8 com/sun/tools/javac/code/Type$ClassType 10 com/sun/tools/javac/code/Type$StructuralTypeMapping$1 20 com/sun/tools/javac/code/Type$TypeVar 26 com/sun/tools/javac/code/Type$ClassType 28 com/sun/tools/javac/code/Type$StructuralTypeMapping$1 36 com/sun/tools/javac/code/Type$TypeVar 42 com/sun/tools/javac/code/Type$ClassType 44 com/sun/tools/javac/code/Type$StructuralTypeMapping$1 52 com/sun/tools/javac/code/Type$TypeVar 60 com/sun/tools/javac/code/Types 66 com/sun/tools/javac/code/Symbol$ClassSymbol 76 com/sun/tools/javac/code/Types 82 com/sun/tools/javac/code/Types 88 com/sun/tools/javac/util/List$1 methods 0
ciMethodData com/sun/tools/javac/resources/CompilerProperties$Fragments ExplicitParamDoNotConformToBounds (Lcom/sun/tools/javac/code/Type;Ljava/util/List;)Lcom/sun/tools/javac/util/JCDiagnostic$Fragment; 1 0 orig 80 0 0 0 0 0 0 0 0 0 0 0 0 0 0 0 0 0 0 0 0 0 0 0 0 0 0 0 0 0 0 0 0 0 0 0 0 0 0 0 0 0 0 0 0 0 0 0 0 0 0 0 0 0 0 0 0 0 0 0 0 0 0 0 0 0 0 0 0 0 0 0 0 0 0 0 0 0 0 0 0 data 26 0x60002 0x0 0x140004 0x0 0x0 0x0 0x0 0x0 0x180004 0x0 0x0 0x0 0x0 0x0 0x190002 0x0 0x0 0x0 0x0 0x0 0x0 0x0 0x9 0x2 0x0 0x0 oops 0 methods 0
ciMethodData com/sun/tools/javac/code/Types newInstances (Lcom/sun/tools/javac/util/List;)Lcom/sun/tools/javac/util/List; 1 203 orig 80 0 0 0 0 0 0 0 0 0 0 0 0 0 0 0 0 0 0 0 0 0 0 0 0 0 0 0 0 0 0 0 0 0 0 0 0 0 0 0 0 0 0 0 0 0 0 0 0 0 0 0 0 0 0 0 0 0 0 0 0 0 0 0 0 0 0 0 0 0 0 0 0 0 0 0 0 0 0 0 0 data 53 0x40005 0x0 0x2b2f1010988 0xcb 0x0 0x0 0xb0005 0x0 0x2b2f1010988 0xd5 0x2b2f1011918 0xcb 0xe0007 0xcb 0xf8 0xd5 0x150004 0x0 0x2b2f10119c0 0xd5 0x0 0x0 0x1f0005 0x0 0x2b2f10119c0 0xd5 0x0 0x0 0x240005 0x0 0x2b2f1011720 0xd5 0x0 0x0 0x270005 0x0 0x2b2f10119c0 0xd5 0x0 0x0 0x2f0003 0xd5 0xfffffffffffffef0 0x0 0x0 0x0 0x0 0x0 0x0 0x9 0x2 0xffffffffffffffff 0xffffffffffffffff oops 7 2 com/sun/tools/javac/util/List 8 com/sun/tools/javac/util/List 10 com/sun/tools/javac/util/List$1 18 com/sun/tools/javac/code/Type$TypeVar 24 com/sun/tools/javac/code/Type$TypeVar 30 com/sun/tools/javac/code/Types 36 com/sun/tools/javac/code/Type$TypeVar methods 0
ciMethodData com/sun/tools/javac/util/List appendList (Lcom/sun/tools/javac/util/List;)Lcom/sun/tools/javac/util/List; 1 990 orig 80 0 0 0 0 0 0 0 0 0 0 0 0 0 0 0 0 0 0 0 0 0 0 0 0 0 0 0 0 0 0 0 0 0 0 0 0 0 0 0 0 0 0 0 0 0 0 0 0 0 0 0 0 0 0 0 0 0 0 0 0 0 0 0 0 0 0 0 0 0 0 0 0 0 0 0 0 0 0 0 0 data 16 0x20005 0x0 0x2b2f1011918 0x101 0x2b2f1010988 0x2dd 0x0 0x0 0x0 0x0 0x0 0x0 0x9 0x2 0x0 0x0 oops 2 2 com/sun/tools/javac/util/List$1 4 com/sun/tools/javac/util/List methods 0
ciMethodData com/sun/tools/javac/comp/Infer instantiateMethod (Lcom/sun/tools/javac/comp/Env;Lcom/sun/tools/javac/util/List;Lcom/sun/tools/javac/code/Type$MethodType;Lcom/sun/tools/javac/comp/Attr$ResultInfo;Lcom/sun/tools/javac/code/Symbol$MethodSymbol;Lcom/sun/tools/javac/util/List;ZZLcom/sun/tools/javac/comp/Resolve$MethodResolutionContext;Lcom/sun/tools/javac/util/Warner;)Lcom/sun/tools/javac/code/Type; 1 211 orig 80 0 0 0 0 0 0 0 0 0 0 0 0 0 0 0 0 0 0 0 0 0 0 0 0 0 0 0 0 0 0 0 0 0 0 0 0 0 0 0 0 0 0 0 0 0 0 0 0 0 0 0 0 0 0 0 0 0 0 0 0 0 0 0 0 0 0 0 0 0 0 0 0 0 0 0 0 0 0 0 0 data 370 0x60002 0xd3 0x150005 0x0 0x2b2f1011f00 0xd3 0x0 0x0 0x250005 0x0 0x2b2f1011c60 0xd1 0x2b2f10117c8 0x2 0x2a0005 0x0 0x2b2f1011fa8 0xd3 0x0 0x0 0x310007 0x33 0x1c8 0x31 0x3c0007 0x2e 0x1a8 0x3 0x440005 0x0 0x2b2f1011e58 0x3 0x0 0x0 0x520002 0x3 0x590007 0x0 0x68 0x3 0x5e0005 0x0 0x2b2ec43d7b8 0x3 0x0 0x0 0x610003 0x3 0x78 0x680005 0x0 0x0 0x0 0x0 0x0 0x6b0005 0x0 0x0 0x0 0x0 0x0 0x700007 0x3 0x50 0x0 0x780005 0x0 0x0 0x0 0x0 0x0 0x860005 0x3 0x0 0x0 0x0 0x0 0x8e0007 0x33 0x440 0x2e 0x960005 0x0 0x2b2f1011e58 0x2e 0x0 0x0 0x9e0005 0x0 0x2b2f1010a70 0x2e 0x0 0x0 0xa10007 0x0 0x3c0 0x2e 0xa60005 0x0 0x2b2f1011c60 0x2d 0x2b2f10117c8 0x1 0xad0005 0x2e 0x0 0x0 0x0 0x0 0xb40007 0x2e 0x98 0x0 0xbd0005 0x0 0x0 0x0 0x0 0x0 0xc30005 0x0 0x0 0x0 0x0 0x0 0xc60003 0x0 0x18 0xd70005 0x0 0x2b2f1011e58 0x2e 0x0 0x0 0xe30005 0x0 0x2b2f1011720 0x2e 0x0 0x0 0xe60004 0x0 0x2b2eda4b358 0x2e 0x0 0x0 0xec0007 0x2e 0x218 0x0 0xf40005 0x0 0x0 0x0 0x0 0x0 0xff0005 0x0 0x0 0x0 0x0 0x0 0x1060007 0x0 0x20 0x0 0x1120005 0x0 0x0 0x0 0x0 0x0 0x11a0007 0x0 0x68 0x0 0x11f0005 0x0 0x0 0x0 0x0 0x0 0x1220003 0x0 0x78 0x1290005 0x0 0x0 0x0 0x0 0x0 0x12c0005 0x0 0x0 0x0 0x0 0x0 0x1310007 0x0 0x50 0x0 0x1390005 0x0 0x0 0x0 0x0 0x0 0x1470005 0x0 0x0 0x0 0x0 0x0 0x14f0005 0x0 0x2b2f10120f8 0x61 0x0 0x0 0x1560005 0x0 0x2b2ec43d7b8 0x61 0x0 0x0 0x15c0005 0x0 0x2b2ec43d7b8 0x61 0x0 0x0 0x15f0004 0x1 0x2b2f1011c60 0x5f 0x2b2f10117c8 0x1 0x1650007 0x33 0xb0 0x2e 0x1720005 0x0 0x2b2eda4b400 0x2e 0x0 0x0 0x1750007 0x2e 0x60 0x0 0x18b0002 0x0 0x18e0005 0x0 0x0 0x0 0x0 0x0 0x1960007 0x33 0x68 0x2e 0x19b0005 0x0 0x2b2ec43d7b8 0x2e 0x0 0x0 0x19e0003 0x2e 0x78 0x1a50005 0x33 0x0 0x0 0x0 0x0 0x1a80005 0x0 0x2b2ec43d7b8 0x33 0x0 0x0 0x1ad0007 0x2e 0x50 0x33 0x1b50005 0x0 0x2b2ec5cc960 0x33 0x0 0x0 0x1c30005 0x61 0x0 0x0 0x0 0x0 0x1cd0007 0x6f 0x68 0x0 0x1d20005 0x0 0x0 0x0 0x0 0x0 0x1d50003 0x0 0x78 0x1dc0005 0x6f 0x0 0x0 0x0 0x0 0x1df0005 0x0 0x2b2ec43d7b8 0x6f 0x0 0x0 0x1e40007 0x0 0x50 0x6f 0x1ec0005 0x0 0x2b2ec5cc960 0x6f 0x0 0x0 0x1fa0005 0x6f 0x0 0x0 0x0 0x0 0x0 0x0 0x0 0x0 0x0 0x0 0x0 0x0 0x0 0x0 0x0 0x0 0x9 0xb 0x0 0x0 0x0 0x0 0x0 0x0 0x0 0x0 0x0 0x0 0x0 0x1c90201 0x1c90001 0x1c90001 0x1c90001 oops 24 4 com/sun/tools/javac/comp/Resolve$MethodResolutionContext 10 com/sun/tools/javac/code/Type$StructuralTypeMapping$4 12 com/sun/tools/javac/code/Type$MethodType 16 com/sun/tools/javac/comp/Resolve$4 30 com/sun/tools/javac/comp/Infer 42 com/sun/tools/javac/comp/InferenceContext 83 com/sun/tools/javac/comp/Infer 89 com/sun/tools/javac/util/Warner 99 com/sun/tools/javac/code/Type$StructuralTypeMapping$4 101 com/sun/tools/javac/code/Type$MethodType 130 com/sun/tools/javac/comp/Infer 136 com/sun/tools/javac/code/Types 142 com/sun/tools/javac/code/Types$23$1 215 com/sun/tools/javac/comp/DeferredAttr$DeferredAttrContext 221 com/sun/tools/javac/comp/InferenceContext 227 com/sun/tools/javac/comp/InferenceContext 233 com/sun/tools/javac/code/Type$StructuralTypeMapping$4 235 com/sun/tools/javac/code/Type$MethodType 243 java/util/RegularEnumSet 265 com/sun/tools/javac/comp/InferenceContext 280 com/sun/tools/javac/comp/InferenceContext 290 java/util/LinkedHashMap 321 com/sun/tools/javac/comp/InferenceContext 331 java/util/LinkedHashMap methods 0
ciMethodData com/sun/tools/javac/comp/Resolve$AbstractMethodCheck treeForDiagnostics (Lcom/sun/tools/javac/comp/Env;)Lcom/sun/tools/javac/tree/JCTree; 2 7057 orig 80 0 0 0 0 0 0 0 0 0 0 0 0 0 0 0 0 0 0 0 0 0 0 0 0 0 0 0 0 0 0 0 0 0 0 0 0 0 0 0 0 0 0 0 0 0 0 0 0 0 0 0 0 0 0 0 0 0 0 0 0 0 0 0 0 0 0 0 0 0 0 0 0 0 0 0 0 0 0 0 0 data 29 0x40004 0x0 0x2b2f1ca5690 0x1b92 0x0 0x0 0xa0007 0x1b8b 0x68 0x7 0x110004 0x0 0x2b2f1ca5690 0x7 0x0 0x0 0x170003 0x7 0x18 0x0 0x0 0x0 0x0 0x0 0x0 0x9 0x2 0x0 0x0 oops 2 2 com/sun/tools/javac/comp/AttrContext 12 com/sun/tools/javac/comp/AttrContext methods 0
ciMethodData com/sun/tools/javac/comp/DeferredAttr$DeferredAttrContext complete ()V 2 5815 orig 80 0 0 0 0 0 0 0 0 0 0 0 0 0 0 0 0 0 0 0 0 0 0 0 0 0 0 0 0 0 0 0 0 0 0 0 0 0 0 0 0 0 0 0 0 0 0 0 0 0 0 0 0 0 0 0 0 0 0 0 0 0 0 0 0 0 0 0 0 0 0 0 0 0 0 0 0 0 0 0 0 data 150 0x40005 0x0 0x2b2e5fa9e30 0x16bd 0x0 0x0 0x70007 0x16b8 0x428 0x5 0x100002 0x5 0x130005 0x0 0x2b2f1010988 0x5 0x0 0x0 0x180005 0x0 0x2b2ec627ee0 0xa 0x0 0x0 0x1d0007 0x5 0x118 0x5 0x210005 0x0 0x2b2ec627ee0 0x5 0x0 0x0 0x260004 0x0 0x2b2ec626050 0x5 0x0 0x0 0x2c0005 0x0 0x0 0x0 0x0 0x0 0x2f0007 0x0 0x50 0x5 0x370005 0x0 0x2b2e5fa9e30 0x5 0x0 0x0 0x3d0003 0x5 0xfffffffffffffed0 0x410007 0x5 0x268 0x0 0x450005 0x0 0x0 0x0 0x0 0x0 0x480007 0x0 0x118 0x0 0x4f0005 0x0 0x0 0x0 0x0 0x0 0x540005 0x0 0x0 0x0 0x0 0x0 0x590007 0x0 0x98 0x0 0x5d0005 0x0 0x0 0x0 0x0 0x0 0x620004 0x0 0x0 0x0 0x0 0x0 0x730003 0x0 0xffffffffffffff50 0x780005 0x0 0x0 0x0 0x0 0x0 0x840005 0x0 0x0 0x0 0x0 0x0 0x890002 0x0 0x900005 0x0 0x0 0x0 0x0 0x0 0x970005 0x0 0x0 0x0 0x0 0x0 0x9a0003 0x0 0x30 0x9e0003 0x0 0x30 0xa10003 0x5 0xfffffffffffffbc0 0x0 0x0 0x0 0x0 0x0 0x0 0x0 0x9 0x1 0x0 0x9d0001 oops 6 2 java/util/ArrayList 14 com/sun/tools/javac/util/List 20 com/sun/tools/javac/util/List$2 30 com/sun/tools/javac/util/List$2 36 com/sun/tools/javac/comp/DeferredAttr$DeferredAttrNode 52 java/util/ArrayList methods 0
ciMethodData com/sun/tools/javac/comp/Resolve$4 argumentsAcceptable (Lcom/sun/tools/javac/comp/Env;Lcom/sun/tools/javac/comp/DeferredAttr$DeferredAttrContext;Lcom/sun/tools/javac/util/List;Lcom/sun/tools/javac/util/List;Lcom/sun/tools/javac/util/Warner;)V 2 7059 orig 80 0 0 0 0 0 0 0 0 0 0 0 0 0 0 0 0 0 0 0 0 0 0 0 0 0 0 0 0 0 0 0 0 0 0 0 0 0 0 0 0 0 0 0 0 0 0 0 0 0 0 0 0 0 0 0 0 0 0 0 0 0 0 0 0 0 0 0 0 0 0 0 0 0 0 0 0 0 0 0 0 data 54 0x80002 0x1b94 0xf0005 0x0 0x2b2eea633d8 0x154b 0x2b2ea179ea0 0x45 0x120007 0x154b 0x100 0x45 0x1c0007 0x3c 0xe0 0x9 0x2a0005 0x0 0x2b2f1010988 0x9 0x0 0x0 0x2d0004 0x0 0x2b2f1011bb8 0x9 0x0 0x0 0x300005 0x0 0x2b2f1011720 0x9 0x0 0x0 0x370005 0x9 0x0 0x0 0x0 0x0 0x0 0x0 0x0 0x0 0x0 0x0 0x9 0x6 0x0 0x0 0x0 0x0 0x0 0x0 oops 5 4 com/sun/tools/javac/comp/Resolve$MethodResolutionPhase 6 com/sun/tools/javac/comp/Resolve$MethodResolutionPhase$1 18 com/sun/tools/javac/util/List 24 com/sun/tools/javac/code/Type$ArrayType 30 com/sun/tools/javac/code/Types methods 0
ciMethodData com/sun/tools/javac/comp/Resolve$AbstractMethodCheck argumentsAcceptable (Lcom/sun/tools/javac/comp/Env;Lcom/sun/tools/javac/comp/DeferredAttr$DeferredAttrContext;Lcom/sun/tools/javac/util/List;Lcom/sun/tools/javac/util/List;Lcom/sun/tools/javac/util/Warner;)V 2 7052 orig 80 0 0 0 0 0 0 0 0 0 0 0 0 0 0 0 0 0 0 0 0 0 0 0 0 0 0 0 0 0 0 0 0 0 0 0 0 0 0 0 0 0 0 0 0 0 0 0 0 0 0 0 0 0 0 0 0 0 0 0 0 0 0 0 0 0 0 0 0 0 0 0 0 0 0 0 0 0 0 0 0 data 195 0x40005 0x0 0x2b2eea633d8 0x1b41 0x2b2ea179ea0 0x4c 0xb0005 0x1b8d 0x0 0x0 0x0 0x0 0x120002 0x1b8d 0x1f0007 0x1b41 0x98 0x4c 0x240005 0x0 0x2b2f1010988 0x4c 0x0 0x0 0x270004 0x0 0x2b2f1011bb8 0x4c 0x0 0x0 0x2a0003 0x4c 0x18 0x320007 0x4c 0xd0 0x1b41 0x360005 0x0 0x2b2f1011918 0x10ce 0x2b2f1010988 0xa73 0x3b0005 0x0 0x2b2f1011918 0x10a2 0x2b2f1010988 0xa9f 0x3e0007 0x191e 0x50 0x223 0x4d0005 0x0 0x2b2f1011fa8 0x223 0x0 0x0 0x510005 0x0 0x2b2f1011918 0x1572 0x2b2f1010988 0xae8 0x540007 0x1572 0x188 0xae8 0x5e0007 0x16 0x168 0xad2 0x630007 0x2a2 0x68 0x830 0x6b0104 0x44a 0x2b2f1ca1178 0x113 0x2b2f1ca1220 0x2d1 0x6e0003 0x830 0x18 0x7c0004 0x434 0x2b2f1011a68 0x694 0x2b2f1011bb8 0xa 0x840004 0xa33 0x2b2f1011bb8 0x99 0x2b2f1ca12c8 0x6 0x8a0005 0x0 0x2b2f1011fa8 0xad2 0x0 0x0 0x9b0007 0x104 0x38 0x5ec 0xa30003 0x5ec 0x18 0xaa0003 0x6f0 0xfffffffffffffe60 0xb40007 0x1588 0x50 0x0 0xc30005 0x0 0x0 0x0 0x0 0x0 0xc80007 0x1543 0x1b8 0x45 0xd40005 0x0 0x2b2f1011720 0x45 0x0 0x0 0xda0005 0x0 0x2b2f1010988 0x28 0x2b2f1011918 0x45 0xdd0007 0x45 0x138 0x28 0xe20007 0x0 0x68 0x28 0xea0004 0x8 0x2b2f1ca1370 0x12 0x2b2f1ca1220 0xe 0xed0003 0x28 0x18 0xfb0004 0x8 0x2b2f1ca1418 0x12 0x2b2f1011a68 0xe 0x1030005 0x0 0x2b2f1011fa8 0x28 0x0 0x0 0x10d0007 0x0 0x38 0x28 0x1150003 0x28 0x18 0x11c0003 0x28 0xfffffffffffffeb0 0x0 0x0 0x0 0x0 0x0 0x0 0x0 0x0 0x9 0x6 0x0 0x0 0x0 0x0 0x0 0x0 oops 26 2 com/sun/tools/javac/comp/Resolve$MethodResolutionPhase 4 com/sun/tools/javac/comp/Resolve$MethodResolutionPhase$1 20 com/sun/tools/javac/util/List 26 com/sun/tools/javac/code/Type$ArrayType 39 com/sun/tools/javac/util/List$1 41 com/sun/tools/javac/util/List 45 com/sun/tools/javac/util/List$1 47 com/sun/tools/javac/util/List 55 com/sun/tools/javac/comp/Resolve$4 61 com/sun/tools/javac/util/List$1 63 com/sun/tools/javac/util/List 79 com/sun/tools/javac/tree/JCTree$JCFieldAccess 81 com/sun/tools/javac/tree/JCTree$JCIdent 88 com/sun/tools/javac/code/Type$ClassType 90 com/sun/tools/javac/code/Type$ArrayType 94 com/sun/tools/javac/code/Type$ArrayType 96 com/sun/tools/javac/jvm/ClassReader$1 100 com/sun/tools/javac/comp/Resolve$4 130 com/sun/tools/javac/code/Types 136 com/sun/tools/javac/util/List 138 com/sun/tools/javac/util/List$1 150 com/sun/tools/javac/tree/JCTree$JCLiteral 152 com/sun/tools/javac/tree/JCTree$JCIdent 159 com/sun/tools/javac/code/Type$ClassType$1 161 com/sun/tools/javac/code/Type$ClassType 165 com/sun/tools/javac/comp/Resolve$4 methods 0
ciMethodData com/sun/tools/javac/comp/Resolve$4 varargsAccessible (Lcom/sun/tools/javac/comp/Env;Lcom/sun/tools/javac/code/Type;Lcom/sun/tools/javac/comp/InferenceContext;)V 1 10 orig 80 0 0 0 0 0 0 0 0 0 0 0 0 0 0 0 0 0 0 0 0 0 0 0 0 0 0 0 0 0 0 0 0 0 0 0 0 0 0 0 0 0 0 0 0 0 0 0 0 0 0 0 0 0 0 0 0 0 0 0 0 0 0 0 0 0 0 0 0 0 0 0 0 0 0 0 0 0 0 0 0 data 83 0x20005 0xa 0x0 0x0 0x0 0x0 0x50007 0xa 0xb8 0x0 0xa0002 0x0 0x10000a 0x0 0x5 0x0 0x0 0x1 0x0 0x0 0x150005 0x0 0x0 0x0 0x0 0x0 0x180003 0x0 0x168 0x280005 0x0 0x2b2f1011720 0xa 0x0 0x0 0x2b0005 0x0 0x2b2f1010448 0xa 0x0 0x0 0x2e0007 0xa 0xf0 0x0 0x4a0004 0x0 0x0 0x0 0x0 0x0 0x4f0002 0x0 0x520004 0x0 0x0 0x0 0x0 0x0 0x570004 0x0 0x0 0x0 0x0 0x0 0x580005 0x0 0x0 0x0 0x0 0x0 0x0 0x0 0x0 0x0 0x0 0x0 0x9 0x4 0xffffffffffffffff 0xffffffffffffffff 0xffffffffffffffff 0xffffffffffffffff oops 2 31 com/sun/tools/javac/code/Types 37 com/sun/tools/javac/comp/Resolve methods 0
ciMethodData com/sun/tools/javac/comp/Resolve$AbstractMethodCheck reportMC (Lcom/sun/tools/javac/util/JCDiagnostic$DiagnosticPosition;Lcom/sun/tools/javac/comp/Resolve$MethodCheckDiag;Lcom/sun/tools/javac/comp/InferenceContext;[Ljava/lang/Object;)V 1 392 orig 80 0 0 0 0 0 0 0 0 0 0 0 0 0 0 0 0 0 0 0 0 0 0 0 0 0 0 0 0 0 0 0 0 0 0 0 0 0 0 0 0 0 0 0 0 0 0 0 0 0 0 0 0 0 0 0 0 0 0 0 0 0 0 0 0 0 0 0 0 0 0 0 0 0 0 0 0 0 0 0 0 data 107 0xb0007 0x185 0x38 0x3 0xf0003 0x3 0x18 0x170007 0x185 0xe0 0x3 0x220005 0x3 0x0 0x0 0x0 0x0 0x250007 0x0 0x90 0x3 0x3b0002 0x3 0x420005 0x0 0x2b2ec43d7b8 0x3 0x0 0x0 0x450004 0x0 0x2b2f1010988 0x3 0x0 0x0 0x4c0007 0x185 0x38 0x3 0x530003 0x3 0x18 0x5e0007 0x185 0xc8 0x3 0x790005 0x0 0x2b2ec463768 0x3 0x0 0x0 0x810005 0x0 0x2b2ec4428a8 0x3 0x0 0x0 0x840005 0x0 0x2b2f1011e58 0x3 0x0 0x0 0x870003 0x3 0xd8 0x8b0005 0x185 0x0 0x0 0x0 0x0 0x9f0005 0x0 0x2b2ec463768 0x185 0x0 0x0 0xa70005 0x0 0x2b2ec4428a8 0x185 0x0 0x0 0xaa0005 0x0 0x2b2eceda6e0 0x185 0x0 0x0 0x0 0x0 0x0 0x0 0x0 0x0 0x0 0x0 0x0 0x9 0x5 0x0 0x0 0x0 0x0 0x0 oops 8 25 com/sun/tools/javac/comp/InferenceContext 31 com/sun/tools/javac/util/List 48 com/sun/tools/javac/util/Log 54 com/sun/tools/javac/util/JCDiagnostic$Factory 60 com/sun/tools/javac/comp/Infer 75 com/sun/tools/javac/util/Log 81 com/sun/tools/javac/util/JCDiagnostic$Factory 87 com/sun/tools/javac/comp/Resolve$AbstractMethodCheck$SharedInapplicableMethodException methods 0
ciMethodData com/sun/tools/javac/util/List from (Ljava/lang/Iterable;)Lcom/sun/tools/javac/util/List; 1 168 orig 80 0 0 0 0 0 0 0 0 0 0 0 0 0 0 0 0 0 0 0 0 0 0 0 0 0 0 0 0 0 0 0 0 0 0 0 0 0 0 0 0 0 0 0 0 0 0 0 0 0 0 0 0 0 0 0 0 0 0 0 0 0 0 0 0 0 0 0 0 0 0 0 0 0 0 0 0 0 0 0 0 data 48 0x40002 0xa8 0x90005 0x5 0x2b2eee58b60 0x43 0x2b2ea18d5b0 0x60 0x100005 0xa 0x2b2ea18e6a8 0x43 0x2b2ea18e750 0xc0 0x150007 0xa8 0x98 0x65 0x190005 0x0 0x2b2ea18e750 0x60 0x2b2ea18e7f8 0x5 0x210005 0x0 0x2b2ea18d5b0 0x65 0x0 0x0 0x250003 0x65 0xffffffffffffff50 0x290005 0x0 0x2b2ea18d5b0 0xa8 0x0 0x0 0x0 0x0 0x0 0x0 0x0 0x0 0x9 0x1 0xffffffffffffffff oops 8 4 java/util/LinkedHashSet 6 com/sun/tools/javac/util/ListBuffer 10 java/util/LinkedHashMap$LinkedKeyIterator 12 com/sun/tools/javac/util/ListBuffer$1 20 com/sun/tools/javac/util/ListBuffer$1 22 java/util/ArrayList$Itr 26 com/sun/tools/javac/util/ListBuffer 35 com/sun/tools/javac/util/ListBuffer methods 0
ciMethodData com/sun/tools/javac/comp/DeferredAttr$DeferredAttrContext insideOverloadPhase ()Z 1 224 orig 80 0 0 0 0 0 0 0 0 0 0 0 0 0 0 0 0 0 0 0 0 0 0 0 0 0 0 0 0 0 0 0 0 0 0 0 0 0 0 0 0 0 0 0 0 0 0 0 0 0 0 0 0 0 0 0 0 0 0 0 0 0 0 0 0 0 0 0 0 0 0 0 0 0 0 0 0 0 0 0 0 data 23 0xa0007 0x72 0x20 0x6e 0x160007 0x72 0x20 0x0 0x1f0005 0x0 0x2b2eda4e858 0x6e 0x2b2f10120f8 0x4 0x0 0x0 0x0 0x0 0x0 0x0 0x9 0x1 0x0 oops 2 10 com/sun/tools/javac/comp/DeferredAttr$1 12 com/sun/tools/javac/comp/DeferredAttr$DeferredAttrContext methods 0
ciMethodData com/sun/tools/javac/comp/DeferredAttr$DeferredAttrContext pickDeferredNode ()Lcom/sun/tools/javac/comp/DeferredAttr$DeferredAttrNode; 1 0 orig 80 0 0 0 0 0 0 0 0 0 0 0 0 0 0 0 0 0 0 0 0 0 0 0 0 0 0 0 0 0 0 0 0 0 0 0 0 0 0 0 0 0 0 0 0 0 0 0 0 0 0 0 0 0 0 0 0 0 0 0 0 0 0 0 0 0 0 0 0 0 0 0 0 0 0 0 0 0 0 0 0 data 72 0x10005 0x0 0x0 0x0 0x0 0x0 0x60002 0x0 0xa0005 0x0 0x0 0x0 0x0 0x0 0xd0004 0x0 0x0 0x0 0x0 0x0 0x120005 0x0 0x0 0x0 0x0 0x0 0x160007 0x0 0xc8 0x0 0x1b0005 0x0 0x0 0x0 0x0 0x0 0x1e0004 0x0 0x0 0x0 0x0 0x0 0x240004 0x0 0x0 0x0 0x0 0x0 0x270003 0x0 0x78 0x2f0005 0x0 0x0 0x0 0x0 0x0 0x320004 0x0 0x0 0x0 0x0 0x0 0x0 0x0 0x0 0x0 0x0 0x0 0x9 0x1 0xffffffffffffffff oops 0 methods 0
ciMethodData com/sun/tools/javac/comp/InferenceContext solveAny (Lcom/sun/tools/javac/util/List;Lcom/sun/tools/javac/util/Warner;)V 1 0 orig 80 0 0 0 0 0 0 0 0 0 0 0 0 0 0 0 0 0 0 0 0 0 0 0 0 0 0 0 0 0 0 0 0 0 0 0 0 0 0 0 0 0 0 0 0 0 0 0 0 0 0 0 0 0 0 0 0 0 0 0 0 0 0 0 0 0 0 0 0 0 0 0 0 0 0 0 0 0 0 0 0 data 33 0xb0002 0x0 0x110005 0x0 0x0 0x0 0x0 0x0 0x140005 0x0 0x0 0x0 0x0 0x0 0x170002 0x0 0x1b0005 0x0 0x0 0x0 0x0 0x0 0x0 0x0 0x0 0x0 0x0 0x0 0x9 0x3 0x0 0x0 0x0 oops 0 methods 0
ciMethodData com/sun/tools/javac/comp/InferenceContext notifyChange ()V 1 49 orig 80 0 0 0 0 0 0 0 0 0 0 0 0 0 0 0 0 0 0 0 0 0 0 0 0 0 0 0 0 0 0 0 0 0 0 0 0 0 0 0 0 0 0 0 0 0 0 0 0 0 0 0 0 0 0 0 0 0 0 0 0 0 0 0 0 0 0 0 0 0 0 0 0 0 0 0 0 0 0 0 0 data 27 0x60005 0x0 0x2b2ec43d7b8 0x31 0x0 0x0 0x90005 0x0 0x2b2f1010988 0x31 0x0 0x0 0xc0005 0x0 0x2b2ec43d7b8 0x31 0x0 0x0 0x0 0x0 0x0 0x0 0x0 0x0 0x9 0x1 0x0 oops 3 2 com/sun/tools/javac/comp/InferenceContext 8 com/sun/tools/javac/util/List 14 com/sun/tools/javac/comp/InferenceContext methods 0
ciMethodData com/sun/tools/javac/comp/InferenceContext restvars ()Lcom/sun/tools/javac/util/List; 1 262 orig 80 0 0 0 0 0 0 0 0 0 0 0 0 0 0 0 0 0 0 0 0 0 0 0 0 0 0 0 0 0 0 0 0 0 0 0 0 0 0 0 0 0 0 0 0 0 0 0 0 0 0 0 0 0 0 0 0 0 0 0 0 0 0 0 0 0 0 0 0 0 0 0 0 0 0 0 0 0 0 0 0 data 19 0x1000a 0x106 0x1 0x2b2ed14a780 0x60005 0x106 0x0 0x0 0x0 0x0 0x0 0x0 0x0 0x0 0x0 0x0 0x9 0x1 0x0 oops 1 3  @bci com/sun/tools/javac/comp/InferenceContext restvars ()Lcom/sun/tools/javac/util/List; 1 <appendix> argL0 ; methods 0
ciMethodData com/sun/tools/javac/comp/InferenceContext filterVars (Ljava/util/function/Predicate;)Lcom/sun/tools/javac/util/List; 1 262 orig 80 0 0 0 0 0 0 0 0 0 0 0 0 0 0 0 0 0 0 0 0 0 0 0 0 0 0 0 0 0 0 0 0 0 0 0 0 0 0 0 0 0 0 0 0 0 0 0 0 0 0 0 0 0 0 0 0 0 0 0 0 0 0 0 0 0 0 0 0 0 0 0 0 0 0 0 0 0 0 0 0 data 71 0x40002 0x106 0xc0005 0x0 0x2b2f1010988 0x106 0x0 0x0 0x110005 0x0 0x2b2ec627ee0 0x20c 0x0 0x0 0x160007 0x106 0x148 0x106 0x1a0005 0x0 0x2b2ec627ee0 0x106 0x0 0x0 0x1f0004 0x0 0x2b2ef17bfa0 0x106 0x0 0x0 0x260004 0x0 0x2b2ef17bfa0 0x106 0x0 0x0 0x2e0005 0x0 0x2b2ed14b070 0x15 0x2b2ed14a780 0xf1 0x330007 0x5a 0x50 0xac 0x3c0005 0x0 0x2b2ea18d5b0 0xac 0x0 0x0 0x400003 0x106 0xfffffffffffffea0 0x440005 0x0 0x2b2ea18d5b0 0x106 0x0 0x0 0x0 0x0 0x0 0x0 0x0 0x0 0x9 0x2 0x0 0xffffffffffffffff oops 9 4 com/sun/tools/javac/util/List 10 com/sun/tools/javac/util/List$2 20 com/sun/tools/javac/util/List$2 26 com/sun/tools/javac/code/Type$UndetVar 32 com/sun/tools/javac/code/Type$UndetVar 38  @bci com/sun/tools/javac/comp/InferenceContext boundedVars ()Lcom/sun/tools/javac/util/List; 1 <appendix> argL0 ; 40  @bci com/sun/tools/javac/comp/InferenceContext restvars ()Lcom/sun/tools/javac/util/List; 1 <appendix> argL0 ; 48 com/sun/tools/javac/util/ListBuffer 57 com/sun/tools/javac/util/ListBuffer methods 0
ciMethodData com/sun/tools/javac/util/List diff (Lcom/sun/tools/javac/util/List;)Lcom/sun/tools/javac/util/List; 1 308 orig 80 0 0 0 0 0 0 0 0 0 0 0 0 0 0 0 0 0 0 0 0 0 0 0 0 0 0 0 0 0 0 0 0 0 0 0 0 0 0 0 0 0 0 0 0 0 0 0 0 0 0 0 0 0 0 0 0 0 0 0 0 0 0 0 0 0 0 0 0 0 0 0 0 0 0 0 0 0 0 0 0 data 59 0x40002 0x134 0x90005 0x0 0x2b2f1010988 0x132 0x2b2f1011918 0x2 0xe0005 0x0 0x2b2ec627ee0 0x267 0x2b2edcbfcb0 0x2 0x130007 0x134 0xe8 0x135 0x170005 0x0 0x2b2ec627ee0 0x135 0x0 0x0 0x210005 0x0 0x2b2f1010988 0x101 0x2b2f1011918 0x34 0x240007 0xff 0x50 0x36 0x2a0005 0x0 0x2b2ea18d5b0 0x36 0x0 0x0 0x2e0003 0x135 0xffffffffffffff00 0x320005 0x0 0x2b2ea18d5b0 0x134 0x0 0x0 0x0 0x0 0x0 0x0 0x0 0x0 0x9 0x2 0x0 0x0 oops 9 4 com/sun/tools/javac/util/List 6 com/sun/tools/javac/util/List$1 10 com/sun/tools/javac/util/List$2 12 java/util/Collections$EmptyIterator 20 com/sun/tools/javac/util/List$2 26 com/sun/tools/javac/util/List 28 com/sun/tools/javac/util/List$1 36 com/sun/tools/javac/util/ListBuffer 45 com/sun/tools/javac/util/ListBuffer methods 0
ciMethodData com/sun/tools/javac/comp/InferenceContext notifyChange (Lcom/sun/tools/javac/util/List;)V 1 211 orig 80 0 0 0 0 0 0 0 0 0 0 0 0 0 0 0 0 0 0 0 0 0 0 0 0 0 0 0 0 0 0 0 0 0 0 0 0 0 0 0 0 0 0 0 0 0 0 0 0 0 0 0 0 0 0 0 0 0 0 0 0 0 0 0 0 0 0 0 0 0 0 0 0 0 0 0 0 0 0 0 0 data 115 0xa0002 0xd3 0xd0005 0x0 0x2b2ec5cc960 0xd3 0x0 0x0 0x100005 0x0 0x2b2ed14bf90 0xd3 0x0 0x0 0x170005 0x0 0x2b2ed14c038 0x12e 0x0 0x0 0x1c0007 0xd3 0x280 0x5b 0x200005 0x0 0x2b2ed14c038 0x5b 0x0 0x0 0x250004 0x0 0x2b2eabf8b18 0x5b 0x0 0x0 0x2c0005 0x0 0x2b2eabf8b18 0x5b 0x0 0x0 0x310004 0x0 0x2b2f1010988 0x5b 0x0 0x0 0x390005 0x0 0x2b2f1010988 0x5b 0x0 0x0 0x3c0002 0x5b 0x3f0007 0x5 0x148 0x56 0x440005 0x0 0x2b2eabf8b18 0x56 0x0 0x0 0x490004 0x12 0x2b2ed149ff8 0x3c 0x2b2ed14c0e0 0x8 0x4d0005 0x12 0x2b2ed149ff8 0x3c 0x2b2ed14c0e0 0x8 0x580005 0x0 0x2b2eabf8b18 0x56 0x0 0x0 0x5d0005 0x0 0x2b2ec5cc960 0x56 0x0 0x0 0x630003 0x56 0x38 0x690007 0x0 0x20 0x0 0x6f0003 0x5b 0xfffffffffffffd68 0x730007 0xd3 0x20 0x0 0x0 0x0 0x0 0x0 0x0 0x0 0x9 0x2 0x0 0x0 0x660001 oops 15 4 java/util/LinkedHashMap 10 java/util/LinkedHashMap$LinkedEntrySet 16 java/util/LinkedHashMap$LinkedEntryIterator 26 java/util/LinkedHashMap$LinkedEntryIterator 32 java/util/LinkedHashMap$Entry 38 java/util/LinkedHashMap$Entry 44 com/sun/tools/javac/util/List 50 com/sun/tools/javac/util/List 62 java/util/LinkedHashMap$Entry 68  @bci com/sun/tools/javac/comp/Check checkType (Lcom/sun/tools/javac/util/JCDiagnostic$DiagnosticPosition;Lcom/sun/tools/javac/code/Type;Lcom/sun/tools/javac/code/Type;Lcom/sun/tools/javac/comp/Check$CheckContext;)Lcom/sun/tools/javac/code/Type; 40 <appendix> member <vmtarget> ; 70  @bci com/sun/tools/javac/comp/Attr setFunctionalInfo (Lcom/sun/tools/javac/comp/Env;Lcom/sun/tools/javac/tree/JCTree$JCFunctionalExpression;Lcom/sun/tools/javac/code/Type;Lcom/sun/tools/javac/code/Type;Lcom/sun/tools/javac/code/Type;Lcom/sun/tools/javac/comp/Check$CheckContext;)V 38 <appendix> member <vmtarget> ; 74  @bci com/sun/tools/javac/comp/Check checkType (Lcom/sun/tools/javac/util/JCDiagnostic$DiagnosticPosition;Lcom/sun/tools/javac/code/Type;Lcom/sun/tools/javac/code/Type;Lcom/sun/tools/javac/comp/Check$CheckContext;)Lcom/sun/tools/javac/code/Type; 40 <appendix> member <vmtarget> ; 76  @bci com/sun/tools/javac/comp/Attr setFunctionalInfo (Lcom/sun/tools/javac/comp/Env;Lcom/sun/tools/javac/tree/JCTree$JCFunctionalExpression;Lcom/sun/tools/javac/code/Type;Lcom/sun/tools/javac/code/Type;Lcom/sun/tools/javac/code/Type;Lcom/sun/tools/javac/comp/Check$CheckContext;)V 38 <appendix> member <vmtarget> ; 80 java/util/LinkedHashMap$Entry 86 java/util/LinkedHashMap methods 0
ciMethod com/sun/tools/javac/comp/Resolve$4$1 <init> (Lcom/sun/tools/javac/comp/Resolve$4;ZLcom/sun/tools/javac/comp/DeferredAttr$DeferredAttrContext;Lcom/sun/tools/javac/util/Warner;Z)V 516 0 2841 0 0
ciMethod com/sun/tools/javac/comp/Resolve$MethodCheckContext <init> (Lcom/sun/tools/javac/comp/Resolve;ZLcom/sun/tools/javac/comp/DeferredAttr$DeferredAttrContext;Lcom/sun/tools/javac/util/Warner;)V 516 0 3057 0 0
ciMethod com/sun/tools/javac/comp/Resolve$MethodCheckContext inferenceContext ()Lcom/sun/tools/javac/comp/InferenceContext; 512 0 1938 0 104
ciMethod com/sun/tools/javac/comp/Infer$FreeTypeListener typesInferred (Lcom/sun/tools/javac/comp/InferenceContext;)V 0 0 1 0 -1
ciMethod com/sun/tools/javac/comp/Infer$GraphSolver <init> (Lcom/sun/tools/javac/comp/Infer;Lcom/sun/tools/javac/comp/InferenceContext;Lcom/sun/tools/javac/util/Warner;)V 334 0 100 0 -1
ciMethod com/sun/tools/javac/comp/Infer$GraphSolver solve (Lcom/sun/tools/javac/comp/Infer$GraphStrategy;)V 334 950 100 0 -1
ciMethod com/sun/tools/javac/util/GraphUtils tarjan (Ljava/lang/Iterable;)Lcom/sun/tools/javac/util/List; 334 0 98 0 -1
ciMethod com/sun/tools/javac/comp/DeferredAttr$OverloadStuckPolicy <init> (Lcom/sun/tools/javac/comp/DeferredAttr;Lcom/sun/tools/javac/comp/Attr$ResultInfo;Lcom/sun/tools/javac/comp/DeferredAttr$DeferredType;)V 390 0 298 0 0
ciMethod com/sun/tools/javac/comp/DeferredAttr$CheckStuckPolicy <init> (Lcom/sun/tools/javac/comp/DeferredAttr;Lcom/sun/tools/javac/comp/Attr$ResultInfo;Lcom/sun/tools/javac/comp/DeferredAttr$DeferredType;)V 512 0 393 0 0
ciMethod com/sun/tools/javac/comp/DeferredAttr$PolyScanner <init> ()V 514 0 396 0 0
ciMethod com/sun/tools/javac/comp/DeferredAttr$FilterScanner <init> (Ljava/util/Set;)V 512 0 402 0 0
ciMethod com/sun/tools/javac/comp/DeferredAttr$FilterScanner scan (Lcom/sun/tools/javac/tree/JCTree;)V 512 0 446 0 0
ciMethod com/sun/tools/javac/comp/DeferredAttr$FilterScanner skip (Lcom/sun/tools/javac/tree/JCTree;)V 482 0 414 0 0
ciMethod  @bci com/sun/tools/javac/comp/DeferredAttr$FilterScanner <init> (Ljava/util/Set;)V 6 <appendix> member <vmtarget> ; <init> (Ljava/util/Set;)V 510 0 402 0 0
ciMethodData com/sun/tools/javac/code/Types$DefaultTypeVisitor <init> ()V 2 13449 orig 80 0 0 0 0 0 0 0 0 0 0 0 0 0 0 0 0 0 0 0 0 0 0 0 0 0 0 0 0 0 0 0 0 0 0 0 0 0 0 0 0 0 0 0 0 0 0 0 0 0 0 0 0 0 0 0 0 0 0 0 0 0 0 0 0 0 0 0 0 0 0 0 0 0 0 0 0 0 0 0 0 data 7 0x10002 0x3489 0x0 0x0 0x9 0x1 0x0 oops 0 methods 0
ciMethodData com/sun/tools/javac/code/Type$StructuralTypeMapping <init> ()V 2 11075 orig 80 0 0 0 0 0 0 0 0 0 0 0 0 0 0 0 0 0 0 0 0 0 0 0 0 0 0 0 0 0 0 0 0 0 0 0 0 0 0 0 0 0 0 0 0 0 0 0 0 0 0 0 0 0 0 0 0 0 0 0 0 0 0 0 0 0 0 0 0 0 0 0 0 0 0 0 0 0 0 0 0 data 7 0x10002 0x2b43 0x0 0x0 0x9 0x1 0x0 oops 0 methods 0
ciMethodData com/sun/tools/javac/code/Types$TypeMapping <init> ()V 2 11082 orig 80 0 0 0 0 0 0 0 0 0 0 0 0 0 0 0 0 0 0 0 0 0 0 0 0 0 0 0 0 0 0 0 0 0 0 0 0 0 0 0 0 0 0 0 0 0 0 0 0 0 0 0 0 0 0 0 0 0 0 0 0 0 0 0 0 0 0 0 0 0 0 0 0 0 0 0 0 0 0 0 0 data 7 0x10002 0x2b4a 0x0 0x0 0x9 0x1 0x0 oops 0 methods 0
ciMethodData com/sun/tools/javac/code/Types$MapVisitor <init> ()V 2 11082 orig 80 0 0 0 0 0 0 0 0 0 0 0 0 0 0 0 0 0 0 0 0 0 0 0 0 0 0 0 0 0 0 0 0 0 0 0 0 0 0 0 0 0 0 0 0 0 0 0 0 0 0 0 0 0 0 0 0 0 0 0 0 0 0 0 0 0 0 0 0 0 0 0 0 0 0 0 0 0 0 0 0 data 7 0x10002 0x2b4a 0x0 0x0 0x9 0x1 0x0 oops 0 methods 0
ciMethodData com/sun/tools/javac/code/Types$Subst <init> (Lcom/sun/tools/javac/code/Types;Lcom/sun/tools/javac/util/List;Lcom/sun/tools/javac/util/List;)V 2 10358 orig 80 0 0 0 0 0 0 0 0 0 0 0 0 0 0 0 0 0 0 0 0 0 0 0 0 0 0 0 0 0 0 0 0 0 0 0 0 0 0 0 0 0 0 0 0 0 0 0 0 0 0 0 0 0 0 0 0 0 0 0 0 0 0 0 0 0 0 0 0 0 0 0 0 0 0 0 0 0 0 0 0 data 42 0x30002 0x2876 0xb0002 0x2876 0xf0005 0x0 0x2b2f1010988 0x14c3 0x2b2f1011918 0x13b3 0x150005 0x0 0x2b2f1010988 0x14c3 0x2b2f1011918 0x13b3 0x1e0007 0x2876 0x38 0x0 0x290003 0x0 0xffffffffffffffe0 0x300007 0x2876 0x38 0x0 0x3b0003 0x0 0xffffffffffffffe0 0x0 0x0 0x0 0x0 0x0 0x0 0x9 0x4 0x0 0x0 0x0 0x0 oops 4 6 com/sun/tools/javac/util/List 8 com/sun/tools/javac/util/List$1 12 com/sun/tools/javac/util/List 14 com/sun/tools/javac/util/List$1 methods 0
ciMethodData com/sun/tools/javac/code/Type map (Lcom/sun/tools/javac/code/Types$TypeMapping;)Lcom/sun/tools/javac/code/Type; 2 10846 orig 80 0 0 0 0 0 0 0 0 0 0 0 0 0 0 0 0 0 0 0 0 0 0 0 0 0 0 0 0 0 0 0 0 0 0 0 0 0 0 0 0 0 0 0 0 0 0 0 0 0 0 0 0 0 0 0 0 0 0 0 0 0 0 0 0 0 0 0 0 0 0 0 0 0 0 0 0 0 0 0 0 data 22 0x30005 0xf1 0x2b2ea8585b8 0x277a 0x2b2ec408670 0x1f3 0x60004 0x9a6 0x2b2f1011c60 0x57e 0x2b2f1011a68 0x1b3a 0x0 0x0 0x0 0x0 0x0 0x0 0x9 0x2 0x0 0x0 oops 4 2 com/sun/tools/javac/code/Types$Subst 4 com/sun/tools/javac/code/Type$UndetVar$1 8 com/sun/tools/javac/code/Type$StructuralTypeMapping$4 10 com/sun/tools/javac/code/Type$ClassType methods 0
ciMethodData com/sun/tools/javac/comp/Resolve$MethodCheckContext inferenceContext ()Lcom/sun/tools/javac/comp/InferenceContext; 2 1682 orig 80 1 0 0 0 0 0 0 0 0 0 0 0 0 0 0 0 0 0 0 0 0 0 0 0 0 0 0 0 0 0 0 0 0 0 0 0 0 0 0 0 0 0 0 0 0 0 0 0 0 0 0 0 0 0 0 0 0 0 0 0 0 0 0 0 0 0 0 0 0 0 0 0 0 0 0 0 0 0 0 0 data 7 0x0 0x0 0x0 0x0 0x9 0x1 0x0 oops 0 methods 0
ciMethodData com/sun/tools/javac/comp/Check checkNonVoid (Lcom/sun/tools/javac/util/JCDiagnostic$DiagnosticPosition;Lcom/sun/tools/javac/code/Type;)Lcom/sun/tools/javac/code/Type; 2 6021 orig 80 0 0 0 0 0 0 0 0 0 0 0 0 0 0 0 0 0 0 0 0 0 0 0 0 0 0 0 0 0 0 0 0 0 0 0 0 0 0 0 0 0 0 0 0 0 0 0 0 0 0 0 0 0 0 0 0 0 0 0 0 0 0 0 0 0 0 0 0 0 0 0 0 0 0 0 0 0 0 0 0 data 33 0x40005 0x6c9 0x2b2ec7ce460 0x2a3 0x2b2f1011a68 0xe19 0x70007 0x1785 0x80 0x0 0x120005 0x0 0x0 0x0 0x0 0x0 0x1a0005 0x0 0x0 0x0 0x0 0x0 0x0 0x0 0x0 0x0 0x0 0x0 0x9 0x3 0x0 0x0 0x0 oops 2 2 com/sun/tools/javac/code/Type$JCPrimitiveType 4 com/sun/tools/javac/code/Type$ClassType methods 0
ciMethodData com/sun/tools/javac/util/JCDiagnostic$Fragment <init> (Ljava/util/Set;Ljava/lang/String;Ljava/lang/String;[Ljava/lang/Object;)V 2 5500 orig 80 0 0 0 0 0 0 0 0 0 0 0 0 0 0 0 0 0 0 0 0 0 0 0 0 0 0 0 0 0 0 0 0 0 0 0 0 0 0 0 0 0 0 0 0 0 0 0 0 0 0 0 0 0 0 0 0 0 0 0 0 0 0 0 0 0 0 0 0 0 0 0 0 0 0 0 0 0 0 0 0 data 12 0x90002 0x157c 0x0 0x0 0x0 0x9 0x5 0x1e 0x0 0x0 0x0 0x0 oops 0 methods 0
ciMethodData com/sun/tools/javac/comp/InferenceContext cachedCapture (Lcom/sun/tools/javac/tree/JCTree;Lcom/sun/tools/javac/code/Type;Z)Lcom/sun/tools/javac/code/Type; 2 3313 orig 80 0 0 0 0 0 0 0 0 0 0 0 0 0 0 0 0 0 0 0 0 0 0 0 0 0 0 0 0 0 0 0 0 0 0 0 0 0 0 0 0 0 0 0 0 0 0 0 0 0 0 0 0 0 0 0 0 0 0 0 0 0 0 0 0 0 0 0 0 0 0 0 0 0 0 0 0 0 0 0 0 data 48 0x50005 0x0 0x2b2ec5cc960 0xcf1 0x0 0x0 0xa0104 0x0 0x0 0x0 0x0 0x0 0x110007 0xcf1 0x20 0x0 0x1c0005 0x0 0x2b2f1011720 0xcf1 0x0 0x0 0x240007 0xcf0 0x70 0x1 0x280007 0x1 0x50 0x0 0x320005 0x0 0x0 0x0 0x0 0x0 0x0 0x0 0x0 0x0 0x0 0x0 0x9 0x4 0x0 0x0 0x0 0x0 oops 2 2 java/util/LinkedHashMap 18 com/sun/tools/javac/code/Types methods 0
ciMethodData com/sun/tools/javac/comp/Resolve$4 checkArg (Lcom/sun/tools/javac/util/JCDiagnostic$DiagnosticPosition;ZLcom/sun/tools/javac/code/Type;Lcom/sun/tools/javac/code/Type;Lcom/sun/tools/javac/comp/DeferredAttr$DeferredAttrContext;Lcom/sun/tools/javac/util/Warner;)V 2 2585 orig 80 0 0 0 0 0 0 0 0 0 0 0 0 0 0 0 0 0 0 0 0 0 0 0 0 0 0 0 0 0 0 0 0 0 0 0 0 0 0 0 0 0 0 0 0 0 0 0 0 0 0 0 0 0 0 0 0 0 0 0 0 0 0 0 0 0 0 0 0 0 0 0 0 0 0 0 0 0 0 0 0 data 27 0x80005 0xa19 0x0 0x0 0x0 0x0 0x110005 0x0 0x2b2ed512d08 0xa19 0x0 0x0 0x0 0x0 0x0 0x0 0x0 0x0 0x9 0x7 0x0 0xffffffffffffffff 0x0 0xffffffffffffffff 0x0 0x0 0x0 oops 1 8 com/sun/tools/javac/comp/Resolve$MethodResultInfo methods 0
ciMethodData com/sun/tools/javac/comp/Resolve$4 methodCheckResult (ZLcom/sun/tools/javac/code/Type;Lcom/sun/tools/javac/comp/DeferredAttr$DeferredAttrContext;Lcom/sun/tools/javac/util/Warner;)Lcom/sun/tools/javac/comp/Attr$ResultInfo; 2 2586 orig 80 0 0 0 0 0 0 0 0 0 0 0 0 0 0 0 0 0 0 0 0 0 0 0 0 0 0 0 0 0 0 0 0 0 0 0 0 0 0 0 0 0 0 0 0 0 0 0 0 0 0 0 0 0 0 0 0 0 0 0 0 0 0 0 0 0 0 0 0 0 0 0 0 0 0 0 0 0 0 0 0 data 30 0x90005 0x0 0x2b2eea633d8 0x94f 0x2b2ea179ea0 0xcb 0xc0007 0xde 0x38 0x93c 0x100003 0x93c 0x18 0x180002 0xa1a 0x280002 0xa1a 0x0 0x0 0x0 0x0 0x0 0x0 0x9 0x5 0x0 0x0 0x0 0x0 0x0 oops 2 2 com/sun/tools/javac/comp/Resolve$MethodResolutionPhase 4 com/sun/tools/javac/comp/Resolve$MethodResolutionPhase$1 methods 0
ciMethodData com/sun/tools/javac/comp/Resolve$4$1 <init> (Lcom/sun/tools/javac/comp/Resolve$4;ZLcom/sun/tools/javac/comp/DeferredAttr$DeferredAttrContext;Lcom/sun/tools/javac/util/Warner;Z)V 2 2583 orig 80 0 0 0 0 0 0 0 0 0 0 0 0 0 0 0 0 0 0 0 0 0 0 0 0 0 0 0 0 0 0 0 0 0 0 0 0 0 0 0 0 0 0 0 0 0 0 0 0 0 0 0 0 0 0 0 0 0 0 0 0 0 0 0 0 0 0 0 0 0 0 0 0 0 0 0 0 0 0 0 0 data 25 0x90002 0xa17 0x190002 0xa17 0x210007 0xa01 0x38 0x16 0x270003 0x16 0x18 0x0 0x0 0x0 0x0 0x0 0x0 0x9 0x6 0x1e 0x0 0x0 0x0 0x0 0x0 oops 0 methods 0
ciMethodData com/sun/tools/javac/comp/Resolve$MethodCheckContext <init> (Lcom/sun/tools/javac/comp/Resolve;ZLcom/sun/tools/javac/comp/DeferredAttr$DeferredAttrContext;Lcom/sun/tools/javac/util/Warner;)V 2 2799 orig 80 0 0 0 0 0 0 0 0 0 0 0 0 0 0 0 0 0 0 0 0 0 0 0 0 0 0 0 0 0 0 0 0 0 0 0 0 0 0 0 0 0 0 0 0 0 0 0 0 0 0 0 0 0 0 0 0 0 0 0 0 0 0 0 0 0 0 0 0 0 0 0 0 0 0 0 0 0 0 0 0 data 17 0x30002 0xaef 0xb0002 0xaef 0x0 0x0 0x0 0x0 0x0 0x0 0x9 0x5 0xe 0x0 0x0 0x0 0x0 oops 0 methods 0
ciMethodData com/sun/tools/javac/util/JCDiagnostic$DiagnosticInfo of (Lcom/sun/tools/javac/util/JCDiagnostic$DiagnosticType;Ljava/util/Set;Lcom/sun/tools/javac/code/Lint$LintCategory;Ljava/lang/String;Ljava/lang/String;[Ljava/lang/Object;)Lcom/sun/tools/javac/util/JCDiagnostic$DiagnosticInfo; 2 4578 orig 80 0 0 0 0 0 0 0 0 0 0 0 0 0 0 0 0 0 0 0 0 0 0 0 0 0 0 0 0 0 0 0 0 0 0 0 0 0 0 0 0 0 0 0 0 0 0 0 0 0 0 0 0 0 0 0 0 0 0 0 0 0 0 0 0 0 0 0 0 0 0 0 0 0 0 0 0 0 0 0 0 data 71 0x10005 0x0 0x2b2eceda948 0x11df 0x0 0x0 0x40008 0xa 0x0 0xe8 0x11df 0xd8 0x0 0xc8 0x0 0x70 0x0 0x60 0x2e0002 0x0 0x330007 0x0 0x48 0x0 0x400002 0x0 0x430003 0x0 0x28 0x510002 0x0 0x5f0002 0x0 0x6d0002 0x11df 0x750002 0x0 0x7a0005 0x0 0x0 0x0 0x0 0x0 0x7e0005 0x0 0x0 0x0 0x0 0x0 0x810005 0x0 0x0 0x0 0x0 0x0 0x840002 0x0 0x0 0x0 0x0 0x0 0x0 0x0 0x9 0x6 0xffffffffffffffff 0x0 0x0 0x0 0x0 0x0 oops 1 2 com/sun/tools/javac/util/JCDiagnostic$DiagnosticType methods 0
ciMethodData com/sun/tools/javac/util/JCDiagnostic$Warning <init> (Ljava/util/Set;Ljava/lang/String;Ljava/lang/String;[Ljava/lang/Object;)V 1 0 orig 80 0 0 0 0 0 0 0 0 0 0 0 0 0 0 0 0 0 0 0 0 0 0 0 0 0 0 0 0 0 0 0 0 0 0 0 0 0 0 0 0 0 0 0 0 0 0 0 0 0 0 0 0 0 0 0 0 0 0 0 0 0 0 0 0 0 0 0 0 0 0 0 0 0 0 0 0 0 0 0 0 data 12 0x90002 0x0 0x0 0x0 0x0 0x9 0x5 0x1e 0x0 0x0 0x0 0x0 oops 0 methods 0
ciMethodData com/sun/tools/javac/util/JCDiagnostic$LintWarning <init> (Ljava/util/Set;Lcom/sun/tools/javac/code/Lint$LintCategory;Ljava/lang/String;Ljava/lang/String;[Ljava/lang/Object;)V 1 0 orig 80 0 0 0 0 0 0 0 0 0 0 0 0 0 0 0 0 0 0 0 0 0 0 0 0 0 0 0 0 0 0 0 0 0 0 0 0 0 0 0 0 0 0 0 0 0 0 0 0 0 0 0 0 0 0 0 0 0 0 0 0 0 0 0 0 0 0 0 0 0 0 0 0 0 0 0 0 0 0 0 0 data 14 0x70002 0x0 0x0 0x0 0x0 0x0 0x9 0x6 0x1e 0x0 0x0 0x0 0x0 0x0 oops 0 methods 0
ciMethodData com/sun/tools/javac/comp/Attr$ResultInfo <init> (Lcom/sun/tools/javac/comp/Attr;Lcom/sun/tools/javac/code/Kinds$KindSelector;Lcom/sun/tools/javac/code/Type;Lcom/sun/tools/javac/comp/Check$CheckContext;)V 2 3993 orig 80 0 0 0 0 0 0 0 0 0 0 0 0 0 0 0 0 0 0 0 0 0 0 0 0 0 0 0 0 0 0 0 0 0 0 0 0 0 0 0 0 0 0 0 0 0 0 0 0 0 0 0 0 0 0 0 0 0 0 0 0 0 0 0 0 0 0 0 0 0 0 0 0 0 0 0 0 0 0 0 0 data 12 0x90002 0xf9a 0x0 0x0 0x0 0x9 0x5 0x1e 0x0 0x0 0x0 0x0 oops 0 methods 0
ciMethodData com/sun/tools/javac/comp/Check$1 deferredAttrContext ()Lcom/sun/tools/javac/comp/DeferredAttr$DeferredAttrContext; 1 0 orig 80 0 0 0 0 0 0 0 0 0 0 0 0 0 0 0 0 0 0 0 0 0 0 0 0 0 0 0 0 0 0 0 0 0 0 0 0 0 0 0 0 0 0 0 0 0 0 0 0 0 0 0 0 0 0 0 0 0 0 0 0 0 0 0 0 0 0 0 0 0 0 0 0 0 0 0 0 0 0 0 0 data 7 0x0 0x0 0x0 0x0 0x9 0x1 0x0 oops 0 methods 0
ciMethodData com/sun/tools/javac/comp/Resolve$MethodResultInfo check (Lcom/sun/tools/javac/util/JCDiagnostic$DiagnosticPosition;Lcom/sun/tools/javac/code/Type;)Lcom/sun/tools/javac/code/Type; 2 2858 orig 80 0 0 0 0 0 0 0 0 0 0 0 0 0 0 0 0 0 0 0 0 0 0 0 0 0 0 0 0 0 0 0 0 0 0 0 0 0 0 0 0 0 0 0 0 0 0 0 0 0 0 0 0 0 0 0 0 0 0 0 0 0 0 0 0 0 0 0 0 0 0 0 0 0 0 0 0 0 0 0 0 data 88 0x40005 0x2d0 0x2b2f1011a68 0x6ee 0x2b2ebee2048 0x16c 0x70007 0x9ac 0x80 0x17e 0xb0004 0xe 0x2b2ebee2048 0x16c 0x2b2ebee20f0 0x4 0x110005 0xe 0x2b2ebee2048 0x16c 0x2b2ebee20f0 0x4 0x170005 0x9ac 0x0 0x0 0x0 0x0 0x1c0007 0x227 0x70 0x785 0x200005 0x686 0x2b2f1ca1178 0xdd 0x2b2ebee2198 0x22 0x250007 0x785 0x68 0x0 0x300005 0x0 0x2b2f1011720 0x227 0x0 0x0 0x330003 0x227 0xa8 0x3a0005 0x0 0x2b2eea63b68 0x77d 0x2b2ebee2240 0x8 0x400005 0x686 0x2b2f1ca1178 0xdd 0x2b2ebee2198 0x22 0x470005 0x0 0x2b2ec43d7b8 0x785 0x0 0x0 0x580005 0x0 0x2b2ec11c868 0x9ac 0x0 0x0 0x5b0002 0x9ac 0x0 0x0 0x0 0x0 0x0 0x0 0x9 0x3 0x0 0x0 0x0 oops 15 2 com/sun/tools/javac/code/Type$ClassType 4 com/sun/tools/javac/comp/ArgumentAttr$ResolvedMethodType 12 com/sun/tools/javac/comp/ArgumentAttr$ResolvedMethodType 14 com/sun/tools/javac/comp/ArgumentAttr$ConditionalType 18 com/sun/tools/javac/comp/ArgumentAttr$ResolvedMethodType 20 com/sun/tools/javac/comp/ArgumentAttr$ConditionalType 34 com/sun/tools/javac/tree/JCTree$JCFieldAccess 36 com/sun/tools/javac/tree/JCTree$JCTypeCast 44 com/sun/tools/javac/code/Types 53 com/sun/tools/javac/comp/Resolve$4$1 55 com/sun/tools/javac/comp/Attr$5 59 com/sun/tools/javac/tree/JCTree$JCFieldAccess 61 com/sun/tools/javac/tree/JCTree$JCTypeCast 65 com/sun/tools/javac/comp/InferenceContext 71 com/sun/tools/javac/comp/Check methods 0
ciMethodData com/sun/tools/javac/comp/DeferredAttr$DeferredType check (Lcom/sun/tools/javac/comp/Attr$ResultInfo;)Lcom/sun/tools/javac/code/Type; 1 385 orig 80 0 0 0 0 0 0 0 0 0 0 0 0 0 0 0 0 0 0 0 0 0 0 0 0 0 0 0 0 0 0 0 0 0 0 0 0 0 0 0 0 0 0 0 0 0 0 0 0 0 0 0 0 0 0 0 0 0 0 0 0 0 0 0 0 0 0 0 0 0 0 0 0 0 0 0 0 0 0 0 0 data 72 0x70005 0x9f 0x2b2f1011a68 0xda 0x2b2f10119c0 0x8 0xa0007 0x0 0x70 0x181 0x110005 0x9f 0x2b2f1011a68 0xda 0x2b2f10119c0 0x8 0x140007 0x181 0x38 0x0 0x1f0003 0x0 0x120 0x260005 0x0 0x2b2eea63b68 0x17e 0x2b2ebee2240 0x3 0x310007 0x125 0xa0 0x5c 0x380005 0x0 0x2b2eea63b68 0x5c 0x0 0x0 0x3d0005 0x0 0x2b2f10120f8 0x5c 0x0 0x0 0x400007 0x5c 0x48 0x0 0x4d0002 0x125 0x510003 0x125 0x28 0x5e0002 0x5c 0x650005 0x181 0x0 0x0 0x0 0x0 0x0 0x0 0x0 0x0 0x0 0x0 0x9 0x2 0x0 0x0 oops 8 2 com/sun/tools/javac/code/Type$ClassType 4 com/sun/tools/javac/code/Type$TypeVar 12 com/sun/tools/javac/code/Type$ClassType 14 com/sun/tools/javac/code/Type$TypeVar 25 com/sun/tools/javac/comp/Resolve$4$1 27 com/sun/tools/javac/comp/Attr$5 35 com/sun/tools/javac/comp/Resolve$4$1 41 com/sun/tools/javac/comp/DeferredAttr$DeferredAttrContext methods 0
ciMethodData com/sun/tools/javac/comp/Resolve$MethodResultInfo U (Lcom/sun/tools/javac/code/Type;)Lcom/sun/tools/javac/code/Type; 2 2514 orig 80 0 0 0 0 0 0 0 0 0 0 0 0 0 0 0 0 0 0 0 0 0 0 0 0 0 0 0 0 0 0 0 0 0 0 0 0 0 0 0 0 0 0 0 0 0 0 0 0 0 0 0 0 0 0 0 0 0 0 0 0 0 0 0 0 0 0 0 0 0 0 0 0 0 0 0 0 0 0 0 0 data 23 0x50007 0x843 0x38 0x18f 0x90003 0x18f 0x48 0x140005 0x0 0x2b2f1011720 0x843 0x0 0x0 0x0 0x0 0x0 0x0 0x0 0x0 0x9 0x2 0x0 0x0 oops 1 9 com/sun/tools/javac/code/Types methods 0
ciMethodData com/sun/tools/javac/comp/Resolve$MethodResultInfo <init> (Lcom/sun/tools/javac/comp/Resolve;Lcom/sun/tools/javac/code/Type;Lcom/sun/tools/javac/comp/Check$CheckContext;)V 2 2472 orig 80 0 0 0 0 0 0 0 0 0 0 0 0 0 0 0 0 0 0 0 0 0 0 0 0 0 0 0 0 0 0 0 0 0 0 0 0 0 0 0 0 0 0 0 0 0 0 0 0 0 0 0 0 0 0 0 0 0 0 0 0 0 0 0 0 0 0 0 0 0 0 0 0 0 0 0 0 0 0 0 0 data 18 0x30002 0x9a8 0x100002 0x9a8 0x190002 0x9a8 0x0 0x0 0x0 0x0 0x0 0x0 0x9 0x4 0x1e 0x0 0x0 0x0 oops 0 methods 0
ciMethodData com/sun/tools/javac/util/JCDiagnostic$Factory create (Ljava/util/Set;Lcom/sun/tools/javac/util/DiagnosticSource;Lcom/sun/tools/javac/util/JCDiagnostic$DiagnosticPosition;Lcom/sun/tools/javac/util/JCDiagnostic$DiagnosticInfo;)Lcom/sun/tools/javac/util/JCDiagnostic; 1 963 orig 80 0 0 0 0 0 0 0 0 0 0 0 0 0 0 0 0 0 0 0 0 0 0 0 0 0 0 0 0 0 0 0 0 0 0 0 0 0 0 0 0 0 0 0 0 0 0 0 0 0 0 0 0 0 0 0 0 0 0 0 0 0 0 0 0 0 0 0 0 0 0 0 0 0 0 0 0 0 0 0 0 data 21 0xb0005 0x0 0x2b2ec4428a8 0x3c4 0x0 0x0 0x110002 0x3c4 0x0 0x0 0x0 0x0 0x0 0x0 0x9 0x5 0x0 0x0 0x0 0x0 0x0 oops 1 2 com/sun/tools/javac/util/JCDiagnostic$Factory methods 0
ciMethodData com/sun/tools/javac/util/JCDiagnostic$Factory normalize (Lcom/sun/tools/javac/util/JCDiagnostic$DiagnosticInfo;)Lcom/sun/tools/javac/util/JCDiagnostic$DiagnosticInfo; 1 957 orig 80 0 0 0 0 0 0 0 0 0 0 0 0 0 0 0 0 0 0 0 0 0 0 0 0 0 0 0 0 0 0 0 0 0 0 0 0 0 0 0 0 0 0 0 0 0 0 0 0 0 0 0 0 0 0 0 0 0 0 0 0 0 0 0 0 0 0 0 0 0 0 0 0 0 0 0 0 0 0 0 0 data 51 0x10004 0x0 0x2b2ec442c10 0x3be 0x0 0x0 0x40007 0x3be 0x68 0x0 0x80004 0x0 0x0 0x0 0x0 0x0 0x100003 0x0 0x18 0x2a0002 0x3be 0x2e000a 0x3be 0x3 0x0 0x2b2ec4428a8 0x2b2f02b3138 0x330005 0x0 0x2b2f02b31e0 0x3be 0x0 0x0 0x380005 0x0 0x2b2f02b3288 0x3be 0x0 0x0 0x3d0002 0x3be 0x0 0x0 0x0 0x0 0x0 0x0 0x9 0x2 0x0 0x0 oops 5 2 com/sun/tools/javac/util/JCDiagnostic$Fragment 25 com/sun/tools/javac/util/JCDiagnostic$Factory 26  @bci com/sun/tools/javac/util/JCDiagnostic$Factory normalize (Lcom/sun/tools/javac/util/JCDiagnostic$DiagnosticInfo;)Lcom/sun/tools/javac/util/JCDiagnostic$DiagnosticInfo; 46 <appendix> member <vmtarget> ; 29 java/util/stream/ReferencePipeline$Head 35 java/util/stream/ReferencePipeline$3 methods 0
ciMethodData com/sun/tools/javac/util/JCDiagnostic <init> (Lcom/sun/tools/javac/api/DiagnosticFormatter;Lcom/sun/tools/javac/util/JCDiagnostic$DiagnosticInfo;Ljava/util/Set;Lcom/sun/tools/javac/util/DiagnosticSource;Lcom/sun/tools/javac/util/JCDiagnostic$DiagnosticPosition;)V 1 955 orig 80 0 0 0 0 0 0 0 0 0 0 0 0 0 0 0 0 0 0 0 0 0 0 0 0 0 0 0 0 0 0 0 0 0 0 0 0 0 0 0 0 0 0 0 0 0 0 0 0 0 0 0 0 0 0 0 0 0 0 0 0 0 0 0 0 0 0 0 0 0 0 0 0 0 0 0 0 0 0 0 0 data 12 0x90002 0x3bc 0x0 0x0 0x9 0x6 0x3e 0x0 0x0 0x0 0x0 0x0 oops 0 methods 0
ciMethodData com/sun/tools/javac/util/JCDiagnostic$Factory create (Lcom/sun/tools/javac/util/JCDiagnostic$DiagnosticType;Lcom/sun/tools/javac/util/DiagnosticSource;Lcom/sun/tools/javac/util/JCDiagnostic$DiagnosticPosition;Ljava/lang/String;[Ljava/lang/Object;)Lcom/sun/tools/javac/util/JCDiagnostic; 1 0 orig 80 0 0 0 0 0 0 0 0 0 0 0 0 0 0 0 0 0 0 0 0 0 0 0 0 0 0 0 0 0 0 0 0 0 0 0 0 0 0 0 0 0 0 0 0 0 0 0 0 0 0 0 0 0 0 0 0 0 0 0 0 0 0 0 0 0 0 0 0 0 0 0 0 0 0 0 0 0 0 0 0 data 24 0x30002 0x0 0x120002 0x0 0x150005 0x0 0x0 0x0 0x0 0x0 0x0 0x0 0x0 0x0 0x0 0x0 0x9 0x6 0x0 0x0 0x0 0x0 0x0 0x0 oops 0 methods 0
ciMethodData com/sun/tools/javac/comp/Infer error (Lcom/sun/tools/javac/util/JCDiagnostic;)Lcom/sun/tools/javac/comp/Infer$InferenceException; 1 1 orig 80 0 0 0 0 0 0 0 0 0 0 0 0 0 0 0 0 0 0 0 0 0 0 0 0 0 0 0 0 0 0 0 0 0 0 0 0 0 0 0 0 0 0 0 0 0 0 0 0 0 0 0 0 0 0 0 0 0 0 0 0 0 0 0 0 0 0 0 0 0 0 0 0 0 0 0 0 0 0 0 0 data 22 0x80002 0x1 0xd0007 0x1 0x50 0x0 0x160005 0x0 0x0 0x0 0x0 0x0 0x0 0x0 0x0 0x0 0x0 0x0 0x9 0x2 0x0 0x0 oops 0 methods 0
ciMethodData com/sun/tools/javac/comp/Resolve$AbstractMethodCheck getMethodCheckFailure ()Lcom/sun/tools/javac/comp/Resolve$AbstractMethodCheck$SharedInapplicableMethodException; 1 1 orig 80 0 0 0 0 0 0 0 0 0 0 0 0 0 0 0 0 0 0 0 0 0 0 0 0 0 0 0 0 0 0 0 0 0 0 0 0 0 0 0 0 0 0 0 0 0 0 0 0 0 0 0 0 0 0 0 0 0 0 0 0 0 0 0 0 0 0 0 0 0 0 0 0 0 0 0 0 0 0 0 0 data 18 0x40007 0x1 0x48 0x0 0xd0002 0x0 0x140003 0x0 0x18 0x0 0x0 0x0 0x0 0x0 0x0 0x9 0x1 0x6 oops 0 methods 0
ciMethodData com/sun/tools/javac/comp/Resolve$AbstractMethodCheck$SharedInapplicableMethodException <init> (Lcom/sun/tools/javac/comp/Resolve$AbstractMethodCheck;)V 1 0 orig 80 0 0 0 0 0 0 0 0 0 0 0 0 0 0 0 0 0 0 0 0 0 0 0 0 0 0 0 0 0 0 0 0 0 0 0 0 0 0 0 0 0 0 0 0 0 0 0 0 0 0 0 0 0 0 0 0 0 0 0 0 0 0 0 0 0 0 0 0 0 0 0 0 0 0 0 0 0 0 0 0 data 14 0x30002 0x0 0x130002 0x0 0x0 0x0 0x0 0x0 0x0 0x0 0x9 0x2 0x38 0x0 oops 0 methods 0
ciMethodData com/sun/tools/javac/comp/Resolve$AbstractMethodCheck$SharedInapplicableMethodException setMessage (Lcom/sun/tools/javac/util/JCDiagnostic;)Lcom/sun/tools/javac/comp/Resolve$AbstractMethodCheck$SharedInapplicableMethodException; 1 1 orig 80 0 0 0 0 0 0 0 0 0 0 0 0 0 0 0 0 0 0 0 0 0 0 0 0 0 0 0 0 0 0 0 0 0 0 0 0 0 0 0 0 0 0 0 0 0 0 0 0 0 0 0 0 0 0 0 0 0 0 0 0 0 0 0 0 0 0 0 0 0 0 0 0 0 0 0 0 0 0 0 0 data 8 0x0 0x0 0x0 0x0 0x9 0x2 0x30 0x0 oops 0 methods 0
ciMethodData com/sun/tools/javac/util/JCDiagnostic$DiagnosticInfo of (Lcom/sun/tools/javac/util/JCDiagnostic$DiagnosticType;Ljava/util/Set;Ljava/lang/String;Ljava/lang/String;[Ljava/lang/Object;)Lcom/sun/tools/javac/util/JCDiagnostic$DiagnosticInfo; 1 0 orig 80 0 0 0 0 0 0 0 0 0 0 0 0 0 0 0 0 0 0 0 0 0 0 0 0 0 0 0 0 0 0 0 0 0 0 0 0 0 0 0 0 0 0 0 0 0 0 0 0 0 0 0 0 0 0 0 0 0 0 0 0 0 0 0 0 0 0 0 0 0 0 0 0 0 0 0 0 0 0 0 0 data 15 0x70002 0x0 0x0 0x0 0x0 0x0 0x0 0x0 0x9 0x5 0xffffffffffffffff 0x0 0x0 0x0 0x0 oops 0 methods 0
ciMethod com/sun/tools/javac/comp/Resolve$MostSpecificCheck argumentsAcceptable (Lcom/sun/tools/javac/comp/Env;Lcom/sun/tools/javac/comp/DeferredAttr$DeferredAttrContext;Lcom/sun/tools/javac/util/List;Lcom/sun/tools/javac/util/List;Lcom/sun/tools/javac/util/Warner;)V 576 326 208 104 0
ciMethod com/sun/tools/javac/comp/Resolve$MostSpecificCheck methodCheckResult (Lcom/sun/tools/javac/code/Type;Lcom/sun/tools/javac/comp/DeferredAttr$DeferredAttrContext;Lcom/sun/tools/javac/util/Warner;Lcom/sun/tools/javac/code/Type;)Lcom/sun/tools/javac/comp/Attr$ResultInfo; 516 0 216 0 0
ciMethod com/sun/tools/javac/comp/Resolve$MostSpecificCheck$MostSpecificCheckContext <init> (Lcom/sun/tools/javac/comp/Resolve$MostSpecificCheck;Lcom/sun/tools/javac/comp/DeferredAttr$DeferredAttrContext;Lcom/sun/tools/javac/util/Warner;Lcom/sun/tools/javac/code/Type;)V 520 0 216 0 -1
ciMethod com/sun/tools/javac/code/Kinds kindName (Lcom/sun/tools/javac/code/Symbol;)Lcom/sun/tools/javac/code/Kinds$KindName; 134 0 50 0 -1
ciMethod com/sun/tools/javac/comp/DeferredAttr$DeferredAttrNode process (Lcom/sun/tools/javac/comp/DeferredAttr$DeferredAttrContext;)Z 22 0 5 0 0
ciMethod com/sun/tools/javac/comp/DeferredAttr$DeferredAttrNode$StructuralStuckChecker <init> (Lcom/sun/tools/javac/comp/DeferredAttr$DeferredAttrNode;)V 22 0 5 0 -1
ciMethod com/sun/tools/javac/comp/DeferredAttr$DeferredAttrNode$StructuralStuckChecker check (Lcom/sun/tools/javac/comp/DeferredAttr$DeferredType;Lcom/sun/tools/javac/comp/Attr$ResultInfo;Lcom/sun/tools/javac/comp/DeferredAttr$DeferredAttrContext;)V 22 0 5 0 -1
ciMethodData com/sun/tools/javac/comp/DeferredAttr$FilterScanner scan (Lcom/sun/tools/javac/tree/JCTree;)V 1 190 orig 80 0 0 0 0 0 0 0 0 0 0 0 0 0 0 0 0 0 0 0 0 0 0 0 0 0 0 0 0 0 0 0 0 0 0 0 0 0 0 0 0 0 0 0 0 0 0 0 0 0 0 0 0 0 0 0 0 0 0 0 0 0 0 0 0 0 0 0 0 0 0 0 0 0 0 0 0 0 0 0 0 data 35 0x10007 0x0 0xc8 0xbe 0x90005 0x0 0x2b2eee5d780 0xbe 0x0 0x0 0xe0007 0xac 0x48 0x12 0x130002 0x12 0x160003 0x12 0x48 0x1b0005 0x3 0x2b2ebee5668 0x2a 0x2b2ebee5068 0x7f 0x0 0x0 0x0 0x0 0x0 0x0 0x9 0x2 0x0 0x0 oops 3 6  @bci com/sun/tools/javac/comp/DeferredAttr$FilterScanner <init> (Ljava/util/Set;)V 6 <appendix> member <vmtarget> ; 21 com/sun/tools/javac/comp/DeferredAttr$CheckStuckPolicy 23 com/sun/tools/javac/comp/DeferredAttr$OverloadStuckPolicy methods 0
ciMethodData com/sun/tools/javac/comp/DeferredAttr$FilterScanner skip (Lcom/sun/tools/javac/tree/JCTree;)V 1 173 orig 80 0 0 0 0 0 0 0 0 0 0 0 0 0 0 0 0 0 0 0 0 0 0 0 0 0 0 0 0 0 0 0 0 0 0 0 0 0 0 0 0 0 0 0 0 0 0 0 0 0 0 0 0 0 0 0 0 0 0 0 0 0 0 0 0 0 0 0 0 0 0 0 0 0 0 0 0 0 0 0 0 data 5 0x0 0x9 0x2 0x0 0x0 oops 0 methods 0
ciMethodData com/sun/tools/javac/comp/DeferredAttr$FilterScanner <init> (Ljava/util/Set;)V 1 146 orig 80 0 0 0 0 0 0 0 0 0 0 0 0 0 0 0 0 0 0 0 0 0 0 0 0 0 0 0 0 0 0 0 0 0 0 0 0 0 0 0 0 0 0 0 0 0 0 0 0 0 0 0 0 0 0 0 0 0 0 0 0 0 0 0 0 0 0 0 0 0 0 0 0 0 0 0 0 0 0 0 0 data 16 0x10002 0x92 0x6000a 0x92 0x3 0x0 0x2b2eee5d6d8 0x2b2eee5d780 0x0 0x0 0x0 0x0 0x9 0x2 0x6 0x0 oops 2 6 java/util/JumboEnumSet 7  @bci com/sun/tools/javac/comp/DeferredAttr$FilterScanner <init> (Ljava/util/Set;)V 6 <appendix> member <vmtarget> ; methods 0
ciMethodData  @bci com/sun/tools/javac/comp/DeferredAttr$FilterScanner <init> (Ljava/util/Set;)V 6 <appendix> member <vmtarget> ; <init> (Ljava/util/Set;)V 1 147 orig 80 0 0 0 0 0 0 0 0 0 0 0 0 0 0 0 0 0 0 0 0 0 0 0 0 0 0 0 0 0 0 0 0 0 0 0 0 0 0 0 0 0 0 0 0 0 0 0 0 0 0 0 0 0 0 0 0 0 0 0 0 0 0 0 0 0 0 0 0 0 0 0 0 0 0 0 0 0 0 0 0 data 10 0x10002 0x93 0x0 0x0 0x0 0x0 0x9 0x2 0x6 0x0 oops 0 methods 0
ciMethodData com/sun/tools/javac/comp/DeferredAttr$CheckStuckPolicy <init> (Lcom/sun/tools/javac/comp/DeferredAttr;Lcom/sun/tools/javac/comp/Attr$ResultInfo;Lcom/sun/tools/javac/comp/DeferredAttr$DeferredType;)V 1 140 orig 80 0 0 0 0 0 0 0 0 0 0 0 0 0 0 0 0 0 0 0 0 0 0 0 0 0 0 0 0 0 0 0 0 0 0 0 0 0 0 0 0 0 0 0 0 0 0 0 0 0 0 0 0 0 0 0 0 0 0 0 0 0 0 0 0 0 0 0 0 0 0 0 0 0 0 0 0 0 0 0 0 data 57 0x30002 0x8c 0xb0002 0x8c 0x130002 0x8c 0x1e0002 0x8c 0x310005 0x0 0x2b2eea63b68 0x8b 0x2b2ebee2240 0x1 0x3e0005 0x0 0x2b2ebee5668 0x1e 0x2b2ebee5068 0x6e 0x450005 0x0 0x2b2eee58b60 0x8c 0x0 0x0 0x4a0007 0x8c 0x90 0x0 0x510005 0x0 0x0 0x0 0x0 0x0 0x5a0002 0x0 0x5e0005 0x0 0x0 0x0 0x0 0x0 0x0 0x0 0x0 0x0 0x0 0x0 0x0 0x9 0x4 0xffffffffffffffff 0x0 0x0 0x0 oops 5 10 com/sun/tools/javac/comp/Resolve$4$1 12 com/sun/tools/javac/comp/Attr$5 16 com/sun/tools/javac/comp/DeferredAttr$CheckStuckPolicy 18 com/sun/tools/javac/comp/DeferredAttr$OverloadStuckPolicy 22 java/util/LinkedHashSet methods 0
ciMethodData com/sun/tools/javac/comp/DeferredAttr$PolyScanner <init> ()V 1 139 orig 80 0 0 0 0 0 0 0 0 0 0 0 0 0 0 0 0 0 0 0 0 0 0 0 0 0 0 0 0 0 0 0 0 0 0 0 0 0 0 0 0 0 0 0 0 0 0 0 0 0 0 0 0 0 0 0 0 0 0 0 0 0 0 0 0 0 0 0 0 0 0 0 0 0 0 0 0 0 0 0 0 data 13 0x100002 0x8b 0x130002 0x8b 0x0 0x0 0x0 0x0 0x0 0x0 0x9 0x1 0x6 oops 0 methods 0
ciMethodData com/sun/tools/javac/comp/DeferredAttr$DeferredType check (Lcom/sun/tools/javac/comp/Attr$ResultInfo;Lcom/sun/tools/javac/comp/DeferredAttr$DeferredStuckPolicy;)Lcom/sun/tools/javac/code/Type; 1 190 orig 80 0 0 0 0 0 0 0 0 0 0 0 0 0 0 0 0 0 0 0 0 0 0 0 0 0 0 0 0 0 0 0 0 0 0 0 0 0 0 0 0 0 0 0 0 0 0 0 0 0 0 0 0 0 0 0 0 0 0 0 0 0 0 0 0 0 0 0 0 0 0 0 0 0 0 0 0 0 0 0 0 data 61 0x40005 0x0 0x2b2eea63b68 0xbd 0x2b2ebee2240 0x1 0x120007 0x0 0x38 0xbe 0x160003 0xbe 0x18 0x1a0002 0xbe 0x1e0005 0x0 0x2b2ebee5068 0x93 0x2b2ebee5668 0x2b 0x230007 0xba 0xa0 0x4 0x2a0005 0x0 0x2b2f10120f8 0x4 0x0 0x0 0x340007 0x0 0x50 0x4 0x3f0005 0x0 0x2b2ec5c94d8 0x4 0x0 0x0 0x530005 0x2 0x2b2ebee2048 0xb0 0x2b2ebee1a00 0x8 0x0 0x0 0x0 0x0 0x0 0x0 0x0 0x9 0x3 0xffffffffffffffff 0xffffffffffffffff 0xffffffffffffffff 0x630201 0x630001 oops 8 2 com/sun/tools/javac/comp/Resolve$4$1 4 com/sun/tools/javac/comp/Attr$5 17 com/sun/tools/javac/comp/DeferredAttr$OverloadStuckPolicy 19 com/sun/tools/javac/comp/DeferredAttr$CheckStuckPolicy 27 com/sun/tools/javac/comp/DeferredAttr$DeferredAttrContext 37 java/util/HashSet 43 com/sun/tools/javac/comp/ArgumentAttr$ResolvedMethodType 45 com/sun/tools/javac/comp/DeferredAttr$DeferredType methods 0
ciMethodData com/sun/tools/javac/comp/DeferredAttr$OverloadStuckPolicy <init> (Lcom/sun/tools/javac/comp/DeferredAttr;Lcom/sun/tools/javac/comp/Attr$ResultInfo;Lcom/sun/tools/javac/comp/DeferredAttr$DeferredType;)V 1 105 orig 80 0 0 0 0 0 0 0 0 0 0 0 0 0 0 0 0 0 0 0 0 0 0 0 0 0 0 0 0 0 0 0 0 0 0 0 0 0 0 0 0 0 0 0 0 0 0 0 0 0 0 0 0 0 0 0 0 0 0 0 0 0 0 0 0 0 0 0 0 0 0 0 0 0 0 0 0 0 0 0 0 data 16 0x20002 0x69 0xb0002 0x69 0x0 0x0 0x0 0x0 0x0 0x0 0x9 0x4 0x0 0x0 0x0 0x0 oops 0 methods 0
ciMethodData com/sun/tools/javac/util/CompilerInternalException <init> (Z)V 1 191 orig 80 0 0 0 0 0 0 0 0 0 0 0 0 0 0 0 0 0 0 0 0 0 0 0 0 0 0 0 0 0 0 0 0 0 0 0 0 0 0 0 0 0 0 0 0 0 0 0 0 0 0 0 0 0 0 0 0 0 0 0 0 0 0 0 0 0 0 0 0 0 0 0 0 0 0 0 0 0 0 0 0 data 15 0x10002 0xbf 0x50007 0xbf 0x30 0x0 0x90002 0x0 0x0 0x0 0x0 0x9 0x2 0x18 0x0 oops 0 methods 0
ciMethodData com/sun/tools/javac/comp/Resolve adjustArgs (Lcom/sun/tools/javac/util/List;Lcom/sun/tools/javac/code/Symbol;IZ)Lcom/sun/tools/javac/util/List; 1 160 orig 80 0 0 0 0 0 0 0 0 0 0 0 0 0 0 0 0 0 0 0 0 0 0 0 0 0 0 0 0 0 0 0 0 0 0 0 0 0 0 0 0 0 0 0 0 0 0 0 0 0 0 0 0 0 0 0 0 0 0 0 0 0 0 0 0 0 0 0 0 0 0 0 0 0 0 0 0 0 0 0 0 data 138 0x10005 0x0 0x2b2f1011d08 0xa0 0x0 0x0 0xa0007 0xa0 0x3b8 0x0 0xf0007 0x0 0x398 0x0 0x170005 0x0 0x0 0x0 0x0 0x0 0x1a0004 0x0 0x0 0x0 0x0 0x0 0x1d0005 0x0 0x0 0x0 0x0 0x0 0x240007 0x0 0x160 0x0 0x2b0002 0x0 0x310005 0x0 0x0 0x0 0x0 0x0 0x350005 0x0 0x0 0x0 0x0 0x0 0x380005 0x0 0x0 0x0 0x0 0x0 0x3e0005 0x0 0x0 0x0 0x0 0x0 0x420005 0x0 0x0 0x0 0x0 0x0 0x450005 0x0 0x0 0x0 0x0 0x0 0x480002 0x0 0x4d0005 0x0 0x0 0x0 0x0 0x0 0x550005 0x0 0x0 0x0 0x0 0x0 0x580005 0x0 0x0 0x0 0x0 0x0 0x5f0005 0x0 0x0 0x0 0x0 0x0 0x630007 0x0 0xc8 0x0 0x6a0005 0x0 0x0 0x0 0x0 0x0 0x6d0004 0x0 0x0 0x0 0x0 0x0 0x700005 0x0 0x0 0x0 0x0 0x0 0x750003 0x0 0xffffffffffffff20 0x0 0x0 0x0 0x0 0x0 0x0 0x9 0x5 0x0 0x0 0x0 0x0 0x0 oops 1 2 com/sun/tools/javac/code/Symbol$MethodSymbol methods 0
compile com/sun/tools/javac/comp/Resolve rawInstantiate (Lcom/sun/tools/javac/comp/Env;Lcom/sun/tools/javac/code/Type;Lcom/sun/tools/javac/code/Symbol;Lcom/sun/tools/javac/comp/Attr$ResultInfo;Lcom/sun/tools/javac/util/List;Lcom/sun/tools/javac/util/List;ZZLcom/sun/tools/javac/util/Warner;)Lcom/sun/tools/javac/code/Type; -1 4 inline 170 0 -1 0 com/sun/tools/javac/comp/Resolve rawInstantiate (Lcom/sun/tools/javac/comp/Env;Lcom/sun/tools/javac/code/Type;Lcom/sun/tools/javac/code/Symbol;Lcom/sun/tools/javac/comp/Attr$ResultInfo;Lcom/sun/tools/javac/util/List;Lcom/sun/tools/javac/util/List;ZZLcom/sun/tools/javac/util/Warner;)Lcom/sun/tools/javac/code/Type; 1 6 0 com/sun/tools/javac/code/Types memberType (Lcom/sun/tools/javac/code/Type;Lcom/sun/tools/javac/code/Symbol;)Lcom/sun/tools/javac/code/Type; 2 1 0 com/sun/tools/javac/code/Symbol flags ()J 2 26 0 com/sun/tools/javac/code/Types$DefaultTypeVisitor visit (Lcom/sun/tools/javac/code/Type;Ljava/lang/Object;)Ljava/lang/Object; 1 11 0 com/sun/tools/javac/util/List nil ()Lcom/sun/tools/javac/util/List; 1 21 0 com/sun/tools/javac/util/List nil ()Lcom/sun/tools/javac/util/List; 1 31 0 com/sun/tools/javac/code/Type hasTag (Lcom/sun/tools/javac/code/TypeTag;)Z 1 39 0 com/sun/tools/javac/util/List nonEmpty ()Z 1 53 0 com/sun/tools/javac/code/Type hasTag (Lcom/sun/tools/javac/code/TypeTag;)Z 1 61 0 com/sun/tools/javac/util/List nonEmpty ()Z 1 305 0 com/sun/tools/javac/code/Type hasTag (Lcom/sun/tools/javac/code/TypeTag;)Z 1 336 0 com/sun/tools/javac/util/List appendList (Lcom/sun/tools/javac/util/List;)Lcom/sun/tools/javac/util/List; 1 357 0 com/sun/tools/javac/code/Types subst (Lcom/sun/tools/javac/code/Type;Lcom/sun/tools/javac/util/List;Lcom/sun/tools/javac/util/List;)Lcom/sun/tools/javac/code/Type; 2 8 0 com/sun/tools/javac/code/Types$Subst <init> (Lcom/sun/tools/javac/code/Types;Lcom/sun/tools/javac/util/List;Lcom/sun/tools/javac/util/List;)V 3 3 0 java/util/Objects requireNonNull (Ljava/lang/Object;)Ljava/lang/Object; 3 11 0 com/sun/tools/javac/code/Type$StructuralTypeMapping <init> ()V 4 1 0 com/sun/tools/javac/code/Types$TypeMapping <init> ()V 5 1 0 com/sun/tools/javac/code/Types$MapVisitor <init> ()V 6 1 0 com/sun/tools/javac/code/Types$DefaultTypeVisitor <init> ()V 7 1 0 java/lang/Object <init> ()V 3 15 0 com/sun/tools/javac/util/List length ()I 3 21 0 com/sun/tools/javac/util/List length ()I 2 11 0 com/sun/tools/javac/code/Type map (Lcom/sun/tools/javac/code/Types$TypeMapping;)Lcom/sun/tools/javac/code/Type; 3 3 0 com/sun/tools/javac/code/Types$DefaultTypeVisitor visit (Lcom/sun/tools/javac/code/Type;Ljava/lang/Object;)Ljava/lang/Object; 1 405 0 com/sun/tools/javac/code/Type hasTag (Lcom/sun/tools/javac/code/TypeTag;)Z 1 479 0 com/sun/tools/javac/comp/Resolve$MethodResolutionContext deferredAttrContext (Lcom/sun/tools/javac/code/Symbol;Lcom/sun/tools/javac/comp/InferenceContext;Lcom/sun/tools/javac/comp/Attr$ResultInfo;Lcom/sun/tools/javac/util/Warner;)Lcom/sun/tools/javac/comp/DeferredAttr$DeferredAttrContext; 2 21 0 com/sun/tools/javac/comp/Check$1 deferredAttrContext ()Lcom/sun/tools/javac/comp/DeferredAttr$DeferredAttrContext; 2 40 0 java/util/Objects requireNonNull (Ljava/lang/Object;)Ljava/lang/Object; 2 58 0 com/sun/tools/javac/comp/DeferredAttr$DeferredAttrContext <init> (Lcom/sun/tools/javac/comp/DeferredAttr;Lcom/sun/tools/javac/comp/DeferredAttr$AttrMode;Lcom/sun/tools/javac/code/Symbol;Lcom/sun/tools/javac/comp/Resolve$MethodResolutionPhase;Lcom/sun/tools/javac/comp/InferenceContext;Lcom/sun/tools/javac/comp/DeferredAttr$DeferredAttrContext;Lcom/sun/tools/javac/util/Warner;)V 3 3 0 java/util/Objects requireNonNull (Ljava/lang/Object;)Ljava/lang/Object; 3 11 0 java/lang/Object <init> ()V 3 19 0 java/util/ArrayList <init> ()V 4 1 0 java/util/AbstractList <init> ()V 5 1 0 java/util/AbstractCollection <init> ()V 6 1 0 java/lang/Object <init> ()V 1 498 0 com/sun/tools/javac/code/Type$MethodType getParameterTypes ()Lcom/sun/tools/javac/util/List; 1 503 0 com/sun/tools/javac/comp/Resolve$4 argumentsAcceptable (Lcom/sun/tools/javac/comp/Env;Lcom/sun/tools/javac/comp/DeferredAttr$DeferredAttrContext;Lcom/sun/tools/javac/util/List;Lcom/sun/tools/javac/util/List;Lcom/sun/tools/javac/util/Warner;)V 2 8 0 com/sun/tools/javac/comp/Resolve$AbstractMethodCheck argumentsAcceptable (Lcom/sun/tools/javac/comp/Env;Lcom/sun/tools/javac/comp/DeferredAttr$DeferredAttrContext;Lcom/sun/tools/javac/util/List;Lcom/sun/tools/javac/util/List;Lcom/sun/tools/javac/util/Warner;)V 3 4 0 com/sun/tools/javac/comp/Resolve$MethodResolutionPhase isVarargsRequired ()Z 3 11 0 com/sun/tools/javac/comp/Resolve$AbstractMethodCheck treeForDiagnostics (Lcom/sun/tools/javac/comp/Env;)Lcom/sun/tools/javac/tree/JCTree; 3 18 0 com/sun/tools/javac/tree/TreeInfo args (Lcom/sun/tools/javac/tree/JCTree;)Lcom/sun/tools/javac/util/List; 4 7 0 java/lang/Enum ordinal ()I 3 36 0 com/sun/tools/javac/util/List last ()Ljava/lang/Object; 3 54 0 com/sun/tools/javac/util/List size ()I 4 1 0 com/sun/tools/javac/util/List length ()I 3 59 0 com/sun/tools/javac/util/List size ()I 4 1 0 com/sun/tools/javac/util/List length ()I 3 77 0 com/sun/tools/javac/comp/Resolve$AbstractMethodCheck reportMC (Lcom/sun/tools/javac/util/JCDiagnostic$DiagnosticPosition;Lcom/sun/tools/javac/comp/Resolve$MethodCheckDiag;Lcom/sun/tools/javac/comp/InferenceContext;[Ljava/lang/Object;)V 4 66 0 com/sun/tools/javac/comp/InferenceContext inferenceVars ()Lcom/sun/tools/javac/util/List; 4 121 0 com/sun/tools/javac/util/AbstractLog currentSource ()Lcom/sun/tools/javac/util/DiagnosticSource; 4 159 0 com/sun/tools/javac/util/AbstractLog currentSource ()Lcom/sun/tools/javac/util/DiagnosticSource; 3 81 0 com/sun/tools/javac/util/List nonEmpty ()Z 3 138 0 com/sun/tools/javac/comp/Resolve$4 checkArg (Lcom/sun/tools/javac/util/JCDiagnostic$DiagnosticPosition;ZLcom/sun/tools/javac/code/Type;Lcom/sun/tools/javac/code/Type;Lcom/sun/tools/javac/comp/DeferredAttr$DeferredAttrContext;Lcom/sun/tools/javac/util/Warner;)V 4 8 0 com/sun/tools/javac/comp/Resolve$4 methodCheckResult (ZLcom/sun/tools/javac/code/Type;Lcom/sun/tools/javac/comp/DeferredAttr$DeferredAttrContext;Lcom/sun/tools/javac/util/Warner;)Lcom/sun/tools/javac/comp/Attr$ResultInfo; 5 9 0 com/sun/tools/javac/comp/Resolve$MethodResolutionPhase isBoxingRequired ()Z 5 24 0 com/sun/tools/javac/comp/Resolve$4$1 <init> (Lcom/sun/tools/javac/comp/Resolve$4;ZLcom/sun/tools/javac/comp/DeferredAttr$DeferredAttrContext;Lcom/sun/tools/javac/util/Warner;Z)V 6 9 0 java/util/Objects requireNonNull (Ljava/lang/Object;)Ljava/lang/Object; 6 25 0 com/sun/tools/javac/comp/Resolve$MethodCheckContext <init> (Lcom/sun/tools/javac/comp/Resolve;ZLcom/sun/tools/javac/comp/DeferredAttr$DeferredAttrContext;Lcom/sun/tools/javac/util/Warner;)V 7 3 0 java/util/Objects requireNonNull (Ljava/lang/Object;)Ljava/lang/Object; 7 11 0 java/lang/Object <init> ()V 5 40 0 com/sun/tools/javac/comp/Resolve$MethodResultInfo <init> (Lcom/sun/tools/javac/comp/Resolve;Lcom/sun/tools/javac/code/Type;Lcom/sun/tools/javac/comp/Check$CheckContext;)V 6 3 0 java/util/Objects requireNonNull (Ljava/lang/Object;)Ljava/lang/Object; 6 16 0 java/util/Objects requireNonNull (Ljava/lang/Object;)Ljava/lang/Object; 6 25 0 com/sun/tools/javac/comp/Attr$ResultInfo <init> (Lcom/sun/tools/javac/comp/Attr;Lcom/sun/tools/javac/code/Kinds$KindSelector;Lcom/sun/tools/javac/code/Type;Lcom/sun/tools/javac/comp/Check$CheckContext;)V 7 9 0 com/sun/tools/javac/comp/Attr$ResultInfo <init> (Lcom/sun/tools/javac/comp/Attr;Lcom/sun/tools/javac/code/Kinds$KindSelector;Lcom/sun/tools/javac/code/Type;Lcom/sun/tools/javac/comp/Check$CheckContext;Lcom/sun/tools/javac/comp/Attr$CheckMode;)V 8 3 0 java/util/Objects requireNonNull (Ljava/lang/Object;)Ljava/lang/Object; 8 11 0 java/lang/Object <init> ()V 4 17 0 com/sun/tools/javac/comp/Resolve$MethodResultInfo check (Lcom/sun/tools/javac/util/JCDiagnostic$DiagnosticPosition;Lcom/sun/tools/javac/code/Type;)Lcom/sun/tools/javac/code/Type; 5 4 0 com/sun/tools/javac/code/Type hasTag (Lcom/sun/tools/javac/code/TypeTag;)Z 5 17 0 com/sun/tools/javac/comp/DeferredAttr$DeferredType check (Lcom/sun/tools/javac/comp/Attr$ResultInfo;)Lcom/sun/tools/javac/code/Type; 6 94 0 com/sun/tools/javac/comp/DeferredAttr$CheckStuckPolicy <init> (Lcom/sun/tools/javac/comp/DeferredAttr;Lcom/sun/tools/javac/comp/Attr$ResultInfo;Lcom/sun/tools/javac/comp/DeferredAttr$DeferredType;)V 7 3 0 java/util/Objects requireNonNull (Ljava/lang/Object;)Ljava/lang/Object; 7 11 0 com/sun/tools/javac/comp/DeferredAttr$PolyScanner <init> ()V 8 19 0 com/sun/tools/javac/comp/DeferredAttr$FilterScanner <init> (Ljava/util/Set;)V 9 1 0 com/sun/tools/javac/tree/TreeScanner <init> ()V 10 1 0 com/sun/tools/javac/tree/JCTree$Visitor <init> ()V 11 1 0 java/lang/Object <init> ()V 9 6 0 java/lang/invoke/Invokers$Holder linkToTargetMethod (Ljava/lang/Object;Ljava/lang/Object;)Ljava/lang/Object; 10 5 0 java/lang/invoke/DirectMethodHandle$Holder newInvokeSpecial (Ljava/lang/Object;Ljava/lang/Object;)Ljava/lang/Object; 11 1 0 java/lang/invoke/DirectMethodHandle allocateInstance (Ljava/lang/Object;)Ljava/lang/Object; 11 6 0 java/lang/invoke/DirectMethodHandle constructorMethod (Ljava/lang/Object;)Ljava/lang/Object; 11 16 0  @bci com/sun/tools/javac/comp/DeferredAttr$FilterScanner <init> (Ljava/util/Set;)V 6 <appendix> member <vmtarget> ; <init> (Ljava/util/Set;)V 12 1 0 java/lang/Object <init> ()V 7 19 0 java/util/LinkedHashSet <init> ()V 8 6 0 java/util/HashSet <init> (IFZ)V 9 1 0 java/util/AbstractSet <init> ()V 10 1 0 java/util/AbstractCollection <init> ()V 11 1 0 java/lang/Object <init> ()V 9 11 0 java/util/LinkedHashMap <init> (IF)V 10 3 0 java/util/HashMap <init> (IF)V 11 1 0 java/util/AbstractMap <init> ()V 12 1 0 java/lang/Object <init> ()V 11 51 0 java/lang/Float isNaN (F)Z 11 91 0 java/util/HashMap tableSizeFor (I)I 7 30 0 java/util/LinkedHashSet <init> ()V 8 6 0 java/util/HashSet <init> (IFZ)V 9 1 0 java/util/AbstractSet <init> ()V 10 1 0 java/util/AbstractCollection <init> ()V 11 1 0 java/lang/Object <init> ()V 9 11 0 java/util/LinkedHashMap <init> (IF)V 10 3 0 java/util/HashMap <init> (IF)V 11 1 0 java/util/AbstractMap <init> ()V 12 1 0 java/lang/Object <init> ()V 11 51 0 java/lang/Float isNaN (F)Z 11 91 0 java/util/HashMap tableSizeFor (I)I 7 62 0 com/sun/tools/javac/comp/DeferredAttr$FilterScanner scan (Lcom/sun/tools/javac/tree/JCTree;)V 8 27 0 com/sun/tools/javac/comp/DeferredAttr$FilterScanner skip (Lcom/sun/tools/javac/tree/JCTree;)V 6 77 0 com/sun/tools/javac/comp/DeferredAttr$OverloadStuckPolicy <init> (Lcom/sun/tools/javac/comp/DeferredAttr;Lcom/sun/tools/javac/comp/Attr$ResultInfo;Lcom/sun/tools/javac/comp/DeferredAttr$DeferredType;)V 7 2 0 java/util/Objects requireNonNull (Ljava/lang/Object;)Ljava/lang/Object; 7 11 0 com/sun/tools/javac/comp/DeferredAttr$CheckStuckPolicy <init> (Lcom/sun/tools/javac/comp/DeferredAttr;Lcom/sun/tools/javac/comp/Attr$ResultInfo;Lcom/sun/tools/javac/comp/DeferredAttr$DeferredType;)V 8 3 0 java/util/Objects requireNonNull (Ljava/lang/Object;)Ljava/lang/Object; 8 11 0 com/sun/tools/javac/comp/DeferredAttr$PolyScanner <init> ()V 9 19 0 com/sun/tools/javac/comp/DeferredAttr$FilterScanner <init> (Ljava/util/Set;)V 10 1 0 com/sun/tools/javac/tree/TreeScanner <init> ()V 11 1 0 com/sun/tools/javac/tree/JCTree$Visitor <init> ()V 12 1 0 java/lang/Object <init> ()V 10 6 0 java/lang/invoke/Invokers$Holder linkToTargetMethod (Ljava/lang/Object;Ljava/lang/Object;)Ljava/lang/Object; 11 5 0 java/lang/invoke/DirectMethodHandle$Holder newInvokeSpecial (Ljava/lang/Object;Ljava/lang/Object;)Ljava/lang/Object; 12 1 0 java/lang/invoke/DirectMethodHandle allocateInstance (Ljava/lang/Object;)Ljava/lang/Object; 12 6 0 java/lang/invoke/DirectMethodHandle constructorMethod (Ljava/lang/Object;)Ljava/lang/Object; 12 16 0  @bci com/sun/tools/javac/comp/DeferredAttr$FilterScanner <init> (Ljava/util/Set;)V 6 <appendix> member <vmtarget> ; <init> (Ljava/util/Set;)V 13 1 0 java/lang/Object <init> ()V 8 19 0 java/util/LinkedHashSet <init> ()V 9 6 0 java/util/HashSet <init> (IFZ)V 10 1 0 java/util/AbstractSet <init> ()V 11 1 0 java/util/AbstractCollection <init> ()V 12 1 0 java/lang/Object <init> ()V 10 11 0 java/util/LinkedHashMap <init> (IF)V 11 3 0 java/util/HashMap <init> (IF)V 12 1 0 java/util/AbstractMap <init> ()V 13 1 0 java/lang/Object <init> ()V 12 51 0 java/lang/Float isNaN (F)Z 12 91 0 java/util/HashMap tableSizeFor (I)I 8 30 0 java/util/LinkedHashSet <init> ()V 9 6 0 java/util/HashSet <init> (IFZ)V 10 1 0 java/util/AbstractSet <init> ()V 11 1 0 java/util/AbstractCollection <init> ()V 12 1 0 java/lang/Object <init> ()V 10 11 0 java/util/LinkedHashMap <init> (IF)V 11 3 0 java/util/HashMap <init> (IF)V 12 1 0 java/util/AbstractMap <init> ()V 13 1 0 java/lang/Object <init> ()V 12 51 0 java/lang/Float isNaN (F)Z 12 91 0 java/util/HashMap tableSizeFor (I)I 8 62 0 com/sun/tools/javac/comp/DeferredAttr$FilterScanner scan (Lcom/sun/tools/javac/tree/JCTree;)V 9 27 0 com/sun/tools/javac/comp/DeferredAttr$FilterScanner skip (Lcom/sun/tools/javac/tree/JCTree;)V 5 23 0 com/sun/tools/javac/comp/Resolve$MethodResultInfo U (Lcom/sun/tools/javac/code/Type;)Lcom/sun/tools/javac/code/Type; 6 20 0 com/sun/tools/javac/code/Types cvarUpperBound (Lcom/sun/tools/javac/code/Type;)Lcom/sun/tools/javac/code/Type; 7 4 0 com/sun/tools/javac/code/Type hasTag (Lcom/sun/tools/javac/code/TypeTag;)Z 7 16 0 com/sun/tools/javac/code/Type$TypeVar isCaptured ()Z 5 58 0 com/sun/tools/javac/comp/Resolve$MethodCheckContext inferenceContext ()Lcom/sun/tools/javac/comp/InferenceContext; 5 58 0 com/sun/tools/javac/comp/Check$NestedCheckContext inferenceContext ()Lcom/sun/tools/javac/comp/InferenceContext; 5 71 0 com/sun/tools/javac/comp/InferenceContext cachedCapture (Lcom/sun/tools/javac/tree/JCTree;Lcom/sun/tools/javac/code/Type;Z)Lcom/sun/tools/javac/code/Type; 6 5 0 java/util/LinkedHashMap get (Ljava/lang/Object;)Ljava/lang/Object; 7 2 0 java/util/HashMap getNode (Ljava/lang/Object;)Ljava/util/HashMap$Node; 8 23 0 java/util/HashMap hash (Ljava/lang/Object;)I 5 88 0 com/sun/tools/javac/comp/Check checkNonVoid (Lcom/sun/tools/javac/util/JCDiagnostic$DiagnosticPosition;Lcom/sun/tools/javac/code/Type;)Lcom/sun/tools/javac/code/Type; 6 4 0 com/sun/tools/javac/code/Type hasTag (Lcom/sun/tools/javac/code/TypeTag;)Z 5 91 0 com/sun/tools/javac/comp/Attr$ResultInfo check (Lcom/sun/tools/javac/util/JCDiagnostic$DiagnosticPosition;Lcom/sun/tools/javac/code/Type;)Lcom/sun/tools/javac/code/Type; 3 218 0 com/sun/tools/javac/util/List nonEmpty ()Z 2 15 0 com/sun/tools/javac/comp/Resolve$MethodResolutionPhase isVarargsRequired ()Z 1 503 0 com/sun/tools/javac/comp/Resolve$MostSpecificCheck argumentsAcceptable (Lcom/sun/tools/javac/comp/Env;Lcom/sun/tools/javac/comp/DeferredAttr$DeferredAttrContext;Lcom/sun/tools/javac/util/List;Lcom/sun/tools/javac/util/List;Lcom/sun/tools/javac/util/Warner;)V 2 18 0 com/sun/tools/javac/comp/Resolve$MethodResolutionPhase isVarargsRequired ()Z 1 510 0 com/sun/tools/javac/comp/DeferredAttr$DeferredAttrContext complete ()V 2 4 0 java/util/ArrayList isEmpty ()Z 2 19 0 com/sun/tools/javac/util/List iterator ()Ljava/util/Iterator; 3 7 0 com/sun/tools/javac/util/Iterators emptyIterator ()Ljava/util/Iterator; 3 16 0 com/sun/tools/javac/util/List$2 <init> (Lcom/sun/tools/javac/util/List;)V 4 3 0 java/util/Objects requireNonNull (Ljava/lang/Object;)Ljava/lang/Object; 4 11 0 java/lang/Object <init> ()V
